experiment,workload,condition,n_threads,phase,rep,order_idx,wall_s,result,expected,error_pct,aux,timestamp_utc
exp2_scaling,montecarlo,no_lock,1,warmup,1,0,0.249867,392695,392695,0.000000,"{""user_lock_acquisitions"": 0}",2026-08-12T06:35:39Z
exp2_scaling,montecarlo,no_lock,1,warmup,2,1,0.134608,392695,392695,0.000000,"{""user_lock_acquisitions"": 0}",2026-08-12T06:35:39Z
exp2_scaling,montecarlo,fine_lock,1,warmup,0,2,0.196779,392695,392695,0.000000,"{""user_lock_acquisitions"": 500000}",2026-08-12T06:35:39Z
exp2_scaling,montecarlo,imp_threadlocal,1,warmup,0,3,0.114054,392695,392695,0.000000,"{""user_lock_acquisitions"": 0}",2026-08-12T06:35:39Z
exp2_scaling,montecarlo,coarse_lock,1,warmup,1,4,0.112939,392695,392695,0.000000,"{""user_lock_acquisitions"": 1}",2026-08-12T06:35:40Z
exp2_scaling,montecarlo,no_lock,1,warmup,0,5,0.134746,392695,392695,0.000000,"{""user_lock_acquisitions"": 0}",2026-08-12T06:35:40Z
exp2_scaling,montecarlo,fp_reduce,1,warmup,2,6,0.113674,392695,392695,0.000000,"{""user_lock_acquisitions"": 0}",2026-08-12T06:35:40Z
exp2_scaling,montecarlo,imp_threadlocal,1,warmup,2,7,0.113656,392695,392695,0.000000,"{""user_lock_acquisitions"": 0}",2026-08-12T06:35:40Z
exp2_scaling,montecarlo,imp_threadlocal,1,warmup,1,8,0.113884,392695,392695,0.000000,"{""user_lock_acquisitions"": 0}",2026-08-12T06:35:40Z
exp2_scaling,montecarlo,fp_reduce,1,warmup,0,9,0.113638,392695,392695,0.000000,"{""user_lock_acquisitions"": 0}",2026-08-12T06:35:40Z
exp2_scaling,montecarlo,fine_lock,1,warmup,1,10,0.195516,392695,392695,0.000000,"{""user_lock_acquisitions"": 500000}",2026-08-12T06:35:40Z
exp2_scaling,montecarlo,fine_lock,1,warmup,2,11,0.195934,392695,392695,0.000000,"{""user_lock_acquisitions"": 500000}",2026-08-12T06:35:41Z
exp2_scaling,montecarlo,coarse_lock,1,warmup,0,12,0.113497,392695,392695,0.000000,"{""user_lock_acquisitions"": 1}",2026-08-12T06:35:41Z
exp2_scaling,montecarlo,fp_reduce,1,warmup,1,13,0.113175,392695,392695,0.000000,"{""user_lock_acquisitions"": 0}",2026-08-12T06:35:41Z
exp2_scaling,montecarlo,coarse_lock,1,warmup,2,14,0.114944,392695,392695,0.000000,"{""user_lock_acquisitions"": 1}",2026-08-12T06:35:41Z
exp2_scaling,montecarlo,imp_threadlocal,1,measured,21,15,0.114305,392695,392695,0.000000,"{""user_lock_acquisitions"": 0}",2026-08-12T06:35:41Z
exp2_scaling,montecarlo,fine_lock,1,measured,25,16,0.196299,392695,392695,0.000000,"{""user_lock_acquisitions"": 500000}",2026-08-12T06:35:41Z
exp2_scaling,montecarlo,fp_reduce,1,measured,20,17,0.117237,392695,392695,0.000000,"{""user_lock_acquisitions"": 0}",2026-08-12T06:35:41Z
exp2_scaling,montecarlo,fp_reduce,1,measured,6,18,0.113892,392695,392695,0.000000,"{""user_lock_acquisitions"": 0}",2026-08-12T06:35:41Z
exp2_scaling,montecarlo,fp_reduce,1,measured,5,19,0.113192,392695,392695,0.000000,"{""user_lock_acquisitions"": 0}",2026-08-12T06:35:42Z
exp2_scaling,montecarlo,imp_threadlocal,1,measured,0,20,0.113744,392695,392695,0.000000,"{""user_lock_acquisitions"": 0}",2026-08-12T06:35:42Z
exp2_scaling,montecarlo,imp_threadlocal,1,measured,22,21,0.114387,392695,392695,0.000000,"{""user_lock_acquisitions"": 0}",2026-08-12T06:35:42Z
exp2_scaling,montecarlo,fp_reduce,1,measured,4,22,0.113772,392695,392695,0.000000,"{""user_lock_acquisitions"": 0}",2026-08-12T06:35:42Z
exp2_scaling,montecarlo,coarse_lock,1,measured,4,23,0.113472,392695,392695,0.000000,"{""user_lock_acquisitions"": 1}",2026-08-12T06:35:42Z
exp2_scaling,montecarlo,fp_reduce,1,measured,0,24,0.113292,392695,392695,0.000000,"{""user_lock_acquisitions"": 0}",2026-08-12T06:35:42Z
exp2_scaling,montecarlo,fine_lock,1,measured,13,25,0.195436,392695,392695,0.000000,"{""user_lock_acquisitions"": 500000}",2026-08-12T06:35:42Z
exp2_scaling,montecarlo,coarse_lock,1,measured,29,26,0.113503,392695,392695,0.000000,"{""user_lock_acquisitions"": 1}",2026-08-12T06:35:42Z
exp2_scaling,montecarlo,fp_reduce,1,measured,11,27,0.114349,392695,392695,0.000000,"{""user_lock_acquisitions"": 0}",2026-08-12T06:35:43Z
exp2_scaling,montecarlo,fine_lock,1,measured,27,28,0.196587,392695,392695,0.000000,"{""user_lock_acquisitions"": 500000}",2026-08-12T06:35:43Z
exp2_scaling,montecarlo,fp_reduce,1,measured,12,29,0.113452,392695,392695,0.000000,"{""user_lock_acquisitions"": 0}",2026-08-12T06:35:43Z
exp2_scaling,montecarlo,fp_reduce,1,measured,26,30,0.113390,392695,392695,0.000000,"{""user_lock_acquisitions"": 0}",2026-08-12T06:35:43Z
exp2_scaling,montecarlo,imp_threadlocal,1,measured,28,31,0.113414,392695,392695,0.000000,"{""user_lock_acquisitions"": 0}",2026-08-12T06:35:43Z
exp2_scaling,montecarlo,fine_lock,1,measured,20,32,0.196486,392695,392695,0.000000,"{""user_lock_acquisitions"": 500000}",2026-08-12T06:35:43Z
exp2_scaling,montecarlo,fine_lock,1,measured,23,33,0.196646,392695,392695,0.000000,"{""user_lock_acquisitions"": 500000}",2026-08-12T06:35:43Z
exp2_scaling,montecarlo,no_lock,1,measured,14,34,0.133815,392695,392695,0.000000,"{""user_lock_acquisitions"": 0}",2026-08-12T06:35:44Z
exp2_scaling,montecarlo,coarse_lock,1,measured,9,35,0.113284,392695,392695,0.000000,"{""user_lock_acquisitions"": 1}",2026-08-12T06:35:44Z
exp2_scaling,montecarlo,coarse_lock,1,measured,12,36,0.113234,392695,392695,0.000000,"{""user_lock_acquisitions"": 1}",2026-08-12T06:35:44Z
exp2_scaling,montecarlo,fp_reduce,1,measured,17,37,0.113366,392695,392695,0.000000,"{""user_lock_acquisitions"": 0}",2026-08-12T06:35:44Z
exp2_scaling,montecarlo,no_lock,1,measured,25,38,0.134091,392695,392695,0.000000,"{""user_lock_acquisitions"": 0}",2026-08-12T06:35:44Z
exp2_scaling,montecarlo,imp_threadlocal,1,measured,23,39,0.113243,392695,392695,0.000000,"{""user_lock_acquisitions"": 0}",2026-08-12T06:35:44Z
exp2_scaling,montecarlo,fp_reduce,1,measured,18,40,0.112953,392695,392695,0.000000,"{""user_lock_acquisitions"": 0}",2026-08-12T06:35:44Z
exp2_scaling,montecarlo,fp_reduce,1,measured,21,41,0.113201,392695,392695,0.000000,"{""user_lock_acquisitions"": 0}",2026-08-12T06:35:44Z
exp2_scaling,montecarlo,no_lock,1,measured,12,42,0.134265,392695,392695,0.000000,"{""user_lock_acquisitions"": 0}",2026-08-12T06:35:45Z
exp2_scaling,montecarlo,fp_reduce,1,measured,24,43,0.113339,392695,392695,0.000000,"{""user_lock_acquisitions"": 0}",2026-08-12T06:35:45Z
exp2_scaling,montecarlo,fp_reduce,1,measured,10,44,0.113106,392695,392695,0.000000,"{""user_lock_acquisitions"": 0}",2026-08-12T06:35:45Z
exp2_scaling,montecarlo,imp_threadlocal,1,measured,5,45,0.112948,392695,392695,0.000000,"{""user_lock_acquisitions"": 0}",2026-08-12T06:35:45Z
exp2_scaling,montecarlo,no_lock,1,measured,8,46,0.134000,392695,392695,0.000000,"{""user_lock_acquisitions"": 0}",2026-08-12T06:35:45Z
exp2_scaling,montecarlo,coarse_lock,1,measured,5,47,0.113433,392695,392695,0.000000,"{""user_lock_acquisitions"": 1}",2026-08-12T06:35:45Z
exp2_scaling,montecarlo,fp_reduce,1,measured,13,48,0.112972,392695,392695,0.000000,"{""user_lock_acquisitions"": 0}",2026-08-12T06:35:45Z
exp2_scaling,montecarlo,fp_reduce,1,measured,14,49,0.112858,392695,392695,0.000000,"{""user_lock_acquisitions"": 0}",2026-08-12T06:35:45Z
exp2_scaling,montecarlo,fine_lock,1,measured,11,50,0.195444,392695,392695,0.000000,"{""user_lock_acquisitions"": 500000}",2026-08-12T06:35:46Z
exp2_scaling,montecarlo,no_lock,1,measured,6,51,0.133719,392695,392695,0.000000,"{""user_lock_acquisitions"": 0}",2026-08-12T06:35:46Z
exp2_scaling,montecarlo,imp_threadlocal,1,measured,13,52,0.113393,392695,392695,0.000000,"{""user_lock_acquisitions"": 0}",2026-08-12T06:35:46Z
exp2_scaling,montecarlo,no_lock,1,measured,10,53,0.133840,392695,392695,0.000000,"{""user_lock_acquisitions"": 0}",2026-08-12T06:35:46Z
exp2_scaling,montecarlo,imp_threadlocal,1,measured,7,54,0.113516,392695,392695,0.000000,"{""user_lock_acquisitions"": 0}",2026-08-12T06:35:46Z
exp2_scaling,montecarlo,no_lock,1,measured,13,55,0.134328,392695,392695,0.000000,"{""user_lock_acquisitions"": 0}",2026-08-12T06:35:46Z
exp2_scaling,montecarlo,fine_lock,1,measured,5,56,0.195742,392695,392695,0.000000,"{""user_lock_acquisitions"": 500000}",2026-08-12T06:35:46Z
exp2_scaling,montecarlo,fine_lock,1,measured,14,57,0.195867,392695,392695,0.000000,"{""user_lock_acquisitions"": 500000}",2026-08-12T06:35:47Z
exp2_scaling,montecarlo,no_lock,1,measured,22,58,0.134080,392695,392695,0.000000,"{""user_lock_acquisitions"": 0}",2026-08-12T06:35:47Z
exp2_scaling,montecarlo,no_lock,1,measured,29,59,0.134090,392695,392695,0.000000,"{""user_lock_acquisitions"": 0}",2026-08-12T06:35:47Z
exp2_scaling,montecarlo,coarse_lock,1,measured,13,60,0.113203,392695,392695,0.000000,"{""user_lock_acquisitions"": 1}",2026-08-12T06:35:47Z
exp2_scaling,montecarlo,fp_reduce,1,measured,1,61,0.113027,392695,392695,0.000000,"{""user_lock_acquisitions"": 0}",2026-08-12T06:35:47Z
exp2_scaling,montecarlo,imp_threadlocal,1,measured,18,62,0.113240,392695,392695,0.000000,"{""user_lock_acquisitions"": 0}",2026-08-12T06:35:47Z
exp2_scaling,montecarlo,fine_lock,1,measured,18,63,0.196178,392695,392695,0.000000,"{""user_lock_acquisitions"": 500000}",2026-08-12T06:35:47Z
exp2_scaling,montecarlo,coarse_lock,1,measured,3,64,0.113648,392695,392695,0.000000,"{""user_lock_acquisitions"": 1}",2026-08-12T06:35:48Z
exp2_scaling,montecarlo,no_lock,1,measured,27,65,0.134494,392695,392695,0.000000,"{""user_lock_acquisitions"": 0}",2026-08-12T06:35:48Z
exp2_scaling,montecarlo,no_lock,1,measured,28,66,0.134082,392695,392695,0.000000,"{""user_lock_acquisitions"": 0}",2026-08-12T06:35:48Z
exp2_scaling,montecarlo,no_lock,1,measured,5,67,0.134175,392695,392695,0.000000,"{""user_lock_acquisitions"": 0}",2026-08-12T06:35:48Z
exp2_scaling,montecarlo,no_lock,1,measured,23,68,0.133982,392695,392695,0.000000,"{""user_lock_acquisitions"": 0}",2026-08-12T06:35:48Z
exp2_scaling,montecarlo,imp_threadlocal,1,measured,1,69,0.112977,392695,392695,0.000000,"{""user_lock_acquisitions"": 0}",2026-08-12T06:35:48Z
exp2_scaling,montecarlo,imp_threadlocal,1,measured,16,70,0.113144,392695,392695,0.000000,"{""user_lock_acquisitions"": 0}",2026-08-12T06:35:48Z
exp2_scaling,montecarlo,fine_lock,1,measured,26,71,0.195725,392695,392695,0.000000,"{""user_lock_acquisitions"": 500000}",2026-08-12T06:35:48Z
exp2_scaling,montecarlo,imp_threadlocal,1,measured,15,72,0.113257,392695,392695,0.000000,"{""user_lock_acquisitions"": 0}",2026-08-12T06:35:49Z
exp2_scaling,montecarlo,coarse_lock,1,measured,0,73,0.113322,392695,392695,0.000000,"{""user_lock_acquisitions"": 1}",2026-08-12T06:35:49Z
exp2_scaling,montecarlo,fp_reduce,1,measured,2,74,0.112793,392695,392695,0.000000,"{""user_lock_acquisitions"": 0}",2026-08-12T06:35:49Z
exp2_scaling,montecarlo,fp_reduce,1,measured,3,75,0.113171,392695,392695,0.000000,"{""user_lock_acquisitions"": 0}",2026-08-12T06:35:49Z
exp2_scaling,montecarlo,fine_lock,1,measured,15,76,0.196658,392695,392695,0.000000,"{""user_lock_acquisitions"": 500000}",2026-08-12T06:35:49Z
exp2_scaling,montecarlo,fp_reduce,1,measured,8,77,0.113285,392695,392695,0.000000,"{""user_lock_acquisitions"": 0}",2026-08-12T06:35:49Z
exp2_scaling,montecarlo,imp_threadlocal,1,measured,27,78,0.113231,392695,392695,0.000000,"{""user_lock_acquisitions"": 0}",2026-08-12T06:35:49Z
exp2_scaling,montecarlo,fine_lock,1,measured,10,79,0.196892,392695,392695,0.000000,"{""user_lock_acquisitions"": 500000}",2026-08-12T06:35:50Z
exp2_scaling,montecarlo,fp_reduce,1,measured,23,80,0.113189,392695,392695,0.000000,"{""user_lock_acquisitions"": 0}",2026-08-12T06:35:50Z
exp2_scaling,montecarlo,no_lock,1,measured,15,81,0.134016,392695,392695,0.000000,"{""user_lock_acquisitions"": 0}",2026-08-12T06:35:50Z
exp2_scaling,montecarlo,coarse_lock,1,measured,15,82,0.112918,392695,392695,0.000000,"{""user_lock_acquisitions"": 1}",2026-08-12T06:35:50Z
exp2_scaling,montecarlo,fine_lock,1,measured,17,83,0.196851,392695,392695,0.000000,"{""user_lock_acquisitions"": 500000}",2026-08-12T06:35:50Z
exp2_scaling,montecarlo,imp_threadlocal,1,measured,10,84,0.113185,392695,392695,0.000000,"{""user_lock_acquisitions"": 0}",2026-08-12T06:35:50Z
exp2_scaling,montecarlo,no_lock,1,measured,3,85,0.133972,392695,392695,0.000000,"{""user_lock_acquisitions"": 0}",2026-08-12T06:35:50Z
exp2_scaling,montecarlo,fine_lock,1,measured,22,86,0.197057,392695,392695,0.000000,"{""user_lock_acquisitions"": 500000}",2026-08-12T06:35:51Z
exp2_scaling,montecarlo,fine_lock,1,measured,1,87,0.198119,392695,392695,0.000000,"{""user_lock_acquisitions"": 500000}",2026-08-12T06:35:51Z
exp2_scaling,montecarlo,fine_lock,1,measured,3,88,0.196496,392695,392695,0.000000,"{""user_lock_acquisitions"": 500000}",2026-08-12T06:35:51Z
exp2_scaling,montecarlo,fine_lock,1,measured,7,89,0.196357,392695,392695,0.000000,"{""user_lock_acquisitions"": 500000}",2026-08-12T06:35:51Z
exp2_scaling,montecarlo,fine_lock,1,measured,8,90,0.197137,392695,392695,0.000000,"{""user_lock_acquisitions"": 500000}",2026-08-12T06:35:51Z
exp2_scaling,montecarlo,fp_reduce,1,measured,28,91,0.113729,392695,392695,0.000000,"{""user_lock_acquisitions"": 0}",2026-08-12T06:35:51Z
exp2_scaling,montecarlo,coarse_lock,1,measured,28,92,0.113049,392695,392695,0.000000,"{""user_lock_acquisitions"": 1}",2026-08-12T06:35:52Z
exp2_scaling,montecarlo,coarse_lock,1,measured,16,93,0.113561,392695,392695,0.000000,"{""user_lock_acquisitions"": 1}",2026-08-12T06:35:52Z
exp2_scaling,montecarlo,fp_reduce,1,measured,19,94,0.114156,392695,392695,0.000000,"{""user_lock_acquisitions"": 0}",2026-08-12T06:35:52Z
exp2_scaling,montecarlo,imp_threadlocal,1,measured,9,95,0.113602,392695,392695,0.000000,"{""user_lock_acquisitions"": 0}",2026-08-12T06:35:52Z
exp2_scaling,montecarlo,no_lock,1,measured,20,96,0.134270,392695,392695,0.000000,"{""user_lock_acquisitions"": 0}",2026-08-12T06:35:52Z
exp2_scaling,montecarlo,no_lock,1,measured,1,97,0.134111,392695,392695,0.000000,"{""user_lock_acquisitions"": 0}",2026-08-12T06:35:52Z
exp2_scaling,montecarlo,coarse_lock,1,measured,20,98,0.113071,392695,392695,0.000000,"{""user_lock_acquisitions"": 1}",2026-08-12T06:35:52Z
exp2_scaling,montecarlo,coarse_lock,1,measured,24,99,0.113734,392695,392695,0.000000,"{""user_lock_acquisitions"": 1}",2026-08-12T06:35:52Z
exp2_scaling,montecarlo,imp_threadlocal,1,measured,17,100,0.113564,392695,392695,0.000000,"{""user_lock_acquisitions"": 0}",2026-08-12T06:35:53Z
exp2_scaling,montecarlo,fine_lock,1,measured,19,101,0.196435,392695,392695,0.000000,"{""user_lock_acquisitions"": 500000}",2026-08-12T06:35:53Z
exp2_scaling,montecarlo,imp_threadlocal,1,measured,8,102,0.113495,392695,392695,0.000000,"{""user_lock_acquisitions"": 0}",2026-08-12T06:35:53Z
exp2_scaling,montecarlo,imp_threadlocal,1,measured,19,103,0.113237,392695,392695,0.000000,"{""user_lock_acquisitions"": 0}",2026-08-12T06:35:53Z
exp2_scaling,montecarlo,no_lock,1,measured,0,104,0.133928,392695,392695,0.000000,"{""user_lock_acquisitions"": 0}",2026-08-12T06:35:53Z
exp2_scaling,montecarlo,imp_threadlocal,1,measured,20,105,0.113677,392695,392695,0.000000,"{""user_lock_acquisitions"": 0}",2026-08-12T06:35:53Z
exp2_scaling,montecarlo,fp_reduce,1,measured,15,106,0.112964,392695,392695,0.000000,"{""user_lock_acquisitions"": 0}",2026-08-12T06:35:53Z
exp2_scaling,montecarlo,coarse_lock,1,measured,19,107,0.113149,392695,392695,0.000000,"{""user_lock_acquisitions"": 1}",2026-08-12T06:35:53Z
exp2_scaling,montecarlo,imp_threadlocal,1,measured,24,108,0.113204,392695,392695,0.000000,"{""user_lock_acquisitions"": 0}",2026-08-12T06:35:54Z
exp2_scaling,montecarlo,imp_threadlocal,1,measured,6,109,0.113516,392695,392695,0.000000,"{""user_lock_acquisitions"": 0}",2026-08-12T06:35:54Z
exp2_scaling,montecarlo,fp_reduce,1,measured,22,110,0.113425,392695,392695,0.000000,"{""user_lock_acquisitions"": 0}",2026-08-12T06:35:54Z
exp2_scaling,montecarlo,coarse_lock,1,measured,14,111,0.113252,392695,392695,0.000000,"{""user_lock_acquisitions"": 1}",2026-08-12T06:35:54Z
exp2_scaling,montecarlo,no_lock,1,measured,11,112,0.134256,392695,392695,0.000000,"{""user_lock_acquisitions"": 0}",2026-08-12T06:35:54Z
exp2_scaling,montecarlo,coarse_lock,1,measured,10,113,0.113446,392695,392695,0.000000,"{""user_lock_acquisitions"": 1}",2026-08-12T06:35:54Z
exp2_scaling,montecarlo,fine_lock,1,measured,0,114,0.195900,392695,392695,0.000000,"{""user_lock_acquisitions"": 500000}",2026-08-12T06:35:54Z
exp2_scaling,montecarlo,imp_threadlocal,1,measured,29,115,0.113530,392695,392695,0.000000,"{""user_lock_acquisitions"": 0}",2026-08-12T06:35:54Z
exp2_scaling,montecarlo,no_lock,1,measured,16,116,0.133992,392695,392695,0.000000,"{""user_lock_acquisitions"": 0}",2026-08-12T06:35:55Z
exp2_scaling,montecarlo,imp_threadlocal,1,measured,26,117,0.113084,392695,392695,0.000000,"{""user_lock_acquisitions"": 0}",2026-08-12T06:35:55Z
exp2_scaling,montecarlo,coarse_lock,1,measured,2,118,0.113411,392695,392695,0.000000,"{""user_lock_acquisitions"": 1}",2026-08-12T06:35:55Z
exp2_scaling,montecarlo,no_lock,1,measured,2,119,0.134006,392695,392695,0.000000,"{""user_lock_acquisitions"": 0}",2026-08-12T06:35:55Z
exp2_scaling,montecarlo,coarse_lock,1,measured,21,120,0.113407,392695,392695,0.000000,"{""user_lock_acquisitions"": 1}",2026-08-12T06:35:55Z
exp2_scaling,montecarlo,fine_lock,1,measured,21,121,0.196477,392695,392695,0.000000,"{""user_lock_acquisitions"": 500000}",2026-08-12T06:35:55Z
exp2_scaling,montecarlo,imp_threadlocal,1,measured,2,122,0.113097,392695,392695,0.000000,"{""user_lock_acquisitions"": 0}",2026-08-12T06:35:55Z
exp2_scaling,montecarlo,fp_reduce,1,measured,29,123,0.113580,392695,392695,0.000000,"{""user_lock_acquisitions"": 0}",2026-08-12T06:35:55Z
exp2_scaling,montecarlo,fp_reduce,1,measured,27,124,0.113092,392695,392695,0.000000,"{""user_lock_acquisitions"": 0}",2026-08-12T06:35:56Z
exp2_scaling,montecarlo,fine_lock,1,measured,29,125,0.196195,392695,392695,0.000000,"{""user_lock_acquisitions"": 500000}",2026-08-12T06:35:56Z
exp2_scaling,montecarlo,coarse_lock,1,measured,27,126,0.113396,392695,392695,0.000000,"{""user_lock_acquisitions"": 1}",2026-08-12T06:35:56Z
exp2_scaling,montecarlo,imp_threadlocal,1,measured,12,127,0.113071,392695,392695,0.000000,"{""user_lock_acquisitions"": 0}",2026-08-12T06:35:56Z
exp2_scaling,montecarlo,no_lock,1,measured,24,128,0.133942,392695,392695,0.000000,"{""user_lock_acquisitions"": 0}",2026-08-12T06:35:56Z
exp2_scaling,montecarlo,coarse_lock,1,measured,23,129,0.112937,392695,392695,0.000000,"{""user_lock_acquisitions"": 1}",2026-08-12T06:35:56Z
exp2_scaling,montecarlo,imp_threadlocal,1,measured,14,130,0.113145,392695,392695,0.000000,"{""user_lock_acquisitions"": 0}",2026-08-12T06:35:56Z
exp2_scaling,montecarlo,imp_threadlocal,1,measured,4,131,0.113489,392695,392695,0.000000,"{""user_lock_acquisitions"": 0}",2026-08-12T06:35:56Z
exp2_scaling,montecarlo,fine_lock,1,measured,12,132,0.195969,392695,392695,0.000000,"{""user_lock_acquisitions"": 500000}",2026-08-12T06:35:57Z
exp2_scaling,montecarlo,imp_threadlocal,1,measured,11,133,0.112993,392695,392695,0.000000,"{""user_lock_acquisitions"": 0}",2026-08-12T06:35:57Z
exp2_scaling,montecarlo,fine_lock,1,measured,2,134,0.195763,392695,392695,0.000000,"{""user_lock_acquisitions"": 500000}",2026-08-12T06:35:57Z
exp2_scaling,montecarlo,coarse_lock,1,measured,8,135,0.113199,392695,392695,0.000000,"{""user_lock_acquisitions"": 1}",2026-08-12T06:35:57Z
exp2_scaling,montecarlo,coarse_lock,1,measured,6,136,0.113170,392695,392695,0.000000,"{""user_lock_acquisitions"": 1}",2026-08-12T06:35:57Z
exp2_scaling,montecarlo,imp_threadlocal,1,measured,25,137,0.113416,392695,392695,0.000000,"{""user_lock_acquisitions"": 0}",2026-08-12T06:35:57Z
exp2_scaling,montecarlo,coarse_lock,1,measured,25,138,0.113092,392695,392695,0.000000,"{""user_lock_acquisitions"": 1}",2026-08-12T06:35:57Z
exp2_scaling,montecarlo,no_lock,1,measured,9,139,0.133937,392695,392695,0.000000,"{""user_lock_acquisitions"": 0}",2026-08-12T06:35:58Z
exp2_scaling,montecarlo,coarse_lock,1,measured,17,140,0.112988,392695,392695,0.000000,"{""user_lock_acquisitions"": 1}",2026-08-12T06:35:58Z
exp2_scaling,montecarlo,no_lock,1,measured,18,141,0.133867,392695,392695,0.000000,"{""user_lock_acquisitions"": 0}",2026-08-12T06:35:58Z
exp2_scaling,montecarlo,fp_reduce,1,measured,25,142,0.113132,392695,392695,0.000000,"{""user_lock_acquisitions"": 0}",2026-08-12T06:35:58Z
exp2_scaling,montecarlo,no_lock,1,measured,4,143,0.133840,392695,392695,0.000000,"{""user_lock_acquisitions"": 0}",2026-08-12T06:35:58Z
exp2_scaling,montecarlo,fp_reduce,1,measured,16,144,0.113304,392695,392695,0.000000,"{""user_lock_acquisitions"": 0}",2026-08-12T06:35:58Z
exp2_scaling,montecarlo,fine_lock,1,measured,28,145,0.196270,392695,392695,0.000000,"{""user_lock_acquisitions"": 500000}",2026-08-12T06:35:58Z
exp2_scaling,montecarlo,imp_threadlocal,1,measured,3,146,0.113644,392695,392695,0.000000,"{""user_lock_acquisitions"": 0}",2026-08-12T06:35:59Z
exp2_scaling,montecarlo,no_lock,1,measured,7,147,0.134843,392695,392695,0.000000,"{""user_lock_acquisitions"": 0}",2026-08-12T06:35:59Z
exp2_scaling,montecarlo,coarse_lock,1,measured,11,148,0.112976,392695,392695,0.000000,"{""user_lock_acquisitions"": 1}",2026-08-12T06:35:59Z
exp2_scaling,montecarlo,no_lock,1,measured,21,149,0.133857,392695,392695,0.000000,"{""user_lock_acquisitions"": 0}",2026-08-12T06:35:59Z
exp2_scaling,montecarlo,fine_lock,1,measured,6,150,0.196368,392695,392695,0.000000,"{""user_lock_acquisitions"": 500000}",2026-08-12T06:35:59Z
exp2_scaling,montecarlo,fine_lock,1,measured,4,151,0.196177,392695,392695,0.000000,"{""user_lock_acquisitions"": 500000}",2026-08-12T06:35:59Z
exp2_scaling,montecarlo,no_lock,1,measured,26,152,0.133664,392695,392695,0.000000,"{""user_lock_acquisitions"": 0}",2026-08-12T06:35:59Z
exp2_scaling,montecarlo,fine_lock,1,measured,24,153,0.195819,392695,392695,0.000000,"{""user_lock_acquisitions"": 500000}",2026-08-12T06:36:00Z
exp2_scaling,montecarlo,no_lock,1,measured,17,154,0.134562,392695,392695,0.000000,"{""user_lock_acquisitions"": 0}",2026-08-12T06:36:00Z
exp2_scaling,montecarlo,coarse_lock,1,measured,7,155,0.113213,392695,392695,0.000000,"{""user_lock_acquisitions"": 1}",2026-08-12T06:36:00Z
exp2_scaling,montecarlo,coarse_lock,1,measured,1,156,0.113275,392695,392695,0.000000,"{""user_lock_acquisitions"": 1}",2026-08-12T06:36:00Z
exp2_scaling,montecarlo,fine_lock,1,measured,9,157,0.196062,392695,392695,0.000000,"{""user_lock_acquisitions"": 500000}",2026-08-12T06:36:00Z
exp2_scaling,montecarlo,fine_lock,1,measured,16,158,0.196421,392695,392695,0.000000,"{""user_lock_acquisitions"": 500000}",2026-08-12T06:36:00Z
exp2_scaling,montecarlo,fp_reduce,1,measured,9,159,0.113427,392695,392695,0.000000,"{""user_lock_acquisitions"": 0}",2026-08-12T06:36:00Z
exp2_scaling,montecarlo,coarse_lock,1,measured,22,160,0.112981,392695,392695,0.000000,"{""user_lock_acquisitions"": 1}",2026-08-12T06:36:01Z
exp2_scaling,montecarlo,coarse_lock,1,measured,26,161,0.113170,392695,392695,0.000000,"{""user_lock_acquisitions"": 1}",2026-08-12T06:36:01Z
exp2_scaling,montecarlo,coarse_lock,1,measured,18,162,0.113635,392695,392695,0.000000,"{""user_lock_acquisitions"": 1}",2026-08-12T06:36:01Z
exp2_scaling,montecarlo,fp_reduce,1,measured,7,163,0.113678,392695,392695,0.000000,"{""user_lock_acquisitions"": 0}",2026-08-12T06:36:01Z
exp2_scaling,montecarlo,no_lock,1,measured,19,164,0.134092,392695,392695,0.000000,"{""user_lock_acquisitions"": 0}",2026-08-12T06:36:01Z
exp2_scaling,montecarlo,imp_threadlocal,2,warmup,0,0,0.173809,392878,392878,0.000000,"{""user_lock_acquisitions"": 0}",2026-08-12T06:36:01Z
exp2_scaling,montecarlo,imp_threadlocal,2,warmup,1,1,0.059162,392878,392878,0.000000,"{""user_lock_acquisitions"": 0}",2026-08-12T06:36:01Z
exp2_scaling,montecarlo,fine_lock,2,warmup,1,2,0.208459,392878,392878,0.000000,"{""user_lock_acquisitions"": 500000}",2026-08-12T06:36:02Z
exp2_scaling,montecarlo,no_lock,2,warmup,0,3,0.151021,185681,392878,52.738255,"{""user_lock_acquisitions"": 0}",2026-08-12T06:36:02Z
exp2_scaling,montecarlo,no_lock,2,warmup,1,4,0.151580,207799,392878,47.108517,"{""user_lock_acquisitions"": 0}",2026-08-12T06:36:02Z
exp2_scaling,montecarlo,coarse_lock,2,warmup,2,5,0.058883,392878,392878,0.000000,"{""user_lock_acquisitions"": 2}",2026-08-12T06:36:02Z
exp2_scaling,montecarlo,fp_reduce,2,warmup,0,6,0.057758,392878,392878,0.000000,"{""user_lock_acquisitions"": 0}",2026-08-12T06:36:02Z
exp2_scaling,montecarlo,fine_lock,2,warmup,2,7,0.216042,392878,392878,0.000000,"{""user_lock_acquisitions"": 500000}",2026-08-12T06:36:02Z
exp2_scaling,montecarlo,fp_reduce,2,warmup,1,8,0.057596,392878,392878,0.000000,"{""user_lock_acquisitions"": 0}",2026-08-12T06:36:02Z
exp2_scaling,montecarlo,no_lock,2,warmup,2,9,0.150490,202677,392878,48.412230,"{""user_lock_acquisitions"": 0}",2026-08-12T06:36:02Z
exp2_scaling,montecarlo,imp_threadlocal,2,warmup,2,10,0.058185,392878,392878,0.000000,"{""user_lock_acquisitions"": 0}",2026-08-12T06:36:02Z
exp2_scaling,montecarlo,fine_lock,2,warmup,0,11,0.210689,392878,392878,0.000000,"{""user_lock_acquisitions"": 500000}",2026-08-12T06:36:03Z
exp2_scaling,montecarlo,coarse_lock,2,warmup,0,12,0.057697,392878,392878,0.000000,"{""user_lock_acquisitions"": 2}",2026-08-12T06:36:03Z
exp2_scaling,montecarlo,coarse_lock,2,warmup,1,13,0.057413,392878,392878,0.000000,"{""user_lock_acquisitions"": 2}",2026-08-12T06:36:03Z
exp2_scaling,montecarlo,fp_reduce,2,warmup,2,14,0.057965,392878,392878,0.000000,"{""user_lock_acquisitions"": 0}",2026-08-12T06:36:03Z
exp2_scaling,montecarlo,imp_threadlocal,2,measured,26,15,0.058250,392878,392878,0.000000,"{""user_lock_acquisitions"": 0}",2026-08-12T06:36:03Z
exp2_scaling,montecarlo,coarse_lock,2,measured,25,16,0.058417,392878,392878,0.000000,"{""user_lock_acquisitions"": 2}",2026-08-12T06:36:03Z
exp2_scaling,montecarlo,imp_threadlocal,2,measured,4,17,0.059214,392878,392878,0.000000,"{""user_lock_acquisitions"": 0}",2026-08-12T06:36:03Z
exp2_scaling,montecarlo,coarse_lock,2,measured,6,18,0.058124,392878,392878,0.000000,"{""user_lock_acquisitions"": 2}",2026-08-12T06:36:03Z
exp2_scaling,montecarlo,fine_lock,2,measured,15,19,0.211564,392878,392878,0.000000,"{""user_lock_acquisitions"": 500000}",2026-08-12T06:36:03Z
exp2_scaling,montecarlo,coarse_lock,2,measured,1,20,0.057970,392878,392878,0.000000,"{""user_lock_acquisitions"": 2}",2026-08-12T06:36:03Z
exp2_scaling,montecarlo,fine_lock,2,measured,13,21,0.210166,392878,392878,0.000000,"{""user_lock_acquisitions"": 500000}",2026-08-12T06:36:04Z
exp2_scaling,montecarlo,fp_reduce,2,measured,24,22,0.057604,392878,392878,0.000000,"{""user_lock_acquisitions"": 0}",2026-08-12T06:36:04Z
exp2_scaling,montecarlo,no_lock,2,measured,24,23,0.150170,186174,392878,52.612770,"{""user_lock_acquisitions"": 0}",2026-08-12T06:36:04Z
exp2_scaling,montecarlo,fine_lock,2,measured,5,24,0.209775,392878,392878,0.000000,"{""user_lock_acquisitions"": 500000}",2026-08-12T06:36:04Z
exp2_scaling,montecarlo,fp_reduce,2,measured,15,25,0.057582,392878,392878,0.000000,"{""user_lock_acquisitions"": 0}",2026-08-12T06:36:04Z
exp2_scaling,montecarlo,coarse_lock,2,measured,14,26,0.058139,392878,392878,0.000000,"{""user_lock_acquisitions"": 2}",2026-08-12T06:36:04Z
exp2_scaling,montecarlo,fp_reduce,2,measured,21,27,0.057625,392878,392878,0.000000,"{""user_lock_acquisitions"": 0}",2026-08-12T06:36:04Z
exp2_scaling,montecarlo,imp_threadlocal,2,measured,0,28,0.058223,392878,392878,0.000000,"{""user_lock_acquisitions"": 0}",2026-08-12T06:36:04Z
exp2_scaling,montecarlo,no_lock,2,measured,4,29,0.151163,181028,392878,53.922592,"{""user_lock_acquisitions"": 0}",2026-08-12T06:36:04Z
exp2_scaling,montecarlo,fp_reduce,2,measured,16,30,0.057652,392878,392878,0.000000,"{""user_lock_acquisitions"": 0}",2026-08-12T06:36:04Z
exp2_scaling,montecarlo,imp_threadlocal,2,measured,23,31,0.057897,392878,392878,0.000000,"{""user_lock_acquisitions"": 0}",2026-08-12T06:36:04Z
exp2_scaling,montecarlo,fp_reduce,2,measured,17,32,0.058197,392878,392878,0.000000,"{""user_lock_acquisitions"": 0}",2026-08-12T06:36:04Z
exp2_scaling,montecarlo,imp_threadlocal,2,measured,25,33,0.059205,392878,392878,0.000000,"{""user_lock_acquisitions"": 0}",2026-08-12T06:36:05Z
exp2_scaling,montecarlo,imp_threadlocal,2,measured,22,34,0.057465,392878,392878,0.000000,"{""user_lock_acquisitions"": 0}",2026-08-12T06:36:05Z
exp2_scaling,montecarlo,no_lock,2,measured,13,35,0.149123,198902,392878,49.373088,"{""user_lock_acquisitions"": 0}",2026-08-12T06:36:05Z
exp2_scaling,montecarlo,fine_lock,2,measured,28,36,0.210578,392878,392878,0.000000,"{""user_lock_acquisitions"": 500000}",2026-08-12T06:36:05Z
exp2_scaling,montecarlo,fp_reduce,2,measured,3,37,0.058060,392878,392878,0.000000,"{""user_lock_acquisitions"": 0}",2026-08-12T06:36:05Z
exp2_scaling,montecarlo,fine_lock,2,measured,9,38,0.210268,392878,392878,0.000000,"{""user_lock_acquisitions"": 500000}",2026-08-12T06:36:05Z
exp2_scaling,montecarlo,no_lock,2,measured,1,39,0.148799,182046,392878,53.663478,"{""user_lock_acquisitions"": 0}",2026-08-12T06:36:05Z
exp2_scaling,montecarlo,no_lock,2,measured,16,40,0.151701,184000,392878,53.166123,"{""user_lock_acquisitions"": 0}",2026-08-12T06:36:06Z
exp2_scaling,montecarlo,fine_lock,2,measured,11,41,0.212938,392878,392878,0.000000,"{""user_lock_acquisitions"": 500000}",2026-08-12T06:36:06Z
exp2_scaling,montecarlo,imp_threadlocal,2,measured,3,42,0.058243,392878,392878,0.000000,"{""user_lock_acquisitions"": 0}",2026-08-12T06:36:06Z
exp2_scaling,montecarlo,imp_threadlocal,2,measured,10,43,0.057902,392878,392878,0.000000,"{""user_lock_acquisitions"": 0}",2026-08-12T06:36:06Z
exp2_scaling,montecarlo,fine_lock,2,measured,7,44,0.212680,392878,392878,0.000000,"{""user_lock_acquisitions"": 500000}",2026-08-12T06:36:06Z
exp2_scaling,montecarlo,imp_threadlocal,2,measured,5,45,0.058005,392878,392878,0.000000,"{""user_lock_acquisitions"": 0}",2026-08-12T06:36:06Z
exp2_scaling,montecarlo,imp_threadlocal,2,measured,18,46,0.057402,392878,392878,0.000000,"{""user_lock_acquisitions"": 0}",2026-08-12T06:36:06Z
exp2_scaling,montecarlo,fp_reduce,2,measured,7,47,0.058005,392878,392878,0.000000,"{""user_lock_acquisitions"": 0}",2026-08-12T06:36:06Z
exp2_scaling,montecarlo,coarse_lock,2,measured,7,48,0.058050,392878,392878,0.000000,"{""user_lock_acquisitions"": 2}",2026-08-12T06:36:06Z
exp2_scaling,montecarlo,imp_threadlocal,2,measured,28,49,0.057610,392878,392878,0.000000,"{""user_lock_acquisitions"": 0}",2026-08-12T06:36:06Z
exp2_scaling,montecarlo,coarse_lock,2,measured,3,50,0.057663,392878,392878,0.000000,"{""user_lock_acquisitions"": 2}",2026-08-12T06:36:06Z
exp2_scaling,montecarlo,fp_reduce,2,measured,20,51,0.057511,392878,392878,0.000000,"{""user_lock_acquisitions"": 0}",2026-08-12T06:36:06Z
exp2_scaling,montecarlo,imp_threadlocal,2,measured,13,52,0.057415,392878,392878,0.000000,"{""user_lock_acquisitions"": 0}",2026-08-12T06:36:07Z
exp2_scaling,montecarlo,coarse_lock,2,measured,23,53,0.058045,392878,392878,0.000000,"{""user_lock_acquisitions"": 2}",2026-08-12T06:36:07Z
exp2_scaling,montecarlo,fine_lock,2,measured,27,54,0.212374,392878,392878,0.000000,"{""user_lock_acquisitions"": 500000}",2026-08-12T06:36:07Z
exp2_scaling,montecarlo,fine_lock,2,measured,16,55,0.212790,392878,392878,0.000000,"{""user_lock_acquisitions"": 500000}",2026-08-12T06:36:07Z
exp2_scaling,montecarlo,coarse_lock,2,measured,5,56,0.057886,392878,392878,0.000000,"{""user_lock_acquisitions"": 2}",2026-08-12T06:36:07Z
exp2_scaling,montecarlo,coarse_lock,2,measured,2,57,0.057391,392878,392878,0.000000,"{""user_lock_acquisitions"": 2}",2026-08-12T06:36:07Z
exp2_scaling,montecarlo,fine_lock,2,measured,22,58,0.215976,392878,392878,0.000000,"{""user_lock_acquisitions"": 500000}",2026-08-12T06:36:07Z
exp2_scaling,montecarlo,no_lock,2,measured,20,59,0.154910,179356,392878,54.348169,"{""user_lock_acquisitions"": 0}",2026-08-12T06:36:08Z
exp2_scaling,montecarlo,coarse_lock,2,measured,28,60,0.058293,392878,392878,0.000000,"{""user_lock_acquisitions"": 2}",2026-08-12T06:36:08Z
exp2_scaling,montecarlo,no_lock,2,measured,7,61,0.152488,198835,392878,49.390141,"{""user_lock_acquisitions"": 0}",2026-08-12T06:36:08Z
exp2_scaling,montecarlo,no_lock,2,measured,10,62,0.151235,173003,392878,55.965211,"{""user_lock_acquisitions"": 0}",2026-08-12T06:36:08Z
exp2_scaling,montecarlo,coarse_lock,2,measured,13,63,0.058301,392878,392878,0.000000,"{""user_lock_acquisitions"": 2}",2026-08-12T06:36:08Z
exp2_scaling,montecarlo,fine_lock,2,measured,1,64,0.213399,392878,392878,0.000000,"{""user_lock_acquisitions"": 500000}",2026-08-12T06:36:08Z
exp2_scaling,montecarlo,imp_threadlocal,2,measured,9,65,0.058061,392878,392878,0.000000,"{""user_lock_acquisitions"": 0}",2026-08-12T06:36:08Z
exp2_scaling,montecarlo,fine_lock,2,measured,4,66,0.213065,392878,392878,0.000000,"{""user_lock_acquisitions"": 500000}",2026-08-12T06:36:08Z
exp2_scaling,montecarlo,fp_reduce,2,measured,10,67,0.058400,392878,392878,0.000000,"{""user_lock_acquisitions"": 0}",2026-08-12T06:36:08Z
exp2_scaling,montecarlo,coarse_lock,2,measured,20,68,0.058117,392878,392878,0.000000,"{""user_lock_acquisitions"": 2}",2026-08-12T06:36:09Z
exp2_scaling,montecarlo,coarse_lock,2,measured,12,69,0.058070,392878,392878,0.000000,"{""user_lock_acquisitions"": 2}",2026-08-12T06:36:09Z
exp2_scaling,montecarlo,coarse_lock,2,measured,16,70,0.057853,392878,392878,0.000000,"{""user_lock_acquisitions"": 2}",2026-08-12T06:36:09Z
exp2_scaling,montecarlo,coarse_lock,2,measured,10,71,0.059510,392878,392878,0.000000,"{""user_lock_acquisitions"": 2}",2026-08-12T06:36:09Z
exp2_scaling,montecarlo,no_lock,2,measured,21,72,0.149496,196447,392878,49.997964,"{""user_lock_acquisitions"": 0}",2026-08-12T06:36:09Z
exp2_scaling,montecarlo,fp_reduce,2,measured,26,73,0.057712,392878,392878,0.000000,"{""user_lock_acquisitions"": 0}",2026-08-12T06:36:09Z
exp2_scaling,montecarlo,coarse_lock,2,measured,8,74,0.057766,392878,392878,0.000000,"{""user_lock_acquisitions"": 2}",2026-08-12T06:36:09Z
exp2_scaling,montecarlo,coarse_lock,2,measured,22,75,0.057434,392878,392878,0.000000,"{""user_lock_acquisitions"": 2}",2026-08-12T06:36:09Z
exp2_scaling,montecarlo,fp_reduce,2,measured,11,76,0.057513,392878,392878,0.000000,"{""user_lock_acquisitions"": 0}",2026-08-12T06:36:09Z
exp2_scaling,montecarlo,no_lock,2,measured,8,77,0.150918,185243,392878,52.849740,"{""user_lock_acquisitions"": 0}",2026-08-12T06:36:09Z
exp2_scaling,montecarlo,fine_lock,2,measured,6,78,0.211229,392878,392878,0.000000,"{""user_lock_acquisitions"": 500000}",2026-08-12T06:36:09Z
exp2_scaling,montecarlo,fp_reduce,2,measured,1,79,0.058220,392878,392878,0.000000,"{""user_lock_acquisitions"": 0}",2026-08-12T06:36:10Z
exp2_scaling,montecarlo,no_lock,2,measured,28,80,0.147214,213002,392878,45.784187,"{""user_lock_acquisitions"": 0}",2026-08-12T06:36:10Z
exp2_scaling,montecarlo,coarse_lock,2,measured,0,81,0.057595,392878,392878,0.000000,"{""user_lock_acquisitions"": 2}",2026-08-12T06:36:10Z
exp2_scaling,montecarlo,fp_reduce,2,measured,2,82,0.057032,392878,392878,0.000000,"{""user_lock_acquisitions"": 0}",2026-08-12T06:36:10Z
exp2_scaling,montecarlo,imp_threadlocal,2,measured,6,83,0.059343,392878,392878,0.000000,"{""user_lock_acquisitions"": 0}",2026-08-12T06:36:10Z
exp2_scaling,montecarlo,no_lock,2,measured,18,84,0.148395,186064,392878,52.640769,"{""user_lock_acquisitions"": 0}",2026-08-12T06:36:10Z
exp2_scaling,montecarlo,fine_lock,2,measured,12,85,0.212358,392878,392878,0.000000,"{""user_lock_acquisitions"": 500000}",2026-08-12T06:36:10Z
exp2_scaling,montecarlo,fp_reduce,2,measured,18,86,0.058041,392878,392878,0.000000,"{""user_lock_acquisitions"": 0}",2026-08-12T06:36:10Z
exp2_scaling,montecarlo,no_lock,2,measured,6,87,0.149641,195611,392878,50.210752,"{""user_lock_acquisitions"": 0}",2026-08-12T06:36:10Z
exp2_scaling,montecarlo,no_lock,2,measured,25,88,0.146980,189950,392878,51.651658,"{""user_lock_acquisitions"": 0}",2026-08-12T06:36:11Z
exp2_scaling,montecarlo,no_lock,2,measured,0,89,0.152090,193755,392878,50.683164,"{""user_lock_acquisitions"": 0}",2026-08-12T06:36:11Z
exp2_scaling,montecarlo,fine_lock,2,measured,0,90,0.210560,392878,392878,0.000000,"{""user_lock_acquisitions"": 500000}",2026-08-12T06:36:11Z
exp2_scaling,montecarlo,coarse_lock,2,measured,21,91,0.057987,392878,392878,0.000000,"{""user_lock_acquisitions"": 2}",2026-08-12T06:36:11Z
exp2_scaling,montecarlo,fp_reduce,2,measured,25,92,0.057700,392878,392878,0.000000,"{""user_lock_acquisitions"": 0}",2026-08-12T06:36:11Z
exp2_scaling,montecarlo,no_lock,2,measured,19,93,0.149637,189521,392878,51.760852,"{""user_lock_acquisitions"": 0}",2026-08-12T06:36:11Z
exp2_scaling,montecarlo,imp_threadlocal,2,measured,16,94,0.057716,392878,392878,0.000000,"{""user_lock_acquisitions"": 0}",2026-08-12T06:36:11Z
exp2_scaling,montecarlo,no_lock,2,measured,2,95,0.153469,191554,392878,51.243389,"{""user_lock_acquisitions"": 0}",2026-08-12T06:36:11Z
exp2_scaling,montecarlo,imp_threadlocal,2,measured,29,96,0.058075,392878,392878,0.000000,"{""user_lock_acquisitions"": 0}",2026-08-12T06:36:11Z
exp2_scaling,montecarlo,no_lock,2,measured,15,97,0.151097,197665,392878,49.687944,"{""user_lock_acquisitions"": 0}",2026-08-12T06:36:12Z
exp2_scaling,montecarlo,fp_reduce,2,measured,13,98,0.058245,392878,392878,0.000000,"{""user_lock_acquisitions"": 0}",2026-08-12T06:36:12Z
exp2_scaling,montecarlo,coarse_lock,2,measured,17,99,0.057522,392878,392878,0.000000,"{""user_lock_acquisitions"": 2}",2026-08-12T06:36:12Z
exp2_scaling,montecarlo,imp_threadlocal,2,measured,8,100,0.057359,392878,392878,0.000000,"{""user_lock_acquisitions"": 0}",2026-08-12T06:36:12Z
exp2_scaling,montecarlo,fp_reduce,2,measured,6,101,0.057319,392878,392878,0.000000,"{""user_lock_acquisitions"": 0}",2026-08-12T06:36:12Z
exp2_scaling,montecarlo,fine_lock,2,measured,21,102,0.207764,392878,392878,0.000000,"{""user_lock_acquisitions"": 500000}",2026-08-12T06:36:12Z
exp2_scaling,montecarlo,fp_reduce,2,measured,27,103,0.058226,392878,392878,0.000000,"{""user_lock_acquisitions"": 0}",2026-08-12T06:36:12Z
exp2_scaling,montecarlo,imp_threadlocal,2,measured,27,104,0.057426,392878,392878,0.000000,"{""user_lock_acquisitions"": 0}",2026-08-12T06:36:12Z
exp2_scaling,montecarlo,imp_threadlocal,2,measured,15,105,0.059102,392878,392878,0.000000,"{""user_lock_acquisitions"": 0}",2026-08-12T06:36:12Z
exp2_scaling,montecarlo,fp_reduce,2,measured,22,106,0.057807,392878,392878,0.000000,"{""user_lock_acquisitions"": 0}",2026-08-12T06:36:12Z
exp2_scaling,montecarlo,no_lock,2,measured,29,107,0.147508,202939,392878,48.345542,"{""user_lock_acquisitions"": 0}",2026-08-12T06:36:12Z
exp2_scaling,montecarlo,coarse_lock,2,measured,18,108,0.058163,392878,392878,0.000000,"{""user_lock_acquisitions"": 2}",2026-08-12T06:36:12Z
exp2_scaling,montecarlo,fp_reduce,2,measured,12,109,0.057982,392878,392878,0.000000,"{""user_lock_acquisitions"": 0}",2026-08-12T06:36:13Z
exp2_scaling,montecarlo,fine_lock,2,measured,2,110,0.209446,392878,392878,0.000000,"{""user_lock_acquisitions"": 500000}",2026-08-12T06:36:13Z
exp2_scaling,montecarlo,coarse_lock,2,measured,29,111,0.057706,392878,392878,0.000000,"{""user_lock_acquisitions"": 2}",2026-08-12T06:36:13Z
exp2_scaling,montecarlo,fine_lock,2,measured,25,112,0.208038,392878,392878,0.000000,"{""user_lock_acquisitions"": 500000}",2026-08-12T06:36:13Z
exp2_scaling,montecarlo,imp_threadlocal,2,measured,17,113,0.057828,392878,392878,0.000000,"{""user_lock_acquisitions"": 0}",2026-08-12T06:36:13Z
exp2_scaling,montecarlo,fine_lock,2,measured,20,114,0.209392,392878,392878,0.000000,"{""user_lock_acquisitions"": 500000}",2026-08-12T06:36:13Z
exp2_scaling,montecarlo,fine_lock,2,measured,3,115,0.207497,392878,392878,0.000000,"{""user_lock_acquisitions"": 500000}",2026-08-12T06:36:13Z
exp2_scaling,montecarlo,fp_reduce,2,measured,19,116,0.057962,392878,392878,0.000000,"{""user_lock_acquisitions"": 0}",2026-08-12T06:36:14Z
exp2_scaling,montecarlo,imp_threadlocal,2,measured,2,117,0.058187,392878,392878,0.000000,"{""user_lock_acquisitions"": 0}",2026-08-12T06:36:14Z
exp2_scaling,montecarlo,imp_threadlocal,2,measured,19,118,0.058479,392878,392878,0.000000,"{""user_lock_acquisitions"": 0}",2026-08-12T06:36:14Z
exp2_scaling,montecarlo,fp_reduce,2,measured,14,119,0.057930,392878,392878,0.000000,"{""user_lock_acquisitions"": 0}",2026-08-12T06:36:14Z
exp2_scaling,montecarlo,coarse_lock,2,measured,4,120,0.057513,392878,392878,0.000000,"{""user_lock_acquisitions"": 2}",2026-08-12T06:36:14Z
exp2_scaling,montecarlo,fp_reduce,2,measured,4,121,0.058071,392878,392878,0.000000,"{""user_lock_acquisitions"": 0}",2026-08-12T06:36:14Z
exp2_scaling,montecarlo,fine_lock,2,measured,14,122,0.209296,392878,392878,0.000000,"{""user_lock_acquisitions"": 500000}",2026-08-12T06:36:14Z
exp2_scaling,montecarlo,no_lock,2,measured,5,123,0.148638,205725,392878,47.636416,"{""user_lock_acquisitions"": 0}",2026-08-12T06:36:14Z
exp2_scaling,montecarlo,no_lock,2,measured,3,124,0.148437,192928,392878,50.893662,"{""user_lock_acquisitions"": 0}",2026-08-12T06:36:14Z
exp2_scaling,montecarlo,coarse_lock,2,measured,27,125,0.058023,392878,392878,0.000000,"{""user_lock_acquisitions"": 2}",2026-08-12T06:36:14Z
exp2_scaling,montecarlo,coarse_lock,2,measured,26,126,0.058375,392878,392878,0.000000,"{""user_lock_acquisitions"": 2}",2026-08-12T06:36:14Z
exp2_scaling,montecarlo,no_lock,2,measured,11,127,0.148377,202440,392878,48.472554,"{""user_lock_acquisitions"": 0}",2026-08-12T06:36:15Z
exp2_scaling,montecarlo,fine_lock,2,measured,8,128,0.209206,392878,392878,0.000000,"{""user_lock_acquisitions"": 500000}",2026-08-12T06:36:15Z
exp2_scaling,montecarlo,fp_reduce,2,measured,0,129,0.057668,392878,392878,0.000000,"{""user_lock_acquisitions"": 0}",2026-08-12T06:36:15Z
exp2_scaling,montecarlo,imp_threadlocal,2,measured,11,130,0.057447,392878,392878,0.000000,"{""user_lock_acquisitions"": 0}",2026-08-12T06:36:15Z
exp2_scaling,montecarlo,fp_reduce,2,measured,23,131,0.058094,392878,392878,0.000000,"{""user_lock_acquisitions"": 0}",2026-08-12T06:36:15Z
exp2_scaling,montecarlo,fine_lock,2,measured,10,132,0.209859,392878,392878,0.000000,"{""user_lock_acquisitions"": 500000}",2026-08-12T06:36:15Z
exp2_scaling,montecarlo,coarse_lock,2,measured,19,133,0.057827,392878,392878,0.000000,"{""user_lock_acquisitions"": 2}",2026-08-12T06:36:15Z
exp2_scaling,montecarlo,imp_threadlocal,2,measured,14,134,0.057421,392878,392878,0.000000,"{""user_lock_acquisitions"": 0}",2026-08-12T06:36:15Z
exp2_scaling,montecarlo,no_lock,2,measured,9,135,0.151070,200713,392878,48.912130,"{""user_lock_acquisitions"": 0}",2026-08-12T06:36:15Z
exp2_scaling,montecarlo,no_lock,2,measured,27,136,0.151132,192188,392878,51.082015,"{""user_lock_acquisitions"": 0}",2026-08-12T06:36:16Z
exp2_scaling,montecarlo,coarse_lock,2,measured,9,137,0.058381,392878,392878,0.000000,"{""user_lock_acquisitions"": 2}",2026-08-12T06:36:16Z
exp2_scaling,montecarlo,no_lock,2,measured,17,138,0.153371,167010,392878,57.490620,"{""user_lock_acquisitions"": 0}",2026-08-12T06:36:16Z
exp2_scaling,montecarlo,coarse_lock,2,measured,24,139,0.058770,392878,392878,0.000000,"{""user_lock_acquisitions"": 2}",2026-08-12T06:36:16Z
exp2_scaling,montecarlo,imp_threadlocal,2,measured,21,140,0.057323,392878,392878,0.000000,"{""user_lock_acquisitions"": 0}",2026-08-12T06:36:16Z
exp2_scaling,montecarlo,imp_threadlocal,2,measured,1,141,0.057962,392878,392878,0.000000,"{""user_lock_acquisitions"": 0}",2026-08-12T06:36:16Z
exp2_scaling,montecarlo,fp_reduce,2,measured,9,142,0.057845,392878,392878,0.000000,"{""user_lock_acquisitions"": 0}",2026-08-12T06:36:16Z
exp2_scaling,montecarlo,fine_lock,2,measured,19,143,0.209427,392878,392878,0.000000,"{""user_lock_acquisitions"": 500000}",2026-08-12T06:36:16Z
exp2_scaling,montecarlo,coarse_lock,2,measured,15,144,0.058348,392878,392878,0.000000,"{""user_lock_acquisitions"": 2}",2026-08-12T06:36:16Z
exp2_scaling,montecarlo,fine_lock,2,measured,24,145,0.211533,392878,392878,0.000000,"{""user_lock_acquisitions"": 500000}",2026-08-12T06:36:17Z
exp2_scaling,montecarlo,fine_lock,2,measured,29,146,0.210776,392878,392878,0.000000,"{""user_lock_acquisitions"": 500000}",2026-08-12T06:36:17Z
exp2_scaling,montecarlo,imp_threadlocal,2,measured,7,147,0.057671,392878,392878,0.000000,"{""user_lock_acquisitions"": 0}",2026-08-12T06:36:17Z
exp2_scaling,montecarlo,imp_threadlocal,2,measured,12,148,0.058408,392878,392878,0.000000,"{""user_lock_acquisitions"": 0}",2026-08-12T06:36:17Z
exp2_scaling,montecarlo,fine_lock,2,measured,26,149,0.209434,392878,392878,0.000000,"{""user_lock_acquisitions"": 500000}",2026-08-12T06:36:17Z
exp2_scaling,montecarlo,fine_lock,2,measured,18,150,0.211081,392878,392878,0.000000,"{""user_lock_acquisitions"": 500000}",2026-08-12T06:36:17Z
exp2_scaling,montecarlo,imp_threadlocal,2,measured,20,151,0.057565,392878,392878,0.000000,"{""user_lock_acquisitions"": 0}",2026-08-12T06:36:17Z
exp2_scaling,montecarlo,coarse_lock,2,measured,11,152,0.058042,392878,392878,0.000000,"{""user_lock_acquisitions"": 2}",2026-08-12T06:36:17Z
exp2_scaling,montecarlo,fine_lock,2,measured,17,153,0.210306,392878,392878,0.000000,"{""user_lock_acquisitions"": 500000}",2026-08-12T06:36:18Z
exp2_scaling,montecarlo,no_lock,2,measured,22,154,0.149365,186800,392878,52.453433,"{""user_lock_acquisitions"": 0}",2026-08-12T06:36:18Z
exp2_scaling,montecarlo,no_lock,2,measured,23,155,0.148338,198301,392878,49.526062,"{""user_lock_acquisitions"": 0}",2026-08-12T06:36:18Z
exp2_scaling,montecarlo,no_lock,2,measured,26,156,0.149901,206136,392878,47.531804,"{""user_lock_acquisitions"": 0}",2026-08-12T06:36:18Z
exp2_scaling,montecarlo,imp_threadlocal,2,measured,24,157,0.058275,392878,392878,0.000000,"{""user_lock_acquisitions"": 0}",2026-08-12T06:36:18Z
exp2_scaling,montecarlo,fp_reduce,2,measured,29,158,0.057850,392878,392878,0.000000,"{""user_lock_acquisitions"": 0}",2026-08-12T06:36:18Z
exp2_scaling,montecarlo,fp_reduce,2,measured,8,159,0.057641,392878,392878,0.000000,"{""user_lock_acquisitions"": 0}",2026-08-12T06:36:18Z
exp2_scaling,montecarlo,no_lock,2,measured,14,160,0.153139,189994,392878,51.640458,"{""user_lock_acquisitions"": 0}",2026-08-12T06:36:18Z
exp2_scaling,montecarlo,fine_lock,2,measured,23,161,0.210870,392878,392878,0.000000,"{""user_lock_acquisitions"": 500000}",2026-08-12T06:36:19Z
exp2_scaling,montecarlo,no_lock,2,measured,12,162,0.153871,196365,392878,50.018835,"{""user_lock_acquisitions"": 0}",2026-08-12T06:36:19Z
exp2_scaling,montecarlo,fp_reduce,2,measured,28,163,0.058511,392878,392878,0.000000,"{""user_lock_acquisitions"": 0}",2026-08-12T06:36:19Z
exp2_scaling,montecarlo,fp_reduce,2,measured,5,164,0.058154,392878,392878,0.000000,"{""user_lock_acquisitions"": 0}",2026-08-12T06:36:19Z
exp2_scaling,montecarlo,imp_threadlocal,4,warmup,0,0,0.147283,392589,392589,0.000000,"{""user_lock_acquisitions"": 0}",2026-08-12T06:36:19Z
exp2_scaling,montecarlo,imp_threadlocal,4,warmup,2,1,0.031012,392589,392589,0.000000,"{""user_lock_acquisitions"": 0}",2026-08-12T06:36:19Z
exp2_scaling,montecarlo,fine_lock,4,warmup,0,2,0.258941,392589,392589,0.000000,"{""user_lock_acquisitions"": 500000}",2026-08-12T06:36:19Z
exp2_scaling,montecarlo,no_lock,4,warmup,0,3,0.202476,123191,392589,68.620873,"{""user_lock_acquisitions"": 0}",2026-08-12T06:36:20Z
exp2_scaling,montecarlo,fp_reduce,4,warmup,0,4,0.030263,392589,392589,0.000000,"{""user_lock_acquisitions"": 0}",2026-08-12T06:36:20Z
exp2_scaling,montecarlo,coarse_lock,4,warmup,0,5,0.030559,392589,392589,0.000000,"{""user_lock_acquisitions"": 4}",2026-08-12T06:36:20Z
exp2_scaling,montecarlo,imp_threadlocal,4,warmup,1,6,0.029809,392589,392589,0.000000,"{""user_lock_acquisitions"": 0}",2026-08-12T06:36:20Z
exp2_scaling,montecarlo,fp_reduce,4,warmup,1,7,0.030130,392589,392589,0.000000,"{""user_lock_acquisitions"": 0}",2026-08-12T06:36:20Z
exp2_scaling,montecarlo,fine_lock,4,warmup,1,8,0.250558,392589,392589,0.000000,"{""user_lock_acquisitions"": 500000}",2026-08-12T06:36:20Z
exp2_scaling,montecarlo,coarse_lock,4,warmup,2,9,0.029609,392589,392589,0.000000,"{""user_lock_acquisitions"": 4}",2026-08-12T06:36:20Z
exp2_scaling,montecarlo,fp_reduce,4,warmup,2,10,0.030392,392589,392589,0.000000,"{""user_lock_acquisitions"": 0}",2026-08-12T06:36:20Z
exp2_scaling,montecarlo,fine_lock,4,warmup,2,11,0.251889,392589,392589,0.000000,"{""user_lock_acquisitions"": 500000}",2026-08-12T06:36:20Z
exp2_scaling,montecarlo,coarse_lock,4,warmup,1,12,0.030177,392589,392589,0.000000,"{""user_lock_acquisitions"": 4}",2026-08-12T06:36:20Z
exp2_scaling,montecarlo,no_lock,4,warmup,2,13,0.197492,119971,392589,69.441069,"{""user_lock_acquisitions"": 0}",2026-08-12T06:36:20Z
exp2_scaling,montecarlo,no_lock,4,warmup,1,14,0.201219,112314,392589,71.391455,"{""user_lock_acquisitions"": 0}",2026-08-12T06:36:21Z
exp2_scaling,montecarlo,imp_threadlocal,4,measured,7,15,0.029777,392589,392589,0.000000,"{""user_lock_acquisitions"": 0}",2026-08-12T06:36:21Z
exp2_scaling,montecarlo,fine_lock,4,measured,7,16,0.248665,392589,392589,0.000000,"{""user_lock_acquisitions"": 500000}",2026-08-12T06:36:21Z
exp2_scaling,montecarlo,imp_threadlocal,4,measured,5,17,0.032552,392589,392589,0.000000,"{""user_lock_acquisitions"": 0}",2026-08-12T06:36:21Z
exp2_scaling,montecarlo,fp_reduce,4,measured,9,18,0.030542,392589,392589,0.000000,"{""user_lock_acquisitions"": 0}",2026-08-12T06:36:21Z
exp2_scaling,montecarlo,coarse_lock,4,measured,24,19,0.032717,392589,392589,0.000000,"{""user_lock_acquisitions"": 4}",2026-08-12T06:36:21Z
exp2_scaling,montecarlo,coarse_lock,4,measured,9,20,0.030178,392589,392589,0.000000,"{""user_lock_acquisitions"": 4}",2026-08-12T06:36:21Z
exp2_scaling,montecarlo,fp_reduce,4,measured,20,21,0.029958,392589,392589,0.000000,"{""user_lock_acquisitions"": 0}",2026-08-12T06:36:21Z
exp2_scaling,montecarlo,imp_threadlocal,4,measured,6,22,0.030263,392589,392589,0.000000,"{""user_lock_acquisitions"": 0}",2026-08-12T06:36:21Z
exp2_scaling,montecarlo,no_lock,4,measured,25,23,0.202676,123610,392589,68.514146,"{""user_lock_acquisitions"": 0}",2026-08-12T06:36:21Z
exp2_scaling,montecarlo,no_lock,4,measured,22,24,0.197489,121720,392589,68.995565,"{""user_lock_acquisitions"": 0}",2026-08-12T06:36:21Z
exp2_scaling,montecarlo,fine_lock,4,measured,11,25,0.249959,392589,392589,0.000000,"{""user_lock_acquisitions"": 500000}",2026-08-12T06:36:22Z
exp2_scaling,montecarlo,coarse_lock,4,measured,3,26,0.030135,392589,392589,0.000000,"{""user_lock_acquisitions"": 4}",2026-08-12T06:36:22Z
exp2_scaling,montecarlo,imp_threadlocal,4,measured,9,27,0.032606,392589,392589,0.000000,"{""user_lock_acquisitions"": 0}",2026-08-12T06:36:22Z
exp2_scaling,montecarlo,fine_lock,4,measured,17,28,0.258778,392589,392589,0.000000,"{""user_lock_acquisitions"": 500000}",2026-08-12T06:36:22Z
exp2_scaling,montecarlo,no_lock,4,measured,10,29,0.207307,119984,392589,69.437758,"{""user_lock_acquisitions"": 0}",2026-08-12T06:36:22Z
exp2_scaling,montecarlo,imp_threadlocal,4,measured,23,30,0.030054,392589,392589,0.000000,"{""user_lock_acquisitions"": 0}",2026-08-12T06:36:22Z
exp2_scaling,montecarlo,no_lock,4,measured,29,31,0.208790,128592,392589,67.245134,"{""user_lock_acquisitions"": 0}",2026-08-12T06:36:23Z
exp2_scaling,montecarlo,no_lock,4,measured,24,32,0.202539,129419,392589,67.034481,"{""user_lock_acquisitions"": 0}",2026-08-12T06:36:23Z
exp2_scaling,montecarlo,coarse_lock,4,measured,19,33,0.031024,392589,392589,0.000000,"{""user_lock_acquisitions"": 4}",2026-08-12T06:36:23Z
exp2_scaling,montecarlo,no_lock,4,measured,0,34,0.203224,116080,392589,70.432182,"{""user_lock_acquisitions"": 0}",2026-08-12T06:36:23Z
exp2_scaling,montecarlo,fp_reduce,4,measured,26,35,0.030513,392589,392589,0.000000,"{""user_lock_acquisitions"": 0}",2026-08-12T06:36:23Z
exp2_scaling,montecarlo,fp_reduce,4,measured,28,36,0.030096,392589,392589,0.000000,"{""user_lock_acquisitions"": 0}",2026-08-12T06:36:23Z
exp2_scaling,montecarlo,imp_threadlocal,4,measured,26,37,0.030195,392589,392589,0.000000,"{""user_lock_acquisitions"": 0}",2026-08-12T06:36:23Z
exp2_scaling,montecarlo,fp_reduce,4,measured,7,38,0.029474,392589,392589,0.000000,"{""user_lock_acquisitions"": 0}",2026-08-12T06:36:23Z
exp2_scaling,montecarlo,fp_reduce,4,measured,16,39,0.030120,392589,392589,0.000000,"{""user_lock_acquisitions"": 0}",2026-08-12T06:36:23Z
exp2_scaling,montecarlo,fine_lock,4,measured,22,40,0.261133,392589,392589,0.000000,"{""user_lock_acquisitions"": 500000}",2026-08-12T06:36:23Z
exp2_scaling,montecarlo,coarse_lock,4,measured,21,41,0.030251,392589,392589,0.000000,"{""user_lock_acquisitions"": 4}",2026-08-12T06:36:23Z
exp2_scaling,montecarlo,imp_threadlocal,4,measured,4,42,0.030245,392589,392589,0.000000,"{""user_lock_acquisitions"": 0}",2026-08-12T06:36:23Z
exp2_scaling,montecarlo,imp_threadlocal,4,measured,22,43,0.029668,392589,392589,0.000000,"{""user_lock_acquisitions"": 0}",2026-08-12T06:36:23Z
exp2_scaling,montecarlo,fp_reduce,4,measured,8,44,0.029864,392589,392589,0.000000,"{""user_lock_acquisitions"": 0}",2026-08-12T06:36:23Z
exp2_scaling,montecarlo,coarse_lock,4,measured,6,45,0.030526,392589,392589,0.000000,"{""user_lock_acquisitions"": 4}",2026-08-12T06:36:24Z
exp2_scaling,montecarlo,coarse_lock,4,measured,16,46,0.030450,392589,392589,0.000000,"{""user_lock_acquisitions"": 4}",2026-08-12T06:36:24Z
exp2_scaling,montecarlo,imp_threadlocal,4,measured,20,47,0.030049,392589,392589,0.000000,"{""user_lock_acquisitions"": 0}",2026-08-12T06:36:24Z
exp2_scaling,montecarlo,fp_reduce,4,measured,1,48,0.029938,392589,392589,0.000000,"{""user_lock_acquisitions"": 0}",2026-08-12T06:36:24Z
exp2_scaling,montecarlo,fine_lock,4,measured,26,49,0.262556,392589,392589,0.000000,"{""user_lock_acquisitions"": 500000}",2026-08-12T06:36:24Z
exp2_scaling,montecarlo,coarse_lock,4,measured,23,50,0.030648,392589,392589,0.000000,"{""user_lock_acquisitions"": 4}",2026-08-12T06:36:24Z
exp2_scaling,montecarlo,no_lock,4,measured,20,51,0.198287,125219,392589,68.104302,"{""user_lock_acquisitions"": 0}",2026-08-12T06:36:24Z
exp2_scaling,montecarlo,fp_reduce,4,measured,27,52,0.030119,392589,392589,0.000000,"{""user_lock_acquisitions"": 0}",2026-08-12T06:36:24Z
exp2_scaling,montecarlo,fp_reduce,4,measured,21,53,0.029869,392589,392589,0.000000,"{""user_lock_acquisitions"": 0}",2026-08-12T06:36:24Z
exp2_scaling,montecarlo,fp_reduce,4,measured,22,54,0.030397,392589,392589,0.000000,"{""user_lock_acquisitions"": 0}",2026-08-12T06:36:24Z
exp2_scaling,montecarlo,no_lock,4,measured,3,55,0.207822,133989,392589,65.870414,"{""user_lock_acquisitions"": 0}",2026-08-12T06:36:24Z
exp2_scaling,montecarlo,no_lock,4,measured,21,56,0.209135,126323,392589,67.823092,"{""user_lock_acquisitions"": 0}",2026-08-12T06:36:25Z
exp2_scaling,montecarlo,no_lock,4,measured,14,57,0.207021,115791,392589,70.505796,"{""user_lock_acquisitions"": 0}",2026-08-12T06:36:25Z
exp2_scaling,montecarlo,coarse_lock,4,measured,2,58,0.030313,392589,392589,0.000000,"{""user_lock_acquisitions"": 4}",2026-08-12T06:36:25Z
exp2_scaling,montecarlo,imp_threadlocal,4,measured,18,59,0.029958,392589,392589,0.000000,"{""user_lock_acquisitions"": 0}",2026-08-12T06:36:25Z
exp2_scaling,montecarlo,no_lock,4,measured,17,60,0.205775,124178,392589,68.369465,"{""user_lock_acquisitions"": 0}",2026-08-12T06:36:25Z
exp2_scaling,montecarlo,imp_threadlocal,4,measured,19,61,0.030118,392589,392589,0.000000,"{""user_lock_acquisitions"": 0}",2026-08-12T06:36:25Z
exp2_scaling,montecarlo,imp_threadlocal,4,measured,3,62,0.030499,392589,392589,0.000000,"{""user_lock_acquisitions"": 0}",2026-08-12T06:36:25Z
exp2_scaling,montecarlo,imp_threadlocal,4,measured,11,63,0.030237,392589,392589,0.000000,"{""user_lock_acquisitions"": 0}",2026-08-12T06:36:25Z
exp2_scaling,montecarlo,imp_threadlocal,4,measured,21,64,0.030644,392589,392589,0.000000,"{""user_lock_acquisitions"": 0}",2026-08-12T06:36:25Z
exp2_scaling,montecarlo,fine_lock,4,measured,4,65,0.261212,392589,392589,0.000000,"{""user_lock_acquisitions"": 500000}",2026-08-12T06:36:25Z
exp2_scaling,montecarlo,fine_lock,4,measured,15,66,0.249232,392589,392589,0.000000,"{""user_lock_acquisitions"": 500000}",2026-08-12T06:36:26Z
exp2_scaling,montecarlo,coarse_lock,4,measured,25,67,0.029749,392589,392589,0.000000,"{""user_lock_acquisitions"": 4}",2026-08-12T06:36:26Z
exp2_scaling,montecarlo,no_lock,4,measured,6,68,0.199903,122032,392589,68.916093,"{""user_lock_acquisitions"": 0}",2026-08-12T06:36:26Z
exp2_scaling,montecarlo,no_lock,4,measured,27,69,0.200810,119013,392589,69.685091,"{""user_lock_acquisitions"": 0}",2026-08-12T06:36:26Z
exp2_scaling,montecarlo,no_lock,4,measured,18,70,0.192511,115970,392589,70.460201,"{""user_lock_acquisitions"": 0}",2026-08-12T06:36:26Z
exp2_scaling,montecarlo,fine_lock,4,measured,28,71,0.247151,392589,392589,0.000000,"{""user_lock_acquisitions"": 500000}",2026-08-12T06:36:27Z
exp2_scaling,montecarlo,fine_lock,4,measured,27,72,0.250933,392589,392589,0.000000,"{""user_lock_acquisitions"": 500000}",2026-08-12T06:36:27Z
exp2_scaling,montecarlo,imp_threadlocal,4,measured,1,73,0.030389,392589,392589,0.000000,"{""user_lock_acquisitions"": 0}",2026-08-12T06:36:27Z
exp2_scaling,montecarlo,imp_threadlocal,4,measured,13,74,0.030301,392589,392589,0.000000,"{""user_lock_acquisitions"": 0}",2026-08-12T06:36:27Z
exp2_scaling,montecarlo,coarse_lock,4,measured,7,75,0.030110,392589,392589,0.000000,"{""user_lock_acquisitions"": 4}",2026-08-12T06:36:27Z
exp2_scaling,montecarlo,fine_lock,4,measured,5,76,0.251024,392589,392589,0.000000,"{""user_lock_acquisitions"": 500000}",2026-08-12T06:36:27Z
exp2_scaling,montecarlo,fine_lock,4,measured,3,77,0.248728,392589,392589,0.000000,"{""user_lock_acquisitions"": 500000}",2026-08-12T06:36:27Z
exp2_scaling,montecarlo,fine_lock,4,measured,1,78,0.254524,392589,392589,0.000000,"{""user_lock_acquisitions"": 500000}",2026-08-12T06:36:28Z
exp2_scaling,montecarlo,coarse_lock,4,measured,11,79,0.029680,392589,392589,0.000000,"{""user_lock_acquisitions"": 4}",2026-08-12T06:36:28Z
exp2_scaling,montecarlo,no_lock,4,measured,8,80,0.207866,124859,392589,68.196001,"{""user_lock_acquisitions"": 0}",2026-08-12T06:36:28Z
exp2_scaling,montecarlo,no_lock,4,measured,28,81,0.203212,127040,392589,67.640459,"{""user_lock_acquisitions"": 0}",2026-08-12T06:36:28Z
exp2_scaling,montecarlo,fine_lock,4,measured,13,82,0.254114,392589,392589,0.000000,"{""user_lock_acquisitions"": 500000}",2026-08-12T06:36:28Z
exp2_scaling,montecarlo,coarse_lock,4,measured,15,83,0.030203,392589,392589,0.000000,"{""user_lock_acquisitions"": 4}",2026-08-12T06:36:28Z
exp2_scaling,montecarlo,no_lock,4,measured,12,84,0.202167,127579,392589,67.503165,"{""user_lock_acquisitions"": 0}",2026-08-12T06:36:29Z
exp2_scaling,montecarlo,fine_lock,4,measured,18,85,0.256683,392589,392589,0.000000,"{""user_lock_acquisitions"": 500000}",2026-08-12T06:36:29Z
exp2_scaling,montecarlo,imp_threadlocal,4,measured,25,86,0.030400,392589,392589,0.000000,"{""user_lock_acquisitions"": 0}",2026-08-12T06:36:29Z
exp2_scaling,montecarlo,fp_reduce,4,measured,13,87,0.029978,392589,392589,0.000000,"{""user_lock_acquisitions"": 0}",2026-08-12T06:36:29Z
exp2_scaling,montecarlo,fine_lock,4,measured,14,88,0.261784,392589,392589,0.000000,"{""user_lock_acquisitions"": 500000}",2026-08-12T06:36:29Z
exp2_scaling,montecarlo,no_lock,4,measured,11,89,0.198651,121608,392589,69.024094,"{""user_lock_acquisitions"": 0}",2026-08-12T06:36:29Z
exp2_scaling,montecarlo,coarse_lock,4,measured,18,90,0.030320,392589,392589,0.000000,"{""user_lock_acquisitions"": 4}",2026-08-12T06:36:29Z
exp2_scaling,montecarlo,fp_reduce,4,measured,10,91,0.029988,392589,392589,0.000000,"{""user_lock_acquisitions"": 0}",2026-08-12T06:36:29Z
exp2_scaling,montecarlo,fine_lock,4,measured,20,92,0.262676,392589,392589,0.000000,"{""user_lock_acquisitions"": 500000}",2026-08-12T06:36:30Z
exp2_scaling,montecarlo,no_lock,4,measured,13,93,0.209901,118102,392589,69.917140,"{""user_lock_acquisitions"": 0}",2026-08-12T06:36:30Z
exp2_scaling,montecarlo,fine_lock,4,measured,21,94,0.259435,392589,392589,0.000000,"{""user_lock_acquisitions"": 500000}",2026-08-12T06:36:30Z
exp2_scaling,montecarlo,fp_reduce,4,measured,0,95,0.030191,392589,392589,0.000000,"{""user_lock_acquisitions"": 0}",2026-08-12T06:36:30Z
exp2_scaling,montecarlo,fine_lock,4,measured,10,96,0.260643,392589,392589,0.000000,"{""user_lock_acquisitions"": 500000}",2026-08-12T06:36:30Z
exp2_scaling,montecarlo,coarse_lock,4,measured,0,97,0.029881,392589,392589,0.000000,"{""user_lock_acquisitions"": 4}",2026-08-12T06:36:30Z
exp2_scaling,montecarlo,imp_threadlocal,4,measured,12,98,0.030598,392589,392589,0.000000,"{""user_lock_acquisitions"": 0}",2026-08-12T06:36:31Z
exp2_scaling,montecarlo,coarse_lock,4,measured,10,99,0.030048,392589,392589,0.000000,"{""user_lock_acquisitions"": 4}",2026-08-12T06:36:31Z
exp2_scaling,montecarlo,imp_threadlocal,4,measured,29,100,0.030015,392589,392589,0.000000,"{""user_lock_acquisitions"": 0}",2026-08-12T06:36:31Z
exp2_scaling,montecarlo,fp_reduce,4,measured,18,101,0.030629,392589,392589,0.000000,"{""user_lock_acquisitions"": 0}",2026-08-12T06:36:31Z
exp2_scaling,montecarlo,fine_lock,4,measured,8,102,0.258664,392589,392589,0.000000,"{""user_lock_acquisitions"": 500000}",2026-08-12T06:36:31Z
exp2_scaling,montecarlo,coarse_lock,4,measured,12,103,0.029924,392589,392589,0.000000,"{""user_lock_acquisitions"": 4}",2026-08-12T06:36:31Z
exp2_scaling,montecarlo,imp_threadlocal,4,measured,15,104,0.030113,392589,392589,0.000000,"{""user_lock_acquisitions"": 0}",2026-08-12T06:36:31Z
exp2_scaling,montecarlo,imp_threadlocal,4,measured,10,105,0.031022,392589,392589,0.000000,"{""user_lock_acquisitions"": 0}",2026-08-12T06:36:31Z
exp2_scaling,montecarlo,no_lock,4,measured,9,106,0.202516,121997,392589,68.925008,"{""user_lock_acquisitions"": 0}",2026-08-12T06:36:31Z
exp2_scaling,montecarlo,fine_lock,4,measured,25,107,0.250680,392589,392589,0.000000,"{""user_lock_acquisitions"": 500000}",2026-08-12T06:36:31Z
exp2_scaling,montecarlo,no_lock,4,measured,1,108,0.197812,117791,392589,69.996358,"{""user_lock_acquisitions"": 0}",2026-08-12T06:36:32Z
exp2_scaling,montecarlo,imp_threadlocal,4,measured,28,109,0.030471,392589,392589,0.000000,"{""user_lock_acquisitions"": 0}",2026-08-12T06:36:32Z
exp2_scaling,montecarlo,fp_reduce,4,measured,24,110,0.029713,392589,392589,0.000000,"{""user_lock_acquisitions"": 0}",2026-08-12T06:36:32Z
exp2_scaling,montecarlo,fp_reduce,4,measured,15,111,0.030304,392589,392589,0.000000,"{""user_lock_acquisitions"": 0}",2026-08-12T06:36:32Z
exp2_scaling,montecarlo,imp_threadlocal,4,measured,0,112,0.030632,392589,392589,0.000000,"{""user_lock_acquisitions"": 0}",2026-08-12T06:36:32Z
exp2_scaling,montecarlo,coarse_lock,4,measured,17,113,0.030872,392589,392589,0.000000,"{""user_lock_acquisitions"": 4}",2026-08-12T06:36:32Z
exp2_scaling,montecarlo,no_lock,4,measured,5,114,0.202965,121918,392589,68.945131,"{""user_lock_acquisitions"": 0}",2026-08-12T06:36:32Z
exp2_scaling,montecarlo,fp_reduce,4,measured,2,115,0.030171,392589,392589,0.000000,"{""user_lock_acquisitions"": 0}",2026-08-12T06:36:32Z
exp2_scaling,montecarlo,fp_reduce,4,measured,12,116,0.029780,392589,392589,0.000000,"{""user_lock_acquisitions"": 0}",2026-08-12T06:36:32Z
exp2_scaling,montecarlo,fp_reduce,4,measured,6,117,0.030299,392589,392589,0.000000,"{""user_lock_acquisitions"": 0}",2026-08-12T06:36:32Z
exp2_scaling,montecarlo,fp_reduce,4,measured,25,118,0.029867,392589,392589,0.000000,"{""user_lock_acquisitions"": 0}",2026-08-12T06:36:32Z
exp2_scaling,montecarlo,fine_lock,4,measured,9,119,0.251530,392589,392589,0.000000,"{""user_lock_acquisitions"": 500000}",2026-08-12T06:36:32Z
exp2_scaling,montecarlo,fine_lock,4,measured,23,120,0.253981,392589,392589,0.000000,"{""user_lock_acquisitions"": 500000}",2026-08-12T06:36:33Z
exp2_scaling,montecarlo,fp_reduce,4,measured,5,121,0.030501,392589,392589,0.000000,"{""user_lock_acquisitions"": 0}",2026-08-12T06:36:33Z
exp2_scaling,montecarlo,fine_lock,4,measured,19,122,0.255806,392589,392589,0.000000,"{""user_lock_acquisitions"": 500000}",2026-08-12T06:36:33Z
exp2_scaling,montecarlo,coarse_lock,4,measured,22,123,0.030434,392589,392589,0.000000,"{""user_lock_acquisitions"": 4}",2026-08-12T06:36:33Z
exp2_scaling,montecarlo,fp_reduce,4,measured,4,124,0.029881,392589,392589,0.000000,"{""user_lock_acquisitions"": 0}",2026-08-12T06:36:33Z
exp2_scaling,montecarlo,imp_threadlocal,4,measured,14,125,0.030228,392589,392589,0.000000,"{""user_lock_acquisitions"": 0}",2026-08-12T06:36:33Z
exp2_scaling,montecarlo,no_lock,4,measured,7,126,0.208596,125942,392589,67.920140,"{""user_lock_acquisitions"": 0}",2026-08-12T06:36:33Z
exp2_scaling,montecarlo,fine_lock,4,measured,6,127,0.253815,392589,392589,0.000000,"{""user_lock_acquisitions"": 500000}",2026-08-12T06:36:33Z
exp2_scaling,montecarlo,fine_lock,4,measured,16,128,0.252967,392589,392589,0.000000,"{""user_lock_acquisitions"": 500000}",2026-08-12T06:36:34Z
exp2_scaling,montecarlo,coarse_lock,4,measured,4,129,0.029748,392589,392589,0.000000,"{""user_lock_acquisitions"": 4}",2026-08-12T06:36:34Z
exp2_scaling,montecarlo,no_lock,4,measured,15,130,0.200532,118465,392589,69.824677,"{""user_lock_acquisitions"": 0}",2026-08-12T06:36:34Z
exp2_scaling,montecarlo,imp_threadlocal,4,measured,24,131,0.030234,392589,392589,0.000000,"{""user_lock_acquisitions"": 0}",2026-08-12T06:36:34Z
exp2_scaling,montecarlo,fp_reduce,4,measured,17,132,0.029821,392589,392589,0.000000,"{""user_lock_acquisitions"": 0}",2026-08-12T06:36:34Z
exp2_scaling,montecarlo,no_lock,4,measured,4,133,0.197012,115685,392589,70.532796,"{""user_lock_acquisitions"": 0}",2026-08-12T06:36:34Z
exp2_scaling,montecarlo,fine_lock,4,measured,12,134,0.248285,392589,392589,0.000000,"{""user_lock_acquisitions"": 500000}",2026-08-12T06:36:34Z
exp2_scaling,montecarlo,imp_threadlocal,4,measured,27,135,0.029809,392589,392589,0.000000,"{""user_lock_acquisitions"": 0}",2026-08-12T06:36:34Z
exp2_scaling,montecarlo,no_lock,4,measured,26,136,0.197711,120731,392589,69.247483,"{""user_lock_acquisitions"": 0}",2026-08-12T06:36:35Z
exp2_scaling,montecarlo,fp_reduce,4,measured,29,137,0.029914,392589,392589,0.000000,"{""user_lock_acquisitions"": 0}",2026-08-12T06:36:35Z
exp2_scaling,montecarlo,fp_reduce,4,measured,23,138,0.029661,392589,392589,0.000000,"{""user_lock_acquisitions"": 0}",2026-08-12T06:36:35Z
exp2_scaling,montecarlo,imp_threadlocal,4,measured,17,139,0.030295,392589,392589,0.000000,"{""user_lock_acquisitions"": 0}",2026-08-12T06:36:35Z
exp2_scaling,montecarlo,coarse_lock,4,measured,26,140,0.030384,392589,392589,0.000000,"{""user_lock_acquisitions"": 4}",2026-08-12T06:36:35Z
exp2_scaling,montecarlo,coarse_lock,4,measured,28,141,0.029635,392589,392589,0.000000,"{""user_lock_acquisitions"": 4}",2026-08-12T06:36:35Z
exp2_scaling,montecarlo,fine_lock,4,measured,24,142,0.254292,392589,392589,0.000000,"{""user_lock_acquisitions"": 500000}",2026-08-12T06:36:35Z
exp2_scaling,montecarlo,coarse_lock,4,measured,14,143,0.030060,392589,392589,0.000000,"{""user_lock_acquisitions"": 4}",2026-08-12T06:36:35Z
exp2_scaling,montecarlo,imp_threadlocal,4,measured,16,144,0.030815,392589,392589,0.000000,"{""user_lock_acquisitions"": 0}",2026-08-12T06:36:35Z
exp2_scaling,montecarlo,coarse_lock,4,measured,29,145,0.030291,392589,392589,0.000000,"{""user_lock_acquisitions"": 4}",2026-08-12T06:36:35Z
exp2_scaling,montecarlo,fine_lock,4,measured,2,146,0.256930,392589,392589,0.000000,"{""user_lock_acquisitions"": 500000}",2026-08-12T06:36:35Z
exp2_scaling,montecarlo,no_lock,4,measured,2,147,0.209576,120692,392589,69.257417,"{""user_lock_acquisitions"": 0}",2026-08-12T06:36:36Z
exp2_scaling,montecarlo,no_lock,4,measured,23,148,0.200199,125919,392589,67.925999,"{""user_lock_acquisitions"": 0}",2026-08-12T06:36:36Z
exp2_scaling,montecarlo,fine_lock,4,measured,29,149,0.258968,392589,392589,0.000000,"{""user_lock_acquisitions"": 500000}",2026-08-12T06:36:36Z
exp2_scaling,montecarlo,fine_lock,4,measured,0,150,0.269376,392589,392589,0.000000,"{""user_lock_acquisitions"": 500000}",2026-08-12T06:36:36Z
exp2_scaling,montecarlo,coarse_lock,4,measured,20,151,0.029808,392589,392589,0.000000,"{""user_lock_acquisitions"": 4}",2026-08-12T06:36:36Z
exp2_scaling,montecarlo,fp_reduce,4,measured,11,152,0.030531,392589,392589,0.000000,"{""user_lock_acquisitions"": 0}",2026-08-12T06:36:36Z
exp2_scaling,montecarlo,imp_threadlocal,4,measured,2,153,0.029304,392589,392589,0.000000,"{""user_lock_acquisitions"": 0}",2026-08-12T06:36:36Z
exp2_scaling,montecarlo,coarse_lock,4,measured,8,154,0.029457,392589,392589,0.000000,"{""user_lock_acquisitions"": 4}",2026-08-12T06:36:36Z
exp2_scaling,montecarlo,fp_reduce,4,measured,3,155,0.029982,392589,392589,0.000000,"{""user_lock_acquisitions"": 0}",2026-08-12T06:36:37Z
exp2_scaling,montecarlo,coarse_lock,4,measured,5,156,0.029749,392589,392589,0.000000,"{""user_lock_acquisitions"": 4}",2026-08-12T06:36:37Z
exp2_scaling,montecarlo,coarse_lock,4,measured,27,157,0.030283,392589,392589,0.000000,"{""user_lock_acquisitions"": 4}",2026-08-12T06:36:37Z
exp2_scaling,montecarlo,coarse_lock,4,measured,1,158,0.029927,392589,392589,0.000000,"{""user_lock_acquisitions"": 4}",2026-08-12T06:36:37Z
exp2_scaling,montecarlo,imp_threadlocal,4,measured,8,159,0.029667,392589,392589,0.000000,"{""user_lock_acquisitions"": 0}",2026-08-12T06:36:37Z
exp2_scaling,montecarlo,coarse_lock,4,measured,13,160,0.032584,392589,392589,0.000000,"{""user_lock_acquisitions"": 4}",2026-08-12T06:36:37Z
exp2_scaling,montecarlo,no_lock,4,measured,16,161,0.200224,122835,392589,68.711553,"{""user_lock_acquisitions"": 0}",2026-08-12T06:36:37Z
exp2_scaling,montecarlo,fp_reduce,4,measured,19,162,0.030091,392589,392589,0.000000,"{""user_lock_acquisitions"": 0}",2026-08-12T06:36:37Z
exp2_scaling,montecarlo,fp_reduce,4,measured,14,163,0.029760,392589,392589,0.000000,"{""user_lock_acquisitions"": 0}",2026-08-12T06:36:37Z
exp2_scaling,montecarlo,no_lock,4,measured,19,164,0.199418,131469,392589,66.512307,"{""user_lock_acquisitions"": 0}",2026-08-12T06:36:37Z
exp2_scaling,montecarlo,coarse_lock,6,warmup,2,0,0.137078,392563,392563,0.000000,"{""user_lock_acquisitions"": 6}",2026-08-12T06:36:37Z
exp2_scaling,montecarlo,fine_lock,6,warmup,1,1,0.305827,392563,392563,0.000000,"{""user_lock_acquisitions"": 500000}",2026-08-12T06:36:38Z
exp2_scaling,montecarlo,fine_lock,6,warmup,2,2,0.311687,392563,392563,0.000000,"{""user_lock_acquisitions"": 500000}",2026-08-12T06:36:38Z
exp2_scaling,montecarlo,imp_threadlocal,6,warmup,0,3,0.020856,392563,392563,0.000000,"{""user_lock_acquisitions"": 0}",2026-08-12T06:36:38Z
exp2_scaling,montecarlo,coarse_lock,6,warmup,1,4,0.021027,392563,392563,0.000000,"{""user_lock_acquisitions"": 6}",2026-08-12T06:36:38Z
exp2_scaling,montecarlo,fp_reduce,6,warmup,2,5,0.020770,392563,392563,0.000000,"{""user_lock_acquisitions"": 0}",2026-08-12T06:36:38Z
exp2_scaling,montecarlo,no_lock,6,warmup,1,6,0.237920,95251,392563,75.736124,"{""user_lock_acquisitions"": 0}",2026-08-12T06:36:38Z
exp2_scaling,montecarlo,coarse_lock,6,warmup,0,7,0.021212,392563,392563,0.000000,"{""user_lock_acquisitions"": 6}",2026-08-12T06:36:38Z
exp2_scaling,montecarlo,fp_reduce,6,warmup,1,8,0.020370,392563,392563,0.000000,"{""user_lock_acquisitions"": 0}",2026-08-12T06:36:38Z
exp2_scaling,montecarlo,no_lock,6,warmup,0,9,0.257764,96425,392563,75.437064,"{""user_lock_acquisitions"": 0}",2026-08-12T06:36:38Z
exp2_scaling,montecarlo,no_lock,6,warmup,2,10,0.245869,98448,392563,74.921732,"{""user_lock_acquisitions"": 0}",2026-08-12T06:36:39Z
exp2_scaling,montecarlo,fp_reduce,6,warmup,0,11,0.022197,392563,392563,0.000000,"{""user_lock_acquisitions"": 0}",2026-08-12T06:36:39Z
exp2_scaling,montecarlo,imp_threadlocal,6,warmup,2,12,0.020486,392563,392563,0.000000,"{""user_lock_acquisitions"": 0}",2026-08-12T06:36:39Z
exp2_scaling,montecarlo,fine_lock,6,warmup,0,13,0.313153,392563,392563,0.000000,"{""user_lock_acquisitions"": 500000}",2026-08-12T06:36:39Z
exp2_scaling,montecarlo,imp_threadlocal,6,warmup,1,14,0.021317,392563,392563,0.000000,"{""user_lock_acquisitions"": 0}",2026-08-12T06:36:39Z
exp2_scaling,montecarlo,coarse_lock,6,measured,9,15,0.020637,392563,392563,0.000000,"{""user_lock_acquisitions"": 6}",2026-08-12T06:36:39Z
exp2_scaling,montecarlo,fine_lock,6,measured,8,16,0.317329,392563,392563,0.000000,"{""user_lock_acquisitions"": 500000}",2026-08-12T06:36:39Z
exp2_scaling,montecarlo,no_lock,6,measured,29,17,0.249044,97691,392563,75.114568,"{""user_lock_acquisitions"": 0}",2026-08-12T06:36:40Z
exp2_scaling,montecarlo,coarse_lock,6,measured,20,18,0.021257,392563,392563,0.000000,"{""user_lock_acquisitions"": 6}",2026-08-12T06:36:40Z
exp2_scaling,montecarlo,fp_reduce,6,measured,22,19,0.020326,392563,392563,0.000000,"{""user_lock_acquisitions"": 0}",2026-08-12T06:36:40Z
exp2_scaling,montecarlo,fp_reduce,6,measured,23,20,0.021387,392563,392563,0.000000,"{""user_lock_acquisitions"": 0}",2026-08-12T06:36:40Z
exp2_scaling,montecarlo,no_lock,6,measured,26,21,0.246892,103707,392563,73.582075,"{""user_lock_acquisitions"": 0}",2026-08-12T06:36:40Z
exp2_scaling,montecarlo,fp_reduce,6,measured,15,22,0.020859,392563,392563,0.000000,"{""user_lock_acquisitions"": 0}",2026-08-12T06:36:40Z
exp2_scaling,montecarlo,imp_threadlocal,6,measured,11,23,0.020523,392563,392563,0.000000,"{""user_lock_acquisitions"": 0}",2026-08-12T06:36:40Z
exp2_scaling,montecarlo,no_lock,6,measured,5,24,0.250498,99229,392563,74.722783,"{""user_lock_acquisitions"": 0}",2026-08-12T06:36:40Z
exp2_scaling,montecarlo,fine_lock,6,measured,0,25,0.316525,392563,392563,0.000000,"{""user_lock_acquisitions"": 500000}",2026-08-12T06:36:41Z
exp2_scaling,montecarlo,coarse_lock,6,measured,0,26,0.021457,392563,392563,0.000000,"{""user_lock_acquisitions"": 6}",2026-08-12T06:36:41Z
exp2_scaling,montecarlo,coarse_lock,6,measured,2,27,0.020889,392563,392563,0.000000,"{""user_lock_acquisitions"": 6}",2026-08-12T06:36:41Z
exp2_scaling,montecarlo,imp_threadlocal,6,measured,1,28,0.020723,392563,392563,0.000000,"{""user_lock_acquisitions"": 0}",2026-08-12T06:36:41Z
exp2_scaling,montecarlo,coarse_lock,6,measured,22,29,0.020817,392563,392563,0.000000,"{""user_lock_acquisitions"": 6}",2026-08-12T06:36:41Z
exp2_scaling,montecarlo,fp_reduce,6,measured,17,30,0.021048,392563,392563,0.000000,"{""user_lock_acquisitions"": 0}",2026-08-12T06:36:41Z
exp2_scaling,montecarlo,fp_reduce,6,measured,19,31,0.020959,392563,392563,0.000000,"{""user_lock_acquisitions"": 0}",2026-08-12T06:36:41Z
exp2_scaling,montecarlo,coarse_lock,6,measured,17,32,0.020907,392563,392563,0.000000,"{""user_lock_acquisitions"": 6}",2026-08-12T06:36:41Z
exp2_scaling,montecarlo,fp_reduce,6,measured,16,33,0.021066,392563,392563,0.000000,"{""user_lock_acquisitions"": 0}",2026-08-12T06:36:41Z
exp2_scaling,montecarlo,coarse_lock,6,measured,13,34,0.020738,392563,392563,0.000000,"{""user_lock_acquisitions"": 6}",2026-08-12T06:36:41Z
exp2_scaling,montecarlo,fp_reduce,6,measured,24,35,0.021288,392563,392563,0.000000,"{""user_lock_acquisitions"": 0}",2026-08-12T06:36:41Z
exp2_scaling,montecarlo,coarse_lock,6,measured,24,36,0.020596,392563,392563,0.000000,"{""user_lock_acquisitions"": 6}",2026-08-12T06:36:41Z
exp2_scaling,montecarlo,fine_lock,6,measured,20,37,0.326569,392563,392563,0.000000,"{""user_lock_acquisitions"": 500000}",2026-08-12T06:36:41Z
exp2_scaling,montecarlo,fp_reduce,6,measured,28,38,0.021731,392563,392563,0.000000,"{""user_lock_acquisitions"": 0}",2026-08-12T06:36:41Z
exp2_scaling,montecarlo,fine_lock,6,measured,1,39,0.312670,392563,392563,0.000000,"{""user_lock_acquisitions"": 500000}",2026-08-12T06:36:41Z
exp2_scaling,montecarlo,coarse_lock,6,measured,1,40,0.021155,392563,392563,0.000000,"{""user_lock_acquisitions"": 6}",2026-08-12T06:36:42Z
exp2_scaling,montecarlo,coarse_lock,6,measured,19,41,0.021083,392563,392563,0.000000,"{""user_lock_acquisitions"": 6}",2026-08-12T06:36:42Z
exp2_scaling,montecarlo,coarse_lock,6,measured,8,42,0.020913,392563,392563,0.000000,"{""user_lock_acquisitions"": 6}",2026-08-12T06:36:42Z
exp2_scaling,montecarlo,imp_threadlocal,6,measured,26,43,0.020671,392563,392563,0.000000,"{""user_lock_acquisitions"": 0}",2026-08-12T06:36:42Z
exp2_scaling,montecarlo,coarse_lock,6,measured,26,44,0.020286,392563,392563,0.000000,"{""user_lock_acquisitions"": 6}",2026-08-12T06:36:42Z
exp2_scaling,montecarlo,fp_reduce,6,measured,29,45,0.020981,392563,392563,0.000000,"{""user_lock_acquisitions"": 0}",2026-08-12T06:36:42Z
exp2_scaling,montecarlo,imp_threadlocal,6,measured,18,46,0.020295,392563,392563,0.000000,"{""user_lock_acquisitions"": 0}",2026-08-12T06:36:42Z
exp2_scaling,montecarlo,fp_reduce,6,measured,26,47,0.020842,392563,392563,0.000000,"{""user_lock_acquisitions"": 0}",2026-08-12T06:36:42Z
exp2_scaling,montecarlo,imp_threadlocal,6,measured,20,48,0.020878,392563,392563,0.000000,"{""user_lock_acquisitions"": 0}",2026-08-12T06:36:42Z
exp2_scaling,montecarlo,coarse_lock,6,measured,28,49,0.020738,392563,392563,0.000000,"{""user_lock_acquisitions"": 6}",2026-08-12T06:36:42Z
exp2_scaling,montecarlo,no_lock,6,measured,4,50,0.235054,95196,392563,75.750134,"{""user_lock_acquisitions"": 0}",2026-08-12T06:36:42Z
exp2_scaling,montecarlo,imp_threadlocal,6,measured,4,51,0.020498,392563,392563,0.000000,"{""user_lock_acquisitions"": 0}",2026-08-12T06:36:42Z
exp2_scaling,montecarlo,coarse_lock,6,measured,29,52,0.021050,392563,392563,0.000000,"{""user_lock_acquisitions"": 6}",2026-08-12T06:36:42Z
exp2_scaling,montecarlo,no_lock,6,measured,12,53,0.247763,93091,392563,76.286354,"{""user_lock_acquisitions"": 0}",2026-08-12T06:36:42Z
exp2_scaling,montecarlo,fp_reduce,6,measured,10,54,0.021313,392563,392563,0.000000,"{""user_lock_acquisitions"": 0}",2026-08-12T06:36:42Z
exp2_scaling,montecarlo,fp_reduce,6,measured,4,55,0.021199,392563,392563,0.000000,"{""user_lock_acquisitions"": 0}",2026-08-12T06:36:42Z
exp2_scaling,montecarlo,imp_threadlocal,6,measured,3,56,0.020887,392563,392563,0.000000,"{""user_lock_acquisitions"": 0}",2026-08-12T06:36:42Z
exp2_scaling,montecarlo,fine_lock,6,measured,16,57,0.308353,392563,392563,0.000000,"{""user_lock_acquisitions"": 500000}",2026-08-12T06:36:43Z
exp2_scaling,montecarlo,imp_threadlocal,6,measured,14,58,0.020918,392563,392563,0.000000,"{""user_lock_acquisitions"": 0}",2026-08-12T06:36:43Z
exp2_scaling,montecarlo,fp_reduce,6,measured,7,59,0.020855,392563,392563,0.000000,"{""user_lock_acquisitions"": 0}",2026-08-12T06:36:43Z
exp2_scaling,montecarlo,fp_reduce,6,measured,0,60,0.020787,392563,392563,0.000000,"{""user_lock_acquisitions"": 0}",2026-08-12T06:36:43Z
exp2_scaling,montecarlo,fp_reduce,6,measured,8,61,0.021229,392563,392563,0.000000,"{""user_lock_acquisitions"": 0}",2026-08-12T06:36:43Z
exp2_scaling,montecarlo,imp_threadlocal,6,measured,0,62,0.020567,392563,392563,0.000000,"{""user_lock_acquisitions"": 0}",2026-08-12T06:36:43Z
exp2_scaling,montecarlo,imp_threadlocal,6,measured,13,63,0.020686,392563,392563,0.000000,"{""user_lock_acquisitions"": 0}",2026-08-12T06:36:43Z
exp2_scaling,montecarlo,no_lock,6,measured,8,64,0.238606,96167,392563,75.502786,"{""user_lock_acquisitions"": 0}",2026-08-12T06:36:43Z
exp2_scaling,montecarlo,imp_threadlocal,6,measured,7,65,0.021133,392563,392563,0.000000,"{""user_lock_acquisitions"": 0}",2026-08-12T06:36:43Z
exp2_scaling,montecarlo,imp_threadlocal,6,measured,28,66,0.021357,392563,392563,0.000000,"{""user_lock_acquisitions"": 0}",2026-08-12T06:36:43Z
exp2_scaling,montecarlo,no_lock,6,measured,24,67,0.244890,95877,392563,75.576659,"{""user_lock_acquisitions"": 0}",2026-08-12T06:36:43Z
exp2_scaling,montecarlo,fine_lock,6,measured,6,68,0.314272,392563,392563,0.000000,"{""user_lock_acquisitions"": 500000}",2026-08-12T06:36:44Z
exp2_scaling,montecarlo,imp_threadlocal,6,measured,12,69,0.021008,392563,392563,0.000000,"{""user_lock_acquisitions"": 0}",2026-08-12T06:36:44Z
exp2_scaling,montecarlo,fine_lock,6,measured,27,70,0.312947,392563,392563,0.000000,"{""user_lock_acquisitions"": 500000}",2026-08-12T06:36:44Z
exp2_scaling,montecarlo,imp_threadlocal,6,measured,24,71,0.020992,392563,392563,0.000000,"{""user_lock_acquisitions"": 0}",2026-08-12T06:36:44Z
exp2_scaling,montecarlo,fine_lock,6,measured,5,72,0.301889,392563,392563,0.000000,"{""user_lock_acquisitions"": 500000}",2026-08-12T06:36:44Z
exp2_scaling,montecarlo,no_lock,6,measured,14,73,0.262058,96154,392563,75.506097,"{""user_lock_acquisitions"": 0}",2026-08-12T06:36:44Z
exp2_scaling,montecarlo,imp_threadlocal,6,measured,9,74,0.020814,392563,392563,0.000000,"{""user_lock_acquisitions"": 0}",2026-08-12T06:36:45Z
exp2_scaling,montecarlo,coarse_lock,6,measured,7,75,0.020504,392563,392563,0.000000,"{""user_lock_acquisitions"": 6}",2026-08-12T06:36:45Z
exp2_scaling,montecarlo,coarse_lock,6,measured,14,76,0.020969,392563,392563,0.000000,"{""user_lock_acquisitions"": 6}",2026-08-12T06:36:45Z
exp2_scaling,montecarlo,imp_threadlocal,6,measured,15,77,0.021447,392563,392563,0.000000,"{""user_lock_acquisitions"": 0}",2026-08-12T06:36:45Z
exp2_scaling,montecarlo,fine_lock,6,measured,13,78,0.306021,392563,392563,0.000000,"{""user_lock_acquisitions"": 500000}",2026-08-12T06:36:45Z
exp2_scaling,montecarlo,fine_lock,6,measured,22,79,0.303413,392563,392563,0.000000,"{""user_lock_acquisitions"": 500000}",2026-08-12T06:36:45Z
exp2_scaling,montecarlo,coarse_lock,6,measured,25,80,0.021293,392563,392563,0.000000,"{""user_lock_acquisitions"": 6}",2026-08-12T06:36:45Z
exp2_scaling,montecarlo,fine_lock,6,measured,15,81,0.304055,392563,392563,0.000000,"{""user_lock_acquisitions"": 500000}",2026-08-12T06:36:46Z
exp2_scaling,montecarlo,no_lock,6,measured,9,82,0.235275,94216,392563,75.999776,"{""user_lock_acquisitions"": 0}",2026-08-12T06:36:46Z
exp2_scaling,montecarlo,fine_lock,6,measured,14,83,0.310679,392563,392563,0.000000,"{""user_lock_acquisitions"": 500000}",2026-08-12T06:36:46Z
exp2_scaling,montecarlo,imp_threadlocal,6,measured,17,84,0.020879,392563,392563,0.000000,"{""user_lock_acquisitions"": 0}",2026-08-12T06:36:46Z
exp2_scaling,montecarlo,fine_lock,6,measured,29,85,0.312582,392563,392563,0.000000,"{""user_lock_acquisitions"": 500000}",2026-08-12T06:36:46Z
exp2_scaling,montecarlo,imp_threadlocal,6,measured,2,86,0.020952,392563,392563,0.000000,"{""user_lock_acquisitions"": 0}",2026-08-12T06:36:46Z
exp2_scaling,montecarlo,fine_lock,6,measured,7,87,0.301459,392563,392563,0.000000,"{""user_lock_acquisitions"": 500000}",2026-08-12T06:36:47Z
exp2_scaling,montecarlo,no_lock,6,measured,19,88,0.239368,94473,392563,75.934309,"{""user_lock_acquisitions"": 0}",2026-08-12T06:36:47Z
exp2_scaling,montecarlo,fine_lock,6,measured,10,89,0.292024,392563,392563,0.000000,"{""user_lock_acquisitions"": 500000}",2026-08-12T06:36:47Z
exp2_scaling,montecarlo,fp_reduce,6,measured,27,90,0.021099,392563,392563,0.000000,"{""user_lock_acquisitions"": 0}",2026-08-12T06:36:47Z
exp2_scaling,montecarlo,no_lock,6,measured,17,91,0.229078,93618,392563,76.152108,"{""user_lock_acquisitions"": 0}",2026-08-12T06:36:47Z
exp2_scaling,montecarlo,no_lock,6,measured,2,92,0.233041,92794,392563,76.362011,"{""user_lock_acquisitions"": 0}",2026-08-12T06:36:48Z
exp2_scaling,montecarlo,coarse_lock,6,measured,6,93,0.020755,392563,392563,0.000000,"{""user_lock_acquisitions"": 6}",2026-08-12T06:36:48Z
exp2_scaling,montecarlo,fine_lock,6,measured,12,94,0.316535,392563,392563,0.000000,"{""user_lock_acquisitions"": 500000}",2026-08-12T06:36:48Z
exp2_scaling,montecarlo,imp_threadlocal,6,measured,21,95,0.021100,392563,392563,0.000000,"{""user_lock_acquisitions"": 0}",2026-08-12T06:36:48Z
exp2_scaling,montecarlo,fine_lock,6,measured,28,96,0.315507,392563,392563,0.000000,"{""user_lock_acquisitions"": 500000}",2026-08-12T06:36:48Z
exp2_scaling,montecarlo,coarse_lock,6,measured,12,97,0.021005,392563,392563,0.000000,"{""user_lock_acquisitions"": 6}",2026-08-12T06:36:48Z
exp2_scaling,montecarlo,fp_reduce,6,measured,13,98,0.021307,392563,392563,0.000000,"{""user_lock_acquisitions"": 0}",2026-08-12T06:36:48Z
exp2_scaling,montecarlo,coarse_lock,6,measured,27,99,0.020923,392563,392563,0.000000,"{""user_lock_acquisitions"": 6}",2026-08-12T06:36:48Z
exp2_scaling,montecarlo,coarse_lock,6,measured,16,100,0.020716,392563,392563,0.000000,"{""user_lock_acquisitions"": 6}",2026-08-12T06:36:48Z
exp2_scaling,montecarlo,coarse_lock,6,measured,11,101,0.020822,392563,392563,0.000000,"{""user_lock_acquisitions"": 6}",2026-08-12T06:36:49Z
exp2_scaling,montecarlo,no_lock,6,measured,28,102,0.225008,92450,392563,76.449640,"{""user_lock_acquisitions"": 0}",2026-08-12T06:36:49Z
exp2_scaling,montecarlo,no_lock,6,measured,16,103,0.234501,94850,392563,75.838273,"{""user_lock_acquisitions"": 0}",2026-08-12T06:36:49Z
exp2_scaling,montecarlo,fine_lock,6,measured,24,104,0.294535,392563,392563,0.000000,"{""user_lock_acquisitions"": 500000}",2026-08-12T06:36:49Z
exp2_scaling,montecarlo,no_lock,6,measured,22,105,0.234571,93506,392563,76.180639,"{""user_lock_acquisitions"": 0}",2026-08-12T06:36:49Z
exp2_scaling,montecarlo,no_lock,6,measured,7,106,0.239853,98952,392563,74.793345,"{""user_lock_acquisitions"": 0}",2026-08-12T06:36:50Z
exp2_scaling,montecarlo,coarse_lock,6,measured,4,107,0.022104,392563,392563,0.000000,"{""user_lock_acquisitions"": 6}",2026-08-12T06:36:50Z
exp2_scaling,montecarlo,fp_reduce,6,measured,2,108,0.020357,392563,392563,0.000000,"{""user_lock_acquisitions"": 0}",2026-08-12T06:36:50Z
exp2_scaling,montecarlo,no_lock,6,measured,10,109,0.240931,95727,392563,75.614869,"{""user_lock_acquisitions"": 0}",2026-08-12T06:36:50Z
exp2_scaling,montecarlo,no_lock,6,measured,13,110,0.243740,97110,392563,75.262569,"{""user_lock_acquisitions"": 0}",2026-08-12T06:36:50Z
exp2_scaling,montecarlo,fine_lock,6,measured,2,111,0.315240,392563,392563,0.000000,"{""user_lock_acquisitions"": 500000}",2026-08-12T06:36:51Z
exp2_scaling,montecarlo,no_lock,6,measured,0,112,0.248488,95303,392563,75.722878,"{""user_lock_acquisitions"": 0}",2026-08-12T06:36:51Z
exp2_scaling,montecarlo,fp_reduce,6,measured,3,113,0.020916,392563,392563,0.000000,"{""user_lock_acquisitions"": 0}",2026-08-12T06:36:51Z
exp2_scaling,montecarlo,coarse_lock,6,measured,21,114,0.020856,392563,392563,0.000000,"{""user_lock_acquisitions"": 6}",2026-08-12T06:36:51Z
exp2_scaling,montecarlo,fine_lock,6,measured,11,115,0.306399,392563,392563,0.000000,"{""user_lock_acquisitions"": 500000}",2026-08-12T06:36:51Z
exp2_scaling,montecarlo,fine_lock,6,measured,23,116,0.321848,392563,392563,0.000000,"{""user_lock_acquisitions"": 500000}",2026-08-12T06:36:52Z
exp2_scaling,montecarlo,imp_threadlocal,6,measured,10,117,0.020781,392563,392563,0.000000,"{""user_lock_acquisitions"": 0}",2026-08-12T06:36:52Z
exp2_scaling,montecarlo,imp_threadlocal,6,measured,16,118,0.021169,392563,392563,0.000000,"{""user_lock_acquisitions"": 0}",2026-08-12T06:36:52Z
exp2_scaling,montecarlo,no_lock,6,measured,20,119,0.253827,94870,392563,75.833178,"{""user_lock_acquisitions"": 0}",2026-08-12T06:36:52Z
exp2_scaling,montecarlo,imp_threadlocal,6,measured,25,120,0.021150,392563,392563,0.000000,"{""user_lock_acquisitions"": 0}",2026-08-12T06:36:52Z
exp2_scaling,montecarlo,no_lock,6,measured,27,121,0.230446,94973,392563,75.806941,"{""user_lock_acquisitions"": 0}",2026-08-12T06:36:52Z
exp2_scaling,montecarlo,no_lock,6,measured,1,122,0.230724,92806,392563,76.358954,"{""user_lock_acquisitions"": 0}",2026-08-12T06:36:52Z
exp2_scaling,montecarlo,fine_lock,6,measured,4,123,0.296898,392563,392563,0.000000,"{""user_lock_acquisitions"": 500000}",2026-08-12T06:36:53Z
exp2_scaling,montecarlo,fp_reduce,6,measured,6,124,0.020966,392563,392563,0.000000,"{""user_lock_acquisitions"": 0}",2026-08-12T06:36:53Z
exp2_scaling,montecarlo,fp_reduce,6,measured,20,125,0.021445,392563,392563,0.000000,"{""user_lock_acquisitions"": 0}",2026-08-12T06:36:53Z
exp2_scaling,montecarlo,coarse_lock,6,measured,15,126,0.020935,392563,392563,0.000000,"{""user_lock_acquisitions"": 6}",2026-08-12T06:36:53Z
exp2_scaling,montecarlo,no_lock,6,measured,3,127,0.244838,100241,392563,74.464990,"{""user_lock_acquisitions"": 0}",2026-08-12T06:36:53Z
exp2_scaling,montecarlo,imp_threadlocal,6,measured,22,128,0.022107,392563,392563,0.000000,"{""user_lock_acquisitions"": 0}",2026-08-12T06:36:53Z
exp2_scaling,montecarlo,imp_threadlocal,6,measured,5,129,0.021830,392563,392563,0.000000,"{""user_lock_acquisitions"": 0}",2026-08-12T06:36:53Z
exp2_scaling,montecarlo,no_lock,6,measured,18,130,0.250623,96886,392563,75.319630,"{""user_lock_acquisitions"": 0}",2026-08-12T06:36:53Z
exp2_scaling,montecarlo,fine_lock,6,measured,9,131,0.314030,392563,392563,0.000000,"{""user_lock_acquisitions"": 500000}",2026-08-12T06:36:53Z
exp2_scaling,montecarlo,imp_threadlocal,6,measured,19,132,0.021059,392563,392563,0.000000,"{""user_lock_acquisitions"": 0}",2026-08-12T06:36:54Z
exp2_scaling,montecarlo,coarse_lock,6,measured,18,133,0.021743,392563,392563,0.000000,"{""user_lock_acquisitions"": 6}",2026-08-12T06:36:54Z
exp2_scaling,montecarlo,fine_lock,6,measured,18,134,0.322194,392563,392563,0.000000,"{""user_lock_acquisitions"": 500000}",2026-08-12T06:36:54Z
exp2_scaling,montecarlo,fine_lock,6,measured,3,135,0.323112,392563,392563,0.000000,"{""user_lock_acquisitions"": 500000}",2026-08-12T06:36:54Z
exp2_scaling,montecarlo,fp_reduce,6,measured,14,136,0.021210,392563,392563,0.000000,"{""user_lock_acquisitions"": 0}",2026-08-12T06:36:54Z
exp2_scaling,montecarlo,imp_threadlocal,6,measured,6,137,0.020803,392563,392563,0.000000,"{""user_lock_acquisitions"": 0}",2026-08-12T06:36:54Z
exp2_scaling,montecarlo,fp_reduce,6,measured,11,138,0.021070,392563,392563,0.000000,"{""user_lock_acquisitions"": 0}",2026-08-12T06:36:54Z
exp2_scaling,montecarlo,fine_lock,6,measured,17,139,0.334629,392563,392563,0.000000,"{""user_lock_acquisitions"": 500000}",2026-08-12T06:36:55Z
exp2_scaling,montecarlo,no_lock,6,measured,6,140,0.251356,94141,392563,76.018881,"{""user_lock_acquisitions"": 0}",2026-08-12T06:36:55Z
exp2_scaling,montecarlo,fp_reduce,6,measured,9,141,0.021174,392563,392563,0.000000,"{""user_lock_acquisitions"": 0}",2026-08-12T06:36:55Z
exp2_scaling,montecarlo,no_lock,6,measured,25,142,0.267756,93919,392563,76.075432,"{""user_lock_acquisitions"": 0}",2026-08-12T06:36:55Z
exp2_scaling,montecarlo,fp_reduce,6,measured,12,143,0.020884,392563,392563,0.000000,"{""user_lock_acquisitions"": 0}",2026-08-12T06:36:55Z
exp2_scaling,montecarlo,fp_reduce,6,measured,21,144,0.021068,392563,392563,0.000000,"{""user_lock_acquisitions"": 0}",2026-08-12T06:36:55Z
exp2_scaling,montecarlo,coarse_lock,6,measured,10,145,0.020673,392563,392563,0.000000,"{""user_lock_acquisitions"": 6}",2026-08-12T06:36:55Z
exp2_scaling,montecarlo,imp_threadlocal,6,measured,29,146,0.020701,392563,392563,0.000000,"{""user_lock_acquisitions"": 0}",2026-08-12T06:36:55Z
exp2_scaling,montecarlo,fine_lock,6,measured,19,147,0.313671,392563,392563,0.000000,"{""user_lock_acquisitions"": 500000}",2026-08-12T06:36:56Z
exp2_scaling,montecarlo,fp_reduce,6,measured,1,148,0.021471,392563,392563,0.000000,"{""user_lock_acquisitions"": 0}",2026-08-12T06:36:56Z
exp2_scaling,montecarlo,fp_reduce,6,measured,5,149,0.020900,392563,392563,0.000000,"{""user_lock_acquisitions"": 0}",2026-08-12T06:36:56Z
exp2_scaling,montecarlo,no_lock,6,measured,23,150,0.267586,97662,392563,75.121955,"{""user_lock_acquisitions"": 0}",2026-08-12T06:36:56Z
exp2_scaling,montecarlo,no_lock,6,measured,11,151,0.258840,97125,392563,75.258748,"{""user_lock_acquisitions"": 0}",2026-08-12T06:36:56Z
exp2_scaling,montecarlo,imp_threadlocal,6,measured,23,152,0.021506,392563,392563,0.000000,"{""user_lock_acquisitions"": 0}",2026-08-12T06:36:56Z
exp2_scaling,montecarlo,imp_threadlocal,6,measured,8,153,0.020349,392563,392563,0.000000,"{""user_lock_acquisitions"": 0}",2026-08-12T06:36:56Z
exp2_scaling,montecarlo,fine_lock,6,measured,26,154,0.320507,392563,392563,0.000000,"{""user_lock_acquisitions"": 500000}",2026-08-12T06:36:56Z
exp2_scaling,montecarlo,no_lock,6,measured,21,155,0.264008,98749,392563,74.845057,"{""user_lock_acquisitions"": 0}",2026-08-12T06:36:57Z
exp2_scaling,montecarlo,coarse_lock,6,measured,23,156,0.021179,392563,392563,0.000000,"{""user_lock_acquisitions"": 6}",2026-08-12T06:36:57Z
exp2_scaling,montecarlo,coarse_lock,6,measured,3,157,0.020576,392563,392563,0.000000,"{""user_lock_acquisitions"": 6}",2026-08-12T06:36:57Z
exp2_scaling,montecarlo,coarse_lock,6,measured,5,158,0.020781,392563,392563,0.000000,"{""user_lock_acquisitions"": 6}",2026-08-12T06:36:57Z
exp2_scaling,montecarlo,imp_threadlocal,6,measured,27,159,0.020602,392563,392563,0.000000,"{""user_lock_acquisitions"": 0}",2026-08-12T06:36:57Z
exp2_scaling,montecarlo,fine_lock,6,measured,25,160,0.304893,392563,392563,0.000000,"{""user_lock_acquisitions"": 500000}",2026-08-12T06:36:57Z
exp2_scaling,montecarlo,fp_reduce,6,measured,18,161,0.021018,392563,392563,0.000000,"{""user_lock_acquisitions"": 0}",2026-08-12T06:36:57Z
exp2_scaling,montecarlo,no_lock,6,measured,15,162,0.252397,103015,392563,73.758352,"{""user_lock_acquisitions"": 0}",2026-08-12T06:36:57Z
exp2_scaling,montecarlo,fp_reduce,6,measured,25,163,0.020832,392563,392563,0.000000,"{""user_lock_acquisitions"": 0}",2026-08-12T06:36:57Z
exp2_scaling,montecarlo,fine_lock,6,measured,21,164,0.318493,392563,392563,0.000000,"{""user_lock_acquisitions"": 500000}",2026-08-12T06:36:58Z
exp2_scaling,montecarlo,fp_reduce,8,warmup,2,0,0.133962,392576,392576,0.000000,"{""user_lock_acquisitions"": 0}",2026-08-12T06:36:58Z
exp2_scaling,montecarlo,coarse_lock,8,warmup,0,1,0.018800,392576,392576,0.000000,"{""user_lock_acquisitions"": 8}",2026-08-12T06:36:58Z
exp2_scaling,montecarlo,imp_threadlocal,8,warmup,1,2,0.017397,392576,392576,0.000000,"{""user_lock_acquisitions"": 0}",2026-08-12T06:36:58Z
exp2_scaling,montecarlo,coarse_lock,8,warmup,1,3,0.016936,392576,392576,0.000000,"{""user_lock_acquisitions"": 8}",2026-08-12T06:36:58Z
exp2_scaling,montecarlo,fine_lock,8,warmup,1,4,0.379737,392576,392576,0.000000,"{""user_lock_acquisitions"": 500000}",2026-08-12T06:36:58Z
exp2_scaling,montecarlo,no_lock,8,warmup,0,5,0.301016,85880,392576,78.123981,"{""user_lock_acquisitions"": 0}",2026-08-12T06:36:59Z
exp2_scaling,montecarlo,fine_lock,8,warmup,2,6,0.375707,392576,392576,0.000000,"{""user_lock_acquisitions"": 500000}",2026-08-12T06:36:59Z
exp2_scaling,montecarlo,coarse_lock,8,warmup,2,7,0.016913,392576,392576,0.000000,"{""user_lock_acquisitions"": 8}",2026-08-12T06:36:59Z
exp2_scaling,montecarlo,fp_reduce,8,warmup,0,8,0.016825,392576,392576,0.000000,"{""user_lock_acquisitions"": 0}",2026-08-12T06:36:59Z
exp2_scaling,montecarlo,fine_lock,8,warmup,0,9,0.406246,392576,392576,0.000000,"{""user_lock_acquisitions"": 500000}",2026-08-12T06:36:59Z
exp2_scaling,montecarlo,imp_threadlocal,8,warmup,2,10,0.016549,392576,392576,0.000000,"{""user_lock_acquisitions"": 0}",2026-08-12T06:36:59Z
exp2_scaling,montecarlo,no_lock,8,warmup,2,11,0.334350,84391,392576,78.503271,"{""user_lock_acquisitions"": 0}",2026-08-12T06:37:00Z
exp2_scaling,montecarlo,fp_reduce,8,warmup,1,12,0.017238,392576,392576,0.000000,"{""user_lock_acquisitions"": 0}",2026-08-12T06:37:00Z
exp2_scaling,montecarlo,imp_threadlocal,8,warmup,0,13,0.017203,392576,392576,0.000000,"{""user_lock_acquisitions"": 0}",2026-08-12T06:37:00Z
exp2_scaling,montecarlo,no_lock,8,warmup,1,14,0.312429,86154,392576,78.054186,"{""user_lock_acquisitions"": 0}",2026-08-12T06:37:00Z
exp2_scaling,montecarlo,imp_threadlocal,8,measured,2,15,0.017403,392576,392576,0.000000,"{""user_lock_acquisitions"": 0}",2026-08-12T06:37:00Z
exp2_scaling,montecarlo,imp_threadlocal,8,measured,16,16,0.018028,392576,392576,0.000000,"{""user_lock_acquisitions"": 0}",2026-08-12T06:37:00Z
exp2_scaling,montecarlo,fine_lock,8,measured,7,17,0.390751,392576,392576,0.000000,"{""user_lock_acquisitions"": 500000}",2026-08-12T06:37:01Z
exp2_scaling,montecarlo,fine_lock,8,measured,28,18,0.383492,392576,392576,0.000000,"{""user_lock_acquisitions"": 500000}",2026-08-12T06:37:01Z
exp2_scaling,montecarlo,no_lock,8,measured,16,19,0.327170,83341,392576,78.770735,"{""user_lock_acquisitions"": 0}",2026-08-12T06:37:01Z
exp2_scaling,montecarlo,no_lock,8,measured,18,20,0.343657,85187,392576,78.300507,"{""user_lock_acquisitions"": 0}",2026-08-12T06:37:02Z
exp2_scaling,montecarlo,no_lock,8,measured,19,21,0.321200,82820,392576,78.903448,"{""user_lock_acquisitions"": 0}",2026-08-12T06:37:02Z
exp2_scaling,montecarlo,fp_reduce,8,measured,9,22,0.017199,392576,392576,0.000000,"{""user_lock_acquisitions"": 0}",2026-08-12T06:37:02Z
exp2_scaling,montecarlo,fine_lock,8,measured,25,23,0.381548,392576,392576,0.000000,"{""user_lock_acquisitions"": 500000}",2026-08-12T06:37:02Z
exp2_scaling,montecarlo,imp_threadlocal,8,measured,0,24,0.017146,392576,392576,0.000000,"{""user_lock_acquisitions"": 0}",2026-08-12T06:37:02Z
exp2_scaling,montecarlo,no_lock,8,measured,14,25,0.331821,85665,392576,78.178748,"{""user_lock_acquisitions"": 0}",2026-08-12T06:37:03Z
exp2_scaling,montecarlo,fine_lock,8,measured,27,26,0.399145,392576,392576,0.000000,"{""user_lock_acquisitions"": 500000}",2026-08-12T06:37:03Z
exp2_scaling,montecarlo,fine_lock,8,measured,22,27,0.375654,392576,392576,0.000000,"{""user_lock_acquisitions"": 500000}",2026-08-12T06:37:03Z
exp2_scaling,montecarlo,fine_lock,8,measured,19,28,0.386906,392576,392576,0.000000,"{""user_lock_acquisitions"": 500000}",2026-08-12T06:37:04Z
exp2_scaling,montecarlo,imp_threadlocal,8,measured,26,29,0.016932,392576,392576,0.000000,"{""user_lock_acquisitions"": 0}",2026-08-12T06:37:04Z
exp2_scaling,montecarlo,fp_reduce,8,measured,2,30,0.016447,392576,392576,0.000000,"{""user_lock_acquisitions"": 0}",2026-08-12T06:37:04Z
exp2_scaling,montecarlo,coarse_lock,8,measured,20,31,0.017283,392576,392576,0.000000,"{""user_lock_acquisitions"": 8}",2026-08-12T06:37:04Z
exp2_scaling,montecarlo,imp_threadlocal,8,measured,25,32,0.016971,392576,392576,0.000000,"{""user_lock_acquisitions"": 0}",2026-08-12T06:37:04Z
exp2_scaling,montecarlo,imp_threadlocal,8,measured,19,33,0.016538,392576,392576,0.000000,"{""user_lock_acquisitions"": 0}",2026-08-12T06:37:04Z
exp2_scaling,montecarlo,fine_lock,8,measured,18,34,0.394451,392576,392576,0.000000,"{""user_lock_acquisitions"": 500000}",2026-08-12T06:37:04Z
exp2_scaling,montecarlo,no_lock,8,measured,10,35,0.319990,84342,392576,78.515752,"{""user_lock_acquisitions"": 0}",2026-08-12T06:37:05Z
exp2_scaling,montecarlo,imp_threadlocal,8,measured,5,36,0.016649,392576,392576,0.000000,"{""user_lock_acquisitions"": 0}",2026-08-12T06:37:05Z
exp2_scaling,montecarlo,fine_lock,8,measured,9,37,0.383304,392576,392576,0.000000,"{""user_lock_acquisitions"": 500000}",2026-08-12T06:37:05Z
exp2_scaling,montecarlo,coarse_lock,8,measured,29,38,0.018094,392576,392576,0.000000,"{""user_lock_acquisitions"": 8}",2026-08-12T06:37:05Z
exp2_scaling,montecarlo,fp_reduce,8,measured,13,39,0.017057,392576,392576,0.000000,"{""user_lock_acquisitions"": 0}",2026-08-12T06:37:05Z
exp2_scaling,montecarlo,no_lock,8,measured,0,40,0.295164,85314,392576,78.268157,"{""user_lock_acquisitions"": 0}",2026-08-12T06:37:05Z
exp2_scaling,montecarlo,coarse_lock,8,measured,1,41,0.017159,392576,392576,0.000000,"{""user_lock_acquisitions"": 8}",2026-08-12T06:37:05Z
exp2_scaling,montecarlo,coarse_lock,8,measured,17,42,0.016167,392576,392576,0.000000,"{""user_lock_acquisitions"": 8}",2026-08-12T06:37:05Z
exp2_scaling,montecarlo,no_lock,8,measured,8,43,0.296679,83541,392576,78.719789,"{""user_lock_acquisitions"": 0}",2026-08-12T06:37:06Z
exp2_scaling,montecarlo,no_lock,8,measured,20,44,0.292325,87857,392576,77.620384,"{""user_lock_acquisitions"": 0}",2026-08-12T06:37:06Z
exp2_scaling,montecarlo,fine_lock,8,measured,1,45,0.387623,392576,392576,0.000000,"{""user_lock_acquisitions"": 500000}",2026-08-12T06:37:06Z
exp2_scaling,montecarlo,fp_reduce,8,measured,23,46,0.017001,392576,392576,0.000000,"{""user_lock_acquisitions"": 0}",2026-08-12T06:37:06Z
exp2_scaling,montecarlo,fine_lock,8,measured,8,47,0.394527,392576,392576,0.000000,"{""user_lock_acquisitions"": 500000}",2026-08-12T06:37:07Z
exp2_scaling,montecarlo,no_lock,8,measured,29,48,0.316661,87162,392576,77.797420,"{""user_lock_acquisitions"": 0}",2026-08-12T06:37:07Z
exp2_scaling,montecarlo,imp_threadlocal,8,measured,13,49,0.016567,392576,392576,0.000000,"{""user_lock_acquisitions"": 0}",2026-08-12T06:37:07Z
exp2_scaling,montecarlo,fine_lock,8,measured,26,50,0.367898,392576,392576,0.000000,"{""user_lock_acquisitions"": 500000}",2026-08-12T06:37:07Z
exp2_scaling,montecarlo,imp_threadlocal,8,measured,11,51,0.016715,392576,392576,0.000000,"{""user_lock_acquisitions"": 0}",2026-08-12T06:37:07Z
exp2_scaling,montecarlo,fp_reduce,8,measured,6,52,0.016468,392576,392576,0.000000,"{""user_lock_acquisitions"": 0}",2026-08-12T06:37:08Z
exp2_scaling,montecarlo,fp_reduce,8,measured,29,53,0.016406,392576,392576,0.000000,"{""user_lock_acquisitions"": 0}",2026-08-12T06:37:08Z
exp2_scaling,montecarlo,fine_lock,8,measured,5,54,0.372387,392576,392576,0.000000,"{""user_lock_acquisitions"": 500000}",2026-08-12T06:37:08Z
exp2_scaling,montecarlo,imp_threadlocal,8,measured,28,55,0.017124,392576,392576,0.000000,"{""user_lock_acquisitions"": 0}",2026-08-12T06:37:08Z
exp2_scaling,montecarlo,imp_threadlocal,8,measured,15,56,0.016990,392576,392576,0.000000,"{""user_lock_acquisitions"": 0}",2026-08-12T06:37:08Z
exp2_scaling,montecarlo,fine_lock,8,measured,17,57,0.398885,392576,392576,0.000000,"{""user_lock_acquisitions"": 500000}",2026-08-12T06:37:08Z
exp2_scaling,montecarlo,fine_lock,8,measured,29,58,0.381160,392576,392576,0.000000,"{""user_lock_acquisitions"": 500000}",2026-08-12T06:37:09Z
exp2_scaling,montecarlo,imp_threadlocal,8,measured,1,59,0.017110,392576,392576,0.000000,"{""user_lock_acquisitions"": 0}",2026-08-12T06:37:09Z
exp2_scaling,montecarlo,coarse_lock,8,measured,13,60,0.016480,392576,392576,0.000000,"{""user_lock_acquisitions"": 8}",2026-08-12T06:37:09Z
exp2_scaling,montecarlo,coarse_lock,8,measured,2,61,0.016821,392576,392576,0.000000,"{""user_lock_acquisitions"": 8}",2026-08-12T06:37:09Z
exp2_scaling,montecarlo,no_lock,8,measured,9,62,0.341465,84052,392576,78.589623,"{""user_lock_acquisitions"": 0}",2026-08-12T06:37:09Z
exp2_scaling,montecarlo,coarse_lock,8,measured,24,63,0.017224,392576,392576,0.000000,"{""user_lock_acquisitions"": 8}",2026-08-12T06:37:09Z
exp2_scaling,montecarlo,fp_reduce,8,measured,11,64,0.016230,392576,392576,0.000000,"{""user_lock_acquisitions"": 0}",2026-08-12T06:37:09Z
exp2_scaling,montecarlo,coarse_lock,8,measured,10,65,0.016528,392576,392576,0.000000,"{""user_lock_acquisitions"": 8}",2026-08-12T06:37:09Z
exp2_scaling,montecarlo,coarse_lock,8,measured,9,66,0.015851,392576,392576,0.000000,"{""user_lock_acquisitions"": 8}",2026-08-12T06:37:09Z
exp2_scaling,montecarlo,fine_lock,8,measured,15,67,0.394305,392576,392576,0.000000,"{""user_lock_acquisitions"": 500000}",2026-08-12T06:37:10Z
exp2_scaling,montecarlo,fine_lock,8,measured,10,68,0.400948,392576,392576,0.000000,"{""user_lock_acquisitions"": 500000}",2026-08-12T06:37:10Z
exp2_scaling,montecarlo,coarse_lock,8,measured,0,69,0.016919,392576,392576,0.000000,"{""user_lock_acquisitions"": 8}",2026-08-12T06:37:10Z
exp2_scaling,montecarlo,coarse_lock,8,measured,15,70,0.017146,392576,392576,0.000000,"{""user_lock_acquisitions"": 8}",2026-08-12T06:37:10Z
exp2_scaling,montecarlo,fine_lock,8,measured,2,71,0.385987,392576,392576,0.000000,"{""user_lock_acquisitions"": 500000}",2026-08-12T06:37:10Z
exp2_scaling,montecarlo,no_lock,8,measured,12,72,0.320717,86250,392576,78.029732,"{""user_lock_acquisitions"": 0}",2026-08-12T06:37:11Z
exp2_scaling,montecarlo,fp_reduce,8,measured,28,73,0.016606,392576,392576,0.000000,"{""user_lock_acquisitions"": 0}",2026-08-12T06:37:11Z
exp2_scaling,montecarlo,fp_reduce,8,measured,10,74,0.016509,392576,392576,0.000000,"{""user_lock_acquisitions"": 0}",2026-08-12T06:37:11Z
exp2_scaling,montecarlo,imp_threadlocal,8,measured,18,75,0.016432,392576,392576,0.000000,"{""user_lock_acquisitions"": 0}",2026-08-12T06:37:11Z
exp2_scaling,montecarlo,fp_reduce,8,measured,16,76,0.016851,392576,392576,0.000000,"{""user_lock_acquisitions"": 0}",2026-08-12T06:37:11Z
exp2_scaling,montecarlo,coarse_lock,8,measured,5,77,0.016732,392576,392576,0.000000,"{""user_lock_acquisitions"": 8}",2026-08-12T06:37:11Z
exp2_scaling,montecarlo,imp_threadlocal,8,measured,4,78,0.016419,392576,392576,0.000000,"{""user_lock_acquisitions"": 0}",2026-08-12T06:37:11Z
exp2_scaling,montecarlo,coarse_lock,8,measured,4,79,0.018364,392576,392576,0.000000,"{""user_lock_acquisitions"": 8}",2026-08-12T06:37:11Z
exp2_scaling,montecarlo,fp_reduce,8,measured,18,80,0.016890,392576,392576,0.000000,"{""user_lock_acquisitions"": 0}",2026-08-12T06:37:11Z
exp2_scaling,montecarlo,coarse_lock,8,measured,27,81,0.018513,392576,392576,0.000000,"{""user_lock_acquisitions"": 8}",2026-08-12T06:37:11Z
exp2_scaling,montecarlo,imp_threadlocal,8,measured,24,82,0.016852,392576,392576,0.000000,"{""user_lock_acquisitions"": 0}",2026-08-12T06:37:11Z
exp2_scaling,montecarlo,fp_reduce,8,measured,25,83,0.016235,392576,392576,0.000000,"{""user_lock_acquisitions"": 0}",2026-08-12T06:37:11Z
exp2_scaling,montecarlo,fine_lock,8,measured,4,84,0.394916,392576,392576,0.000000,"{""user_lock_acquisitions"": 500000}",2026-08-12T06:37:11Z
exp2_scaling,montecarlo,imp_threadlocal,8,measured,10,85,0.017147,392576,392576,0.000000,"{""user_lock_acquisitions"": 0}",2026-08-12T06:37:11Z
exp2_scaling,montecarlo,fp_reduce,8,measured,1,86,0.016855,392576,392576,0.000000,"{""user_lock_acquisitions"": 0}",2026-08-12T06:37:11Z
exp2_scaling,montecarlo,no_lock,8,measured,27,87,0.315053,85745,392576,78.158369,"{""user_lock_acquisitions"": 0}",2026-08-12T06:37:12Z
exp2_scaling,montecarlo,no_lock,8,measured,11,88,0.276873,82682,392576,78.938600,"{""user_lock_acquisitions"": 0}",2026-08-12T06:37:12Z
exp2_scaling,montecarlo,imp_threadlocal,8,measured,17,89,0.016658,392576,392576,0.000000,"{""user_lock_acquisitions"": 0}",2026-08-12T06:37:12Z
exp2_scaling,montecarlo,fp_reduce,8,measured,5,90,0.016694,392576,392576,0.000000,"{""user_lock_acquisitions"": 0}",2026-08-12T06:37:12Z
exp2_scaling,montecarlo,fine_lock,8,measured,23,91,0.366213,392576,392576,0.000000,"{""user_lock_acquisitions"": 500000}",2026-08-12T06:37:12Z
exp2_scaling,montecarlo,coarse_lock,8,measured,25,92,0.016693,392576,392576,0.000000,"{""user_lock_acquisitions"": 8}",2026-08-12T06:37:12Z
exp2_scaling,montecarlo,no_lock,8,measured,28,93,0.325397,85600,392576,78.195305,"{""user_lock_acquisitions"": 0}",2026-08-12T06:37:13Z
exp2_scaling,montecarlo,coarse_lock,8,measured,12,94,0.017095,392576,392576,0.000000,"{""user_lock_acquisitions"": 8}",2026-08-12T06:37:13Z
exp2_scaling,montecarlo,fp_reduce,8,measured,15,95,0.016654,392576,392576,0.000000,"{""user_lock_acquisitions"": 0}",2026-08-12T06:37:13Z
exp2_scaling,montecarlo,fp_reduce,8,measured,22,96,0.016290,392576,392576,0.000000,"{""user_lock_acquisitions"": 0}",2026-08-12T06:37:13Z
exp2_scaling,montecarlo,fp_reduce,8,measured,20,97,0.016486,392576,392576,0.000000,"{""user_lock_acquisitions"": 0}",2026-08-12T06:37:13Z
exp2_scaling,montecarlo,fp_reduce,8,measured,7,98,0.016787,392576,392576,0.000000,"{""user_lock_acquisitions"": 0}",2026-08-12T06:37:13Z
exp2_scaling,montecarlo,no_lock,8,measured,1,99,0.292547,87786,392576,77.638470,"{""user_lock_acquisitions"": 0}",2026-08-12T06:37:13Z
exp2_scaling,montecarlo,coarse_lock,8,measured,3,100,0.016619,392576,392576,0.000000,"{""user_lock_acquisitions"": 8}",2026-08-12T06:37:13Z
exp2_scaling,montecarlo,no_lock,8,measured,7,101,0.276710,77919,392576,80.151869,"{""user_lock_acquisitions"": 0}",2026-08-12T06:37:13Z
exp2_scaling,montecarlo,imp_threadlocal,8,measured,8,102,0.016921,392576,392576,0.000000,"{""user_lock_acquisitions"": 0}",2026-08-12T06:37:13Z
exp2_scaling,montecarlo,fine_lock,8,measured,14,103,0.367600,392576,392576,0.000000,"{""user_lock_acquisitions"": 500000}",2026-08-12T06:37:14Z
exp2_scaling,montecarlo,fp_reduce,8,measured,21,104,0.016926,392576,392576,0.000000,"{""user_lock_acquisitions"": 0}",2026-08-12T06:37:14Z
exp2_scaling,montecarlo,coarse_lock,8,measured,11,105,0.016972,392576,392576,0.000000,"{""user_lock_acquisitions"": 8}",2026-08-12T06:37:14Z
exp2_scaling,montecarlo,imp_threadlocal,8,measured,27,106,0.016083,392576,392576,0.000000,"{""user_lock_acquisitions"": 0}",2026-08-12T06:37:14Z
exp2_scaling,montecarlo,no_lock,8,measured,25,107,0.289096,83485,392576,78.734054,"{""user_lock_acquisitions"": 0}",2026-08-12T06:37:14Z
exp2_scaling,montecarlo,no_lock,8,measured,21,108,0.306416,84919,392576,78.368774,"{""user_lock_acquisitions"": 0}",2026-08-12T06:37:14Z
exp2_scaling,montecarlo,coarse_lock,8,measured,19,109,0.017168,392576,392576,0.000000,"{""user_lock_acquisitions"": 8}",2026-08-12T06:37:14Z
exp2_scaling,montecarlo,imp_threadlocal,8,measured,7,110,0.016765,392576,392576,0.000000,"{""user_lock_acquisitions"": 0}",2026-08-12T06:37:14Z
exp2_scaling,montecarlo,imp_threadlocal,8,measured,23,111,0.016203,392576,392576,0.000000,"{""user_lock_acquisitions"": 0}",2026-08-12T06:37:14Z
exp2_scaling,montecarlo,fp_reduce,8,measured,12,112,0.016656,392576,392576,0.000000,"{""user_lock_acquisitions"": 0}",2026-08-12T06:37:14Z
exp2_scaling,montecarlo,imp_threadlocal,8,measured,9,113,0.016680,392576,392576,0.000000,"{""user_lock_acquisitions"": 0}",2026-08-12T06:37:14Z
exp2_scaling,montecarlo,coarse_lock,8,measured,22,114,0.017817,392576,392576,0.000000,"{""user_lock_acquisitions"": 8}",2026-08-12T06:37:14Z
exp2_scaling,montecarlo,coarse_lock,8,measured,26,115,0.016221,392576,392576,0.000000,"{""user_lock_acquisitions"": 8}",2026-08-12T06:37:14Z
exp2_scaling,montecarlo,imp_threadlocal,8,measured,6,116,0.016965,392576,392576,0.000000,"{""user_lock_acquisitions"": 0}",2026-08-12T06:37:14Z
exp2_scaling,montecarlo,imp_threadlocal,8,measured,22,117,0.016842,392576,392576,0.000000,"{""user_lock_acquisitions"": 0}",2026-08-12T06:37:15Z
exp2_scaling,montecarlo,imp_threadlocal,8,measured,21,118,0.016599,392576,392576,0.000000,"{""user_lock_acquisitions"": 0}",2026-08-12T06:37:15Z
exp2_scaling,montecarlo,no_lock,8,measured,22,119,0.328769,82617,392576,78.955158,"{""user_lock_acquisitions"": 0}",2026-08-12T06:37:15Z
exp2_scaling,montecarlo,fine_lock,8,measured,0,120,0.372067,392576,392576,0.000000,"{""user_lock_acquisitions"": 500000}",2026-08-12T06:37:15Z
exp2_scaling,montecarlo,coarse_lock,8,measured,14,121,0.016809,392576,392576,0.000000,"{""user_lock_acquisitions"": 8}",2026-08-12T06:37:15Z
exp2_scaling,montecarlo,fine_lock,8,measured,12,122,0.375542,392576,392576,0.000000,"{""user_lock_acquisitions"": 500000}",2026-08-12T06:37:16Z
exp2_scaling,montecarlo,fp_reduce,8,measured,8,123,0.016773,392576,392576,0.000000,"{""user_lock_acquisitions"": 0}",2026-08-12T06:37:16Z
exp2_scaling,montecarlo,no_lock,8,measured,6,124,0.288059,87486,392576,77.714888,"{""user_lock_acquisitions"": 0}",2026-08-12T06:37:16Z
exp2_scaling,montecarlo,imp_threadlocal,8,measured,12,125,0.016772,392576,392576,0.000000,"{""user_lock_acquisitions"": 0}",2026-08-12T06:37:16Z
exp2_scaling,montecarlo,coarse_lock,8,measured,7,126,0.016632,392576,392576,0.000000,"{""user_lock_acquisitions"": 8}",2026-08-12T06:37:16Z
exp2_scaling,montecarlo,fp_reduce,8,measured,0,127,0.016464,392576,392576,0.000000,"{""user_lock_acquisitions"": 0}",2026-08-12T06:37:16Z
exp2_scaling,montecarlo,no_lock,8,measured,26,128,0.290469,83899,392576,78.628597,"{""user_lock_acquisitions"": 0}",2026-08-12T06:37:16Z
exp2_scaling,montecarlo,fine_lock,8,measured,20,129,0.397242,392576,392576,0.000000,"{""user_lock_acquisitions"": 500000}",2026-08-12T06:37:17Z
exp2_scaling,montecarlo,fp_reduce,8,measured,24,130,0.017813,392576,392576,0.000000,"{""user_lock_acquisitions"": 0}",2026-08-12T06:37:17Z
exp2_scaling,montecarlo,no_lock,8,measured,13,131,0.295395,85358,392576,78.256949,"{""user_lock_acquisitions"": 0}",2026-08-12T06:37:17Z
exp2_scaling,montecarlo,fp_reduce,8,measured,19,132,0.016707,392576,392576,0.000000,"{""user_lock_acquisitions"": 0}",2026-08-12T06:37:17Z
exp2_scaling,montecarlo,fp_reduce,8,measured,26,133,0.016166,392576,392576,0.000000,"{""user_lock_acquisitions"": 0}",2026-08-12T06:37:17Z
exp2_scaling,montecarlo,fine_lock,8,measured,21,134,0.382238,392576,392576,0.000000,"{""user_lock_acquisitions"": 500000}",2026-08-12T06:37:17Z
exp2_scaling,montecarlo,fp_reduce,8,measured,14,135,0.016649,392576,392576,0.000000,"{""user_lock_acquisitions"": 0}",2026-08-12T06:37:17Z
exp2_scaling,montecarlo,fine_lock,8,measured,6,136,0.347811,392576,392576,0.000000,"{""user_lock_acquisitions"": 500000}",2026-08-12T06:37:18Z
exp2_scaling,montecarlo,coarse_lock,8,measured,23,137,0.017525,392576,392576,0.000000,"{""user_lock_acquisitions"": 8}",2026-08-12T06:37:18Z
exp2_scaling,montecarlo,coarse_lock,8,measured,6,138,0.016596,392576,392576,0.000000,"{""user_lock_acquisitions"": 8}",2026-08-12T06:37:18Z
exp2_scaling,montecarlo,no_lock,8,measured,23,139,0.315340,88493,392576,77.458377,"{""user_lock_acquisitions"": 0}",2026-08-12T06:37:18Z
exp2_scaling,montecarlo,fine_lock,8,measured,3,140,0.403447,392576,392576,0.000000,"{""user_lock_acquisitions"": 500000}",2026-08-12T06:37:19Z
exp2_scaling,montecarlo,fp_reduce,8,measured,4,141,0.016655,392576,392576,0.000000,"{""user_lock_acquisitions"": 0}",2026-08-12T06:37:19Z
exp2_scaling,montecarlo,no_lock,8,measured,3,142,0.298498,80657,392576,79.454424,"{""user_lock_acquisitions"": 0}",2026-08-12T06:37:19Z
exp2_scaling,montecarlo,fine_lock,8,measured,16,143,0.384837,392576,392576,0.000000,"{""user_lock_acquisitions"": 500000}",2026-08-12T06:37:19Z
exp2_scaling,montecarlo,imp_threadlocal,8,measured,29,144,0.017163,392576,392576,0.000000,"{""user_lock_acquisitions"": 0}",2026-08-12T06:37:19Z
exp2_scaling,montecarlo,fp_reduce,8,measured,3,145,0.016901,392576,392576,0.000000,"{""user_lock_acquisitions"": 0}",2026-08-12T06:37:19Z
exp2_scaling,montecarlo,no_lock,8,measured,4,146,0.320217,82375,392576,79.016802,"{""user_lock_acquisitions"": 0}",2026-08-12T06:37:20Z
exp2_scaling,montecarlo,coarse_lock,8,measured,21,147,0.016778,392576,392576,0.000000,"{""user_lock_acquisitions"": 8}",2026-08-12T06:37:20Z
exp2_scaling,montecarlo,fine_lock,8,measured,24,148,0.380517,392576,392576,0.000000,"{""user_lock_acquisitions"": 500000}",2026-08-12T06:37:20Z
exp2_scaling,montecarlo,no_lock,8,measured,24,149,0.332004,83055,392576,78.843587,"{""user_lock_acquisitions"": 0}",2026-08-12T06:37:20Z
exp2_scaling,montecarlo,coarse_lock,8,measured,28,150,0.016685,392576,392576,0.000000,"{""user_lock_acquisitions"": 8}",2026-08-12T06:37:20Z
exp2_scaling,montecarlo,no_lock,8,measured,15,151,0.348891,83390,392576,78.758253,"{""user_lock_acquisitions"": 0}",2026-08-12T06:37:21Z
exp2_scaling,montecarlo,no_lock,8,measured,2,152,0.311015,86255,392576,78.028458,"{""user_lock_acquisitions"": 0}",2026-08-12T06:37:21Z
exp2_scaling,montecarlo,coarse_lock,8,measured,8,153,0.017097,392576,392576,0.000000,"{""user_lock_acquisitions"": 8}",2026-08-12T06:37:21Z
exp2_scaling,montecarlo,fine_lock,8,measured,13,154,0.408064,392576,392576,0.000000,"{""user_lock_acquisitions"": 500000}",2026-08-12T06:37:21Z
exp2_scaling,montecarlo,imp_threadlocal,8,measured,14,155,0.016928,392576,392576,0.000000,"{""user_lock_acquisitions"": 0}",2026-08-12T06:37:21Z
exp2_scaling,montecarlo,no_lock,8,measured,17,156,0.308453,86924,392576,77.858045,"{""user_lock_acquisitions"": 0}",2026-08-12T06:37:22Z
exp2_scaling,montecarlo,coarse_lock,8,measured,18,157,0.017246,392576,392576,0.000000,"{""user_lock_acquisitions"": 8}",2026-08-12T06:37:22Z
exp2_scaling,montecarlo,coarse_lock,8,measured,16,158,0.016921,392576,392576,0.000000,"{""user_lock_acquisitions"": 8}",2026-08-12T06:37:22Z
exp2_scaling,montecarlo,imp_threadlocal,8,measured,20,159,0.016791,392576,392576,0.000000,"{""user_lock_acquisitions"": 0}",2026-08-12T06:37:22Z
exp2_scaling,montecarlo,fp_reduce,8,measured,27,160,0.016618,392576,392576,0.000000,"{""user_lock_acquisitions"": 0}",2026-08-12T06:37:22Z
exp2_scaling,montecarlo,no_lock,8,measured,5,161,0.303122,82360,392576,79.020623,"{""user_lock_acquisitions"": 0}",2026-08-12T06:37:22Z
exp2_scaling,montecarlo,fp_reduce,8,measured,17,162,0.016761,392576,392576,0.000000,"{""user_lock_acquisitions"": 0}",2026-08-12T06:37:22Z
exp2_scaling,montecarlo,fine_lock,8,measured,11,163,0.347899,392576,392576,0.000000,"{""user_lock_acquisitions"": 500000}",2026-08-12T06:37:22Z
exp2_scaling,montecarlo,imp_threadlocal,8,measured,3,164,0.017104,392576,392576,0.000000,"{""user_lock_acquisitions"": 0}",2026-08-12T06:37:22Z
exp2_scaling,montecarlo,fine_lock,10,warmup,2,0,0.619690,392947,392947,0.000000,"{""user_lock_acquisitions"": 500000}",2026-08-12T06:37:23Z
exp2_scaling,montecarlo,imp_threadlocal,10,warmup,0,1,0.021814,392947,392947,0.000000,"{""user_lock_acquisitions"": 0}",2026-08-12T06:37:23Z
exp2_scaling,montecarlo,no_lock,10,warmup,1,2,0.405684,70397,392947,82.084861,"{""user_lock_acquisitions"": 0}",2026-08-12T06:37:24Z
exp2_scaling,montecarlo,coarse_lock,10,warmup,2,3,0.021811,392947,392947,0.000000,"{""user_lock_acquisitions"": 10}",2026-08-12T06:37:24Z
exp2_scaling,montecarlo,fine_lock,10,warmup,0,4,0.512513,392947,392947,0.000000,"{""user_lock_acquisitions"": 500000}",2026-08-12T06:37:24Z
exp2_scaling,montecarlo,fp_reduce,10,warmup,0,5,0.021970,392947,392947,0.000000,"{""user_lock_acquisitions"": 0}",2026-08-12T06:37:24Z
exp2_scaling,montecarlo,fp_reduce,10,warmup,1,6,0.021985,392947,392947,0.000000,"{""user_lock_acquisitions"": 0}",2026-08-12T06:37:24Z
exp2_scaling,montecarlo,coarse_lock,10,warmup,0,7,0.021838,392947,392947,0.000000,"{""user_lock_acquisitions"": 10}",2026-08-12T06:37:24Z
exp2_scaling,montecarlo,fine_lock,10,warmup,1,8,0.467633,392947,392947,0.000000,"{""user_lock_acquisitions"": 500000}",2026-08-12T06:37:25Z
exp2_scaling,montecarlo,imp_threadlocal,10,warmup,2,9,0.020948,392947,392947,0.000000,"{""user_lock_acquisitions"": 0}",2026-08-12T06:37:25Z
exp2_scaling,montecarlo,fp_reduce,10,warmup,2,10,0.022015,392947,392947,0.000000,"{""user_lock_acquisitions"": 0}",2026-08-12T06:37:25Z
exp2_scaling,montecarlo,coarse_lock,10,warmup,1,11,0.021421,392947,392947,0.000000,"{""user_lock_acquisitions"": 10}",2026-08-12T06:37:25Z
exp2_scaling,montecarlo,imp_threadlocal,10,warmup,1,12,0.020717,392947,392947,0.000000,"{""user_lock_acquisitions"": 0}",2026-08-12T06:37:25Z
exp2_scaling,montecarlo,no_lock,10,warmup,0,13,0.380358,70218,392947,82.130415,"{""user_lock_acquisitions"": 0}",2026-08-12T06:37:25Z
exp2_scaling,montecarlo,no_lock,10,warmup,2,14,0.385550,73586,392947,81.273301,"{""user_lock_acquisitions"": 0}",2026-08-12T06:37:25Z
exp2_scaling,montecarlo,no_lock,10,measured,27,15,0.414847,72929,392947,81.440500,"{""user_lock_acquisitions"": 0}",2026-08-12T06:37:26Z
exp2_scaling,montecarlo,coarse_lock,10,measured,2,16,0.016125,392947,392947,0.000000,"{""user_lock_acquisitions"": 10}",2026-08-12T06:37:26Z
exp2_scaling,montecarlo,coarse_lock,10,measured,3,17,0.021804,392947,392947,0.000000,"{""user_lock_acquisitions"": 10}",2026-08-12T06:37:26Z
exp2_scaling,montecarlo,coarse_lock,10,measured,25,18,0.020761,392947,392947,0.000000,"{""user_lock_acquisitions"": 10}",2026-08-12T06:37:26Z
exp2_scaling,montecarlo,no_lock,10,measured,29,19,0.424951,70782,392947,81.986884,"{""user_lock_acquisitions"": 0}",2026-08-12T06:37:26Z
exp2_scaling,montecarlo,fine_lock,10,measured,3,20,0.520821,392947,392947,0.000000,"{""user_lock_acquisitions"": 500000}",2026-08-12T06:37:27Z
exp2_scaling,montecarlo,imp_threadlocal,10,measured,28,21,0.021873,392947,392947,0.000000,"{""user_lock_acquisitions"": 0}",2026-08-12T06:37:27Z
exp2_scaling,montecarlo,fp_reduce,10,measured,5,22,0.022045,392947,392947,0.000000,"{""user_lock_acquisitions"": 0}",2026-08-12T06:37:27Z
exp2_scaling,montecarlo,no_lock,10,measured,10,23,0.415138,69733,392947,82.253841,"{""user_lock_acquisitions"": 0}",2026-08-12T06:37:27Z
exp2_scaling,montecarlo,imp_threadlocal,10,measured,8,24,0.021634,392947,392947,0.000000,"{""user_lock_acquisitions"": 0}",2026-08-12T06:37:27Z
exp2_scaling,montecarlo,coarse_lock,10,measured,26,25,0.020565,392947,392947,0.000000,"{""user_lock_acquisitions"": 10}",2026-08-12T06:37:27Z
exp2_scaling,montecarlo,imp_threadlocal,10,measured,3,26,0.021070,392947,392947,0.000000,"{""user_lock_acquisitions"": 0}",2026-08-12T06:37:27Z
exp2_scaling,montecarlo,fine_lock,10,measured,25,27,0.517753,392947,392947,0.000000,"{""user_lock_acquisitions"": 500000}",2026-08-12T06:37:28Z
exp2_scaling,montecarlo,no_lock,10,measured,3,28,0.399187,70220,392947,82.129906,"{""user_lock_acquisitions"": 0}",2026-08-12T06:37:28Z
exp2_scaling,montecarlo,fp_reduce,10,measured,9,29,0.020996,392947,392947,0.000000,"{""user_lock_acquisitions"": 0}",2026-08-12T06:37:28Z
exp2_scaling,montecarlo,coarse_lock,10,measured,27,30,0.020877,392947,392947,0.000000,"{""user_lock_acquisitions"": 10}",2026-08-12T06:37:28Z
exp2_scaling,montecarlo,fine_lock,10,measured,12,31,0.540688,392947,392947,0.000000,"{""user_lock_acquisitions"": 500000}",2026-08-12T06:37:29Z
exp2_scaling,montecarlo,fp_reduce,10,measured,22,32,0.021692,392947,392947,0.000000,"{""user_lock_acquisitions"": 0}",2026-08-12T06:37:29Z
exp2_scaling,montecarlo,coarse_lock,10,measured,14,33,0.020638,392947,392947,0.000000,"{""user_lock_acquisitions"": 10}",2026-08-12T06:37:29Z
exp2_scaling,montecarlo,no_lock,10,measured,23,34,0.382945,70510,392947,82.056104,"{""user_lock_acquisitions"": 0}",2026-08-12T06:37:29Z
exp2_scaling,montecarlo,fine_lock,10,measured,19,35,0.488145,392947,392947,0.000000,"{""user_lock_acquisitions"": 500000}",2026-08-12T06:37:30Z
exp2_scaling,montecarlo,coarse_lock,10,measured,24,36,0.020725,392947,392947,0.000000,"{""user_lock_acquisitions"": 10}",2026-08-12T06:37:30Z
exp2_scaling,montecarlo,no_lock,10,measured,12,37,0.405595,70730,392947,82.000117,"{""user_lock_acquisitions"": 0}",2026-08-12T06:37:30Z
exp2_scaling,montecarlo,no_lock,10,measured,16,38,0.410019,72625,392947,81.517864,"{""user_lock_acquisitions"": 0}",2026-08-12T06:37:31Z
exp2_scaling,montecarlo,fp_reduce,10,measured,23,39,0.021875,392947,392947,0.000000,"{""user_lock_acquisitions"": 0}",2026-08-12T06:37:31Z
exp2_scaling,montecarlo,imp_threadlocal,10,measured,15,40,0.020583,392947,392947,0.000000,"{""user_lock_acquisitions"": 0}",2026-08-12T06:37:31Z
exp2_scaling,montecarlo,fp_reduce,10,measured,21,41,0.020801,392947,392947,0.000000,"{""user_lock_acquisitions"": 0}",2026-08-12T06:37:31Z
exp2_scaling,montecarlo,fp_reduce,10,measured,24,42,0.020376,392947,392947,0.000000,"{""user_lock_acquisitions"": 0}",2026-08-12T06:37:31Z
exp2_scaling,montecarlo,imp_threadlocal,10,measured,17,43,0.020667,392947,392947,0.000000,"{""user_lock_acquisitions"": 0}",2026-08-12T06:37:31Z
exp2_scaling,montecarlo,fp_reduce,10,measured,29,44,0.020656,392947,392947,0.000000,"{""user_lock_acquisitions"": 0}",2026-08-12T06:37:31Z
exp2_scaling,montecarlo,no_lock,10,measured,6,45,0.411839,70883,392947,81.961181,"{""user_lock_acquisitions"": 0}",2026-08-12T06:37:31Z
exp2_scaling,montecarlo,no_lock,10,measured,18,46,0.429411,72100,392947,81.651470,"{""user_lock_acquisitions"": 0}",2026-08-12T06:37:32Z
exp2_scaling,montecarlo,fp_reduce,10,measured,4,47,0.021339,392947,392947,0.000000,"{""user_lock_acquisitions"": 0}",2026-08-12T06:37:32Z
exp2_scaling,montecarlo,fp_reduce,10,measured,7,48,0.021034,392947,392947,0.000000,"{""user_lock_acquisitions"": 0}",2026-08-12T06:37:32Z
exp2_scaling,montecarlo,no_lock,10,measured,13,49,0.445490,71984,392947,81.680990,"{""user_lock_acquisitions"": 0}",2026-08-12T06:37:32Z
exp2_scaling,montecarlo,imp_threadlocal,10,measured,7,50,0.022466,392947,392947,0.000000,"{""user_lock_acquisitions"": 0}",2026-08-12T06:37:32Z
exp2_scaling,montecarlo,fine_lock,10,measured,10,51,0.520343,392947,392947,0.000000,"{""user_lock_acquisitions"": 500000}",2026-08-12T06:37:33Z
exp2_scaling,montecarlo,coarse_lock,10,measured,15,52,0.020918,392947,392947,0.000000,"{""user_lock_acquisitions"": 10}",2026-08-12T06:37:33Z
exp2_scaling,montecarlo,fine_lock,10,measured,16,53,0.538081,392947,392947,0.000000,"{""user_lock_acquisitions"": 500000}",2026-08-12T06:37:33Z
exp2_scaling,montecarlo,no_lock,10,measured,21,54,0.419615,75443,392947,80.800719,"{""user_lock_acquisitions"": 0}",2026-08-12T06:37:34Z
exp2_scaling,montecarlo,no_lock,10,measured,14,55,0.395109,75673,392947,80.742187,"{""user_lock_acquisitions"": 0}",2026-08-12T06:37:34Z
exp2_scaling,montecarlo,no_lock,10,measured,11,56,0.436993,70197,392947,82.135759,"{""user_lock_acquisitions"": 0}",2026-08-12T06:37:34Z
exp2_scaling,montecarlo,fine_lock,10,measured,27,57,0.520764,392947,392947,0.000000,"{""user_lock_acquisitions"": 500000}",2026-08-12T06:37:35Z
exp2_scaling,montecarlo,coarse_lock,10,measured,17,58,0.021620,392947,392947,0.000000,"{""user_lock_acquisitions"": 10}",2026-08-12T06:37:35Z
exp2_scaling,montecarlo,fine_lock,10,measured,22,59,0.523151,392947,392947,0.000000,"{""user_lock_acquisitions"": 500000}",2026-08-12T06:37:36Z
exp2_scaling,montecarlo,fine_lock,10,measured,21,60,0.518917,392947,392947,0.000000,"{""user_lock_acquisitions"": 500000}",2026-08-12T06:37:36Z
exp2_scaling,montecarlo,imp_threadlocal,10,measured,29,61,0.021347,392947,392947,0.000000,"{""user_lock_acquisitions"": 0}",2026-08-12T06:37:36Z
exp2_scaling,montecarlo,no_lock,10,measured,28,62,0.366050,72920,392947,81.442790,"{""user_lock_acquisitions"": 0}",2026-08-12T06:37:36Z
exp2_scaling,montecarlo,fp_reduce,10,measured,2,63,0.021585,392947,392947,0.000000,"{""user_lock_acquisitions"": 0}",2026-08-12T06:37:36Z
exp2_scaling,montecarlo,imp_threadlocal,10,measured,10,64,0.020683,392947,392947,0.000000,"{""user_lock_acquisitions"": 0}",2026-08-12T06:37:36Z
exp2_scaling,montecarlo,fp_reduce,10,measured,18,65,0.021618,392947,392947,0.000000,"{""user_lock_acquisitions"": 0}",2026-08-12T06:37:36Z
exp2_scaling,montecarlo,imp_threadlocal,10,measured,6,66,0.021981,392947,392947,0.000000,"{""user_lock_acquisitions"": 0}",2026-08-12T06:37:37Z
exp2_scaling,montecarlo,imp_threadlocal,10,measured,19,67,0.020546,392947,392947,0.000000,"{""user_lock_acquisitions"": 0}",2026-08-12T06:37:37Z
exp2_scaling,montecarlo,no_lock,10,measured,8,68,0.371021,73493,392947,81.296969,"{""user_lock_acquisitions"": 0}",2026-08-12T06:37:37Z
exp2_scaling,montecarlo,coarse_lock,10,measured,12,69,0.021257,392947,392947,0.000000,"{""user_lock_acquisitions"": 10}",2026-08-12T06:37:37Z
exp2_scaling,montecarlo,no_lock,10,measured,15,70,0.418239,70891,392947,81.959145,"{""user_lock_acquisitions"": 0}",2026-08-12T06:37:37Z
exp2_scaling,montecarlo,coarse_lock,10,measured,0,71,0.021642,392947,392947,0.000000,"{""user_lock_acquisitions"": 10}",2026-08-12T06:37:37Z
exp2_scaling,montecarlo,coarse_lock,10,measured,23,72,0.020801,392947,392947,0.000000,"{""user_lock_acquisitions"": 10}",2026-08-12T06:37:37Z
exp2_scaling,montecarlo,fine_lock,10,measured,5,73,0.464337,392947,392947,0.000000,"{""user_lock_acquisitions"": 500000}",2026-08-12T06:37:38Z
exp2_scaling,montecarlo,fp_reduce,10,measured,13,74,0.021056,392947,392947,0.000000,"{""user_lock_acquisitions"": 0}",2026-08-12T06:37:38Z
exp2_scaling,montecarlo,fine_lock,10,measured,1,75,0.468200,392947,392947,0.000000,"{""user_lock_acquisitions"": 500000}",2026-08-12T06:37:38Z
exp2_scaling,montecarlo,fine_lock,10,measured,4,76,0.517067,392947,392947,0.000000,"{""user_lock_acquisitions"": 500000}",2026-08-12T06:37:39Z
exp2_scaling,montecarlo,coarse_lock,10,measured,5,77,0.021297,392947,392947,0.000000,"{""user_lock_acquisitions"": 10}",2026-08-12T06:37:39Z
exp2_scaling,montecarlo,imp_threadlocal,10,measured,18,78,0.020543,392947,392947,0.000000,"{""user_lock_acquisitions"": 0}",2026-08-12T06:37:39Z
exp2_scaling,montecarlo,fine_lock,10,measured,6,79,0.529048,392947,392947,0.000000,"{""user_lock_acquisitions"": 500000}",2026-08-12T06:37:39Z
exp2_scaling,montecarlo,fp_reduce,10,measured,14,80,0.021441,392947,392947,0.000000,"{""user_lock_acquisitions"": 0}",2026-08-12T06:37:39Z
exp2_scaling,montecarlo,no_lock,10,measured,25,81,0.413179,72614,392947,81.520663,"{""user_lock_acquisitions"": 0}",2026-08-12T06:37:40Z
exp2_scaling,montecarlo,no_lock,10,measured,4,82,0.463140,70880,392947,81.961944,"{""user_lock_acquisitions"": 0}",2026-08-12T06:37:40Z
exp2_scaling,montecarlo,imp_threadlocal,10,measured,12,83,0.021906,392947,392947,0.000000,"{""user_lock_acquisitions"": 0}",2026-08-12T06:37:40Z
exp2_scaling,montecarlo,imp_threadlocal,10,measured,26,84,0.021004,392947,392947,0.000000,"{""user_lock_acquisitions"": 0}",2026-08-12T06:37:40Z
exp2_scaling,montecarlo,imp_threadlocal,10,measured,9,85,0.020397,392947,392947,0.000000,"{""user_lock_acquisitions"": 0}",2026-08-12T06:37:40Z
exp2_scaling,montecarlo,fine_lock,10,measured,28,86,0.482277,392947,392947,0.000000,"{""user_lock_acquisitions"": 500000}",2026-08-12T06:37:41Z
exp2_scaling,montecarlo,coarse_lock,10,measured,18,87,0.021314,392947,392947,0.000000,"{""user_lock_acquisitions"": 10}",2026-08-12T06:37:41Z
exp2_scaling,montecarlo,fine_lock,10,measured,24,88,0.478076,392947,392947,0.000000,"{""user_lock_acquisitions"": 500000}",2026-08-12T06:37:41Z
exp2_scaling,montecarlo,imp_threadlocal,10,measured,11,89,0.020799,392947,392947,0.000000,"{""user_lock_acquisitions"": 0}",2026-08-12T06:37:41Z
exp2_scaling,montecarlo,fine_lock,10,measured,7,90,0.529090,392947,392947,0.000000,"{""user_lock_acquisitions"": 500000}",2026-08-12T06:37:42Z
exp2_scaling,montecarlo,fine_lock,10,measured,8,91,0.516618,392947,392947,0.000000,"{""user_lock_acquisitions"": 500000}",2026-08-12T06:37:42Z
exp2_scaling,montecarlo,imp_threadlocal,10,measured,4,92,0.020564,392947,392947,0.000000,"{""user_lock_acquisitions"": 0}",2026-08-12T06:37:42Z
exp2_scaling,montecarlo,fp_reduce,10,measured,11,93,0.021705,392947,392947,0.000000,"{""user_lock_acquisitions"": 0}",2026-08-12T06:37:42Z
exp2_scaling,montecarlo,coarse_lock,10,measured,29,94,0.021715,392947,392947,0.000000,"{""user_lock_acquisitions"": 10}",2026-08-12T06:37:43Z
exp2_scaling,montecarlo,fp_reduce,10,measured,17,95,0.020936,392947,392947,0.000000,"{""user_lock_acquisitions"": 0}",2026-08-12T06:37:43Z
exp2_scaling,montecarlo,fine_lock,10,measured,14,96,0.540398,392947,392947,0.000000,"{""user_lock_acquisitions"": 500000}",2026-08-12T06:37:43Z
exp2_scaling,montecarlo,coarse_lock,10,measured,4,97,0.021518,392947,392947,0.000000,"{""user_lock_acquisitions"": 10}",2026-08-12T06:37:43Z
exp2_scaling,montecarlo,coarse_lock,10,measured,7,98,0.020762,392947,392947,0.000000,"{""user_lock_acquisitions"": 10}",2026-08-12T06:37:43Z
exp2_scaling,montecarlo,coarse_lock,10,measured,20,99,0.021747,392947,392947,0.000000,"{""user_lock_acquisitions"": 10}",2026-08-12T06:37:43Z
exp2_scaling,montecarlo,fp_reduce,10,measured,0,100,0.021706,392947,392947,0.000000,"{""user_lock_acquisitions"": 0}",2026-08-12T06:37:43Z
exp2_scaling,montecarlo,fp_reduce,10,measured,25,101,0.021514,392947,392947,0.000000,"{""user_lock_acquisitions"": 0}",2026-08-12T06:37:43Z
exp2_scaling,montecarlo,fp_reduce,10,measured,20,102,0.021155,392947,392947,0.000000,"{""user_lock_acquisitions"": 0}",2026-08-12T06:37:43Z
exp2_scaling,montecarlo,coarse_lock,10,measured,13,103,0.020687,392947,392947,0.000000,"{""user_lock_acquisitions"": 10}",2026-08-12T06:37:43Z
exp2_scaling,montecarlo,fine_lock,10,measured,18,104,0.530050,392947,392947,0.000000,"{""user_lock_acquisitions"": 500000}",2026-08-12T06:37:44Z
exp2_scaling,montecarlo,coarse_lock,10,measured,11,105,0.021599,392947,392947,0.000000,"{""user_lock_acquisitions"": 10}",2026-08-12T06:37:44Z
exp2_scaling,montecarlo,imp_threadlocal,10,measured,5,106,0.020442,392947,392947,0.000000,"{""user_lock_acquisitions"": 0}",2026-08-12T06:37:44Z
exp2_scaling,montecarlo,fp_reduce,10,measured,8,107,0.020923,392947,392947,0.000000,"{""user_lock_acquisitions"": 0}",2026-08-12T06:37:44Z
exp2_scaling,montecarlo,fp_reduce,10,measured,27,108,0.021442,392947,392947,0.000000,"{""user_lock_acquisitions"": 0}",2026-08-12T06:37:44Z
exp2_scaling,montecarlo,no_lock,10,measured,7,109,0.421765,70537,392947,82.049233,"{""user_lock_acquisitions"": 0}",2026-08-12T06:37:44Z
exp2_scaling,montecarlo,coarse_lock,10,measured,8,110,0.021128,392947,392947,0.000000,"{""user_lock_acquisitions"": 10}",2026-08-12T06:37:44Z
exp2_scaling,montecarlo,fp_reduce,10,measured,12,111,0.020912,392947,392947,0.000000,"{""user_lock_acquisitions"": 0}",2026-08-12T06:37:44Z
exp2_scaling,montecarlo,imp_threadlocal,10,measured,20,112,0.021191,392947,392947,0.000000,"{""user_lock_acquisitions"": 0}",2026-08-12T06:37:44Z
exp2_scaling,montecarlo,coarse_lock,10,measured,6,113,0.021180,392947,392947,0.000000,"{""user_lock_acquisitions"": 10}",2026-08-12T06:37:44Z
exp2_scaling,montecarlo,fine_lock,10,measured,29,114,0.524316,392947,392947,0.000000,"{""user_lock_acquisitions"": 500000}",2026-08-12T06:37:45Z
exp2_scaling,montecarlo,coarse_lock,10,measured,22,115,0.016233,392947,392947,0.000000,"{""user_lock_acquisitions"": 10}",2026-08-12T06:37:45Z
exp2_scaling,montecarlo,fine_lock,10,measured,2,116,0.510907,392947,392947,0.000000,"{""user_lock_acquisitions"": 500000}",2026-08-12T06:37:45Z
exp2_scaling,montecarlo,no_lock,10,measured,2,117,0.419543,71271,392947,81.862439,"{""user_lock_acquisitions"": 0}",2026-08-12T06:37:46Z
exp2_scaling,montecarlo,no_lock,10,measured,20,118,0.387077,74357,392947,81.077092,"{""user_lock_acquisitions"": 0}",2026-08-12T06:37:46Z
exp2_scaling,montecarlo,no_lock,10,measured,9,119,0.439755,71253,392947,81.867020,"{""user_lock_acquisitions"": 0}",2026-08-12T06:37:47Z
exp2_scaling,montecarlo,coarse_lock,10,measured,10,120,0.022165,392947,392947,0.000000,"{""user_lock_acquisitions"": 10}",2026-08-12T06:37:47Z
exp2_scaling,montecarlo,no_lock,10,measured,22,121,0.419169,74105,392947,81.141223,"{""user_lock_acquisitions"": 0}",2026-08-12T06:37:47Z
exp2_scaling,montecarlo,fp_reduce,10,measured,26,122,0.021440,392947,392947,0.000000,"{""user_lock_acquisitions"": 0}",2026-08-12T06:37:47Z
exp2_scaling,montecarlo,imp_threadlocal,10,measured,27,123,0.020624,392947,392947,0.000000,"{""user_lock_acquisitions"": 0}",2026-08-12T06:37:47Z
exp2_scaling,montecarlo,no_lock,10,measured,0,124,0.385802,75603,392947,80.760001,"{""user_lock_acquisitions"": 0}",2026-08-12T06:37:48Z
exp2_scaling,montecarlo,fp_reduce,10,measured,6,125,0.021156,392947,392947,0.000000,"{""user_lock_acquisitions"": 0}",2026-08-12T06:37:48Z
exp2_scaling,montecarlo,imp_threadlocal,10,measured,16,126,0.020920,392947,392947,0.000000,"{""user_lock_acquisitions"": 0}",2026-08-12T06:37:48Z
exp2_scaling,montecarlo,imp_threadlocal,10,measured,13,127,0.021119,392947,392947,0.000000,"{""user_lock_acquisitions"": 0}",2026-08-12T06:37:48Z
exp2_scaling,montecarlo,no_lock,10,measured,24,128,0.395903,70458,392947,82.069338,"{""user_lock_acquisitions"": 0}",2026-08-12T06:37:48Z
exp2_scaling,montecarlo,fine_lock,10,measured,11,129,0.519988,392947,392947,0.000000,"{""user_lock_acquisitions"": 500000}",2026-08-12T06:37:48Z
exp2_scaling,montecarlo,no_lock,10,measured,5,130,0.418728,73681,392947,81.249125,"{""user_lock_acquisitions"": 0}",2026-08-12T06:37:49Z
exp2_scaling,montecarlo,imp_threadlocal,10,measured,14,131,0.021372,392947,392947,0.000000,"{""user_lock_acquisitions"": 0}",2026-08-12T06:37:49Z
exp2_scaling,montecarlo,fine_lock,10,measured,26,132,0.555501,392947,392947,0.000000,"{""user_lock_acquisitions"": 500000}",2026-08-12T06:37:49Z
exp2_scaling,montecarlo,coarse_lock,10,measured,28,133,0.022460,392947,392947,0.000000,"{""user_lock_acquisitions"": 10}",2026-08-12T06:37:50Z
exp2_scaling,montecarlo,imp_threadlocal,10,measured,25,134,0.020861,392947,392947,0.000000,"{""user_lock_acquisitions"": 0}",2026-08-12T06:37:50Z
exp2_scaling,montecarlo,fine_lock,10,measured,23,135,0.533998,392947,392947,0.000000,"{""user_lock_acquisitions"": 500000}",2026-08-12T06:37:50Z
exp2_scaling,montecarlo,no_lock,10,measured,17,136,0.423207,72271,392947,81.607952,"{""user_lock_acquisitions"": 0}",2026-08-12T06:37:50Z
exp2_scaling,montecarlo,imp_threadlocal,10,measured,22,137,0.021527,392947,392947,0.000000,"{""user_lock_acquisitions"": 0}",2026-08-12T06:37:51Z
exp2_scaling,montecarlo,fp_reduce,10,measured,3,138,0.021694,392947,392947,0.000000,"{""user_lock_acquisitions"": 0}",2026-08-12T06:37:51Z
exp2_scaling,montecarlo,coarse_lock,10,measured,16,139,0.021627,392947,392947,0.000000,"{""user_lock_acquisitions"": 10}",2026-08-12T06:37:51Z
exp2_scaling,montecarlo,fine_lock,10,measured,9,140,0.521043,392947,392947,0.000000,"{""user_lock_acquisitions"": 500000}",2026-08-12T06:37:51Z
exp2_scaling,montecarlo,coarse_lock,10,measured,1,141,0.020954,392947,392947,0.000000,"{""user_lock_acquisitions"": 10}",2026-08-12T06:37:51Z
exp2_scaling,montecarlo,imp_threadlocal,10,measured,24,142,0.020327,392947,392947,0.000000,"{""user_lock_acquisitions"": 0}",2026-08-12T06:37:51Z
exp2_scaling,montecarlo,fine_lock,10,measured,0,143,0.464523,392947,392947,0.000000,"{""user_lock_acquisitions"": 500000}",2026-08-12T06:37:52Z
exp2_scaling,montecarlo,coarse_lock,10,measured,21,144,0.021638,392947,392947,0.000000,"{""user_lock_acquisitions"": 10}",2026-08-12T06:37:52Z
exp2_scaling,montecarlo,no_lock,10,measured,1,145,0.388615,72656,392947,81.509975,"{""user_lock_acquisitions"": 0}",2026-08-12T06:37:52Z
exp2_scaling,montecarlo,coarse_lock,10,measured,9,146,0.021542,392947,392947,0.000000,"{""user_lock_acquisitions"": 10}",2026-08-12T06:37:52Z
exp2_scaling,montecarlo,fine_lock,10,measured,13,147,0.505550,392947,392947,0.000000,"{""user_lock_acquisitions"": 500000}",2026-08-12T06:37:53Z
exp2_scaling,montecarlo,fp_reduce,10,measured,16,148,0.021614,392947,392947,0.000000,"{""user_lock_acquisitions"": 0}",2026-08-12T06:37:53Z
exp2_scaling,montecarlo,no_lock,10,measured,19,149,0.443803,69435,392947,82.329678,"{""user_lock_acquisitions"": 0}",2026-08-12T06:37:53Z
exp2_scaling,montecarlo,imp_threadlocal,10,measured,2,150,0.021196,392947,392947,0.000000,"{""user_lock_acquisitions"": 0}",2026-08-12T06:37:53Z
exp2_scaling,montecarlo,fine_lock,10,measured,15,151,0.526771,392947,392947,0.000000,"{""user_lock_acquisitions"": 500000}",2026-08-12T06:37:54Z
exp2_scaling,montecarlo,fp_reduce,10,measured,19,152,0.020887,392947,392947,0.000000,"{""user_lock_acquisitions"": 0}",2026-08-12T06:37:54Z
exp2_scaling,montecarlo,imp_threadlocal,10,measured,0,153,0.020934,392947,392947,0.000000,"{""user_lock_acquisitions"": 0}",2026-08-12T06:37:54Z
exp2_scaling,montecarlo,fp_reduce,10,measured,10,154,0.021265,392947,392947,0.000000,"{""user_lock_acquisitions"": 0}",2026-08-12T06:37:54Z
exp2_scaling,montecarlo,imp_threadlocal,10,measured,1,155,0.020441,392947,392947,0.000000,"{""user_lock_acquisitions"": 0}",2026-08-12T06:37:54Z
exp2_scaling,montecarlo,imp_threadlocal,10,measured,23,156,0.020102,392947,392947,0.000000,"{""user_lock_acquisitions"": 0}",2026-08-12T06:37:54Z
exp2_scaling,montecarlo,imp_threadlocal,10,measured,21,157,0.020579,392947,392947,0.000000,"{""user_lock_acquisitions"": 0}",2026-08-12T06:37:54Z
exp2_scaling,montecarlo,fp_reduce,10,measured,15,158,0.022118,392947,392947,0.000000,"{""user_lock_acquisitions"": 0}",2026-08-12T06:37:54Z
exp2_scaling,montecarlo,fp_reduce,10,measured,28,159,0.020337,392947,392947,0.000000,"{""user_lock_acquisitions"": 0}",2026-08-12T06:37:54Z
exp2_scaling,montecarlo,fp_reduce,10,measured,1,160,0.016973,392947,392947,0.000000,"{""user_lock_acquisitions"": 0}",2026-08-12T06:37:54Z
exp2_scaling,montecarlo,coarse_lock,10,measured,19,161,0.021828,392947,392947,0.000000,"{""user_lock_acquisitions"": 10}",2026-08-12T06:37:54Z
exp2_scaling,montecarlo,no_lock,10,measured,26,162,0.417335,72713,392947,81.495469,"{""user_lock_acquisitions"": 0}",2026-08-12T06:37:54Z
exp2_scaling,montecarlo,fine_lock,10,measured,17,163,0.519920,392947,392947,0.000000,"{""user_lock_acquisitions"": 500000}",2026-08-12T06:37:55Z
exp2_scaling,montecarlo,fine_lock,10,measured,20,164,0.483823,392947,392947,0.000000,"{""user_lock_acquisitions"": 500000}",2026-08-12T06:37:55Z
exp2_scaling,montecarlo,no_lock,12,warmup,2,0,0.676587,62579,392989,84.076145,"{""user_lock_acquisitions"": 0}",2026-08-12T06:37:56Z
exp2_scaling,montecarlo,no_lock,12,warmup,1,1,0.496810,62985,392989,83.972834,"{""user_lock_acquisitions"": 0}",2026-08-12T06:37:56Z
exp2_scaling,montecarlo,coarse_lock,12,warmup,2,2,0.018069,392989,392989,0.000000,"{""user_lock_acquisitions"": 12}",2026-08-12T06:37:56Z
exp2_scaling,montecarlo,imp_threadlocal,12,warmup,2,3,0.013581,392989,392989,0.000000,"{""user_lock_acquisitions"": 0}",2026-08-12T06:37:56Z
exp2_scaling,montecarlo,fp_reduce,12,warmup,0,4,0.017717,392989,392989,0.000000,"{""user_lock_acquisitions"": 0}",2026-08-12T06:37:56Z
exp2_scaling,montecarlo,fine_lock,12,warmup,2,5,0.709076,392989,392989,0.000000,"{""user_lock_acquisitions"": 500000}",2026-08-12T06:37:57Z
exp2_scaling,montecarlo,no_lock,12,warmup,0,6,0.461680,64620,392989,83.556792,"{""user_lock_acquisitions"": 0}",2026-08-12T06:37:58Z
exp2_scaling,montecarlo,fp_reduce,12,warmup,2,7,0.018078,392989,392989,0.000000,"{""user_lock_acquisitions"": 0}",2026-08-12T06:37:58Z
exp2_scaling,montecarlo,coarse_lock,12,warmup,0,8,0.017582,392989,392989,0.000000,"{""user_lock_acquisitions"": 12}",2026-08-12T06:37:58Z
exp2_scaling,montecarlo,fp_reduce,12,warmup,1,9,0.017739,392989,392989,0.000000,"{""user_lock_acquisitions"": 0}",2026-08-12T06:37:58Z
exp2_scaling,montecarlo,coarse_lock,12,warmup,1,10,0.017667,392989,392989,0.000000,"{""user_lock_acquisitions"": 12}",2026-08-12T06:37:58Z
exp2_scaling,montecarlo,fine_lock,12,warmup,1,11,0.628728,392989,392989,0.000000,"{""user_lock_acquisitions"": 500000}",2026-08-12T06:37:58Z
exp2_scaling,montecarlo,fine_lock,12,warmup,0,12,0.648540,392989,392989,0.000000,"{""user_lock_acquisitions"": 500000}",2026-08-12T06:37:59Z
exp2_scaling,montecarlo,imp_threadlocal,12,warmup,1,13,0.018060,392989,392989,0.000000,"{""user_lock_acquisitions"": 0}",2026-08-12T06:37:59Z
exp2_scaling,montecarlo,imp_threadlocal,12,warmup,0,14,0.017691,392989,392989,0.000000,"{""user_lock_acquisitions"": 0}",2026-08-12T06:37:59Z
exp2_scaling,montecarlo,fine_lock,12,measured,18,15,0.628348,392989,392989,0.000000,"{""user_lock_acquisitions"": 500000}",2026-08-12T06:38:00Z
exp2_scaling,montecarlo,imp_threadlocal,12,measured,16,16,0.018470,392989,392989,0.000000,"{""user_lock_acquisitions"": 0}",2026-08-12T06:38:00Z
exp2_scaling,montecarlo,fp_reduce,12,measured,2,17,0.017671,392989,392989,0.000000,"{""user_lock_acquisitions"": 0}",2026-08-12T06:38:00Z
exp2_scaling,montecarlo,fine_lock,12,measured,7,18,0.677146,392989,392989,0.000000,"{""user_lock_acquisitions"": 500000}",2026-08-12T06:38:00Z
exp2_scaling,montecarlo,imp_threadlocal,12,measured,10,19,0.018194,392989,392989,0.000000,"{""user_lock_acquisitions"": 0}",2026-08-12T06:38:00Z
exp2_scaling,montecarlo,coarse_lock,12,measured,1,20,0.017742,392989,392989,0.000000,"{""user_lock_acquisitions"": 12}",2026-08-12T06:38:00Z
exp2_scaling,montecarlo,no_lock,12,measured,14,21,0.498549,61672,392989,84.306940,"{""user_lock_acquisitions"": 0}",2026-08-12T06:38:01Z
exp2_scaling,montecarlo,no_lock,12,measured,20,22,0.491199,63860,392989,83.750181,"{""user_lock_acquisitions"": 0}",2026-08-12T06:38:01Z
exp2_scaling,montecarlo,fp_reduce,12,measured,7,23,0.018000,392989,392989,0.000000,"{""user_lock_acquisitions"": 0}",2026-08-12T06:38:01Z
exp2_scaling,montecarlo,fp_reduce,12,measured,22,24,0.018258,392989,392989,0.000000,"{""user_lock_acquisitions"": 0}",2026-08-12T06:38:01Z
exp2_scaling,montecarlo,coarse_lock,12,measured,10,25,0.017925,392989,392989,0.000000,"{""user_lock_acquisitions"": 12}",2026-08-12T06:38:01Z
exp2_scaling,montecarlo,fp_reduce,12,measured,26,26,0.017987,392989,392989,0.000000,"{""user_lock_acquisitions"": 0}",2026-08-12T06:38:01Z
exp2_scaling,montecarlo,coarse_lock,12,measured,7,27,0.017846,392989,392989,0.000000,"{""user_lock_acquisitions"": 12}",2026-08-12T06:38:01Z
exp2_scaling,montecarlo,no_lock,12,measured,1,28,0.531969,62341,392989,84.136706,"{""user_lock_acquisitions"": 0}",2026-08-12T06:38:02Z
exp2_scaling,montecarlo,no_lock,12,measured,24,29,0.545847,62858,392989,84.005150,"{""user_lock_acquisitions"": 0}",2026-08-12T06:38:02Z
exp2_scaling,montecarlo,no_lock,12,measured,19,30,0.493163,64030,392989,83.706923,"{""user_lock_acquisitions"": 0}",2026-08-12T06:38:03Z
exp2_scaling,montecarlo,fp_reduce,12,measured,27,31,0.017898,392989,392989,0.000000,"{""user_lock_acquisitions"": 0}",2026-08-12T06:38:03Z
exp2_scaling,montecarlo,imp_threadlocal,12,measured,28,32,0.018023,392989,392989,0.000000,"{""user_lock_acquisitions"": 0}",2026-08-12T06:38:03Z
exp2_scaling,montecarlo,fp_reduce,12,measured,17,33,0.018244,392989,392989,0.000000,"{""user_lock_acquisitions"": 0}",2026-08-12T06:38:03Z
exp2_scaling,montecarlo,fine_lock,12,measured,3,34,0.593232,392989,392989,0.000000,"{""user_lock_acquisitions"": 500000}",2026-08-12T06:38:04Z
exp2_scaling,montecarlo,coarse_lock,12,measured,11,35,0.018490,392989,392989,0.000000,"{""user_lock_acquisitions"": 12}",2026-08-12T06:38:04Z
exp2_scaling,montecarlo,coarse_lock,12,measured,3,36,0.018785,392989,392989,0.000000,"{""user_lock_acquisitions"": 12}",2026-08-12T06:38:04Z
exp2_scaling,montecarlo,imp_threadlocal,12,measured,7,37,0.017824,392989,392989,0.000000,"{""user_lock_acquisitions"": 0}",2026-08-12T06:38:04Z
exp2_scaling,montecarlo,fine_lock,12,measured,25,38,0.692728,392989,392989,0.000000,"{""user_lock_acquisitions"": 500000}",2026-08-12T06:38:04Z
exp2_scaling,montecarlo,imp_threadlocal,12,measured,20,39,0.017825,392989,392989,0.000000,"{""user_lock_acquisitions"": 0}",2026-08-12T06:38:04Z
exp2_scaling,montecarlo,coarse_lock,12,measured,2,40,0.017451,392989,392989,0.000000,"{""user_lock_acquisitions"": 12}",2026-08-12T06:38:04Z
exp2_scaling,montecarlo,coarse_lock,12,measured,28,41,0.017692,392989,392989,0.000000,"{""user_lock_acquisitions"": 12}",2026-08-12T06:38:04Z
exp2_scaling,montecarlo,coarse_lock,12,measured,27,42,0.017464,392989,392989,0.000000,"{""user_lock_acquisitions"": 12}",2026-08-12T06:38:04Z
exp2_scaling,montecarlo,fine_lock,12,measured,2,43,0.640207,392989,392989,0.000000,"{""user_lock_acquisitions"": 500000}",2026-08-12T06:38:05Z
exp2_scaling,montecarlo,fine_lock,12,measured,13,44,0.658318,392989,392989,0.000000,"{""user_lock_acquisitions"": 500000}",2026-08-12T06:38:06Z
exp2_scaling,montecarlo,fp_reduce,12,measured,29,45,0.013842,392989,392989,0.000000,"{""user_lock_acquisitions"": 0}",2026-08-12T06:38:06Z
exp2_scaling,montecarlo,no_lock,12,measured,6,46,0.526132,62977,392989,83.974870,"{""user_lock_acquisitions"": 0}",2026-08-12T06:38:06Z
exp2_scaling,montecarlo,coarse_lock,12,measured,0,47,0.018524,392989,392989,0.000000,"{""user_lock_acquisitions"": 12}",2026-08-12T06:38:06Z
exp2_scaling,montecarlo,coarse_lock,12,measured,20,48,0.017790,392989,392989,0.000000,"{""user_lock_acquisitions"": 12}",2026-08-12T06:38:06Z
exp2_scaling,montecarlo,fine_lock,12,measured,15,49,0.672102,392989,392989,0.000000,"{""user_lock_acquisitions"": 500000}",2026-08-12T06:38:07Z
exp2_scaling,montecarlo,fp_reduce,12,measured,11,50,0.018326,392989,392989,0.000000,"{""user_lock_acquisitions"": 0}",2026-08-12T06:38:07Z
exp2_scaling,montecarlo,no_lock,12,measured,26,51,0.520983,61149,392989,84.440022,"{""user_lock_acquisitions"": 0}",2026-08-12T06:38:08Z
exp2_scaling,montecarlo,imp_threadlocal,12,measured,8,52,0.019100,392989,392989,0.000000,"{""user_lock_acquisitions"": 0}",2026-08-12T06:38:08Z
exp2_scaling,montecarlo,fp_reduce,12,measured,23,53,0.018603,392989,392989,0.000000,"{""user_lock_acquisitions"": 0}",2026-08-12T06:38:08Z
exp2_scaling,montecarlo,fp_reduce,12,measured,18,54,0.018572,392989,392989,0.000000,"{""user_lock_acquisitions"": 0}",2026-08-12T06:38:08Z
exp2_scaling,montecarlo,imp_threadlocal,12,measured,15,55,0.018501,392989,392989,0.000000,"{""user_lock_acquisitions"": 0}",2026-08-12T06:38:08Z
exp2_scaling,montecarlo,fine_lock,12,measured,14,56,0.625389,392989,392989,0.000000,"{""user_lock_acquisitions"": 500000}",2026-08-12T06:38:08Z
exp2_scaling,montecarlo,fp_reduce,12,measured,13,57,0.017789,392989,392989,0.000000,"{""user_lock_acquisitions"": 0}",2026-08-12T06:38:08Z
exp2_scaling,montecarlo,fine_lock,12,measured,22,58,0.616617,392989,392989,0.000000,"{""user_lock_acquisitions"": 500000}",2026-08-12T06:38:09Z
exp2_scaling,montecarlo,no_lock,12,measured,16,59,0.459711,61567,392989,84.333658,"{""user_lock_acquisitions"": 0}",2026-08-12T06:38:09Z
exp2_scaling,montecarlo,fine_lock,12,measured,24,60,0.639779,392989,392989,0.000000,"{""user_lock_acquisitions"": 500000}",2026-08-12T06:38:10Z
exp2_scaling,montecarlo,coarse_lock,12,measured,22,61,0.018802,392989,392989,0.000000,"{""user_lock_acquisitions"": 12}",2026-08-12T06:38:10Z
exp2_scaling,montecarlo,fp_reduce,12,measured,14,62,0.018346,392989,392989,0.000000,"{""user_lock_acquisitions"": 0}",2026-08-12T06:38:10Z
exp2_scaling,montecarlo,imp_threadlocal,12,measured,27,63,0.018457,392989,392989,0.000000,"{""user_lock_acquisitions"": 0}",2026-08-12T06:38:10Z
exp2_scaling,montecarlo,imp_threadlocal,12,measured,3,64,0.018824,392989,392989,0.000000,"{""user_lock_acquisitions"": 0}",2026-08-12T06:38:10Z
exp2_scaling,montecarlo,no_lock,12,measured,29,65,0.587341,62518,392989,84.091667,"{""user_lock_acquisitions"": 0}",2026-08-12T06:38:11Z
exp2_scaling,montecarlo,imp_threadlocal,12,measured,26,66,0.018330,392989,392989,0.000000,"{""user_lock_acquisitions"": 0}",2026-08-12T06:38:11Z
exp2_scaling,montecarlo,fp_reduce,12,measured,1,67,0.018537,392989,392989,0.000000,"{""user_lock_acquisitions"": 0}",2026-08-12T06:38:11Z
exp2_scaling,montecarlo,fine_lock,12,measured,12,68,0.699140,392989,392989,0.000000,"{""user_lock_acquisitions"": 500000}",2026-08-12T06:38:11Z
exp2_scaling,montecarlo,imp_threadlocal,12,measured,9,69,0.018457,392989,392989,0.000000,"{""user_lock_acquisitions"": 0}",2026-08-12T06:38:11Z
exp2_scaling,montecarlo,imp_threadlocal,12,measured,29,70,0.018151,392989,392989,0.000000,"{""user_lock_acquisitions"": 0}",2026-08-12T06:38:11Z
exp2_scaling,montecarlo,imp_threadlocal,12,measured,17,71,0.018244,392989,392989,0.000000,"{""user_lock_acquisitions"": 0}",2026-08-12T06:38:11Z
exp2_scaling,montecarlo,imp_threadlocal,12,measured,0,72,0.018235,392989,392989,0.000000,"{""user_lock_acquisitions"": 0}",2026-08-12T06:38:11Z
exp2_scaling,montecarlo,fp_reduce,12,measured,3,73,0.018870,392989,392989,0.000000,"{""user_lock_acquisitions"": 0}",2026-08-12T06:38:11Z
exp2_scaling,montecarlo,fp_reduce,12,measured,6,74,0.018670,392989,392989,0.000000,"{""user_lock_acquisitions"": 0}",2026-08-12T06:38:11Z
exp2_scaling,montecarlo,coarse_lock,12,measured,6,75,0.018536,392989,392989,0.000000,"{""user_lock_acquisitions"": 12}",2026-08-12T06:38:11Z
exp2_scaling,montecarlo,coarse_lock,12,measured,8,76,0.017763,392989,392989,0.000000,"{""user_lock_acquisitions"": 12}",2026-08-12T06:38:12Z
exp2_scaling,montecarlo,imp_threadlocal,12,measured,14,77,0.017907,392989,392989,0.000000,"{""user_lock_acquisitions"": 0}",2026-08-12T06:38:12Z
exp2_scaling,montecarlo,fp_reduce,12,measured,0,78,0.017776,392989,392989,0.000000,"{""user_lock_acquisitions"": 0}",2026-08-12T06:38:12Z
exp2_scaling,montecarlo,imp_threadlocal,12,measured,1,79,0.017738,392989,392989,0.000000,"{""user_lock_acquisitions"": 0}",2026-08-12T06:38:12Z
exp2_scaling,montecarlo,no_lock,12,measured,8,80,0.446114,61391,392989,84.378443,"{""user_lock_acquisitions"": 0}",2026-08-12T06:38:12Z
exp2_scaling,montecarlo,imp_threadlocal,12,measured,21,81,0.018481,392989,392989,0.000000,"{""user_lock_acquisitions"": 0}",2026-08-12T06:38:12Z
exp2_scaling,montecarlo,imp_threadlocal,12,measured,5,82,0.018841,392989,392989,0.000000,"{""user_lock_acquisitions"": 0}",2026-08-12T06:38:12Z
exp2_scaling,montecarlo,no_lock,12,measured,11,83,0.564883,60836,392989,84.519668,"{""user_lock_acquisitions"": 0}",2026-08-12T06:38:13Z
exp2_scaling,montecarlo,coarse_lock,12,measured,5,84,0.018336,392989,392989,0.000000,"{""user_lock_acquisitions"": 12}",2026-08-12T06:38:13Z
exp2_scaling,montecarlo,no_lock,12,measured,17,85,0.530003,61833,392989,84.265972,"{""user_lock_acquisitions"": 0}",2026-08-12T06:38:13Z
exp2_scaling,montecarlo,no_lock,12,measured,10,86,0.525838,62954,392989,83.980722,"{""user_lock_acquisitions"": 0}",2026-08-12T06:38:14Z
exp2_scaling,montecarlo,imp_threadlocal,12,measured,19,87,0.018866,392989,392989,0.000000,"{""user_lock_acquisitions"": 0}",2026-08-12T06:38:14Z
exp2_scaling,montecarlo,fine_lock,12,measured,9,88,0.700232,392989,392989,0.000000,"{""user_lock_acquisitions"": 500000}",2026-08-12T06:38:14Z
exp2_scaling,montecarlo,fp_reduce,12,measured,15,89,0.018143,392989,392989,0.000000,"{""user_lock_acquisitions"": 0}",2026-08-12T06:38:14Z
exp2_scaling,montecarlo,coarse_lock,12,measured,14,90,0.017773,392989,392989,0.000000,"{""user_lock_acquisitions"": 12}",2026-08-12T06:38:14Z
exp2_scaling,montecarlo,no_lock,12,measured,28,91,0.544282,61633,392989,84.316864,"{""user_lock_acquisitions"": 0}",2026-08-12T06:38:15Z
exp2_scaling,montecarlo,fine_lock,12,measured,6,92,0.702698,392989,392989,0.000000,"{""user_lock_acquisitions"": 500000}",2026-08-12T06:38:16Z
exp2_scaling,montecarlo,coarse_lock,12,measured,19,93,0.018057,392989,392989,0.000000,"{""user_lock_acquisitions"": 12}",2026-08-12T06:38:16Z
exp2_scaling,montecarlo,fp_reduce,12,measured,4,94,0.013876,392989,392989,0.000000,"{""user_lock_acquisitions"": 0}",2026-08-12T06:38:16Z
exp2_scaling,montecarlo,fine_lock,12,measured,19,95,0.653289,392989,392989,0.000000,"{""user_lock_acquisitions"": 500000}",2026-08-12T06:38:16Z
exp2_scaling,montecarlo,fine_lock,12,measured,27,96,0.625023,392989,392989,0.000000,"{""user_lock_acquisitions"": 500000}",2026-08-12T06:38:17Z
exp2_scaling,montecarlo,fine_lock,12,measured,20,97,0.702529,392989,392989,0.000000,"{""user_lock_acquisitions"": 500000}",2026-08-12T06:38:18Z
exp2_scaling,montecarlo,no_lock,12,measured,12,98,0.556006,62082,392989,84.202611,"{""user_lock_acquisitions"": 0}",2026-08-12T06:38:18Z
exp2_scaling,montecarlo,no_lock,12,measured,23,99,0.581200,62117,392989,84.193705,"{""user_lock_acquisitions"": 0}",2026-08-12T06:38:19Z
exp2_scaling,montecarlo,no_lock,12,measured,4,100,0.560224,61777,392989,84.280222,"{""user_lock_acquisitions"": 0}",2026-08-12T06:38:19Z
exp2_scaling,montecarlo,imp_threadlocal,12,measured,4,101,0.018238,392989,392989,0.000000,"{""user_lock_acquisitions"": 0}",2026-08-12T06:38:19Z
exp2_scaling,montecarlo,fp_reduce,12,measured,12,102,0.017895,392989,392989,0.000000,"{""user_lock_acquisitions"": 0}",2026-08-12T06:38:19Z
exp2_scaling,montecarlo,fine_lock,12,measured,28,103,0.705039,392989,392989,0.000000,"{""user_lock_acquisitions"": 500000}",2026-08-12T06:38:20Z
exp2_scaling,montecarlo,fine_lock,12,measured,10,104,0.674271,392989,392989,0.000000,"{""user_lock_acquisitions"": 500000}",2026-08-12T06:38:21Z
exp2_scaling,montecarlo,fp_reduce,12,measured,21,105,0.017646,392989,392989,0.000000,"{""user_lock_acquisitions"": 0}",2026-08-12T06:38:21Z
exp2_scaling,montecarlo,fine_lock,12,measured,8,106,0.667151,392989,392989,0.000000,"{""user_lock_acquisitions"": 500000}",2026-08-12T06:38:21Z
exp2_scaling,montecarlo,no_lock,12,measured,13,107,0.555172,61567,392989,84.333658,"{""user_lock_acquisitions"": 0}",2026-08-12T06:38:22Z
exp2_scaling,montecarlo,imp_threadlocal,12,measured,23,108,0.019472,392989,392989,0.000000,"{""user_lock_acquisitions"": 0}",2026-08-12T06:38:22Z
exp2_scaling,montecarlo,no_lock,12,measured,21,109,0.576702,61066,392989,84.461143,"{""user_lock_acquisitions"": 0}",2026-08-12T06:38:23Z
exp2_scaling,montecarlo,coarse_lock,12,measured,23,110,0.018841,392989,392989,0.000000,"{""user_lock_acquisitions"": 12}",2026-08-12T06:38:23Z
exp2_scaling,montecarlo,fp_reduce,12,measured,20,111,0.018624,392989,392989,0.000000,"{""user_lock_acquisitions"": 0}",2026-08-12T06:38:23Z
exp2_scaling,montecarlo,fp_reduce,12,measured,19,112,0.019006,392989,392989,0.000000,"{""user_lock_acquisitions"": 0}",2026-08-12T06:38:23Z
exp2_scaling,montecarlo,no_lock,12,measured,9,113,0.470960,64394,392989,83.614300,"{""user_lock_acquisitions"": 0}",2026-08-12T06:38:23Z
exp2_scaling,montecarlo,imp_threadlocal,12,measured,11,114,0.018449,392989,392989,0.000000,"{""user_lock_acquisitions"": 0}",2026-08-12T06:38:23Z
exp2_scaling,montecarlo,fp_reduce,12,measured,24,115,0.018230,392989,392989,0.000000,"{""user_lock_acquisitions"": 0}",2026-08-12T06:38:23Z
exp2_scaling,montecarlo,imp_threadlocal,12,measured,18,116,0.019007,392989,392989,0.000000,"{""user_lock_acquisitions"": 0}",2026-08-12T06:38:23Z
exp2_scaling,montecarlo,coarse_lock,12,measured,18,117,0.018614,392989,392989,0.000000,"{""user_lock_acquisitions"": 12}",2026-08-12T06:38:23Z
exp2_scaling,montecarlo,fine_lock,12,measured,21,118,0.659151,392989,392989,0.000000,"{""user_lock_acquisitions"": 500000}",2026-08-12T06:38:24Z
exp2_scaling,montecarlo,no_lock,12,measured,3,119,0.550747,62435,392989,84.112787,"{""user_lock_acquisitions"": 0}",2026-08-12T06:38:24Z
exp2_scaling,montecarlo,imp_threadlocal,12,measured,6,120,0.018196,392989,392989,0.000000,"{""user_lock_acquisitions"": 0}",2026-08-12T06:38:24Z
exp2_scaling,montecarlo,fine_lock,12,measured,17,121,0.644330,392989,392989,0.000000,"{""user_lock_acquisitions"": 500000}",2026-08-12T06:38:25Z
exp2_scaling,montecarlo,no_lock,12,measured,5,122,0.498367,61124,392989,84.446384,"{""user_lock_acquisitions"": 0}",2026-08-12T06:38:26Z
exp2_scaling,montecarlo,coarse_lock,12,measured,21,123,0.018287,392989,392989,0.000000,"{""user_lock_acquisitions"": 12}",2026-08-12T06:38:26Z
exp2_scaling,montecarlo,fine_lock,12,measured,0,124,0.608699,392989,392989,0.000000,"{""user_lock_acquisitions"": 500000}",2026-08-12T06:38:26Z
exp2_scaling,montecarlo,coarse_lock,12,measured,4,125,0.018493,392989,392989,0.000000,"{""user_lock_acquisitions"": 12}",2026-08-12T06:38:26Z
exp2_scaling,montecarlo,fp_reduce,12,measured,16,126,0.018574,392989,392989,0.000000,"{""user_lock_acquisitions"": 0}",2026-08-12T06:38:26Z
exp2_scaling,montecarlo,fine_lock,12,measured,29,127,0.641378,392989,392989,0.000000,"{""user_lock_acquisitions"": 500000}",2026-08-12T06:38:27Z
exp2_scaling,montecarlo,imp_threadlocal,12,measured,2,128,0.018079,392989,392989,0.000000,"{""user_lock_acquisitions"": 0}",2026-08-12T06:38:27Z
exp2_scaling,montecarlo,no_lock,12,measured,15,129,0.491040,62198,392989,84.173094,"{""user_lock_acquisitions"": 0}",2026-08-12T06:38:27Z
exp2_scaling,montecarlo,imp_threadlocal,12,measured,13,130,0.017955,392989,392989,0.000000,"{""user_lock_acquisitions"": 0}",2026-08-12T06:38:27Z
exp2_scaling,montecarlo,coarse_lock,12,measured,26,131,0.017626,392989,392989,0.000000,"{""user_lock_acquisitions"": 12}",2026-08-12T06:38:27Z
exp2_scaling,montecarlo,fine_lock,12,measured,1,132,0.659612,392989,392989,0.000000,"{""user_lock_acquisitions"": 500000}",2026-08-12T06:38:28Z
exp2_scaling,montecarlo,fine_lock,12,measured,11,133,0.674991,392989,392989,0.000000,"{""user_lock_acquisitions"": 500000}",2026-08-12T06:38:29Z
exp2_scaling,montecarlo,no_lock,12,measured,2,134,0.530420,60276,392989,84.662166,"{""user_lock_acquisitions"": 0}",2026-08-12T06:38:29Z
exp2_scaling,montecarlo,fine_lock,12,measured,5,135,0.660544,392989,392989,0.000000,"{""user_lock_acquisitions"": 500000}",2026-08-12T06:38:30Z
exp2_scaling,montecarlo,coarse_lock,12,measured,15,136,0.017766,392989,392989,0.000000,"{""user_lock_acquisitions"": 12}",2026-08-12T06:38:30Z
exp2_scaling,montecarlo,coarse_lock,12,measured,12,137,0.017940,392989,392989,0.000000,"{""user_lock_acquisitions"": 12}",2026-08-12T06:38:30Z
exp2_scaling,montecarlo,fp_reduce,12,measured,25,138,0.017948,392989,392989,0.000000,"{""user_lock_acquisitions"": 0}",2026-08-12T06:38:30Z
exp2_scaling,montecarlo,fp_reduce,12,measured,9,139,0.018114,392989,392989,0.000000,"{""user_lock_acquisitions"": 0}",2026-08-12T06:38:30Z
exp2_scaling,montecarlo,imp_threadlocal,12,measured,22,140,0.018491,392989,392989,0.000000,"{""user_lock_acquisitions"": 0}",2026-08-12T06:38:30Z
exp2_scaling,montecarlo,coarse_lock,12,measured,13,141,0.019795,392989,392989,0.000000,"{""user_lock_acquisitions"": 12}",2026-08-12T06:38:30Z
exp2_scaling,montecarlo,coarse_lock,12,measured,24,142,0.018659,392989,392989,0.000000,"{""user_lock_acquisitions"": 12}",2026-08-12T06:38:30Z
exp2_scaling,montecarlo,no_lock,12,measured,25,143,0.568894,61391,392989,84.378443,"{""user_lock_acquisitions"": 0}",2026-08-12T06:38:31Z
exp2_scaling,montecarlo,no_lock,12,measured,0,144,0.520317,61275,392989,84.407961,"{""user_lock_acquisitions"": 0}",2026-08-12T06:38:31Z
exp2_scaling,montecarlo,fp_reduce,12,measured,28,145,0.018026,392989,392989,0.000000,"{""user_lock_acquisitions"": 0}",2026-08-12T06:38:31Z
exp2_scaling,montecarlo,imp_threadlocal,12,measured,24,146,0.018001,392989,392989,0.000000,"{""user_lock_acquisitions"": 0}",2026-08-12T06:38:31Z
exp2_scaling,montecarlo,coarse_lock,12,measured,16,147,0.018240,392989,392989,0.000000,"{""user_lock_acquisitions"": 12}",2026-08-12T06:38:31Z
exp2_scaling,montecarlo,imp_threadlocal,12,measured,12,148,0.018336,392989,392989,0.000000,"{""user_lock_acquisitions"": 0}",2026-08-12T06:38:31Z
exp2_scaling,montecarlo,no_lock,12,measured,7,149,0.534680,62003,392989,84.222714,"{""user_lock_acquisitions"": 0}",2026-08-12T06:38:32Z
exp2_scaling,montecarlo,fine_lock,12,measured,26,150,0.660213,392989,392989,0.000000,"{""user_lock_acquisitions"": 500000}",2026-08-12T06:38:32Z
exp2_scaling,montecarlo,fp_reduce,12,measured,10,151,0.018146,392989,392989,0.000000,"{""user_lock_acquisitions"": 0}",2026-08-12T06:38:33Z
exp2_scaling,montecarlo,no_lock,12,measured,22,152,0.551989,62781,392989,84.024744,"{""user_lock_acquisitions"": 0}",2026-08-12T06:38:33Z
exp2_scaling,montecarlo,fp_reduce,12,measured,5,153,0.018918,392989,392989,0.000000,"{""user_lock_acquisitions"": 0}",2026-08-12T06:38:33Z
exp2_scaling,montecarlo,fine_lock,12,measured,4,154,0.670092,392989,392989,0.000000,"{""user_lock_acquisitions"": 500000}",2026-08-12T06:38:34Z
exp2_scaling,montecarlo,coarse_lock,12,measured,29,155,0.019222,392989,392989,0.000000,"{""user_lock_acquisitions"": 12}",2026-08-12T06:38:34Z
exp2_scaling,montecarlo,fine_lock,12,measured,23,156,0.589875,392989,392989,0.000000,"{""user_lock_acquisitions"": 500000}",2026-08-12T06:38:34Z
exp2_scaling,montecarlo,fp_reduce,12,measured,8,157,0.018027,392989,392989,0.000000,"{""user_lock_acquisitions"": 0}",2026-08-12T06:38:34Z
exp2_scaling,montecarlo,no_lock,12,measured,18,158,0.587460,60634,392989,84.571069,"{""user_lock_acquisitions"": 0}",2026-08-12T06:38:35Z
exp2_scaling,montecarlo,imp_threadlocal,12,measured,25,159,0.018332,392989,392989,0.000000,"{""user_lock_acquisitions"": 0}",2026-08-12T06:38:35Z
exp2_scaling,montecarlo,coarse_lock,12,measured,25,160,0.018705,392989,392989,0.000000,"{""user_lock_acquisitions"": 12}",2026-08-12T06:38:35Z
exp2_scaling,montecarlo,coarse_lock,12,measured,17,161,0.017777,392989,392989,0.000000,"{""user_lock_acquisitions"": 12}",2026-08-12T06:38:35Z
exp2_scaling,montecarlo,fine_lock,12,measured,16,162,0.644796,392989,392989,0.000000,"{""user_lock_acquisitions"": 500000}",2026-08-12T06:38:36Z
exp2_scaling,montecarlo,no_lock,12,measured,27,163,0.511011,61568,392989,84.333404,"{""user_lock_acquisitions"": 0}",2026-08-12T06:38:36Z
exp2_scaling,montecarlo,coarse_lock,12,measured,9,164,0.018053,392989,392989,0.000000,"{""user_lock_acquisitions"": 12}",2026-08-12T06:38:36Z
exp2_scaling,montecarlo,fp_reduce,14,warmup,1,0,0.131974,393024,393024,0.000000,"{""user_lock_acquisitions"": 0}",2026-08-12T06:38:36Z
exp2_scaling,montecarlo,no_lock,14,warmup,1,1,0.626405,54737,393024,86.072861,"{""user_lock_acquisitions"": 0}",2026-08-12T06:38:37Z
exp2_scaling,montecarlo,no_lock,14,warmup,2,2,0.610376,54988,393024,86.008997,"{""user_lock_acquisitions"": 0}",2026-08-12T06:38:38Z
exp2_scaling,montecarlo,coarse_lock,14,warmup,0,3,0.016645,393024,393024,0.000000,"{""user_lock_acquisitions"": 14}",2026-08-12T06:38:38Z
exp2_scaling,montecarlo,imp_threadlocal,14,warmup,0,4,0.016321,393024,393024,0.000000,"{""user_lock_acquisitions"": 0}",2026-08-12T06:38:38Z
exp2_scaling,montecarlo,no_lock,14,warmup,0,5,0.628121,54634,393024,86.099068,"{""user_lock_acquisitions"": 0}",2026-08-12T06:38:38Z
exp2_scaling,montecarlo,fine_lock,14,warmup,2,6,0.803610,393024,393024,0.000000,"{""user_lock_acquisitions"": 500000}",2026-08-12T06:38:39Z
exp2_scaling,montecarlo,imp_threadlocal,14,warmup,1,7,0.016567,393024,393024,0.000000,"{""user_lock_acquisitions"": 0}",2026-08-12T06:38:39Z
exp2_scaling,montecarlo,fine_lock,14,warmup,0,8,0.873034,393024,393024,0.000000,"{""user_lock_acquisitions"": 500000}",2026-08-12T06:38:40Z
exp2_scaling,montecarlo,coarse_lock,14,warmup,1,9,0.016575,393024,393024,0.000000,"{""user_lock_acquisitions"": 14}",2026-08-12T06:38:40Z
exp2_scaling,montecarlo,fine_lock,14,warmup,1,10,0.868289,393024,393024,0.000000,"{""user_lock_acquisitions"": 500000}",2026-08-12T06:38:41Z
exp2_scaling,montecarlo,imp_threadlocal,14,warmup,2,11,0.016180,393024,393024,0.000000,"{""user_lock_acquisitions"": 0}",2026-08-12T06:38:41Z
exp2_scaling,montecarlo,fp_reduce,14,warmup,0,12,0.016850,393024,393024,0.000000,"{""user_lock_acquisitions"": 0}",2026-08-12T06:38:41Z
exp2_scaling,montecarlo,fp_reduce,14,warmup,2,13,0.015683,393024,393024,0.000000,"{""user_lock_acquisitions"": 0}",2026-08-12T06:38:41Z
exp2_scaling,montecarlo,coarse_lock,14,warmup,2,14,0.015889,393024,393024,0.000000,"{""user_lock_acquisitions"": 14}",2026-08-12T06:38:41Z
exp2_scaling,montecarlo,no_lock,14,measured,27,15,0.629378,54609,393024,86.105429,"{""user_lock_acquisitions"": 0}",2026-08-12T06:38:41Z
exp2_scaling,montecarlo,fp_reduce,14,measured,2,16,0.017115,393024,393024,0.000000,"{""user_lock_acquisitions"": 0}",2026-08-12T06:38:42Z
exp2_scaling,montecarlo,no_lock,14,measured,22,17,0.623641,54606,393024,86.106192,"{""user_lock_acquisitions"": 0}",2026-08-12T06:38:42Z
exp2_scaling,montecarlo,coarse_lock,14,measured,28,18,0.016594,393024,393024,0.000000,"{""user_lock_acquisitions"": 14}",2026-08-12T06:38:42Z
exp2_scaling,montecarlo,fp_reduce,14,measured,16,19,0.016064,393024,393024,0.000000,"{""user_lock_acquisitions"": 0}",2026-08-12T06:38:42Z
exp2_scaling,montecarlo,fp_reduce,14,measured,26,20,0.015991,393024,393024,0.000000,"{""user_lock_acquisitions"": 0}",2026-08-12T06:38:42Z
exp2_scaling,montecarlo,no_lock,14,measured,16,21,0.693106,54192,393024,86.211529,"{""user_lock_acquisitions"": 0}",2026-08-12T06:38:43Z
exp2_scaling,montecarlo,imp_threadlocal,14,measured,21,22,0.016555,393024,393024,0.000000,"{""user_lock_acquisitions"": 0}",2026-08-12T06:38:43Z
exp2_scaling,montecarlo,no_lock,14,measured,23,23,0.631115,53865,393024,86.294730,"{""user_lock_acquisitions"": 0}",2026-08-12T06:38:44Z
exp2_scaling,montecarlo,coarse_lock,14,measured,25,24,0.012600,393024,393024,0.000000,"{""user_lock_acquisitions"": 14}",2026-08-12T06:38:44Z
exp2_scaling,montecarlo,no_lock,14,measured,11,25,0.628595,54969,393024,86.013831,"{""user_lock_acquisitions"": 0}",2026-08-12T06:38:44Z
exp2_scaling,montecarlo,fine_lock,14,measured,17,26,0.867631,393024,393024,0.000000,"{""user_lock_acquisitions"": 500000}",2026-08-12T06:38:45Z
exp2_scaling,montecarlo,fine_lock,14,measured,14,27,0.852509,393024,393024,0.000000,"{""user_lock_acquisitions"": 500000}",2026-08-12T06:38:46Z
exp2_scaling,montecarlo,fine_lock,14,measured,10,28,0.821592,393024,393024,0.000000,"{""user_lock_acquisitions"": 500000}",2026-08-12T06:38:47Z
exp2_scaling,montecarlo,fine_lock,14,measured,11,29,0.829787,393024,393024,0.000000,"{""user_lock_acquisitions"": 500000}",2026-08-12T06:38:48Z
exp2_scaling,montecarlo,fp_reduce,14,measured,10,30,0.016360,393024,393024,0.000000,"{""user_lock_acquisitions"": 0}",2026-08-12T06:38:48Z
exp2_scaling,montecarlo,fine_lock,14,measured,6,31,0.871829,393024,393024,0.000000,"{""user_lock_acquisitions"": 500000}",2026-08-12T06:38:48Z
exp2_scaling,montecarlo,imp_threadlocal,14,measured,23,32,0.015790,393024,393024,0.000000,"{""user_lock_acquisitions"": 0}",2026-08-12T06:38:48Z
exp2_scaling,montecarlo,fp_reduce,14,measured,13,33,0.015771,393024,393024,0.000000,"{""user_lock_acquisitions"": 0}",2026-08-12T06:38:48Z
exp2_scaling,montecarlo,fine_lock,14,measured,29,34,0.854466,393024,393024,0.000000,"{""user_lock_acquisitions"": 500000}",2026-08-12T06:38:49Z
exp2_scaling,montecarlo,fp_reduce,14,measured,19,35,0.015964,393024,393024,0.000000,"{""user_lock_acquisitions"": 0}",2026-08-12T06:38:49Z
exp2_scaling,montecarlo,coarse_lock,14,measured,17,36,0.015930,393024,393024,0.000000,"{""user_lock_acquisitions"": 14}",2026-08-12T06:38:49Z
exp2_scaling,montecarlo,coarse_lock,14,measured,7,37,0.015999,393024,393024,0.000000,"{""user_lock_acquisitions"": 14}",2026-08-12T06:38:49Z
exp2_scaling,montecarlo,imp_threadlocal,14,measured,18,38,0.015759,393024,393024,0.000000,"{""user_lock_acquisitions"": 0}",2026-08-12T06:38:49Z
exp2_scaling,montecarlo,fine_lock,14,measured,0,39,0.837629,393024,393024,0.000000,"{""user_lock_acquisitions"": 500000}",2026-08-12T06:38:50Z
exp2_scaling,montecarlo,imp_threadlocal,14,measured,3,40,0.017010,393024,393024,0.000000,"{""user_lock_acquisitions"": 0}",2026-08-12T06:38:50Z
exp2_scaling,montecarlo,fp_reduce,14,measured,9,41,0.015526,393024,393024,0.000000,"{""user_lock_acquisitions"": 0}",2026-08-12T06:38:50Z
exp2_scaling,montecarlo,fine_lock,14,measured,28,42,0.833572,393024,393024,0.000000,"{""user_lock_acquisitions"": 500000}",2026-08-12T06:38:51Z
exp2_scaling,montecarlo,fp_reduce,14,measured,6,43,0.017275,393024,393024,0.000000,"{""user_lock_acquisitions"": 0}",2026-08-12T06:38:51Z
exp2_scaling,montecarlo,imp_threadlocal,14,measured,12,44,0.016119,393024,393024,0.000000,"{""user_lock_acquisitions"": 0}",2026-08-12T06:38:51Z
exp2_scaling,montecarlo,fine_lock,14,measured,2,45,0.839505,393024,393024,0.000000,"{""user_lock_acquisitions"": 500000}",2026-08-12T06:38:52Z
exp2_scaling,montecarlo,fine_lock,14,measured,13,46,0.804714,393024,393024,0.000000,"{""user_lock_acquisitions"": 500000}",2026-08-12T06:38:53Z
exp2_scaling,montecarlo,imp_threadlocal,14,measured,6,47,0.015942,393024,393024,0.000000,"{""user_lock_acquisitions"": 0}",2026-08-12T06:38:53Z
exp2_scaling,montecarlo,fine_lock,14,measured,18,48,0.842527,393024,393024,0.000000,"{""user_lock_acquisitions"": 500000}",2026-08-12T06:38:54Z
exp2_scaling,montecarlo,coarse_lock,14,measured,2,49,0.016376,393024,393024,0.000000,"{""user_lock_acquisitions"": 14}",2026-08-12T06:38:54Z
exp2_scaling,montecarlo,imp_threadlocal,14,measured,2,50,0.015675,393024,393024,0.000000,"{""user_lock_acquisitions"": 0}",2026-08-12T06:38:54Z
exp2_scaling,montecarlo,no_lock,14,measured,6,51,0.657279,54145,393024,86.223488,"{""user_lock_acquisitions"": 0}",2026-08-12T06:38:54Z
exp2_scaling,montecarlo,imp_threadlocal,14,measured,8,52,0.016979,393024,393024,0.000000,"{""user_lock_acquisitions"": 0}",2026-08-12T06:38:54Z
exp2_scaling,montecarlo,no_lock,14,measured,0,53,0.645089,54612,393024,86.104665,"{""user_lock_acquisitions"": 0}",2026-08-12T06:38:55Z
exp2_scaling,montecarlo,fp_reduce,14,measured,20,54,0.016713,393024,393024,0.000000,"{""user_lock_acquisitions"": 0}",2026-08-12T06:38:55Z
exp2_scaling,montecarlo,no_lock,14,measured,4,55,0.680284,53259,393024,86.448919,"{""user_lock_acquisitions"": 0}",2026-08-12T06:38:56Z
exp2_scaling,montecarlo,fp_reduce,14,measured,29,56,0.013010,393024,393024,0.000000,"{""user_lock_acquisitions"": 0}",2026-08-12T06:38:56Z
exp2_scaling,montecarlo,no_lock,14,measured,9,57,0.637469,51238,393024,86.963137,"{""user_lock_acquisitions"": 0}",2026-08-12T06:38:56Z
exp2_scaling,montecarlo,coarse_lock,14,measured,10,58,0.016265,393024,393024,0.000000,"{""user_lock_acquisitions"": 14}",2026-08-12T06:38:56Z
exp2_scaling,montecarlo,fp_reduce,14,measured,12,59,0.016885,393024,393024,0.000000,"{""user_lock_acquisitions"": 0}",2026-08-12T06:38:56Z
exp2_scaling,montecarlo,fp_reduce,14,measured,11,60,0.016958,393024,393024,0.000000,"{""user_lock_acquisitions"": 0}",2026-08-12T06:38:56Z
exp2_scaling,montecarlo,fine_lock,14,measured,25,61,0.840076,393024,393024,0.000000,"{""user_lock_acquisitions"": 500000}",2026-08-12T06:38:57Z
exp2_scaling,montecarlo,coarse_lock,14,measured,9,62,0.016331,393024,393024,0.000000,"{""user_lock_acquisitions"": 14}",2026-08-12T06:38:57Z
exp2_scaling,montecarlo,imp_threadlocal,14,measured,1,63,0.016550,393024,393024,0.000000,"{""user_lock_acquisitions"": 0}",2026-08-12T06:38:57Z
exp2_scaling,montecarlo,no_lock,14,measured,2,64,0.667996,54385,393024,86.162423,"{""user_lock_acquisitions"": 0}",2026-08-12T06:38:58Z
exp2_scaling,montecarlo,fp_reduce,14,measured,23,65,0.016525,393024,393024,0.000000,"{""user_lock_acquisitions"": 0}",2026-08-12T06:38:58Z
exp2_scaling,montecarlo,no_lock,14,measured,25,66,0.628920,56001,393024,85.751252,"{""user_lock_acquisitions"": 0}",2026-08-12T06:38:59Z
exp2_scaling,montecarlo,no_lock,14,measured,29,67,0.627309,53718,393024,86.332132,"{""user_lock_acquisitions"": 0}",2026-08-12T06:38:59Z
exp2_scaling,montecarlo,no_lock,14,measured,10,68,0.672064,53904,393024,86.284807,"{""user_lock_acquisitions"": 0}",2026-08-12T06:39:00Z
exp2_scaling,montecarlo,imp_threadlocal,14,measured,25,69,0.016517,393024,393024,0.000000,"{""user_lock_acquisitions"": 0}",2026-08-12T06:39:00Z
exp2_scaling,montecarlo,coarse_lock,14,measured,4,70,0.016114,393024,393024,0.000000,"{""user_lock_acquisitions"": 14}",2026-08-12T06:39:00Z
exp2_scaling,montecarlo,no_lock,14,measured,19,71,0.639430,53040,393024,86.504641,"{""user_lock_acquisitions"": 0}",2026-08-12T06:39:01Z
exp2_scaling,montecarlo,imp_threadlocal,14,measured,4,72,0.016265,393024,393024,0.000000,"{""user_lock_acquisitions"": 0}",2026-08-12T06:39:01Z
exp2_scaling,montecarlo,fine_lock,14,measured,12,73,0.951497,393024,393024,0.000000,"{""user_lock_acquisitions"": 500000}",2026-08-12T06:39:02Z
exp2_scaling,montecarlo,imp_threadlocal,14,measured,27,74,0.016109,393024,393024,0.000000,"{""user_lock_acquisitions"": 0}",2026-08-12T06:39:02Z
exp2_scaling,montecarlo,no_lock,14,measured,18,75,0.697390,54735,393024,86.073370,"{""user_lock_acquisitions"": 0}",2026-08-12T06:39:02Z
exp2_scaling,montecarlo,fp_reduce,14,measured,1,76,0.016447,393024,393024,0.000000,"{""user_lock_acquisitions"": 0}",2026-08-12T06:39:02Z
exp2_scaling,montecarlo,fp_reduce,14,measured,14,77,0.016026,393024,393024,0.000000,"{""user_lock_acquisitions"": 0}",2026-08-12T06:39:02Z
exp2_scaling,montecarlo,imp_threadlocal,14,measured,20,78,0.017089,393024,393024,0.000000,"{""user_lock_acquisitions"": 0}",2026-08-12T06:39:02Z
exp2_scaling,montecarlo,coarse_lock,14,measured,26,79,0.015633,393024,393024,0.000000,"{""user_lock_acquisitions"": 14}",2026-08-12T06:39:02Z
exp2_scaling,montecarlo,no_lock,14,measured,15,80,0.673844,54040,393024,86.250204,"{""user_lock_acquisitions"": 0}",2026-08-12T06:39:03Z
exp2_scaling,montecarlo,imp_threadlocal,14,measured,26,81,0.016478,393024,393024,0.000000,"{""user_lock_acquisitions"": 0}",2026-08-12T06:39:03Z
exp2_scaling,montecarlo,imp_threadlocal,14,measured,19,82,0.016116,393024,393024,0.000000,"{""user_lock_acquisitions"": 0}",2026-08-12T06:39:03Z
exp2_scaling,montecarlo,fp_reduce,14,measured,7,83,0.016232,393024,393024,0.000000,"{""user_lock_acquisitions"": 0}",2026-08-12T06:39:03Z
exp2_scaling,montecarlo,coarse_lock,14,measured,12,84,0.016525,393024,393024,0.000000,"{""user_lock_acquisitions"": 14}",2026-08-12T06:39:03Z
exp2_scaling,montecarlo,coarse_lock,14,measured,24,85,0.015517,393024,393024,0.000000,"{""user_lock_acquisitions"": 14}",2026-08-12T06:39:03Z
exp2_scaling,montecarlo,coarse_lock,14,measured,11,86,0.016219,393024,393024,0.000000,"{""user_lock_acquisitions"": 14}",2026-08-12T06:39:03Z
exp2_scaling,montecarlo,coarse_lock,14,measured,22,87,0.014246,393024,393024,0.000000,"{""user_lock_acquisitions"": 14}",2026-08-12T06:39:03Z
exp2_scaling,montecarlo,coarse_lock,14,measured,0,88,0.016554,393024,393024,0.000000,"{""user_lock_acquisitions"": 14}",2026-08-12T06:39:03Z
exp2_scaling,montecarlo,imp_threadlocal,14,measured,17,89,0.016013,393024,393024,0.000000,"{""user_lock_acquisitions"": 0}",2026-08-12T06:39:03Z
exp2_scaling,montecarlo,no_lock,14,measured,1,90,0.793637,52071,393024,86.751191,"{""user_lock_acquisitions"": 0}",2026-08-12T06:39:04Z
exp2_scaling,montecarlo,imp_threadlocal,14,measured,14,91,0.014204,393024,393024,0.000000,"{""user_lock_acquisitions"": 0}",2026-08-12T06:39:04Z
exp2_scaling,montecarlo,imp_threadlocal,14,measured,15,92,0.016106,393024,393024,0.000000,"{""user_lock_acquisitions"": 0}",2026-08-12T06:39:04Z
exp2_scaling,montecarlo,imp_threadlocal,14,measured,0,93,0.015728,393024,393024,0.000000,"{""user_lock_acquisitions"": 0}",2026-08-12T06:39:04Z
exp2_scaling,montecarlo,fp_reduce,14,measured,22,94,0.016232,393024,393024,0.000000,"{""user_lock_acquisitions"": 0}",2026-08-12T06:39:04Z
exp2_scaling,montecarlo,no_lock,14,measured,26,95,0.732885,52942,393024,86.529576,"{""user_lock_acquisitions"": 0}",2026-08-12T06:39:05Z
exp2_scaling,montecarlo,coarse_lock,14,measured,16,96,0.016592,393024,393024,0.000000,"{""user_lock_acquisitions"": 14}",2026-08-12T06:39:05Z
exp2_scaling,montecarlo,no_lock,14,measured,5,97,0.714349,55398,393024,85.904678,"{""user_lock_acquisitions"": 0}",2026-08-12T06:39:05Z
exp2_scaling,montecarlo,imp_threadlocal,14,measured,28,98,0.016868,393024,393024,0.000000,"{""user_lock_acquisitions"": 0}",2026-08-12T06:39:05Z
exp2_scaling,montecarlo,fine_lock,14,measured,23,99,0.888121,393024,393024,0.000000,"{""user_lock_acquisitions"": 500000}",2026-08-12T06:39:06Z
exp2_scaling,montecarlo,imp_threadlocal,14,measured,7,100,0.016264,393024,393024,0.000000,"{""user_lock_acquisitions"": 0}",2026-08-12T06:39:06Z
exp2_scaling,montecarlo,imp_threadlocal,14,measured,29,101,0.015852,393024,393024,0.000000,"{""user_lock_acquisitions"": 0}",2026-08-12T06:39:06Z
exp2_scaling,montecarlo,coarse_lock,14,measured,1,102,0.016128,393024,393024,0.000000,"{""user_lock_acquisitions"": 14}",2026-08-12T06:39:06Z
exp2_scaling,montecarlo,no_lock,14,measured,3,103,0.627571,55738,393024,85.818169,"{""user_lock_acquisitions"": 0}",2026-08-12T06:39:07Z
exp2_scaling,montecarlo,coarse_lock,14,measured,8,104,0.016645,393024,393024,0.000000,"{""user_lock_acquisitions"": 14}",2026-08-12T06:39:07Z
exp2_scaling,montecarlo,coarse_lock,14,measured,23,105,0.015983,393024,393024,0.000000,"{""user_lock_acquisitions"": 14}",2026-08-12T06:39:07Z
exp2_scaling,montecarlo,fp_reduce,14,measured,25,106,0.016759,393024,393024,0.000000,"{""user_lock_acquisitions"": 0}",2026-08-12T06:39:07Z
exp2_scaling,montecarlo,fp_reduce,14,measured,3,107,0.016236,393024,393024,0.000000,"{""user_lock_acquisitions"": 0}",2026-08-12T06:39:07Z
exp2_scaling,montecarlo,fine_lock,14,measured,24,108,0.846143,393024,393024,0.000000,"{""user_lock_acquisitions"": 500000}",2026-08-12T06:39:08Z
exp2_scaling,montecarlo,fine_lock,14,measured,3,109,0.983433,393024,393024,0.000000,"{""user_lock_acquisitions"": 500000}",2026-08-12T06:39:09Z
exp2_scaling,montecarlo,no_lock,14,measured,20,110,0.679146,52881,393024,86.545096,"{""user_lock_acquisitions"": 0}",2026-08-12T06:39:10Z
exp2_scaling,montecarlo,fine_lock,14,measured,9,111,0.889970,393024,393024,0.000000,"{""user_lock_acquisitions"": 500000}",2026-08-12T06:39:10Z
exp2_scaling,montecarlo,fine_lock,14,measured,21,112,0.815824,393024,393024,0.000000,"{""user_lock_acquisitions"": 500000}",2026-08-12T06:39:11Z
exp2_scaling,montecarlo,coarse_lock,14,measured,14,113,0.015665,393024,393024,0.000000,"{""user_lock_acquisitions"": 14}",2026-08-12T06:39:11Z
exp2_scaling,montecarlo,fine_lock,14,measured,4,114,0.853892,393024,393024,0.000000,"{""user_lock_acquisitions"": 500000}",2026-08-12T06:39:12Z
exp2_scaling,montecarlo,fp_reduce,14,measured,0,115,0.016680,393024,393024,0.000000,"{""user_lock_acquisitions"": 0}",2026-08-12T06:39:12Z
exp2_scaling,montecarlo,fp_reduce,14,measured,24,116,0.016598,393024,393024,0.000000,"{""user_lock_acquisitions"": 0}",2026-08-12T06:39:12Z
exp2_scaling,montecarlo,no_lock,14,measured,13,117,0.694020,52482,393024,86.646617,"{""user_lock_acquisitions"": 0}",2026-08-12T06:39:13Z
exp2_scaling,montecarlo,imp_threadlocal,14,measured,22,118,0.016441,393024,393024,0.000000,"{""user_lock_acquisitions"": 0}",2026-08-12T06:39:13Z
exp2_scaling,montecarlo,coarse_lock,14,measured,15,119,0.016324,393024,393024,0.000000,"{""user_lock_acquisitions"": 14}",2026-08-12T06:39:13Z
exp2_scaling,montecarlo,no_lock,14,measured,7,120,0.621441,54720,393024,86.077186,"{""user_lock_acquisitions"": 0}",2026-08-12T06:39:14Z
exp2_scaling,montecarlo,fp_reduce,14,measured,4,121,0.016611,393024,393024,0.000000,"{""user_lock_acquisitions"": 0}",2026-08-12T06:39:14Z
exp2_scaling,montecarlo,imp_threadlocal,14,measured,10,122,0.016129,393024,393024,0.000000,"{""user_lock_acquisitions"": 0}",2026-08-12T06:39:14Z
exp2_scaling,montecarlo,fp_reduce,14,measured,28,123,0.017100,393024,393024,0.000000,"{""user_lock_acquisitions"": 0}",2026-08-12T06:39:14Z
exp2_scaling,montecarlo,fp_reduce,14,measured,5,124,0.015926,393024,393024,0.000000,"{""user_lock_acquisitions"": 0}",2026-08-12T06:39:14Z
exp2_scaling,montecarlo,no_lock,14,measured,17,125,0.676757,52162,393024,86.728037,"{""user_lock_acquisitions"": 0}",2026-08-12T06:39:14Z
exp2_scaling,montecarlo,imp_threadlocal,14,measured,13,126,0.015847,393024,393024,0.000000,"{""user_lock_acquisitions"": 0}",2026-08-12T06:39:14Z
exp2_scaling,montecarlo,coarse_lock,14,measured,27,127,0.016075,393024,393024,0.000000,"{""user_lock_acquisitions"": 14}",2026-08-12T06:39:14Z
exp2_scaling,montecarlo,coarse_lock,14,measured,29,128,0.015810,393024,393024,0.000000,"{""user_lock_acquisitions"": 14}",2026-08-12T06:39:14Z
exp2_scaling,montecarlo,imp_threadlocal,14,measured,16,129,0.012258,393024,393024,0.000000,"{""user_lock_acquisitions"": 0}",2026-08-12T06:39:14Z
exp2_scaling,montecarlo,no_lock,14,measured,21,130,0.563390,54225,393024,86.203133,"{""user_lock_acquisitions"": 0}",2026-08-12T06:39:15Z
exp2_scaling,montecarlo,no_lock,14,measured,28,131,0.683493,52737,393024,86.581735,"{""user_lock_acquisitions"": 0}",2026-08-12T06:39:16Z
exp2_scaling,montecarlo,coarse_lock,14,measured,3,132,0.016309,393024,393024,0.000000,"{""user_lock_acquisitions"": 14}",2026-08-12T06:39:16Z
exp2_scaling,montecarlo,fine_lock,14,measured,5,133,0.898524,393024,393024,0.000000,"{""user_lock_acquisitions"": 500000}",2026-08-12T06:39:17Z
exp2_scaling,montecarlo,fine_lock,14,measured,20,134,0.867624,393024,393024,0.000000,"{""user_lock_acquisitions"": 500000}",2026-08-12T06:39:17Z
exp2_scaling,montecarlo,fine_lock,14,measured,8,135,0.918655,393024,393024,0.000000,"{""user_lock_acquisitions"": 500000}",2026-08-12T06:39:18Z
exp2_scaling,montecarlo,fp_reduce,14,measured,15,136,0.013844,393024,393024,0.000000,"{""user_lock_acquisitions"": 0}",2026-08-12T06:39:18Z
exp2_scaling,montecarlo,fine_lock,14,measured,26,137,0.995643,393024,393024,0.000000,"{""user_lock_acquisitions"": 500000}",2026-08-12T06:39:19Z
exp2_scaling,montecarlo,coarse_lock,14,measured,13,138,0.015873,393024,393024,0.000000,"{""user_lock_acquisitions"": 14}",2026-08-12T06:39:19Z
exp2_scaling,montecarlo,coarse_lock,14,measured,19,139,0.015429,393024,393024,0.000000,"{""user_lock_acquisitions"": 14}",2026-08-12T06:39:19Z
exp2_scaling,montecarlo,fp_reduce,14,measured,21,140,0.016775,393024,393024,0.000000,"{""user_lock_acquisitions"": 0}",2026-08-12T06:39:19Z
exp2_scaling,montecarlo,no_lock,14,measured,12,141,0.770369,53756,393024,86.322464,"{""user_lock_acquisitions"": 0}",2026-08-12T06:39:20Z
exp2_scaling,montecarlo,fp_reduce,14,measured,18,142,0.012843,393024,393024,0.000000,"{""user_lock_acquisitions"": 0}",2026-08-12T06:39:20Z
exp2_scaling,montecarlo,coarse_lock,14,measured,6,143,0.016600,393024,393024,0.000000,"{""user_lock_acquisitions"": 14}",2026-08-12T06:39:20Z
exp2_scaling,montecarlo,coarse_lock,14,measured,21,144,0.016601,393024,393024,0.000000,"{""user_lock_acquisitions"": 14}",2026-08-12T06:39:20Z
exp2_scaling,montecarlo,fine_lock,14,measured,22,145,0.891226,393024,393024,0.000000,"{""user_lock_acquisitions"": 500000}",2026-08-12T06:39:21Z
exp2_scaling,montecarlo,no_lock,14,measured,8,146,0.654283,53305,393024,86.437215,"{""user_lock_acquisitions"": 0}",2026-08-12T06:39:22Z
exp2_scaling,montecarlo,imp_threadlocal,14,measured,24,147,0.016995,393024,393024,0.000000,"{""user_lock_acquisitions"": 0}",2026-08-12T06:39:22Z
exp2_scaling,montecarlo,imp_threadlocal,14,measured,5,148,0.015650,393024,393024,0.000000,"{""user_lock_acquisitions"": 0}",2026-08-12T06:39:22Z
exp2_scaling,montecarlo,imp_threadlocal,14,measured,11,149,0.015854,393024,393024,0.000000,"{""user_lock_acquisitions"": 0}",2026-08-12T06:39:22Z
exp2_scaling,montecarlo,fine_lock,14,measured,16,150,0.930709,393024,393024,0.000000,"{""user_lock_acquisitions"": 500000}",2026-08-12T06:39:23Z
exp2_scaling,montecarlo,fine_lock,14,measured,7,151,0.876043,393024,393024,0.000000,"{""user_lock_acquisitions"": 500000}",2026-08-12T06:39:24Z
exp2_scaling,montecarlo,imp_threadlocal,14,measured,9,152,0.017411,393024,393024,0.000000,"{""user_lock_acquisitions"": 0}",2026-08-12T06:39:24Z
exp2_scaling,montecarlo,fine_lock,14,measured,19,153,0.898031,393024,393024,0.000000,"{""user_lock_acquisitions"": 500000}",2026-08-12T06:39:24Z
exp2_scaling,montecarlo,fp_reduce,14,measured,8,154,0.016273,393024,393024,0.000000,"{""user_lock_acquisitions"": 0}",2026-08-12T06:39:25Z
exp2_scaling,montecarlo,fp_reduce,14,measured,27,155,0.016399,393024,393024,0.000000,"{""user_lock_acquisitions"": 0}",2026-08-12T06:39:25Z
exp2_scaling,montecarlo,fp_reduce,14,measured,17,156,0.016143,393024,393024,0.000000,"{""user_lock_acquisitions"": 0}",2026-08-12T06:39:25Z
exp2_scaling,montecarlo,fine_lock,14,measured,15,157,0.984386,393024,393024,0.000000,"{""user_lock_acquisitions"": 500000}",2026-08-12T06:39:26Z
exp2_scaling,montecarlo,no_lock,14,measured,14,158,0.669105,53383,393024,86.417369,"{""user_lock_acquisitions"": 0}",2026-08-12T06:39:26Z
exp2_scaling,montecarlo,fine_lock,14,measured,1,159,0.939142,393024,393024,0.000000,"{""user_lock_acquisitions"": 500000}",2026-08-12T06:39:27Z
exp2_scaling,montecarlo,no_lock,14,measured,24,160,0.727681,54120,393024,86.229849,"{""user_lock_acquisitions"": 0}",2026-08-12T06:39:28Z
exp2_scaling,montecarlo,coarse_lock,14,measured,20,161,0.016950,393024,393024,0.000000,"{""user_lock_acquisitions"": 14}",2026-08-12T06:39:28Z
exp2_scaling,montecarlo,fine_lock,14,measured,27,162,0.980813,393024,393024,0.000000,"{""user_lock_acquisitions"": 500000}",2026-08-12T06:39:29Z
exp2_scaling,montecarlo,coarse_lock,14,measured,5,163,0.016514,393024,393024,0.000000,"{""user_lock_acquisitions"": 14}",2026-08-12T06:39:29Z
exp2_scaling,montecarlo,coarse_lock,14,measured,18,164,0.016173,393024,393024,0.000000,"{""user_lock_acquisitions"": 14}",2026-08-12T06:39:29Z
exp2_scaling,montecarlo,no_lock,16,warmup,1,0,1.039703,47402,392928,87.936212,"{""user_lock_acquisitions"": 0}",2026-08-12T06:39:30Z
exp2_scaling,montecarlo,imp_threadlocal,16,warmup,0,1,0.018082,392928,392928,0.000000,"{""user_lock_acquisitions"": 0}",2026-08-12T06:39:30Z
exp2_scaling,montecarlo,fine_lock,16,warmup,1,2,1.179776,392928,392928,0.000000,"{""user_lock_acquisitions"": 500000}",2026-08-12T06:39:31Z
exp2_scaling,montecarlo,fp_reduce,16,warmup,0,3,0.014612,392928,392928,0.000000,"{""user_lock_acquisitions"": 0}",2026-08-12T06:39:31Z
exp2_scaling,montecarlo,fine_lock,16,warmup,0,4,1.201494,392928,392928,0.000000,"{""user_lock_acquisitions"": 500000}",2026-08-12T06:39:32Z
exp2_scaling,montecarlo,no_lock,16,warmup,2,5,0.853720,45162,392928,88.506291,"{""user_lock_acquisitions"": 0}",2026-08-12T06:39:33Z
exp2_scaling,montecarlo,coarse_lock,16,warmup,1,6,0.014352,392928,392928,0.000000,"{""user_lock_acquisitions"": 16}",2026-08-12T06:39:33Z
exp2_scaling,montecarlo,no_lock,16,warmup,0,7,0.818484,45423,392928,88.439867,"{""user_lock_acquisitions"": 0}",2026-08-12T06:39:34Z
exp2_scaling,montecarlo,coarse_lock,16,warmup,2,8,0.014755,392928,392928,0.000000,"{""user_lock_acquisitions"": 16}",2026-08-12T06:39:34Z
exp2_scaling,montecarlo,imp_threadlocal,16,warmup,2,9,0.013840,392928,392928,0.000000,"{""user_lock_acquisitions"": 0}",2026-08-12T06:39:34Z
exp2_scaling,montecarlo,coarse_lock,16,warmup,0,10,0.014686,392928,392928,0.000000,"{""user_lock_acquisitions"": 16}",2026-08-12T06:39:34Z
exp2_scaling,montecarlo,fine_lock,16,warmup,2,11,1.122699,392928,392928,0.000000,"{""user_lock_acquisitions"": 500000}",2026-08-12T06:39:35Z
exp2_scaling,montecarlo,imp_threadlocal,16,warmup,1,12,0.014400,392928,392928,0.000000,"{""user_lock_acquisitions"": 0}",2026-08-12T06:39:35Z
exp2_scaling,montecarlo,fp_reduce,16,warmup,1,13,0.014903,392928,392928,0.000000,"{""user_lock_acquisitions"": 0}",2026-08-12T06:39:35Z
exp2_scaling,montecarlo,fp_reduce,16,warmup,2,14,0.014826,392928,392928,0.000000,"{""user_lock_acquisitions"": 0}",2026-08-12T06:39:35Z
exp2_scaling,montecarlo,coarse_lock,16,measured,10,15,0.014389,392928,392928,0.000000,"{""user_lock_acquisitions"": 16}",2026-08-12T06:39:35Z
exp2_scaling,montecarlo,no_lock,16,measured,22,16,1.002913,46386,392928,88.194784,"{""user_lock_acquisitions"": 0}",2026-08-12T06:39:36Z
exp2_scaling,montecarlo,no_lock,16,measured,11,17,0.897566,47090,392928,88.015616,"{""user_lock_acquisitions"": 0}",2026-08-12T06:39:37Z
exp2_scaling,montecarlo,fine_lock,16,measured,12,18,1.198029,392928,392928,0.000000,"{""user_lock_acquisitions"": 500000}",2026-08-12T06:39:38Z
exp2_scaling,montecarlo,fp_reduce,16,measured,10,19,0.015224,392928,392928,0.000000,"{""user_lock_acquisitions"": 0}",2026-08-12T06:39:38Z
exp2_scaling,montecarlo,imp_threadlocal,16,measured,14,20,0.014253,392928,392928,0.000000,"{""user_lock_acquisitions"": 0}",2026-08-12T06:39:38Z
exp2_scaling,montecarlo,fine_lock,16,measured,27,21,1.057846,392928,392928,0.000000,"{""user_lock_acquisitions"": 500000}",2026-08-12T06:39:39Z
exp2_scaling,montecarlo,imp_threadlocal,16,measured,6,22,0.014542,392928,392928,0.000000,"{""user_lock_acquisitions"": 0}",2026-08-12T06:39:39Z
exp2_scaling,montecarlo,fine_lock,16,measured,1,23,1.143373,392928,392928,0.000000,"{""user_lock_acquisitions"": 500000}",2026-08-12T06:39:41Z
exp2_scaling,montecarlo,fine_lock,16,measured,16,24,1.115215,392928,392928,0.000000,"{""user_lock_acquisitions"": 500000}",2026-08-12T06:39:42Z
exp2_scaling,montecarlo,fp_reduce,16,measured,23,25,0.014444,392928,392928,0.000000,"{""user_lock_acquisitions"": 0}",2026-08-12T06:39:42Z
exp2_scaling,montecarlo,no_lock,16,measured,27,26,0.871209,44366,392928,88.708873,"{""user_lock_acquisitions"": 0}",2026-08-12T06:39:43Z
exp2_scaling,montecarlo,fp_reduce,16,measured,16,27,0.014539,392928,392928,0.000000,"{""user_lock_acquisitions"": 0}",2026-08-12T06:39:43Z
exp2_scaling,montecarlo,no_lock,16,measured,13,28,0.873401,47376,392928,87.942829,"{""user_lock_acquisitions"": 0}",2026-08-12T06:39:43Z
exp2_scaling,montecarlo,coarse_lock,16,measured,24,29,0.014563,392928,392928,0.000000,"{""user_lock_acquisitions"": 16}",2026-08-12T06:39:44Z
exp2_scaling,montecarlo,coarse_lock,16,measured,3,30,0.013666,392928,392928,0.000000,"{""user_lock_acquisitions"": 16}",2026-08-12T06:39:44Z
exp2_scaling,montecarlo,coarse_lock,16,measured,29,31,0.014229,392928,392928,0.000000,"{""user_lock_acquisitions"": 16}",2026-08-12T06:39:44Z
exp2_scaling,montecarlo,imp_threadlocal,16,measured,17,32,0.014549,392928,392928,0.000000,"{""user_lock_acquisitions"": 0}",2026-08-12T06:39:44Z
exp2_scaling,montecarlo,coarse_lock,16,measured,5,33,0.014351,392928,392928,0.000000,"{""user_lock_acquisitions"": 16}",2026-08-12T06:39:44Z
exp2_scaling,montecarlo,coarse_lock,16,measured,23,34,0.014199,392928,392928,0.000000,"{""user_lock_acquisitions"": 16}",2026-08-12T06:39:44Z
exp2_scaling,montecarlo,imp_threadlocal,16,measured,13,35,0.013625,392928,392928,0.000000,"{""user_lock_acquisitions"": 0}",2026-08-12T06:39:44Z
exp2_scaling,montecarlo,coarse_lock,16,measured,9,36,0.014667,392928,392928,0.000000,"{""user_lock_acquisitions"": 16}",2026-08-12T06:39:44Z
exp2_scaling,montecarlo,coarse_lock,16,measured,22,37,0.013941,392928,392928,0.000000,"{""user_lock_acquisitions"": 16}",2026-08-12T06:39:44Z
exp2_scaling,montecarlo,coarse_lock,16,measured,21,38,0.014588,392928,392928,0.000000,"{""user_lock_acquisitions"": 16}",2026-08-12T06:39:44Z
exp2_scaling,montecarlo,coarse_lock,16,measured,6,39,0.014288,392928,392928,0.000000,"{""user_lock_acquisitions"": 16}",2026-08-12T06:39:44Z
exp2_scaling,montecarlo,imp_threadlocal,16,measured,7,40,0.013985,392928,392928,0.000000,"{""user_lock_acquisitions"": 0}",2026-08-12T06:39:44Z
exp2_scaling,montecarlo,fp_reduce,16,measured,6,41,0.014146,392928,392928,0.000000,"{""user_lock_acquisitions"": 0}",2026-08-12T06:39:44Z
exp2_scaling,montecarlo,fine_lock,16,measured,15,42,1.117811,392928,392928,0.000000,"{""user_lock_acquisitions"": 500000}",2026-08-12T06:39:45Z
exp2_scaling,montecarlo,fine_lock,16,measured,3,43,1.083239,392928,392928,0.000000,"{""user_lock_acquisitions"": 500000}",2026-08-12T06:39:46Z
exp2_scaling,montecarlo,no_lock,16,measured,28,44,0.889961,46718,392928,88.110290,"{""user_lock_acquisitions"": 0}",2026-08-12T06:39:47Z
exp2_scaling,montecarlo,imp_threadlocal,16,measured,18,45,0.015169,392928,392928,0.000000,"{""user_lock_acquisitions"": 0}",2026-08-12T06:39:47Z
exp2_scaling,montecarlo,fine_lock,16,measured,25,46,1.034108,392928,392928,0.000000,"{""user_lock_acquisitions"": 500000}",2026-08-12T06:39:48Z
exp2_scaling,montecarlo,fp_reduce,16,measured,19,47,0.014721,392928,392928,0.000000,"{""user_lock_acquisitions"": 0}",2026-08-12T06:39:48Z
exp2_scaling,montecarlo,no_lock,16,measured,2,48,0.850818,46381,392928,88.196056,"{""user_lock_acquisitions"": 0}",2026-08-12T06:39:49Z
exp2_scaling,montecarlo,no_lock,16,measured,26,49,0.849992,45799,392928,88.344175,"{""user_lock_acquisitions"": 0}",2026-08-12T06:39:50Z
exp2_scaling,montecarlo,no_lock,16,measured,25,50,0.886542,46439,392928,88.181295,"{""user_lock_acquisitions"": 0}",2026-08-12T06:39:50Z
exp2_scaling,montecarlo,no_lock,16,measured,0,51,0.900214,45121,392928,88.516726,"{""user_lock_acquisitions"": 0}",2026-08-12T06:39:51Z
exp2_scaling,montecarlo,fp_reduce,16,measured,7,52,0.015437,392928,392928,0.000000,"{""user_lock_acquisitions"": 0}",2026-08-12T06:39:51Z
exp2_scaling,montecarlo,fp_reduce,16,measured,9,53,0.014521,392928,392928,0.000000,"{""user_lock_acquisitions"": 0}",2026-08-12T06:39:51Z
exp2_scaling,montecarlo,imp_threadlocal,16,measured,1,54,0.015016,392928,392928,0.000000,"{""user_lock_acquisitions"": 0}",2026-08-12T06:39:51Z
exp2_scaling,montecarlo,fine_lock,16,measured,4,55,1.132944,392928,392928,0.000000,"{""user_lock_acquisitions"": 500000}",2026-08-12T06:39:52Z
exp2_scaling,montecarlo,fp_reduce,16,measured,11,56,0.015347,392928,392928,0.000000,"{""user_lock_acquisitions"": 0}",2026-08-12T06:39:53Z
exp2_scaling,montecarlo,coarse_lock,16,measured,2,57,0.014618,392928,392928,0.000000,"{""user_lock_acquisitions"": 16}",2026-08-12T06:39:53Z
exp2_scaling,montecarlo,coarse_lock,16,measured,26,58,0.014252,392928,392928,0.000000,"{""user_lock_acquisitions"": 16}",2026-08-12T06:39:53Z
exp2_scaling,montecarlo,no_lock,16,measured,12,59,0.927042,47452,392928,87.923487,"{""user_lock_acquisitions"": 0}",2026-08-12T06:39:53Z
exp2_scaling,montecarlo,fine_lock,16,measured,8,60,1.130670,392928,392928,0.000000,"{""user_lock_acquisitions"": 500000}",2026-08-12T06:39:55Z
exp2_scaling,montecarlo,fp_reduce,16,measured,18,61,0.015285,392928,392928,0.000000,"{""user_lock_acquisitions"": 0}",2026-08-12T06:39:55Z
exp2_scaling,montecarlo,fine_lock,16,measured,26,62,1.031923,392928,392928,0.000000,"{""user_lock_acquisitions"": 500000}",2026-08-12T06:39:56Z
exp2_scaling,montecarlo,fp_reduce,16,measured,3,63,0.014516,392928,392928,0.000000,"{""user_lock_acquisitions"": 0}",2026-08-12T06:39:56Z
exp2_scaling,montecarlo,no_lock,16,measured,3,64,0.878835,45651,392928,88.381841,"{""user_lock_acquisitions"": 0}",2026-08-12T06:39:57Z
exp2_scaling,montecarlo,imp_threadlocal,16,measured,23,65,0.015062,392928,392928,0.000000,"{""user_lock_acquisitions"": 0}",2026-08-12T06:39:57Z
exp2_scaling,montecarlo,imp_threadlocal,16,measured,12,66,0.014320,392928,392928,0.000000,"{""user_lock_acquisitions"": 0}",2026-08-12T06:39:57Z
exp2_scaling,montecarlo,fine_lock,16,measured,21,67,1.097959,392928,392928,0.000000,"{""user_lock_acquisitions"": 500000}",2026-08-12T06:39:58Z
exp2_scaling,montecarlo,no_lock,16,measured,19,68,0.921248,45960,392928,88.303201,"{""user_lock_acquisitions"": 0}",2026-08-12T06:39:59Z
exp2_scaling,montecarlo,coarse_lock,16,measured,20,69,0.014510,392928,392928,0.000000,"{""user_lock_acquisitions"": 16}",2026-08-12T06:39:59Z
exp2_scaling,montecarlo,fp_reduce,16,measured,26,70,0.014290,392928,392928,0.000000,"{""user_lock_acquisitions"": 0}",2026-08-12T06:39:59Z
exp2_scaling,montecarlo,imp_threadlocal,16,measured,29,71,0.014122,392928,392928,0.000000,"{""user_lock_acquisitions"": 0}",2026-08-12T06:39:59Z
exp2_scaling,montecarlo,no_lock,16,measured,7,72,0.849430,47436,392928,87.927559,"{""user_lock_acquisitions"": 0}",2026-08-12T06:39:59Z
exp2_scaling,montecarlo,coarse_lock,16,measured,17,73,0.014703,392928,392928,0.000000,"{""user_lock_acquisitions"": 16}",2026-08-12T06:39:59Z
exp2_scaling,montecarlo,fine_lock,16,measured,23,74,0.987766,392928,392928,0.000000,"{""user_lock_acquisitions"": 500000}",2026-08-12T06:40:00Z
exp2_scaling,montecarlo,coarse_lock,16,measured,15,75,0.014563,392928,392928,0.000000,"{""user_lock_acquisitions"": 16}",2026-08-12T06:40:00Z
exp2_scaling,montecarlo,no_lock,16,measured,20,76,0.894658,46364,392928,88.200383,"{""user_lock_acquisitions"": 0}",2026-08-12T06:40:01Z
exp2_scaling,montecarlo,imp_threadlocal,16,measured,0,77,0.014521,392928,392928,0.000000,"{""user_lock_acquisitions"": 0}",2026-08-12T06:40:01Z
exp2_scaling,montecarlo,coarse_lock,16,measured,1,78,0.014205,392928,392928,0.000000,"{""user_lock_acquisitions"": 16}",2026-08-12T06:40:01Z
exp2_scaling,montecarlo,fp_reduce,16,measured,0,79,0.015037,392928,392928,0.000000,"{""user_lock_acquisitions"": 0}",2026-08-12T06:40:01Z
exp2_scaling,montecarlo,no_lock,16,measured,23,80,0.792450,46500,392928,88.165771,"{""user_lock_acquisitions"": 0}",2026-08-12T06:40:02Z
exp2_scaling,montecarlo,imp_threadlocal,16,measured,5,81,0.014951,392928,392928,0.000000,"{""user_lock_acquisitions"": 0}",2026-08-12T06:40:02Z
exp2_scaling,montecarlo,fp_reduce,16,measured,24,82,0.014865,392928,392928,0.000000,"{""user_lock_acquisitions"": 0}",2026-08-12T06:40:02Z
exp2_scaling,montecarlo,no_lock,16,measured,21,83,0.832017,46112,392928,88.264517,"{""user_lock_acquisitions"": 0}",2026-08-12T06:40:03Z
exp2_scaling,montecarlo,fine_lock,16,measured,10,84,1.187931,392928,392928,0.000000,"{""user_lock_acquisitions"": 500000}",2026-08-12T06:40:04Z
exp2_scaling,montecarlo,imp_threadlocal,16,measured,20,85,0.014610,392928,392928,0.000000,"{""user_lock_acquisitions"": 0}",2026-08-12T06:40:04Z
exp2_scaling,montecarlo,imp_threadlocal,16,measured,10,86,0.014548,392928,392928,0.000000,"{""user_lock_acquisitions"": 0}",2026-08-12T06:40:04Z
exp2_scaling,montecarlo,fine_lock,16,measured,2,87,1.117921,392928,392928,0.000000,"{""user_lock_acquisitions"": 500000}",2026-08-12T06:40:05Z
exp2_scaling,montecarlo,coarse_lock,16,measured,27,88,0.015134,392928,392928,0.000000,"{""user_lock_acquisitions"": 16}",2026-08-12T06:40:05Z
exp2_scaling,montecarlo,no_lock,16,measured,5,89,0.811436,44535,392928,88.665862,"{""user_lock_acquisitions"": 0}",2026-08-12T06:40:06Z
exp2_scaling,montecarlo,imp_threadlocal,16,measured,4,90,0.015014,392928,392928,0.000000,"{""user_lock_acquisitions"": 0}",2026-08-12T06:40:06Z
exp2_scaling,montecarlo,fine_lock,16,measured,17,91,1.122873,392928,392928,0.000000,"{""user_lock_acquisitions"": 500000}",2026-08-12T06:40:07Z
exp2_scaling,montecarlo,no_lock,16,measured,15,92,0.883115,45469,392928,88.428160,"{""user_lock_acquisitions"": 0}",2026-08-12T06:40:08Z
exp2_scaling,montecarlo,fp_reduce,16,measured,13,93,0.014893,392928,392928,0.000000,"{""user_lock_acquisitions"": 0}",2026-08-12T06:40:08Z
exp2_scaling,montecarlo,fine_lock,16,measured,22,94,1.123305,392928,392928,0.000000,"{""user_lock_acquisitions"": 500000}",2026-08-12T06:40:09Z
exp2_scaling,montecarlo,fp_reduce,16,measured,5,95,0.015853,392928,392928,0.000000,"{""user_lock_acquisitions"": 0}",2026-08-12T06:40:09Z
exp2_scaling,montecarlo,imp_threadlocal,16,measured,25,96,0.015077,392928,392928,0.000000,"{""user_lock_acquisitions"": 0}",2026-08-12T06:40:09Z
exp2_scaling,montecarlo,fp_reduce,16,measured,12,97,0.015327,392928,392928,0.000000,"{""user_lock_acquisitions"": 0}",2026-08-12T06:40:09Z
exp2_scaling,montecarlo,coarse_lock,16,measured,16,98,0.015038,392928,392928,0.000000,"{""user_lock_acquisitions"": 16}",2026-08-12T06:40:09Z
exp2_scaling,montecarlo,coarse_lock,16,measured,0,99,0.015138,392928,392928,0.000000,"{""user_lock_acquisitions"": 16}",2026-08-12T06:40:09Z
exp2_scaling,montecarlo,no_lock,16,measured,8,100,0.835850,46798,392928,88.089930,"{""user_lock_acquisitions"": 0}",2026-08-12T06:40:10Z
exp2_scaling,montecarlo,fp_reduce,16,measured,27,101,0.014873,392928,392928,0.000000,"{""user_lock_acquisitions"": 0}",2026-08-12T06:40:10Z
exp2_scaling,montecarlo,fp_reduce,16,measured,20,102,0.014466,392928,392928,0.000000,"{""user_lock_acquisitions"": 0}",2026-08-12T06:40:10Z
exp2_scaling,montecarlo,no_lock,16,measured,10,103,0.816975,46625,392928,88.133958,"{""user_lock_acquisitions"": 0}",2026-08-12T06:40:11Z
exp2_scaling,montecarlo,fine_lock,16,measured,19,104,1.102406,392928,392928,0.000000,"{""user_lock_acquisitions"": 500000}",2026-08-12T06:40:12Z
exp2_scaling,montecarlo,coarse_lock,16,measured,7,105,0.014276,392928,392928,0.000000,"{""user_lock_acquisitions"": 16}",2026-08-12T06:40:12Z
exp2_scaling,montecarlo,fine_lock,16,measured,13,106,1.114270,392928,392928,0.000000,"{""user_lock_acquisitions"": 500000}",2026-08-12T06:40:13Z
exp2_scaling,montecarlo,no_lock,16,measured,16,107,0.809787,49604,392928,87.375804,"{""user_lock_acquisitions"": 0}",2026-08-12T06:40:14Z
exp2_scaling,montecarlo,coarse_lock,16,measured,4,108,0.014299,392928,392928,0.000000,"{""user_lock_acquisitions"": 16}",2026-08-12T06:40:14Z
exp2_scaling,montecarlo,imp_threadlocal,16,measured,21,109,0.014612,392928,392928,0.000000,"{""user_lock_acquisitions"": 0}",2026-08-12T06:40:14Z
exp2_scaling,montecarlo,imp_threadlocal,16,measured,26,110,0.014276,392928,392928,0.000000,"{""user_lock_acquisitions"": 0}",2026-08-12T06:40:14Z
exp2_scaling,montecarlo,fine_lock,16,measured,5,111,1.158735,392928,392928,0.000000,"{""user_lock_acquisitions"": 500000}",2026-08-12T06:40:15Z
exp2_scaling,montecarlo,imp_threadlocal,16,measured,16,112,0.014738,392928,392928,0.000000,"{""user_lock_acquisitions"": 0}",2026-08-12T06:40:15Z
exp2_scaling,montecarlo,imp_threadlocal,16,measured,28,113,0.014042,392928,392928,0.000000,"{""user_lock_acquisitions"": 0}",2026-08-12T06:40:15Z
exp2_scaling,montecarlo,fine_lock,16,measured,14,114,1.071557,392928,392928,0.000000,"{""user_lock_acquisitions"": 500000}",2026-08-12T06:40:17Z
exp2_scaling,montecarlo,no_lock,16,measured,6,115,0.838287,45776,392928,88.350029,"{""user_lock_acquisitions"": 0}",2026-08-12T06:40:17Z
exp2_scaling,montecarlo,no_lock,16,measured,24,116,0.846869,46820,392928,88.084331,"{""user_lock_acquisitions"": 0}",2026-08-12T06:40:18Z
exp2_scaling,montecarlo,no_lock,16,measured,14,117,0.785120,46432,392928,88.183077,"{""user_lock_acquisitions"": 0}",2026-08-12T06:40:19Z
exp2_scaling,montecarlo,no_lock,16,measured,1,118,0.911825,45757,392928,88.354864,"{""user_lock_acquisitions"": 0}",2026-08-12T06:40:20Z
exp2_scaling,montecarlo,fp_reduce,16,measured,8,119,0.014747,392928,392928,0.000000,"{""user_lock_acquisitions"": 0}",2026-08-12T06:40:20Z
exp2_scaling,montecarlo,coarse_lock,16,measured,13,120,0.014412,392928,392928,0.000000,"{""user_lock_acquisitions"": 16}",2026-08-12T06:40:20Z
exp2_scaling,montecarlo,imp_threadlocal,16,measured,15,121,0.014085,392928,392928,0.000000,"{""user_lock_acquisitions"": 0}",2026-08-12T06:40:20Z
exp2_scaling,montecarlo,imp_threadlocal,16,measured,2,122,0.014434,392928,392928,0.000000,"{""user_lock_acquisitions"": 0}",2026-08-12T06:40:20Z
exp2_scaling,montecarlo,coarse_lock,16,measured,28,123,0.014322,392928,392928,0.000000,"{""user_lock_acquisitions"": 16}",2026-08-12T06:40:20Z
exp2_scaling,montecarlo,fp_reduce,16,measured,15,124,0.014187,392928,392928,0.000000,"{""user_lock_acquisitions"": 0}",2026-08-12T06:40:20Z
exp2_scaling,montecarlo,coarse_lock,16,measured,19,125,0.014394,392928,392928,0.000000,"{""user_lock_acquisitions"": 16}",2026-08-12T06:40:20Z
exp2_scaling,montecarlo,coarse_lock,16,measured,12,126,0.014912,392928,392928,0.000000,"{""user_lock_acquisitions"": 16}",2026-08-12T06:40:20Z
exp2_scaling,montecarlo,fine_lock,16,measured,7,127,1.130653,392928,392928,0.000000,"{""user_lock_acquisitions"": 500000}",2026-08-12T06:40:21Z
exp2_scaling,montecarlo,coarse_lock,16,measured,11,128,0.015010,392928,392928,0.000000,"{""user_lock_acquisitions"": 16}",2026-08-12T06:40:21Z
exp2_scaling,montecarlo,fine_lock,16,measured,11,129,1.115706,392928,392928,0.000000,"{""user_lock_acquisitions"": 500000}",2026-08-12T06:40:22Z
exp2_scaling,montecarlo,fp_reduce,16,measured,1,130,0.015104,392928,392928,0.000000,"{""user_lock_acquisitions"": 0}",2026-08-12T06:40:22Z
exp2_scaling,montecarlo,fp_reduce,16,measured,21,131,0.014261,392928,392928,0.000000,"{""user_lock_acquisitions"": 0}",2026-08-12T06:40:22Z
exp2_scaling,montecarlo,fine_lock,16,measured,9,132,1.036564,392928,392928,0.000000,"{""user_lock_acquisitions"": 500000}",2026-08-12T06:40:23Z
exp2_scaling,montecarlo,fp_reduce,16,measured,14,133,0.015187,392928,392928,0.000000,"{""user_lock_acquisitions"": 0}",2026-08-12T06:40:23Z
exp2_scaling,montecarlo,coarse_lock,16,measured,18,134,0.014828,392928,392928,0.000000,"{""user_lock_acquisitions"": 16}",2026-08-12T06:40:23Z
exp2_scaling,montecarlo,imp_threadlocal,16,measured,19,135,0.014724,392928,392928,0.000000,"{""user_lock_acquisitions"": 0}",2026-08-12T06:40:23Z
exp2_scaling,montecarlo,fp_reduce,16,measured,4,136,0.014107,392928,392928,0.000000,"{""user_lock_acquisitions"": 0}",2026-08-12T06:40:23Z
exp2_scaling,montecarlo,fine_lock,16,measured,18,137,1.111896,392928,392928,0.000000,"{""user_lock_acquisitions"": 500000}",2026-08-12T06:40:25Z
exp2_scaling,montecarlo,no_lock,16,measured,17,138,0.844608,47250,392928,87.974896,"{""user_lock_acquisitions"": 0}",2026-08-12T06:40:25Z
exp2_scaling,montecarlo,fp_reduce,16,measured,2,139,0.014723,392928,392928,0.000000,"{""user_lock_acquisitions"": 0}",2026-08-12T06:40:25Z
exp2_scaling,montecarlo,fine_lock,16,measured,20,140,1.036441,392928,392928,0.000000,"{""user_lock_acquisitions"": 500000}",2026-08-12T06:40:26Z
exp2_scaling,montecarlo,no_lock,16,measured,9,141,0.865530,47325,392928,87.955809,"{""user_lock_acquisitions"": 0}",2026-08-12T06:40:27Z
exp2_scaling,montecarlo,fp_reduce,16,measured,22,142,0.015723,392928,392928,0.000000,"{""user_lock_acquisitions"": 0}",2026-08-12T06:40:27Z
exp2_scaling,montecarlo,imp_threadlocal,16,measured,3,143,0.014230,392928,392928,0.000000,"{""user_lock_acquisitions"": 0}",2026-08-12T06:40:27Z
exp2_scaling,montecarlo,imp_threadlocal,16,measured,27,144,0.014081,392928,392928,0.000000,"{""user_lock_acquisitions"": 0}",2026-08-12T06:40:27Z
exp2_scaling,montecarlo,imp_threadlocal,16,measured,9,145,0.013589,392928,392928,0.000000,"{""user_lock_acquisitions"": 0}",2026-08-12T06:40:27Z
exp2_scaling,montecarlo,no_lock,16,measured,29,146,0.845953,47045,392928,88.027069,"{""user_lock_acquisitions"": 0}",2026-08-12T06:40:28Z
exp2_scaling,montecarlo,no_lock,16,measured,18,147,0.817143,48252,392928,87.719888,"{""user_lock_acquisitions"": 0}",2026-08-12T06:40:29Z
exp2_scaling,montecarlo,imp_threadlocal,16,measured,24,148,0.014873,392928,392928,0.000000,"{""user_lock_acquisitions"": 0}",2026-08-12T06:40:29Z
exp2_scaling,montecarlo,fp_reduce,16,measured,25,149,0.014796,392928,392928,0.000000,"{""user_lock_acquisitions"": 0}",2026-08-12T06:40:29Z
exp2_scaling,montecarlo,no_lock,16,measured,4,150,0.810763,47840,392928,87.824741,"{""user_lock_acquisitions"": 0}",2026-08-12T06:40:30Z
exp2_scaling,montecarlo,fine_lock,16,measured,6,151,1.126476,392928,392928,0.000000,"{""user_lock_acquisitions"": 500000}",2026-08-12T06:40:31Z
exp2_scaling,montecarlo,fine_lock,16,measured,0,152,1.096320,392928,392928,0.000000,"{""user_lock_acquisitions"": 500000}",2026-08-12T06:40:32Z
exp2_scaling,montecarlo,imp_threadlocal,16,measured,11,153,0.014166,392928,392928,0.000000,"{""user_lock_acquisitions"": 0}",2026-08-12T06:40:32Z
exp2_scaling,montecarlo,coarse_lock,16,measured,14,154,0.011264,392928,392928,0.000000,"{""user_lock_acquisitions"": 16}",2026-08-12T06:40:32Z
exp2_scaling,montecarlo,coarse_lock,16,measured,8,155,0.014175,392928,392928,0.000000,"{""user_lock_acquisitions"": 16}",2026-08-12T06:40:32Z
exp2_scaling,montecarlo,coarse_lock,16,measured,25,156,0.014286,392928,392928,0.000000,"{""user_lock_acquisitions"": 16}",2026-08-12T06:40:32Z
exp2_scaling,montecarlo,imp_threadlocal,16,measured,22,157,0.014203,392928,392928,0.000000,"{""user_lock_acquisitions"": 0}",2026-08-12T06:40:32Z
exp2_scaling,montecarlo,fine_lock,16,measured,28,158,1.058613,392928,392928,0.000000,"{""user_lock_acquisitions"": 500000}",2026-08-12T06:40:33Z
exp2_scaling,montecarlo,imp_threadlocal,16,measured,8,159,0.015430,392928,392928,0.000000,"{""user_lock_acquisitions"": 0}",2026-08-12T06:40:33Z
exp2_scaling,montecarlo,fp_reduce,16,measured,28,160,0.015099,392928,392928,0.000000,"{""user_lock_acquisitions"": 0}",2026-08-12T06:40:33Z
exp2_scaling,montecarlo,fp_reduce,16,measured,29,161,0.014227,392928,392928,0.000000,"{""user_lock_acquisitions"": 0}",2026-08-12T06:40:33Z
exp2_scaling,montecarlo,fine_lock,16,measured,29,162,1.088727,392928,392928,0.000000,"{""user_lock_acquisitions"": 500000}",2026-08-12T06:40:34Z
exp2_scaling,montecarlo,fine_lock,16,measured,24,163,1.161601,392928,392928,0.000000,"{""user_lock_acquisitions"": 500000}",2026-08-12T06:40:35Z
exp2_scaling,montecarlo,fp_reduce,16,measured,17,164,0.015226,392928,392928,0.000000,"{""user_lock_acquisitions"": 0}",2026-08-12T06:40:36Z
exp2_scaling,montecarlo,fp_reduce,1,verify,0,0,0.114706,392695,392695,0.000000,"{""user_lock_acquisitions"": 0}",2026-08-12T06:40:36Z
exp2_scaling,montecarlo,imp_threadlocal,1,verify,0,1,0.114101,392695,392695,0.000000,"{""user_lock_acquisitions"": 0}",2026-08-12T06:40:36Z
exp2_scaling,montecarlo,coarse_lock,1,verify,0,2,0.116354,392695,392695,0.000000,"{""user_lock_acquisitions"": 1, ""measured_lock_acquisitions"": 1}",2026-08-12T06:40:36Z
exp2_scaling,montecarlo,fine_lock,1,verify,0,3,0.259326,392695,392695,0.000000,"{""user_lock_acquisitions"": 500000, ""measured_lock_acquisitions"": 500000}",2026-08-12T06:40:36Z
exp2_scaling,montecarlo,no_lock,1,verify,0,4,0.134548,392695,392695,0.000000,"{""user_lock_acquisitions"": 0}",2026-08-12T06:40:36Z
exp2_scaling,montecarlo,fp_reduce,2,verify,0,0,0.058853,392878,392878,0.000000,"{""user_lock_acquisitions"": 0}",2026-08-12T06:40:36Z
exp2_scaling,montecarlo,imp_threadlocal,2,verify,0,1,0.058221,392878,392878,0.000000,"{""user_lock_acquisitions"": 0}",2026-08-12T06:40:36Z
exp2_scaling,montecarlo,coarse_lock,2,verify,0,2,0.058933,392878,392878,0.000000,"{""user_lock_acquisitions"": 2, ""measured_lock_acquisitions"": 2}",2026-08-12T06:40:36Z
exp2_scaling,montecarlo,fine_lock,2,verify,0,3,0.283729,392878,392878,0.000000,"{""user_lock_acquisitions"": 500000, ""measured_lock_acquisitions"": 500000}",2026-08-12T06:40:37Z
exp2_scaling,montecarlo,no_lock,2,verify,0,4,0.151489,178802,392878,54.489180,"{""user_lock_acquisitions"": 0}",2026-08-12T06:40:37Z
exp2_scaling,montecarlo,fp_reduce,4,verify,0,0,0.031316,392589,392589,0.000000,"{""user_lock_acquisitions"": 0}",2026-08-12T06:40:37Z
exp2_scaling,montecarlo,imp_threadlocal,4,verify,0,1,0.030678,392589,392589,0.000000,"{""user_lock_acquisitions"": 0}",2026-08-12T06:40:37Z
exp2_scaling,montecarlo,coarse_lock,4,verify,0,2,0.029753,392589,392589,0.000000,"{""user_lock_acquisitions"": 4, ""measured_lock_acquisitions"": 4}",2026-08-12T06:40:37Z
exp2_scaling,montecarlo,fine_lock,4,verify,0,3,0.360355,392589,392589,0.000000,"{""user_lock_acquisitions"": 500000, ""measured_lock_acquisitions"": 500000}",2026-08-12T06:40:37Z
exp2_scaling,montecarlo,no_lock,4,verify,0,4,0.192761,125674,392589,67.988405,"{""user_lock_acquisitions"": 0}",2026-08-12T06:40:38Z
exp2_scaling,montecarlo,fp_reduce,6,verify,0,0,0.021678,392563,392563,0.000000,"{""user_lock_acquisitions"": 0}",2026-08-12T06:40:38Z
exp2_scaling,montecarlo,imp_threadlocal,6,verify,0,1,0.021354,392563,392563,0.000000,"{""user_lock_acquisitions"": 0}",2026-08-12T06:40:38Z
exp2_scaling,montecarlo,coarse_lock,6,verify,0,2,0.021195,392563,392563,0.000000,"{""user_lock_acquisitions"": 6, ""measured_lock_acquisitions"": 6}",2026-08-12T06:40:38Z
exp2_scaling,montecarlo,fine_lock,6,verify,0,3,0.430709,392563,392563,0.000000,"{""user_lock_acquisitions"": 500000, ""measured_lock_acquisitions"": 500000}",2026-08-12T06:40:38Z
exp2_scaling,montecarlo,no_lock,6,verify,0,4,0.239040,93235,392563,76.249672,"{""user_lock_acquisitions"": 0}",2026-08-12T06:40:38Z
exp2_scaling,montecarlo,fp_reduce,8,verify,0,0,0.017307,392576,392576,0.000000,"{""user_lock_acquisitions"": 0}",2026-08-12T06:40:38Z
exp2_scaling,montecarlo,imp_threadlocal,8,verify,0,1,0.016579,392576,392576,0.000000,"{""user_lock_acquisitions"": 0}",2026-08-12T06:40:38Z
exp2_scaling,montecarlo,coarse_lock,8,verify,0,2,0.016108,392576,392576,0.000000,"{""user_lock_acquisitions"": 8, ""measured_lock_acquisitions"": 8}",2026-08-12T06:40:38Z
exp2_scaling,montecarlo,fine_lock,8,verify,0,3,0.566261,392576,392576,0.000000,"{""user_lock_acquisitions"": 500000, ""measured_lock_acquisitions"": 500000}",2026-08-12T06:40:39Z
exp2_scaling,montecarlo,no_lock,8,verify,0,4,0.322148,85074,392576,78.329292,"{""user_lock_acquisitions"": 0}",2026-08-12T06:40:39Z
exp2_scaling,montecarlo,fp_reduce,10,verify,0,0,0.020581,392947,392947,0.000000,"{""user_lock_acquisitions"": 0}",2026-08-12T06:40:39Z
exp2_scaling,montecarlo,imp_threadlocal,10,verify,0,1,0.021136,392947,392947,0.000000,"{""user_lock_acquisitions"": 0}",2026-08-12T06:40:39Z
exp2_scaling,montecarlo,coarse_lock,10,verify,0,2,0.021620,392947,392947,0.000000,"{""user_lock_acquisitions"": 10, ""measured_lock_acquisitions"": 10}",2026-08-12T06:40:39Z
exp2_scaling,montecarlo,fine_lock,10,verify,0,3,0.729652,392947,392947,0.000000,"{""user_lock_acquisitions"": 500000, ""measured_lock_acquisitions"": 500000}",2026-08-12T06:40:40Z
exp2_scaling,montecarlo,no_lock,10,verify,0,4,0.442601,71176,392947,81.886616,"{""user_lock_acquisitions"": 0}",2026-08-12T06:40:40Z
exp2_scaling,montecarlo,fp_reduce,12,verify,0,0,0.017905,392989,392989,0.000000,"{""user_lock_acquisitions"": 0}",2026-08-12T06:40:40Z
exp2_scaling,montecarlo,imp_threadlocal,12,verify,0,1,0.018235,392989,392989,0.000000,"{""user_lock_acquisitions"": 0}",2026-08-12T06:40:40Z
exp2_scaling,montecarlo,coarse_lock,12,verify,0,2,0.017623,392989,392989,0.000000,"{""user_lock_acquisitions"": 12, ""measured_lock_acquisitions"": 12}",2026-08-12T06:40:40Z
exp2_scaling,montecarlo,fine_lock,12,verify,0,3,1.075251,392989,392989,0.000000,"{""user_lock_acquisitions"": 500000, ""measured_lock_acquisitions"": 500000}",2026-08-12T06:40:42Z
exp2_scaling,montecarlo,no_lock,12,verify,0,4,0.524119,62385,392989,84.125510,"{""user_lock_acquisitions"": 0}",2026-08-12T06:40:42Z
exp2_scaling,montecarlo,fp_reduce,14,verify,0,0,0.012675,393024,393024,0.000000,"{""user_lock_acquisitions"": 0}",2026-08-12T06:40:42Z
exp2_scaling,montecarlo,imp_threadlocal,14,verify,0,1,0.015289,393024,393024,0.000000,"{""user_lock_acquisitions"": 0}",2026-08-12T06:40:42Z
exp2_scaling,montecarlo,coarse_lock,14,verify,0,2,0.015628,393024,393024,0.000000,"{""user_lock_acquisitions"": 14, ""measured_lock_acquisitions"": 14}",2026-08-12T06:40:42Z
exp2_scaling,montecarlo,fine_lock,14,verify,0,3,1.381850,393024,393024,0.000000,"{""user_lock_acquisitions"": 500000, ""measured_lock_acquisitions"": 500000}",2026-08-12T06:40:43Z
exp2_scaling,montecarlo,no_lock,14,verify,0,4,0.636273,53080,393024,86.494463,"{""user_lock_acquisitions"": 0}",2026-08-12T06:40:44Z
exp2_scaling,montecarlo,fp_reduce,16,verify,0,0,0.014411,392928,392928,0.000000,"{""user_lock_acquisitions"": 0}",2026-08-12T06:40:44Z
exp2_scaling,montecarlo,imp_threadlocal,16,verify,0,1,0.014090,392928,392928,0.000000,"{""user_lock_acquisitions"": 0}",2026-08-12T06:40:44Z
exp2_scaling,montecarlo,coarse_lock,16,verify,0,2,0.014717,392928,392928,0.000000,"{""user_lock_acquisitions"": 16, ""measured_lock_acquisitions"": 16}",2026-08-12T06:40:44Z
exp2_scaling,montecarlo,fine_lock,16,verify,0,3,1.504388,392928,392928,0.000000,"{""user_lock_acquisitions"": 500000, ""measured_lock_acquisitions"": 500000}",2026-08-12T06:40:46Z
exp2_scaling,montecarlo,no_lock,16,verify,0,4,0.891321,45957,392928,88.303964,"{""user_lock_acquisitions"": 0}",2026-08-12T06:40:47Z
exp2_scaling,montecarlo,fp_reduce,1,memory,0,0,0.499334,392695,392695,0.000000,"{""user_lock_acquisitions"": 0, ""tracemalloc_peak_bytes"": 94229}",2026-08-12T06:40:47Z
exp2_scaling,montecarlo,imp_threadlocal,1,memory,0,1,0.499352,392695,392695,0.000000,"{""user_lock_acquisitions"": 0, ""tracemalloc_peak_bytes"": 93763}",2026-08-12T06:40:48Z
exp2_scaling,montecarlo,coarse_lock,1,memory,0,2,0.500257,392695,392695,0.000000,"{""user_lock_acquisitions"": 1, ""tracemalloc_peak_bytes"": 92759}",2026-08-12T06:40:48Z
exp2_scaling,montecarlo,fine_lock,1,memory,0,3,0.906020,392695,392695,0.000000,"{""user_lock_acquisitions"": 500000, ""tracemalloc_peak_bytes"": 93173}",2026-08-12T06:40:49Z
exp2_scaling,montecarlo,no_lock,1,memory,0,4,0.734169,392695,392695,0.000000,"{""user_lock_acquisitions"": 0, ""tracemalloc_peak_bytes"": 97331}",2026-08-12T06:40:50Z
exp2_scaling,montecarlo,fp_reduce,2,memory,0,0,0.618557,392878,392878,0.000000,"{""user_lock_acquisitions"": 0, ""tracemalloc_peak_bytes"": 182655}",2026-08-12T06:40:50Z
exp2_scaling,montecarlo,imp_threadlocal,2,memory,0,1,0.607246,392878,392878,0.000000,"{""user_lock_acquisitions"": 0, ""tracemalloc_peak_bytes"": 186053}",2026-08-12T06:40:51Z
exp2_scaling,montecarlo,coarse_lock,2,memory,0,2,0.593449,392878,392878,0.000000,"{""user_lock_acquisitions"": 2, ""tracemalloc_peak_bytes"": 182337}",2026-08-12T06:40:52Z
exp2_scaling,montecarlo,fine_lock,2,memory,0,3,1.943946,392878,392878,0.000000,"{""user_lock_acquisitions"": 500000, ""tracemalloc_peak_bytes"": 187423}",2026-08-12T06:40:53Z
exp2_scaling,montecarlo,no_lock,2,memory,0,4,0.922546,333334,392878,15.155850,"{""user_lock_acquisitions"": 0, ""tracemalloc_peak_bytes"": 187709}",2026-08-12T06:40:54Z
exp2_scaling,montecarlo,fp_reduce,4,memory,0,0,0.859573,392589,392589,0.000000,"{""user_lock_acquisitions"": 0, ""tracemalloc_peak_bytes"": 366107}",2026-08-12T06:40:55Z
exp2_scaling,montecarlo,imp_threadlocal,4,memory,0,1,0.898436,392589,392589,0.000000,"{""user_lock_acquisitions"": 0, ""tracemalloc_peak_bytes"": 365081}",2026-08-12T06:40:56Z
exp2_scaling,montecarlo,coarse_lock,4,memory,0,2,0.778443,392589,392589,0.000000,"{""user_lock_acquisitions"": 4, ""tracemalloc_peak_bytes"": 365461}",2026-08-12T06:40:57Z
exp2_scaling,montecarlo,fine_lock,4,memory,0,3,4.586833,392589,392589,0.000000,"{""user_lock_acquisitions"": 500000, ""tracemalloc_peak_bytes"": 369843}",2026-08-12T06:41:02Z
exp2_scaling,montecarlo,no_lock,4,memory,0,4,1.363184,243693,392589,37.926687,"{""user_lock_acquisitions"": 0, ""tracemalloc_peak_bytes"": 401777}",2026-08-12T06:41:03Z
exp2_scaling,montecarlo,fp_reduce,6,memory,0,0,0.997896,392563,392563,0.000000,"{""user_lock_acquisitions"": 0, ""tracemalloc_peak_bytes"": 549983}",2026-08-12T06:41:04Z
exp2_scaling,montecarlo,imp_threadlocal,6,memory,0,1,1.039667,392563,392563,0.000000,"{""user_lock_acquisitions"": 0, ""tracemalloc_peak_bytes"": 544861}",2026-08-12T06:41:05Z
exp2_scaling,montecarlo,coarse_lock,6,memory,0,2,1.049950,392563,392563,0.000000,"{""user_lock_acquisitions"": 6, ""tracemalloc_peak_bytes"": 545081}",2026-08-12T06:41:06Z
exp2_scaling,montecarlo,fine_lock,6,memory,0,3,5.927936,392563,392563,0.000000,"{""user_lock_acquisitions"": 500000, ""tracemalloc_peak_bytes"": 552695}",2026-08-12T06:41:12Z
exp2_scaling,montecarlo,no_lock,6,memory,0,4,1.796203,189497,392563,51.728258,"{""user_lock_acquisitions"": 0, ""tracemalloc_peak_bytes"": 593877}",2026-08-12T06:41:14Z
exp2_scaling,montecarlo,fp_reduce,8,memory,0,0,1.324785,392576,392576,0.000000,"{""user_lock_acquisitions"": 0, ""tracemalloc_peak_bytes"": 724643}",2026-08-12T06:41:15Z
exp2_scaling,montecarlo,imp_threadlocal,8,memory,0,1,1.293186,392576,392576,0.000000,"{""user_lock_acquisitions"": 0, ""tracemalloc_peak_bytes"": 728033}",2026-08-12T06:41:16Z
exp2_scaling,montecarlo,coarse_lock,8,memory,0,2,1.360000,392576,392576,0.000000,"{""user_lock_acquisitions"": 8, ""tracemalloc_peak_bytes"": 728253}",2026-08-12T06:41:18Z
exp2_scaling,montecarlo,fine_lock,8,memory,0,3,6.352620,392576,392576,0.000000,"{""user_lock_acquisitions"": 500000, ""tracemalloc_peak_bytes"": 739099}",2026-08-12T06:41:24Z
exp2_scaling,montecarlo,no_lock,8,memory,0,4,2.180206,157274,392576,59.937948,"{""user_lock_acquisitions"": 0, ""tracemalloc_peak_bytes"": 792505}",2026-08-12T06:41:26Z
exp2_scaling,montecarlo,fp_reduce,10,memory,0,0,1.786447,392947,392947,0.000000,"{""user_lock_acquisitions"": 0, ""tracemalloc_peak_bytes"": 912495}",2026-08-12T06:41:28Z
exp2_scaling,montecarlo,imp_threadlocal,10,memory,0,1,1.491158,392947,392947,0.000000,"{""user_lock_acquisitions"": 0, ""tracemalloc_peak_bytes"": 898325}",2026-08-12T06:41:29Z
exp2_scaling,montecarlo,coarse_lock,10,memory,0,2,1.666641,392947,392947,0.000000,"{""user_lock_acquisitions"": 10, ""tracemalloc_peak_bytes"": 911849}",2026-08-12T06:41:31Z
exp2_scaling,montecarlo,fine_lock,10,memory,0,3,6.416726,392947,392947,0.000000,"{""user_lock_acquisitions"": 500000, ""tracemalloc_peak_bytes"": 912623}",2026-08-12T06:41:38Z
exp2_scaling,montecarlo,no_lock,10,memory,0,4,2.576139,138926,392947,64.645105,"{""user_lock_acquisitions"": 0, ""tracemalloc_peak_bytes"": 989589}",2026-08-12T06:41:40Z
exp2_scaling,montecarlo,fp_reduce,12,memory,0,0,1.901087,392989,392989,0.000000,"{""user_lock_acquisitions"": 0, ""tracemalloc_peak_bytes"": 1083493}",2026-08-12T06:41:42Z
exp2_scaling,montecarlo,imp_threadlocal,12,memory,0,1,1.840472,392989,392989,0.000000,"{""user_lock_acquisitions"": 0, ""tracemalloc_peak_bytes"": 1077427}",2026-08-12T06:41:44Z
exp2_scaling,montecarlo,coarse_lock,12,memory,0,2,2.108890,392989,392989,0.000000,"{""user_lock_acquisitions"": 12, ""tracemalloc_peak_bytes"": 1077647}",2026-08-12T06:41:46Z
exp2_scaling,montecarlo,fine_lock,12,memory,0,3,6.438241,392989,392989,0.000000,"{""user_lock_acquisitions"": 500000, ""tracemalloc_peak_bytes"": 1099621}",2026-08-12T06:41:52Z
exp2_scaling,montecarlo,no_lock,12,memory,0,4,3.103988,124345,392989,68.359165,"{""user_lock_acquisitions"": 0, ""tracemalloc_peak_bytes"": 1169811}",2026-08-12T06:41:56Z
exp2_scaling,montecarlo,fp_reduce,14,memory,0,0,2.468696,393024,393024,0.000000,"{""user_lock_acquisitions"": 0, ""tracemalloc_peak_bytes"": 1261827}",2026-08-12T06:41:58Z
exp2_scaling,montecarlo,imp_threadlocal,14,memory,0,1,2.386994,393024,393024,0.000000,"{""user_lock_acquisitions"": 0, ""tracemalloc_peak_bytes"": 1260961}",2026-08-12T06:42:00Z
exp2_scaling,montecarlo,coarse_lock,14,memory,0,2,2.629763,393024,393024,0.000000,"{""user_lock_acquisitions"": 14, ""tracemalloc_peak_bytes"": 1261181}",2026-08-12T06:42:03Z
exp2_scaling,montecarlo,fine_lock,14,memory,0,3,6.662902,393024,393024,0.000000,"{""user_lock_acquisitions"": 500000, ""tracemalloc_peak_bytes"": 1281723}",2026-08-12T06:42:10Z
exp2_scaling,montecarlo,no_lock,14,memory,0,4,4.308481,117700,393024,70.052719,"{""user_lock_acquisitions"": 0, ""tracemalloc_peak_bytes"": 1357913}",2026-08-12T06:42:14Z
exp2_scaling,montecarlo,fp_reduce,16,memory,0,0,3.665725,392928,392928,0.000000,"{""user_lock_acquisitions"": 0, ""tracemalloc_peak_bytes"": 1440745}",2026-08-12T06:42:18Z
exp2_scaling,montecarlo,imp_threadlocal,16,memory,0,1,3.753030,392928,392928,0.000000,"{""user_lock_acquisitions"": 0, ""tracemalloc_peak_bytes"": 1444263}",2026-08-12T06:42:21Z
exp2_scaling,montecarlo,coarse_lock,16,memory,0,2,3.732419,392928,392928,0.000000,"{""user_lock_acquisitions"": 16, ""tracemalloc_peak_bytes"": 1444483}",2026-08-12T06:42:25Z
exp2_scaling,montecarlo,fine_lock,16,memory,0,3,6.901457,392928,392928,0.000000,"{""user_lock_acquisitions"": 500000, ""tracemalloc_peak_bytes"": 1468257}",2026-08-12T06:42:32Z
exp2_scaling,montecarlo,no_lock,16,memory,0,4,5.135860,113047,392928,71.229589,"{""user_lock_acquisitions"": 0, ""tracemalloc_peak_bytes"": 1550655}",2026-08-12T06:42:37Z
