experiment,workload,condition,n_threads,phase,rep,order_idx,wall_s,result,expected,error_pct,aux,timestamp_utc
exp2_scaling,synthetic,fp_reduce,1,warmup,2,0,0.148892,831537362.185985,831537362.1859643,0.000000,"{""user_lock_acquisitions"": 0}",2026-08-12T06:28:50Z
exp2_scaling,synthetic,fp_sum_genexpr,1,warmup,0,1,0.077299,831537362.1859643,831537362.1859643,0.000000,"{""user_lock_acquisitions"": 0}",2026-08-12T06:28:50Z
exp2_scaling,synthetic,queue_agg,1,warmup,1,2,0.072057,831537362.185985,831537362.1859643,0.000000,"{""user_lock_acquisitions"": 0}",2026-08-12T06:28:50Z
exp2_scaling,synthetic,no_lock,1,warmup,2,3,0.087180,831537362.185985,831537362.1859643,0.000000,"{""user_lock_acquisitions"": 0}",2026-08-12T06:28:50Z
exp2_scaling,synthetic,imp_threadlocal,1,warmup,0,4,0.071691,831537362.185985,831537362.1859643,0.000000,"{""user_lock_acquisitions"": 0}",2026-08-12T06:28:50Z
exp2_scaling,synthetic,fp_sum_genexpr,1,warmup,1,5,0.075896,831537362.1859643,831537362.1859643,0.000000,"{""user_lock_acquisitions"": 0}",2026-08-12T06:28:50Z
exp2_scaling,synthetic,fp_sum_genexpr,1,warmup,2,6,0.075804,831537362.1859643,831537362.1859643,0.000000,"{""user_lock_acquisitions"": 0}",2026-08-12T06:28:51Z
exp2_scaling,synthetic,no_lock,1,warmup,1,7,0.086145,831537362.185985,831537362.1859643,0.000000,"{""user_lock_acquisitions"": 0}",2026-08-12T06:28:51Z
exp2_scaling,synthetic,coarse_lock,1,warmup,1,8,0.071823,831537362.185985,831537362.1859643,0.000000,"{""user_lock_acquisitions"": 1}",2026-08-12T06:28:51Z
exp2_scaling,synthetic,fp_reduce,1,warmup,0,9,0.071765,831537362.185985,831537362.1859643,0.000000,"{""user_lock_acquisitions"": 0}",2026-08-12T06:28:51Z
exp2_scaling,synthetic,fine_lock,1,warmup,1,10,0.138581,831537362.185985,831537362.1859643,0.000000,"{""user_lock_acquisitions"": 500000}",2026-08-12T06:28:51Z
exp2_scaling,synthetic,fine_lock,1,warmup,2,11,0.138942,831537362.185985,831537362.1859643,0.000000,"{""user_lock_acquisitions"": 500000}",2026-08-12T06:28:51Z
exp2_scaling,synthetic,batched_lock,1,warmup,2,12,0.082503,831537362.1859645,831537362.1859643,0.000000,"{""user_lock_acquisitions"": 500}",2026-08-12T06:28:51Z
exp2_scaling,synthetic,coarse_lock,1,warmup,2,13,0.072490,831537362.185985,831537362.1859643,0.000000,"{""user_lock_acquisitions"": 1}",2026-08-12T06:28:51Z
exp2_scaling,synthetic,imp_threadlocal,1,warmup,1,14,0.071111,831537362.185985,831537362.1859643,0.000000,"{""user_lock_acquisitions"": 0}",2026-08-12T06:28:51Z
exp2_scaling,synthetic,no_lock,1,warmup,0,15,0.086014,831537362.185985,831537362.1859643,0.000000,"{""user_lock_acquisitions"": 0}",2026-08-12T06:28:51Z
exp2_scaling,synthetic,fine_lock,1,warmup,0,16,0.139960,831537362.185985,831537362.1859643,0.000000,"{""user_lock_acquisitions"": 500000}",2026-08-12T06:28:52Z
exp2_scaling,synthetic,batched_lock,1,warmup,0,17,0.082987,831537362.1859645,831537362.1859643,0.000000,"{""user_lock_acquisitions"": 500}",2026-08-12T06:28:52Z
exp2_scaling,synthetic,fp_reduce,1,warmup,1,18,0.074017,831537362.185985,831537362.1859643,0.000000,"{""user_lock_acquisitions"": 0}",2026-08-12T06:28:52Z
exp2_scaling,synthetic,queue_agg,1,warmup,2,19,0.071517,831537362.185985,831537362.1859643,0.000000,"{""user_lock_acquisitions"": 0}",2026-08-12T06:28:52Z
exp2_scaling,synthetic,coarse_lock,1,warmup,0,20,0.071480,831537362.185985,831537362.1859643,0.000000,"{""user_lock_acquisitions"": 1}",2026-08-12T06:28:52Z
exp2_scaling,synthetic,batched_lock,1,warmup,1,21,0.082788,831537362.1859645,831537362.1859643,0.000000,"{""user_lock_acquisitions"": 500}",2026-08-12T06:28:52Z
exp2_scaling,synthetic,queue_agg,1,warmup,0,22,0.071408,831537362.185985,831537362.1859643,0.000000,"{""user_lock_acquisitions"": 0}",2026-08-12T06:28:52Z
exp2_scaling,synthetic,imp_threadlocal,1,warmup,2,23,0.072120,831537362.185985,831537362.1859643,0.000000,"{""user_lock_acquisitions"": 0}",2026-08-12T06:28:52Z
exp2_scaling,synthetic,fine_lock,1,measured,4,24,0.139155,831537362.185985,831537362.1859643,0.000000,"{""user_lock_acquisitions"": 500000}",2026-08-12T06:28:52Z
exp2_scaling,synthetic,no_lock,1,measured,18,25,0.087006,831537362.185985,831537362.1859643,0.000000,"{""user_lock_acquisitions"": 0}",2026-08-12T06:28:52Z
exp2_scaling,synthetic,queue_agg,1,measured,7,26,0.071792,831537362.185985,831537362.1859643,0.000000,"{""user_lock_acquisitions"": 0}",2026-08-12T06:28:52Z
exp2_scaling,synthetic,no_lock,1,measured,8,27,0.086125,831537362.185985,831537362.1859643,0.000000,"{""user_lock_acquisitions"": 0}",2026-08-12T06:28:52Z
exp2_scaling,synthetic,imp_threadlocal,1,measured,4,28,0.071220,831537362.185985,831537362.1859643,0.000000,"{""user_lock_acquisitions"": 0}",2026-08-12T06:28:53Z
exp2_scaling,synthetic,coarse_lock,1,measured,5,29,0.071643,831537362.185985,831537362.1859643,0.000000,"{""user_lock_acquisitions"": 1}",2026-08-12T06:28:53Z
exp2_scaling,synthetic,fp_reduce,1,measured,26,30,0.071533,831537362.185985,831537362.1859643,0.000000,"{""user_lock_acquisitions"": 0}",2026-08-12T06:28:53Z
exp2_scaling,synthetic,fine_lock,1,measured,16,31,0.139136,831537362.185985,831537362.1859643,0.000000,"{""user_lock_acquisitions"": 500000}",2026-08-12T06:28:53Z
exp2_scaling,synthetic,queue_agg,1,measured,13,32,0.071955,831537362.185985,831537362.1859643,0.000000,"{""user_lock_acquisitions"": 0}",2026-08-12T06:28:53Z
exp2_scaling,synthetic,batched_lock,1,measured,22,33,0.082406,831537362.1859645,831537362.1859643,0.000000,"{""user_lock_acquisitions"": 500}",2026-08-12T06:28:53Z
exp2_scaling,synthetic,batched_lock,1,measured,27,34,0.082824,831537362.1859645,831537362.1859643,0.000000,"{""user_lock_acquisitions"": 500}",2026-08-12T06:28:53Z
exp2_scaling,synthetic,imp_threadlocal,1,measured,2,35,0.072325,831537362.185985,831537362.1859643,0.000000,"{""user_lock_acquisitions"": 0}",2026-08-12T06:28:53Z
exp2_scaling,synthetic,fp_reduce,1,measured,21,36,0.072021,831537362.185985,831537362.1859643,0.000000,"{""user_lock_acquisitions"": 0}",2026-08-12T06:28:53Z
exp2_scaling,synthetic,imp_threadlocal,1,measured,5,37,0.071647,831537362.185985,831537362.1859643,0.000000,"{""user_lock_acquisitions"": 0}",2026-08-12T06:28:53Z
exp2_scaling,synthetic,queue_agg,1,measured,5,38,0.071834,831537362.185985,831537362.1859643,0.000000,"{""user_lock_acquisitions"": 0}",2026-08-12T06:28:53Z
exp2_scaling,synthetic,no_lock,1,measured,23,39,0.086108,831537362.185985,831537362.1859643,0.000000,"{""user_lock_acquisitions"": 0}",2026-08-12T06:28:53Z
exp2_scaling,synthetic,imp_threadlocal,1,measured,29,40,0.071184,831537362.185985,831537362.1859643,0.000000,"{""user_lock_acquisitions"": 0}",2026-08-12T06:28:53Z
exp2_scaling,synthetic,batched_lock,1,measured,25,41,0.082712,831537362.1859645,831537362.1859643,0.000000,"{""user_lock_acquisitions"": 500}",2026-08-12T06:28:54Z
exp2_scaling,synthetic,fine_lock,1,measured,9,42,0.140447,831537362.185985,831537362.1859643,0.000000,"{""user_lock_acquisitions"": 500000}",2026-08-12T06:28:54Z
exp2_scaling,synthetic,batched_lock,1,measured,0,43,0.082419,831537362.1859645,831537362.1859643,0.000000,"{""user_lock_acquisitions"": 500}",2026-08-12T06:28:54Z
exp2_scaling,synthetic,queue_agg,1,measured,18,44,0.071269,831537362.185985,831537362.1859643,0.000000,"{""user_lock_acquisitions"": 0}",2026-08-12T06:28:54Z
exp2_scaling,synthetic,no_lock,1,measured,7,45,0.086277,831537362.185985,831537362.1859643,0.000000,"{""user_lock_acquisitions"": 0}",2026-08-12T06:28:54Z
exp2_scaling,synthetic,batched_lock,1,measured,29,46,0.082360,831537362.1859645,831537362.1859643,0.000000,"{""user_lock_acquisitions"": 500}",2026-08-12T06:28:54Z
exp2_scaling,synthetic,coarse_lock,1,measured,29,47,0.072390,831537362.185985,831537362.1859643,0.000000,"{""user_lock_acquisitions"": 1}",2026-08-12T06:28:54Z
exp2_scaling,synthetic,fine_lock,1,measured,13,48,0.138826,831537362.185985,831537362.1859643,0.000000,"{""user_lock_acquisitions"": 500000}",2026-08-12T06:28:54Z
exp2_scaling,synthetic,queue_agg,1,measured,24,49,0.072197,831537362.185985,831537362.1859643,0.000000,"{""user_lock_acquisitions"": 0}",2026-08-12T06:28:54Z
exp2_scaling,synthetic,fp_sum_genexpr,1,measured,10,50,0.075878,831537362.1859643,831537362.1859643,0.000000,"{""user_lock_acquisitions"": 0}",2026-08-12T06:28:54Z
exp2_scaling,synthetic,no_lock,1,measured,13,51,0.087025,831537362.185985,831537362.1859643,0.000000,"{""user_lock_acquisitions"": 0}",2026-08-12T06:28:54Z
exp2_scaling,synthetic,batched_lock,1,measured,14,52,0.082760,831537362.1859645,831537362.1859643,0.000000,"{""user_lock_acquisitions"": 500}",2026-08-12T06:28:55Z
exp2_scaling,synthetic,coarse_lock,1,measured,9,53,0.071703,831537362.185985,831537362.1859643,0.000000,"{""user_lock_acquisitions"": 1}",2026-08-12T06:28:55Z
exp2_scaling,synthetic,fp_reduce,1,measured,8,54,0.071631,831537362.185985,831537362.1859643,0.000000,"{""user_lock_acquisitions"": 0}",2026-08-12T06:28:55Z
exp2_scaling,synthetic,imp_threadlocal,1,measured,10,55,0.072068,831537362.185985,831537362.1859643,0.000000,"{""user_lock_acquisitions"": 0}",2026-08-12T06:28:55Z
exp2_scaling,synthetic,batched_lock,1,measured,5,56,0.083005,831537362.1859645,831537362.1859643,0.000000,"{""user_lock_acquisitions"": 500}",2026-08-12T06:28:55Z
exp2_scaling,synthetic,coarse_lock,1,measured,4,57,0.072183,831537362.185985,831537362.1859643,0.000000,"{""user_lock_acquisitions"": 1}",2026-08-12T06:28:55Z
exp2_scaling,synthetic,fine_lock,1,measured,12,58,0.139428,831537362.185985,831537362.1859643,0.000000,"{""user_lock_acquisitions"": 500000}",2026-08-12T06:28:55Z
exp2_scaling,synthetic,coarse_lock,1,measured,18,59,0.072156,831537362.185985,831537362.1859643,0.000000,"{""user_lock_acquisitions"": 1}",2026-08-12T06:28:55Z
exp2_scaling,synthetic,no_lock,1,measured,20,60,0.085607,831537362.185985,831537362.1859643,0.000000,"{""user_lock_acquisitions"": 0}",2026-08-12T06:28:55Z
exp2_scaling,synthetic,fine_lock,1,measured,22,61,0.138549,831537362.185985,831537362.1859643,0.000000,"{""user_lock_acquisitions"": 500000}",2026-08-12T06:28:55Z
exp2_scaling,synthetic,no_lock,1,measured,9,62,0.085787,831537362.185985,831537362.1859643,0.000000,"{""user_lock_acquisitions"": 0}",2026-08-12T06:28:55Z
exp2_scaling,synthetic,fp_reduce,1,measured,22,63,0.072106,831537362.185985,831537362.1859643,0.000000,"{""user_lock_acquisitions"": 0}",2026-08-12T06:28:56Z
exp2_scaling,synthetic,no_lock,1,measured,26,64,0.085872,831537362.185985,831537362.1859643,0.000000,"{""user_lock_acquisitions"": 0}",2026-08-12T06:28:56Z
exp2_scaling,synthetic,queue_agg,1,measured,8,65,0.071362,831537362.185985,831537362.1859643,0.000000,"{""user_lock_acquisitions"": 0}",2026-08-12T06:28:56Z
exp2_scaling,synthetic,coarse_lock,1,measured,22,66,0.071058,831537362.185985,831537362.1859643,0.000000,"{""user_lock_acquisitions"": 1}",2026-08-12T06:28:56Z
exp2_scaling,synthetic,no_lock,1,measured,25,67,0.086254,831537362.185985,831537362.1859643,0.000000,"{""user_lock_acquisitions"": 0}",2026-08-12T06:28:56Z
exp2_scaling,synthetic,no_lock,1,measured,1,68,0.085874,831537362.185985,831537362.1859643,0.000000,"{""user_lock_acquisitions"": 0}",2026-08-12T06:28:56Z
exp2_scaling,synthetic,imp_threadlocal,1,measured,16,69,0.071507,831537362.185985,831537362.1859643,0.000000,"{""user_lock_acquisitions"": 0}",2026-08-12T06:28:56Z
exp2_scaling,synthetic,queue_agg,1,measured,11,70,0.071236,831537362.185985,831537362.1859643,0.000000,"{""user_lock_acquisitions"": 0}",2026-08-12T06:28:56Z
exp2_scaling,synthetic,fp_reduce,1,measured,3,71,0.071494,831537362.185985,831537362.1859643,0.000000,"{""user_lock_acquisitions"": 0}",2026-08-12T06:28:56Z
exp2_scaling,synthetic,fp_reduce,1,measured,5,72,0.071102,831537362.185985,831537362.1859643,0.000000,"{""user_lock_acquisitions"": 0}",2026-08-12T06:28:56Z
exp2_scaling,synthetic,no_lock,1,measured,29,73,0.085892,831537362.185985,831537362.1859643,0.000000,"{""user_lock_acquisitions"": 0}",2026-08-12T06:28:56Z
exp2_scaling,synthetic,imp_threadlocal,1,measured,8,74,0.071129,831537362.185985,831537362.1859643,0.000000,"{""user_lock_acquisitions"": 0}",2026-08-12T06:28:56Z
exp2_scaling,synthetic,imp_threadlocal,1,measured,23,75,0.071480,831537362.185985,831537362.1859643,0.000000,"{""user_lock_acquisitions"": 0}",2026-08-12T06:28:56Z
exp2_scaling,synthetic,fine_lock,1,measured,7,76,0.139618,831537362.185985,831537362.1859643,0.000000,"{""user_lock_acquisitions"": 500000}",2026-08-12T06:28:57Z
exp2_scaling,synthetic,imp_threadlocal,1,measured,19,77,0.071482,831537362.185985,831537362.1859643,0.000000,"{""user_lock_acquisitions"": 0}",2026-08-12T06:28:57Z
exp2_scaling,synthetic,imp_threadlocal,1,measured,21,78,0.071138,831537362.185985,831537362.1859643,0.000000,"{""user_lock_acquisitions"": 0}",2026-08-12T06:28:57Z
exp2_scaling,synthetic,imp_threadlocal,1,measured,28,79,0.071550,831537362.185985,831537362.1859643,0.000000,"{""user_lock_acquisitions"": 0}",2026-08-12T06:28:57Z
exp2_scaling,synthetic,fp_reduce,1,measured,17,80,0.071192,831537362.185985,831537362.1859643,0.000000,"{""user_lock_acquisitions"": 0}",2026-08-12T06:28:57Z
exp2_scaling,synthetic,queue_agg,1,measured,6,81,0.071369,831537362.185985,831537362.1859643,0.000000,"{""user_lock_acquisitions"": 0}",2026-08-12T06:28:57Z
exp2_scaling,synthetic,imp_threadlocal,1,measured,7,82,0.071327,831537362.185985,831537362.1859643,0.000000,"{""user_lock_acquisitions"": 0}",2026-08-12T06:28:57Z
exp2_scaling,synthetic,no_lock,1,measured,27,83,0.086206,831537362.185985,831537362.1859643,0.000000,"{""user_lock_acquisitions"": 0}",2026-08-12T06:28:57Z
exp2_scaling,synthetic,coarse_lock,1,measured,23,84,0.071117,831537362.185985,831537362.1859643,0.000000,"{""user_lock_acquisitions"": 1}",2026-08-12T06:28:57Z
exp2_scaling,synthetic,imp_threadlocal,1,measured,6,85,0.071886,831537362.185985,831537362.1859643,0.000000,"{""user_lock_acquisitions"": 0}",2026-08-12T06:28:57Z
exp2_scaling,synthetic,batched_lock,1,measured,6,86,0.082735,831537362.1859645,831537362.1859643,0.000000,"{""user_lock_acquisitions"": 500}",2026-08-12T06:28:57Z
exp2_scaling,synthetic,fp_reduce,1,measured,1,87,0.072017,831537362.185985,831537362.1859643,0.000000,"{""user_lock_acquisitions"": 0}",2026-08-12T06:28:57Z
exp2_scaling,synthetic,batched_lock,1,measured,28,88,0.082454,831537362.1859645,831537362.1859643,0.000000,"{""user_lock_acquisitions"": 500}",2026-08-12T06:28:57Z
exp2_scaling,synthetic,batched_lock,1,measured,19,89,0.082778,831537362.1859645,831537362.1859643,0.000000,"{""user_lock_acquisitions"": 500}",2026-08-12T06:28:58Z
exp2_scaling,synthetic,queue_agg,1,measured,28,90,0.071902,831537362.185985,831537362.1859643,0.000000,"{""user_lock_acquisitions"": 0}",2026-08-12T06:28:58Z
exp2_scaling,synthetic,coarse_lock,1,measured,6,91,0.071997,831537362.185985,831537362.1859643,0.000000,"{""user_lock_acquisitions"": 1}",2026-08-12T06:28:58Z
exp2_scaling,synthetic,batched_lock,1,measured,16,92,0.082571,831537362.1859645,831537362.1859643,0.000000,"{""user_lock_acquisitions"": 500}",2026-08-12T06:28:58Z
exp2_scaling,synthetic,fp_reduce,1,measured,4,93,0.071849,831537362.185985,831537362.1859643,0.000000,"{""user_lock_acquisitions"": 0}",2026-08-12T06:28:58Z
exp2_scaling,synthetic,batched_lock,1,measured,2,94,0.082964,831537362.1859645,831537362.1859643,0.000000,"{""user_lock_acquisitions"": 500}",2026-08-12T06:28:58Z
exp2_scaling,synthetic,queue_agg,1,measured,19,95,0.071601,831537362.185985,831537362.1859643,0.000000,"{""user_lock_acquisitions"": 0}",2026-08-12T06:28:58Z
exp2_scaling,synthetic,fine_lock,1,measured,0,96,0.138797,831537362.185985,831537362.1859643,0.000000,"{""user_lock_acquisitions"": 500000}",2026-08-12T06:28:58Z
exp2_scaling,synthetic,fp_reduce,1,measured,29,97,0.072725,831537362.185985,831537362.1859643,0.000000,"{""user_lock_acquisitions"": 0}",2026-08-12T06:28:58Z
exp2_scaling,synthetic,fine_lock,1,measured,28,98,0.139707,831537362.185985,831537362.1859643,0.000000,"{""user_lock_acquisitions"": 500000}",2026-08-12T06:28:58Z
exp2_scaling,synthetic,no_lock,1,measured,12,99,0.086579,831537362.185985,831537362.1859643,0.000000,"{""user_lock_acquisitions"": 0}",2026-08-12T06:28:58Z
exp2_scaling,synthetic,imp_threadlocal,1,measured,18,100,0.071793,831537362.185985,831537362.1859643,0.000000,"{""user_lock_acquisitions"": 0}",2026-08-12T06:28:59Z
exp2_scaling,synthetic,fp_sum_genexpr,1,measured,14,101,0.075849,831537362.1859643,831537362.1859643,0.000000,"{""user_lock_acquisitions"": 0}",2026-08-12T06:28:59Z
exp2_scaling,synthetic,queue_agg,1,measured,22,102,0.071328,831537362.185985,831537362.1859643,0.000000,"{""user_lock_acquisitions"": 0}",2026-08-12T06:28:59Z
exp2_scaling,synthetic,queue_agg,1,measured,20,103,0.071638,831537362.185985,831537362.1859643,0.000000,"{""user_lock_acquisitions"": 0}",2026-08-12T06:28:59Z
exp2_scaling,synthetic,fine_lock,1,measured,24,104,0.137875,831537362.185985,831537362.1859643,0.000000,"{""user_lock_acquisitions"": 500000}",2026-08-12T06:28:59Z
exp2_scaling,synthetic,coarse_lock,1,measured,11,105,0.071546,831537362.185985,831537362.1859643,0.000000,"{""user_lock_acquisitions"": 1}",2026-08-12T06:28:59Z
exp2_scaling,synthetic,coarse_lock,1,measured,20,106,0.071844,831537362.185985,831537362.1859643,0.000000,"{""user_lock_acquisitions"": 1}",2026-08-12T06:28:59Z
exp2_scaling,synthetic,fp_reduce,1,measured,14,107,0.071793,831537362.185985,831537362.1859643,0.000000,"{""user_lock_acquisitions"": 0}",2026-08-12T06:28:59Z
exp2_scaling,synthetic,batched_lock,1,measured,8,108,0.082455,831537362.1859645,831537362.1859643,0.000000,"{""user_lock_acquisitions"": 500}",2026-08-12T06:28:59Z
exp2_scaling,synthetic,batched_lock,1,measured,23,109,0.082484,831537362.1859645,831537362.1859643,0.000000,"{""user_lock_acquisitions"": 500}",2026-08-12T06:28:59Z
exp2_scaling,synthetic,coarse_lock,1,measured,19,110,0.071324,831537362.185985,831537362.1859643,0.000000,"{""user_lock_acquisitions"": 1}",2026-08-12T06:28:59Z
exp2_scaling,synthetic,batched_lock,1,measured,11,111,0.082470,831537362.1859645,831537362.1859643,0.000000,"{""user_lock_acquisitions"": 500}",2026-08-12T06:28:59Z
exp2_scaling,synthetic,fp_reduce,1,measured,18,112,0.072257,831537362.185985,831537362.1859643,0.000000,"{""user_lock_acquisitions"": 0}",2026-08-12T06:28:59Z
exp2_scaling,synthetic,fp_reduce,1,measured,6,113,0.071841,831537362.185985,831537362.1859643,0.000000,"{""user_lock_acquisitions"": 0}",2026-08-12T06:29:00Z
exp2_scaling,synthetic,coarse_lock,1,measured,12,114,0.071274,831537362.185985,831537362.1859643,0.000000,"{""user_lock_acquisitions"": 1}",2026-08-12T06:29:00Z
exp2_scaling,synthetic,queue_agg,1,measured,21,115,0.071488,831537362.185985,831537362.1859643,0.000000,"{""user_lock_acquisitions"": 0}",2026-08-12T06:29:00Z
exp2_scaling,synthetic,fine_lock,1,measured,5,116,0.138517,831537362.185985,831537362.1859643,0.000000,"{""user_lock_acquisitions"": 500000}",2026-08-12T06:29:00Z
exp2_scaling,synthetic,fp_reduce,1,measured,28,117,0.071844,831537362.185985,831537362.1859643,0.000000,"{""user_lock_acquisitions"": 0}",2026-08-12T06:29:00Z
exp2_scaling,synthetic,imp_threadlocal,1,measured,3,118,0.071255,831537362.185985,831537362.1859643,0.000000,"{""user_lock_acquisitions"": 0}",2026-08-12T06:29:00Z
exp2_scaling,synthetic,fine_lock,1,measured,21,119,0.138813,831537362.185985,831537362.1859643,0.000000,"{""user_lock_acquisitions"": 500000}",2026-08-12T06:29:00Z
exp2_scaling,synthetic,imp_threadlocal,1,measured,14,120,0.071821,831537362.185985,831537362.1859643,0.000000,"{""user_lock_acquisitions"": 0}",2026-08-12T06:29:00Z
exp2_scaling,synthetic,no_lock,1,measured,11,121,0.086260,831537362.185985,831537362.1859643,0.000000,"{""user_lock_acquisitions"": 0}",2026-08-12T06:29:00Z
exp2_scaling,synthetic,fine_lock,1,measured,11,122,0.138423,831537362.185985,831537362.1859643,0.000000,"{""user_lock_acquisitions"": 500000}",2026-08-12T06:29:00Z
exp2_scaling,synthetic,fp_sum_genexpr,1,measured,1,123,0.075873,831537362.1859643,831537362.1859643,0.000000,"{""user_lock_acquisitions"": 0}",2026-08-12T06:29:00Z
exp2_scaling,synthetic,batched_lock,1,measured,1,124,0.082296,831537362.1859645,831537362.1859643,0.000000,"{""user_lock_acquisitions"": 500}",2026-08-12T06:29:01Z
exp2_scaling,synthetic,batched_lock,1,measured,10,125,0.082465,831537362.1859645,831537362.1859643,0.000000,"{""user_lock_acquisitions"": 500}",2026-08-12T06:29:01Z
exp2_scaling,synthetic,coarse_lock,1,measured,7,126,0.072028,831537362.185985,831537362.1859643,0.000000,"{""user_lock_acquisitions"": 1}",2026-08-12T06:29:01Z
exp2_scaling,synthetic,imp_threadlocal,1,measured,0,127,0.071609,831537362.185985,831537362.1859643,0.000000,"{""user_lock_acquisitions"": 0}",2026-08-12T06:29:01Z
exp2_scaling,synthetic,fp_sum_genexpr,1,measured,22,128,0.075677,831537362.1859643,831537362.1859643,0.000000,"{""user_lock_acquisitions"": 0}",2026-08-12T06:29:01Z
exp2_scaling,synthetic,coarse_lock,1,measured,0,129,0.071679,831537362.185985,831537362.1859643,0.000000,"{""user_lock_acquisitions"": 1}",2026-08-12T06:29:01Z
exp2_scaling,synthetic,coarse_lock,1,measured,16,130,0.071665,831537362.185985,831537362.1859643,0.000000,"{""user_lock_acquisitions"": 1}",2026-08-12T06:29:01Z
exp2_scaling,synthetic,fp_reduce,1,measured,0,131,0.071801,831537362.185985,831537362.1859643,0.000000,"{""user_lock_acquisitions"": 0}",2026-08-12T06:29:01Z
exp2_scaling,synthetic,fp_reduce,1,measured,11,132,0.071304,831537362.185985,831537362.1859643,0.000000,"{""user_lock_acquisitions"": 0}",2026-08-12T06:29:01Z
exp2_scaling,synthetic,queue_agg,1,measured,12,133,0.072313,831537362.185985,831537362.1859643,0.000000,"{""user_lock_acquisitions"": 0}",2026-08-12T06:29:01Z
exp2_scaling,synthetic,fp_sum_genexpr,1,measured,26,134,0.075531,831537362.1859643,831537362.1859643,0.000000,"{""user_lock_acquisitions"": 0}",2026-08-12T06:29:01Z
exp2_scaling,synthetic,fp_sum_genexpr,1,measured,29,135,0.076817,831537362.1859643,831537362.1859643,0.000000,"{""user_lock_acquisitions"": 0}",2026-08-12T06:29:01Z
exp2_scaling,synthetic,coarse_lock,1,measured,10,136,0.071465,831537362.185985,831537362.1859643,0.000000,"{""user_lock_acquisitions"": 1}",2026-08-12T06:29:01Z
exp2_scaling,synthetic,imp_threadlocal,1,measured,17,137,0.071964,831537362.185985,831537362.1859643,0.000000,"{""user_lock_acquisitions"": 0}",2026-08-12T06:29:02Z
exp2_scaling,synthetic,fine_lock,1,measured,14,138,0.138911,831537362.185985,831537362.1859643,0.000000,"{""user_lock_acquisitions"": 500000}",2026-08-12T06:29:02Z
exp2_scaling,synthetic,imp_threadlocal,1,measured,26,139,0.071952,831537362.185985,831537362.1859643,0.000000,"{""user_lock_acquisitions"": 0}",2026-08-12T06:29:02Z
exp2_scaling,synthetic,batched_lock,1,measured,18,140,0.082533,831537362.1859645,831537362.1859643,0.000000,"{""user_lock_acquisitions"": 500}",2026-08-12T06:29:02Z
exp2_scaling,synthetic,no_lock,1,measured,24,141,0.086372,831537362.185985,831537362.1859643,0.000000,"{""user_lock_acquisitions"": 0}",2026-08-12T06:29:02Z
exp2_scaling,synthetic,fine_lock,1,measured,25,142,0.138011,831537362.185985,831537362.1859643,0.000000,"{""user_lock_acquisitions"": 500000}",2026-08-12T06:29:02Z
exp2_scaling,synthetic,coarse_lock,1,measured,26,143,0.071606,831537362.185985,831537362.1859643,0.000000,"{""user_lock_acquisitions"": 1}",2026-08-12T06:29:02Z
exp2_scaling,synthetic,queue_agg,1,measured,16,144,0.071584,831537362.185985,831537362.1859643,0.000000,"{""user_lock_acquisitions"": 0}",2026-08-12T06:29:02Z
exp2_scaling,synthetic,imp_threadlocal,1,measured,13,145,0.072193,831537362.185985,831537362.1859643,0.000000,"{""user_lock_acquisitions"": 0}",2026-08-12T06:29:02Z
exp2_scaling,synthetic,fine_lock,1,measured,10,146,0.138445,831537362.185985,831537362.1859643,0.000000,"{""user_lock_acquisitions"": 500000}",2026-08-12T06:29:02Z
exp2_scaling,synthetic,fp_sum_genexpr,1,measured,8,147,0.076848,831537362.1859643,831537362.1859643,0.000000,"{""user_lock_acquisitions"": 0}",2026-08-12T06:29:02Z
exp2_scaling,synthetic,imp_threadlocal,1,measured,9,148,0.071512,831537362.185985,831537362.1859643,0.000000,"{""user_lock_acquisitions"": 0}",2026-08-12T06:29:03Z
exp2_scaling,synthetic,queue_agg,1,measured,1,149,0.071585,831537362.185985,831537362.1859643,0.000000,"{""user_lock_acquisitions"": 0}",2026-08-12T06:29:03Z
exp2_scaling,synthetic,coarse_lock,1,measured,3,150,0.071961,831537362.185985,831537362.1859643,0.000000,"{""user_lock_acquisitions"": 1}",2026-08-12T06:29:03Z
exp2_scaling,synthetic,fp_sum_genexpr,1,measured,11,151,0.076335,831537362.1859643,831537362.1859643,0.000000,"{""user_lock_acquisitions"": 0}",2026-08-12T06:29:03Z
exp2_scaling,synthetic,queue_agg,1,measured,2,152,0.071494,831537362.185985,831537362.1859643,0.000000,"{""user_lock_acquisitions"": 0}",2026-08-12T06:29:03Z
exp2_scaling,synthetic,fp_reduce,1,measured,2,153,0.072203,831537362.185985,831537362.1859643,0.000000,"{""user_lock_acquisitions"": 0}",2026-08-12T06:29:03Z
exp2_scaling,synthetic,batched_lock,1,measured,21,154,0.082646,831537362.1859645,831537362.1859643,0.000000,"{""user_lock_acquisitions"": 500}",2026-08-12T06:29:03Z
exp2_scaling,synthetic,fp_sum_genexpr,1,measured,28,155,0.076031,831537362.1859643,831537362.1859643,0.000000,"{""user_lock_acquisitions"": 0}",2026-08-12T06:29:03Z
exp2_scaling,synthetic,queue_agg,1,measured,29,156,0.071426,831537362.185985,831537362.1859643,0.000000,"{""user_lock_acquisitions"": 0}",2026-08-12T06:29:03Z
exp2_scaling,synthetic,fp_reduce,1,measured,10,157,0.071547,831537362.185985,831537362.1859643,0.000000,"{""user_lock_acquisitions"": 0}",2026-08-12T06:29:03Z
exp2_scaling,synthetic,no_lock,1,measured,15,158,0.085689,831537362.185985,831537362.1859643,0.000000,"{""user_lock_acquisitions"": 0}",2026-08-12T06:29:03Z
exp2_scaling,synthetic,imp_threadlocal,1,measured,25,159,0.071785,831537362.185985,831537362.1859643,0.000000,"{""user_lock_acquisitions"": 0}",2026-08-12T06:29:03Z
exp2_scaling,synthetic,coarse_lock,1,measured,27,160,0.071359,831537362.185985,831537362.1859643,0.000000,"{""user_lock_acquisitions"": 1}",2026-08-12T06:29:03Z
exp2_scaling,synthetic,fp_reduce,1,measured,16,161,0.072027,831537362.185985,831537362.1859643,0.000000,"{""user_lock_acquisitions"": 0}",2026-08-12T06:29:04Z
exp2_scaling,synthetic,fp_sum_genexpr,1,measured,2,162,0.076172,831537362.1859643,831537362.1859643,0.000000,"{""user_lock_acquisitions"": 0}",2026-08-12T06:29:04Z
exp2_scaling,synthetic,fp_reduce,1,measured,25,163,0.071640,831537362.185985,831537362.1859643,0.000000,"{""user_lock_acquisitions"": 0}",2026-08-12T06:29:04Z
exp2_scaling,synthetic,fp_sum_genexpr,1,measured,15,164,0.075219,831537362.1859643,831537362.1859643,0.000000,"{""user_lock_acquisitions"": 0}",2026-08-12T06:29:04Z
exp2_scaling,synthetic,fp_sum_genexpr,1,measured,5,165,0.076254,831537362.1859643,831537362.1859643,0.000000,"{""user_lock_acquisitions"": 0}",2026-08-12T06:29:04Z
exp2_scaling,synthetic,batched_lock,1,measured,15,166,0.082326,831537362.1859645,831537362.1859643,0.000000,"{""user_lock_acquisitions"": 500}",2026-08-12T06:29:04Z
exp2_scaling,synthetic,no_lock,1,measured,22,167,0.086056,831537362.185985,831537362.1859643,0.000000,"{""user_lock_acquisitions"": 0}",2026-08-12T06:29:04Z
exp2_scaling,synthetic,fp_reduce,1,measured,20,168,0.071117,831537362.185985,831537362.1859643,0.000000,"{""user_lock_acquisitions"": 0}",2026-08-12T06:29:04Z
exp2_scaling,synthetic,coarse_lock,1,measured,14,169,0.072125,831537362.185985,831537362.1859643,0.000000,"{""user_lock_acquisitions"": 1}",2026-08-12T06:29:04Z
exp2_scaling,synthetic,fp_sum_genexpr,1,measured,0,170,0.075274,831537362.1859643,831537362.1859643,0.000000,"{""user_lock_acquisitions"": 0}",2026-08-12T06:29:04Z
exp2_scaling,synthetic,fine_lock,1,measured,2,171,0.139954,831537362.185985,831537362.1859643,0.000000,"{""user_lock_acquisitions"": 500000}",2026-08-12T06:29:04Z
exp2_scaling,synthetic,no_lock,1,measured,6,172,0.086104,831537362.185985,831537362.1859643,0.000000,"{""user_lock_acquisitions"": 0}",2026-08-12T06:29:04Z
exp2_scaling,synthetic,no_lock,1,measured,16,173,0.086386,831537362.185985,831537362.1859643,0.000000,"{""user_lock_acquisitions"": 0}",2026-08-12T06:29:05Z
exp2_scaling,synthetic,queue_agg,1,measured,10,174,0.071443,831537362.185985,831537362.1859643,0.000000,"{""user_lock_acquisitions"": 0}",2026-08-12T06:29:05Z
exp2_scaling,synthetic,no_lock,1,measured,14,175,0.086090,831537362.185985,831537362.1859643,0.000000,"{""user_lock_acquisitions"": 0}",2026-08-12T06:29:05Z
exp2_scaling,synthetic,queue_agg,1,measured,0,176,0.071202,831537362.185985,831537362.1859643,0.000000,"{""user_lock_acquisitions"": 0}",2026-08-12T06:29:05Z
exp2_scaling,synthetic,no_lock,1,measured,0,177,0.086160,831537362.185985,831537362.1859643,0.000000,"{""user_lock_acquisitions"": 0}",2026-08-12T06:29:05Z
exp2_scaling,synthetic,queue_agg,1,measured,14,178,0.071023,831537362.185985,831537362.1859643,0.000000,"{""user_lock_acquisitions"": 0}",2026-08-12T06:29:05Z
exp2_scaling,synthetic,no_lock,1,measured,4,179,0.086214,831537362.185985,831537362.1859643,0.000000,"{""user_lock_acquisitions"": 0}",2026-08-12T06:29:05Z
exp2_scaling,synthetic,queue_agg,1,measured,25,180,0.070982,831537362.185985,831537362.1859643,0.000000,"{""user_lock_acquisitions"": 0}",2026-08-12T06:29:05Z
exp2_scaling,synthetic,fp_sum_genexpr,1,measured,23,181,0.076325,831537362.1859643,831537362.1859643,0.000000,"{""user_lock_acquisitions"": 0}",2026-08-12T06:29:05Z
exp2_scaling,synthetic,imp_threadlocal,1,measured,24,182,0.071136,831537362.185985,831537362.1859643,0.000000,"{""user_lock_acquisitions"": 0}",2026-08-12T06:29:05Z
exp2_scaling,synthetic,no_lock,1,measured,2,183,0.087007,831537362.185985,831537362.1859643,0.000000,"{""user_lock_acquisitions"": 0}",2026-08-12T06:29:05Z
exp2_scaling,synthetic,fine_lock,1,measured,19,184,0.139686,831537362.185985,831537362.1859643,0.000000,"{""user_lock_acquisitions"": 500000}",2026-08-12T06:29:05Z
exp2_scaling,synthetic,coarse_lock,1,measured,13,185,0.071548,831537362.185985,831537362.1859643,0.000000,"{""user_lock_acquisitions"": 1}",2026-08-12T06:29:06Z
exp2_scaling,synthetic,queue_agg,1,measured,23,186,0.071354,831537362.185985,831537362.1859643,0.000000,"{""user_lock_acquisitions"": 0}",2026-08-12T06:29:06Z
exp2_scaling,synthetic,fp_sum_genexpr,1,measured,18,187,0.075827,831537362.1859643,831537362.1859643,0.000000,"{""user_lock_acquisitions"": 0}",2026-08-12T06:29:06Z
exp2_scaling,synthetic,coarse_lock,1,measured,1,188,0.071845,831537362.185985,831537362.1859643,0.000000,"{""user_lock_acquisitions"": 1}",2026-08-12T06:29:06Z
exp2_scaling,synthetic,fp_sum_genexpr,1,measured,13,189,0.075710,831537362.1859643,831537362.1859643,0.000000,"{""user_lock_acquisitions"": 0}",2026-08-12T06:29:06Z
exp2_scaling,synthetic,fp_reduce,1,measured,15,190,0.071389,831537362.185985,831537362.1859643,0.000000,"{""user_lock_acquisitions"": 0}",2026-08-12T06:29:06Z
exp2_scaling,synthetic,fp_sum_genexpr,1,measured,3,191,0.075822,831537362.1859643,831537362.1859643,0.000000,"{""user_lock_acquisitions"": 0}",2026-08-12T06:29:06Z
exp2_scaling,synthetic,imp_threadlocal,1,measured,20,192,0.071441,831537362.185985,831537362.1859643,0.000000,"{""user_lock_acquisitions"": 0}",2026-08-12T06:29:06Z
exp2_scaling,synthetic,fine_lock,1,measured,1,193,0.139210,831537362.185985,831537362.1859643,0.000000,"{""user_lock_acquisitions"": 500000}",2026-08-12T06:29:06Z
exp2_scaling,synthetic,fp_reduce,1,measured,19,194,0.071193,831537362.185985,831537362.1859643,0.000000,"{""user_lock_acquisitions"": 0}",2026-08-12T06:29:06Z
exp2_scaling,synthetic,imp_threadlocal,1,measured,1,195,0.072099,831537362.185985,831537362.1859643,0.000000,"{""user_lock_acquisitions"": 0}",2026-08-12T06:29:06Z
exp2_scaling,synthetic,coarse_lock,1,measured,24,196,0.071641,831537362.185985,831537362.1859643,0.000000,"{""user_lock_acquisitions"": 1}",2026-08-12T06:29:06Z
exp2_scaling,synthetic,queue_agg,1,measured,15,197,0.072817,831537362.185985,831537362.1859643,0.000000,"{""user_lock_acquisitions"": 0}",2026-08-12T06:29:06Z
exp2_scaling,synthetic,queue_agg,1,measured,17,198,0.071101,831537362.185985,831537362.1859643,0.000000,"{""user_lock_acquisitions"": 0}",2026-08-12T06:29:07Z
exp2_scaling,synthetic,batched_lock,1,measured,12,199,0.082541,831537362.1859645,831537362.1859643,0.000000,"{""user_lock_acquisitions"": 500}",2026-08-12T06:29:07Z
exp2_scaling,synthetic,fp_sum_genexpr,1,measured,27,200,0.075648,831537362.1859643,831537362.1859643,0.000000,"{""user_lock_acquisitions"": 0}",2026-08-12T06:29:07Z
exp2_scaling,synthetic,fp_reduce,1,measured,9,201,0.071854,831537362.185985,831537362.1859643,0.000000,"{""user_lock_acquisitions"": 0}",2026-08-12T06:29:07Z
exp2_scaling,synthetic,coarse_lock,1,measured,28,202,0.071167,831537362.185985,831537362.1859643,0.000000,"{""user_lock_acquisitions"": 1}",2026-08-12T06:29:07Z
exp2_scaling,synthetic,fp_sum_genexpr,1,measured,19,203,0.078388,831537362.1859643,831537362.1859643,0.000000,"{""user_lock_acquisitions"": 0}",2026-08-12T06:29:07Z
exp2_scaling,synthetic,batched_lock,1,measured,7,204,0.082288,831537362.1859645,831537362.1859643,0.000000,"{""user_lock_acquisitions"": 500}",2026-08-12T06:29:07Z
exp2_scaling,synthetic,fine_lock,1,measured,3,205,0.138935,831537362.185985,831537362.1859643,0.000000,"{""user_lock_acquisitions"": 500000}",2026-08-12T06:29:07Z
exp2_scaling,synthetic,fp_sum_genexpr,1,measured,16,206,0.078169,831537362.1859643,831537362.1859643,0.000000,"{""user_lock_acquisitions"": 0}",2026-08-12T06:29:07Z
exp2_scaling,synthetic,fine_lock,1,measured,8,207,0.138814,831537362.185985,831537362.1859643,0.000000,"{""user_lock_acquisitions"": 500000}",2026-08-12T06:29:07Z
exp2_scaling,synthetic,fp_sum_genexpr,1,measured,25,208,0.075510,831537362.1859643,831537362.1859643,0.000000,"{""user_lock_acquisitions"": 0}",2026-08-12T06:29:07Z
exp2_scaling,synthetic,queue_agg,1,measured,27,209,0.071744,831537362.185985,831537362.1859643,0.000000,"{""user_lock_acquisitions"": 0}",2026-08-12T06:29:07Z
exp2_scaling,synthetic,no_lock,1,measured,17,210,0.085757,831537362.185985,831537362.1859643,0.000000,"{""user_lock_acquisitions"": 0}",2026-08-12T06:29:08Z
exp2_scaling,synthetic,coarse_lock,1,measured,15,211,0.071785,831537362.185985,831537362.1859643,0.000000,"{""user_lock_acquisitions"": 1}",2026-08-12T06:29:08Z
exp2_scaling,synthetic,coarse_lock,1,measured,21,212,0.071434,831537362.185985,831537362.1859643,0.000000,"{""user_lock_acquisitions"": 1}",2026-08-12T06:29:08Z
exp2_scaling,synthetic,fine_lock,1,measured,20,213,0.139026,831537362.185985,831537362.1859643,0.000000,"{""user_lock_acquisitions"": 500000}",2026-08-12T06:29:08Z
exp2_scaling,synthetic,batched_lock,1,measured,26,214,0.082582,831537362.1859645,831537362.1859643,0.000000,"{""user_lock_acquisitions"": 500}",2026-08-12T06:29:08Z
exp2_scaling,synthetic,batched_lock,1,measured,13,215,0.082686,831537362.1859645,831537362.1859643,0.000000,"{""user_lock_acquisitions"": 500}",2026-08-12T06:29:08Z
exp2_scaling,synthetic,coarse_lock,1,measured,2,216,0.071227,831537362.185985,831537362.1859643,0.000000,"{""user_lock_acquisitions"": 1}",2026-08-12T06:29:08Z
exp2_scaling,synthetic,fp_sum_genexpr,1,measured,6,217,0.076565,831537362.1859643,831537362.1859643,0.000000,"{""user_lock_acquisitions"": 0}",2026-08-12T06:29:08Z
exp2_scaling,synthetic,coarse_lock,1,measured,25,218,0.071646,831537362.185985,831537362.1859643,0.000000,"{""user_lock_acquisitions"": 1}",2026-08-12T06:29:08Z
exp2_scaling,synthetic,fp_sum_genexpr,1,measured,12,219,0.075877,831537362.1859643,831537362.1859643,0.000000,"{""user_lock_acquisitions"": 0}",2026-08-12T06:29:08Z
exp2_scaling,synthetic,fine_lock,1,measured,15,220,0.138843,831537362.185985,831537362.1859643,0.000000,"{""user_lock_acquisitions"": 500000}",2026-08-12T06:29:08Z
exp2_scaling,synthetic,batched_lock,1,measured,4,221,0.082723,831537362.1859645,831537362.1859643,0.000000,"{""user_lock_acquisitions"": 500}",2026-08-12T06:29:09Z
exp2_scaling,synthetic,fp_reduce,1,measured,12,222,0.071264,831537362.185985,831537362.1859643,0.000000,"{""user_lock_acquisitions"": 0}",2026-08-12T06:29:09Z
exp2_scaling,synthetic,fp_sum_genexpr,1,measured,9,223,0.075758,831537362.1859643,831537362.1859643,0.000000,"{""user_lock_acquisitions"": 0}",2026-08-12T06:29:09Z
exp2_scaling,synthetic,queue_agg,1,measured,3,224,0.072688,831537362.185985,831537362.1859643,0.000000,"{""user_lock_acquisitions"": 0}",2026-08-12T06:29:09Z
exp2_scaling,synthetic,fine_lock,1,measured,6,225,0.139039,831537362.185985,831537362.1859643,0.000000,"{""user_lock_acquisitions"": 500000}",2026-08-12T06:29:09Z
exp2_scaling,synthetic,batched_lock,1,measured,17,226,0.082304,831537362.1859645,831537362.1859643,0.000000,"{""user_lock_acquisitions"": 500}",2026-08-12T06:29:09Z
exp2_scaling,synthetic,fp_sum_genexpr,1,measured,20,227,0.075867,831537362.1859643,831537362.1859643,0.000000,"{""user_lock_acquisitions"": 0}",2026-08-12T06:29:09Z
exp2_scaling,synthetic,no_lock,1,measured,3,228,0.086039,831537362.185985,831537362.1859643,0.000000,"{""user_lock_acquisitions"": 0}",2026-08-12T06:29:09Z
exp2_scaling,synthetic,imp_threadlocal,1,measured,12,229,0.071529,831537362.185985,831537362.1859643,0.000000,"{""user_lock_acquisitions"": 0}",2026-08-12T06:29:09Z
exp2_scaling,synthetic,fine_lock,1,measured,26,230,0.139763,831537362.185985,831537362.1859643,0.000000,"{""user_lock_acquisitions"": 500000}",2026-08-12T06:29:09Z
exp2_scaling,synthetic,queue_agg,1,measured,4,231,0.071726,831537362.185985,831537362.1859643,0.000000,"{""user_lock_acquisitions"": 0}",2026-08-12T06:29:09Z
exp2_scaling,synthetic,fine_lock,1,measured,17,232,0.139259,831537362.185985,831537362.1859643,0.000000,"{""user_lock_acquisitions"": 500000}",2026-08-12T06:29:10Z
exp2_scaling,synthetic,fp_reduce,1,measured,7,233,0.071778,831537362.185985,831537362.1859643,0.000000,"{""user_lock_acquisitions"": 0}",2026-08-12T06:29:10Z
exp2_scaling,synthetic,fp_sum_genexpr,1,measured,24,234,0.076645,831537362.1859643,831537362.1859643,0.000000,"{""user_lock_acquisitions"": 0}",2026-08-12T06:29:10Z
exp2_scaling,synthetic,fp_sum_genexpr,1,measured,17,235,0.075817,831537362.1859643,831537362.1859643,0.000000,"{""user_lock_acquisitions"": 0}",2026-08-12T06:29:10Z
exp2_scaling,synthetic,fp_sum_genexpr,1,measured,21,236,0.075823,831537362.1859643,831537362.1859643,0.000000,"{""user_lock_acquisitions"": 0}",2026-08-12T06:29:10Z
exp2_scaling,synthetic,no_lock,1,measured,10,237,0.086432,831537362.185985,831537362.1859643,0.000000,"{""user_lock_acquisitions"": 0}",2026-08-12T06:29:10Z
exp2_scaling,synthetic,coarse_lock,1,measured,8,238,0.071173,831537362.185985,831537362.1859643,0.000000,"{""user_lock_acquisitions"": 1}",2026-08-12T06:29:10Z
exp2_scaling,synthetic,fp_reduce,1,measured,13,239,0.071724,831537362.185985,831537362.1859643,0.000000,"{""user_lock_acquisitions"": 0}",2026-08-12T06:29:10Z
exp2_scaling,synthetic,no_lock,1,measured,19,240,0.085673,831537362.185985,831537362.1859643,0.000000,"{""user_lock_acquisitions"": 0}",2026-08-12T06:29:10Z
exp2_scaling,synthetic,batched_lock,1,measured,9,241,0.082321,831537362.1859645,831537362.1859643,0.000000,"{""user_lock_acquisitions"": 500}",2026-08-12T06:29:10Z
exp2_scaling,synthetic,imp_threadlocal,1,measured,11,242,0.071400,831537362.185985,831537362.1859643,0.000000,"{""user_lock_acquisitions"": 0}",2026-08-12T06:29:10Z
exp2_scaling,synthetic,fine_lock,1,measured,18,243,0.138843,831537362.185985,831537362.1859643,0.000000,"{""user_lock_acquisitions"": 500000}",2026-08-12T06:29:10Z
exp2_scaling,synthetic,fp_sum_genexpr,1,measured,7,244,0.076183,831537362.1859643,831537362.1859643,0.000000,"{""user_lock_acquisitions"": 0}",2026-08-12T06:29:11Z
exp2_scaling,synthetic,imp_threadlocal,1,measured,22,245,0.071633,831537362.185985,831537362.1859643,0.000000,"{""user_lock_acquisitions"": 0}",2026-08-12T06:29:11Z
exp2_scaling,synthetic,fine_lock,1,measured,29,246,0.139064,831537362.185985,831537362.1859643,0.000000,"{""user_lock_acquisitions"": 500000}",2026-08-12T06:29:11Z
exp2_scaling,synthetic,queue_agg,1,measured,9,247,0.073027,831537362.185985,831537362.1859643,0.000000,"{""user_lock_acquisitions"": 0}",2026-08-12T06:29:11Z
exp2_scaling,synthetic,batched_lock,1,measured,3,248,0.082355,831537362.1859645,831537362.1859643,0.000000,"{""user_lock_acquisitions"": 500}",2026-08-12T06:29:11Z
exp2_scaling,synthetic,no_lock,1,measured,28,249,0.086239,831537362.185985,831537362.1859643,0.000000,"{""user_lock_acquisitions"": 0}",2026-08-12T06:29:11Z
exp2_scaling,synthetic,fp_sum_genexpr,1,measured,4,250,0.075642,831537362.1859643,831537362.1859643,0.000000,"{""user_lock_acquisitions"": 0}",2026-08-12T06:29:11Z
exp2_scaling,synthetic,coarse_lock,1,measured,17,251,0.071673,831537362.185985,831537362.1859643,0.000000,"{""user_lock_acquisitions"": 1}",2026-08-12T06:29:11Z
exp2_scaling,synthetic,fine_lock,1,measured,23,252,0.138115,831537362.185985,831537362.1859643,0.000000,"{""user_lock_acquisitions"": 500000}",2026-08-12T06:29:11Z
exp2_scaling,synthetic,fp_reduce,1,measured,24,253,0.072042,831537362.185985,831537362.1859643,0.000000,"{""user_lock_acquisitions"": 0}",2026-08-12T06:29:11Z
exp2_scaling,synthetic,queue_agg,1,measured,26,254,0.071105,831537362.185985,831537362.1859643,0.000000,"{""user_lock_acquisitions"": 0}",2026-08-12T06:29:11Z
exp2_scaling,synthetic,fp_reduce,1,measured,23,255,0.071698,831537362.185985,831537362.1859643,0.000000,"{""user_lock_acquisitions"": 0}",2026-08-12T06:29:12Z
exp2_scaling,synthetic,imp_threadlocal,1,measured,27,256,0.072738,831537362.185985,831537362.1859643,0.000000,"{""user_lock_acquisitions"": 0}",2026-08-12T06:29:12Z
exp2_scaling,synthetic,fine_lock,1,measured,27,257,0.139207,831537362.185985,831537362.1859643,0.000000,"{""user_lock_acquisitions"": 500000}",2026-08-12T06:29:12Z
exp2_scaling,synthetic,batched_lock,1,measured,20,258,0.082250,831537362.1859645,831537362.1859643,0.000000,"{""user_lock_acquisitions"": 500}",2026-08-12T06:29:12Z
exp2_scaling,synthetic,fp_reduce,1,measured,27,259,0.071515,831537362.185985,831537362.1859643,0.000000,"{""user_lock_acquisitions"": 0}",2026-08-12T06:29:12Z
exp2_scaling,synthetic,imp_threadlocal,1,measured,15,260,0.071826,831537362.185985,831537362.1859643,0.000000,"{""user_lock_acquisitions"": 0}",2026-08-12T06:29:12Z
exp2_scaling,synthetic,batched_lock,1,measured,24,261,0.082814,831537362.1859645,831537362.1859643,0.000000,"{""user_lock_acquisitions"": 500}",2026-08-12T06:29:12Z
exp2_scaling,synthetic,no_lock,1,measured,21,262,0.085549,831537362.185985,831537362.1859643,0.000000,"{""user_lock_acquisitions"": 0}",2026-08-12T06:29:12Z
exp2_scaling,synthetic,no_lock,1,measured,5,263,0.086387,831537362.185985,831537362.1859643,0.000000,"{""user_lock_acquisitions"": 0}",2026-08-12T06:29:12Z
exp2_scaling,synthetic,coarse_lock,2,warmup,1,0,0.036930,831537362.1859523,831537362.1859643,0.000000,"{""user_lock_acquisitions"": 2}",2026-08-12T06:29:12Z
exp2_scaling,synthetic,batched_lock,2,warmup,1,1,0.042073,831537362.1859646,831537362.1859643,0.000000,"{""user_lock_acquisitions"": 500}",2026-08-12T06:29:12Z
exp2_scaling,synthetic,fine_lock,2,warmup,0,2,0.154937,831537362.1859994,831537362.1859643,0.000000,"{""user_lock_acquisitions"": 500000}",2026-08-12T06:29:12Z
exp2_scaling,synthetic,no_lock,2,warmup,1,3,0.108534,505265812.9827656,831537362.1859643,39.237148,"{""user_lock_acquisitions"": 0}",2026-08-12T06:29:13Z
exp2_scaling,synthetic,imp_threadlocal,2,warmup,2,4,0.036242,831537362.1859523,831537362.1859643,0.000000,"{""user_lock_acquisitions"": 0}",2026-08-12T06:29:13Z
exp2_scaling,synthetic,queue_agg,2,warmup,0,5,0.037117,831537362.1859523,831537362.1859643,0.000000,"{""user_lock_acquisitions"": 0}",2026-08-12T06:29:13Z
exp2_scaling,synthetic,imp_threadlocal,2,warmup,0,6,0.036643,831537362.1859523,831537362.1859643,0.000000,"{""user_lock_acquisitions"": 0}",2026-08-12T06:29:13Z
exp2_scaling,synthetic,batched_lock,2,warmup,2,7,0.042982,831537362.1859646,831537362.1859643,0.000000,"{""user_lock_acquisitions"": 500}",2026-08-12T06:29:13Z
exp2_scaling,synthetic,queue_agg,2,warmup,1,8,0.036976,831537362.1859523,831537362.1859643,0.000000,"{""user_lock_acquisitions"": 0}",2026-08-12T06:29:13Z
exp2_scaling,synthetic,fine_lock,2,warmup,2,9,0.156511,831537362.1859941,831537362.1859643,0.000000,"{""user_lock_acquisitions"": 500000}",2026-08-12T06:29:13Z
exp2_scaling,synthetic,fp_reduce,2,warmup,0,10,0.037131,831537362.1859523,831537362.1859643,0.000000,"{""user_lock_acquisitions"": 0}",2026-08-12T06:29:13Z
exp2_scaling,synthetic,fp_sum_genexpr,2,warmup,0,11,0.038985,831537362.1859643,831537362.1859643,0.000000,"{""user_lock_acquisitions"": 0}",2026-08-12T06:29:13Z
exp2_scaling,synthetic,fp_reduce,2,warmup,2,12,0.036768,831537362.1859523,831537362.1859643,0.000000,"{""user_lock_acquisitions"": 0}",2026-08-12T06:29:13Z
exp2_scaling,synthetic,no_lock,2,warmup,0,13,0.106719,473179204.3302596,831537362.1859643,43.095858,"{""user_lock_acquisitions"": 0}",2026-08-12T06:29:13Z
exp2_scaling,synthetic,coarse_lock,2,warmup,0,14,0.037524,831537362.1859523,831537362.1859643,0.000000,"{""user_lock_acquisitions"": 2}",2026-08-12T06:29:13Z
exp2_scaling,synthetic,fine_lock,2,warmup,1,15,0.153405,831537362.185993,831537362.1859643,0.000000,"{""user_lock_acquisitions"": 500000}",2026-08-12T06:29:13Z
exp2_scaling,synthetic,fp_sum_genexpr,2,warmup,2,16,0.039356,831537362.1859643,831537362.1859643,0.000000,"{""user_lock_acquisitions"": 0}",2026-08-12T06:29:13Z
exp2_scaling,synthetic,queue_agg,2,warmup,2,17,0.036862,831537362.1859523,831537362.1859643,0.000000,"{""user_lock_acquisitions"": 0}",2026-08-12T06:29:13Z
exp2_scaling,synthetic,batched_lock,2,warmup,0,18,0.042076,831537362.1859647,831537362.1859643,0.000000,"{""user_lock_acquisitions"": 500}",2026-08-12T06:29:13Z
exp2_scaling,synthetic,fp_reduce,2,warmup,1,19,0.036508,831537362.1859523,831537362.1859643,0.000000,"{""user_lock_acquisitions"": 0}",2026-08-12T06:29:13Z
exp2_scaling,synthetic,no_lock,2,warmup,2,20,0.102534,510512123.75057775,831537362.1859643,38.606231,"{""user_lock_acquisitions"": 0}",2026-08-12T06:29:14Z
exp2_scaling,synthetic,imp_threadlocal,2,warmup,1,21,0.036908,831537362.1859523,831537362.1859643,0.000000,"{""user_lock_acquisitions"": 0}",2026-08-12T06:29:14Z
exp2_scaling,synthetic,coarse_lock,2,warmup,2,22,0.037097,831537362.1859523,831537362.1859643,0.000000,"{""user_lock_acquisitions"": 2}",2026-08-12T06:29:14Z
exp2_scaling,synthetic,fp_sum_genexpr,2,warmup,1,23,0.038251,831537362.1859643,831537362.1859643,0.000000,"{""user_lock_acquisitions"": 0}",2026-08-12T06:29:14Z
exp2_scaling,synthetic,imp_threadlocal,2,measured,29,24,0.036245,831537362.1859523,831537362.1859643,0.000000,"{""user_lock_acquisitions"": 0}",2026-08-12T06:29:14Z
exp2_scaling,synthetic,coarse_lock,2,measured,1,25,0.036840,831537362.1859523,831537362.1859643,0.000000,"{""user_lock_acquisitions"": 2}",2026-08-12T06:29:14Z
exp2_scaling,synthetic,coarse_lock,2,measured,5,26,0.036838,831537362.1859523,831537362.1859643,0.000000,"{""user_lock_acquisitions"": 2}",2026-08-12T06:29:14Z
exp2_scaling,synthetic,queue_agg,2,measured,10,27,0.037154,831537362.1859523,831537362.1859643,0.000000,"{""user_lock_acquisitions"": 0}",2026-08-12T06:29:14Z
exp2_scaling,synthetic,fine_lock,2,measured,13,28,0.153480,831537362.1860029,831537362.1859643,0.000000,"{""user_lock_acquisitions"": 500000}",2026-08-12T06:29:14Z
exp2_scaling,synthetic,no_lock,2,measured,7,29,0.103359,483271488.72373134,831537362.1859643,41.882168,"{""user_lock_acquisitions"": 0}",2026-08-12T06:29:14Z
exp2_scaling,synthetic,queue_agg,2,measured,3,30,0.036674,831537362.1859523,831537362.1859643,0.000000,"{""user_lock_acquisitions"": 0}",2026-08-12T06:29:14Z
exp2_scaling,synthetic,fp_sum_genexpr,2,measured,16,31,0.039233,831537362.1859643,831537362.1859643,0.000000,"{""user_lock_acquisitions"": 0}",2026-08-12T06:29:14Z
exp2_scaling,synthetic,coarse_lock,2,measured,14,32,0.036825,831537362.1859523,831537362.1859643,0.000000,"{""user_lock_acquisitions"": 2}",2026-08-12T06:29:14Z
exp2_scaling,synthetic,fine_lock,2,measured,27,33,0.154666,831537362.1859986,831537362.1859643,0.000000,"{""user_lock_acquisitions"": 500000}",2026-08-12T06:29:14Z
exp2_scaling,synthetic,imp_threadlocal,2,measured,10,34,0.037116,831537362.1859523,831537362.1859643,0.000000,"{""user_lock_acquisitions"": 0}",2026-08-12T06:29:14Z
exp2_scaling,synthetic,fp_sum_genexpr,2,measured,7,35,0.039280,831537362.1859643,831537362.1859643,0.000000,"{""user_lock_acquisitions"": 0}",2026-08-12T06:29:14Z
exp2_scaling,synthetic,fp_reduce,2,measured,28,36,0.035936,831537362.1859523,831537362.1859643,0.000000,"{""user_lock_acquisitions"": 0}",2026-08-12T06:29:14Z
exp2_scaling,synthetic,coarse_lock,2,measured,17,37,0.036621,831537362.1859523,831537362.1859643,0.000000,"{""user_lock_acquisitions"": 2}",2026-08-12T06:29:15Z
exp2_scaling,synthetic,fp_reduce,2,measured,6,38,0.036948,831537362.1859523,831537362.1859643,0.000000,"{""user_lock_acquisitions"": 0}",2026-08-12T06:29:15Z
exp2_scaling,synthetic,no_lock,2,measured,15,39,0.104005,418919611.36293834,831537362.1859643,49.621072,"{""user_lock_acquisitions"": 0}",2026-08-12T06:29:15Z
exp2_scaling,synthetic,fp_reduce,2,measured,5,40,0.036303,831537362.1859523,831537362.1859643,0.000000,"{""user_lock_acquisitions"": 0}",2026-08-12T06:29:15Z
exp2_scaling,synthetic,fp_sum_genexpr,2,measured,13,41,0.038335,831537362.1859643,831537362.1859643,0.000000,"{""user_lock_acquisitions"": 0}",2026-08-12T06:29:15Z
exp2_scaling,synthetic,imp_threadlocal,2,measured,8,42,0.037863,831537362.1859523,831537362.1859643,0.000000,"{""user_lock_acquisitions"": 0}",2026-08-12T06:29:15Z
exp2_scaling,synthetic,coarse_lock,2,measured,18,43,0.037108,831537362.1859523,831537362.1859643,0.000000,"{""user_lock_acquisitions"": 2}",2026-08-12T06:29:15Z
exp2_scaling,synthetic,fine_lock,2,measured,2,44,0.154780,831537362.1859939,831537362.1859643,0.000000,"{""user_lock_acquisitions"": 500000}",2026-08-12T06:29:15Z
exp2_scaling,synthetic,batched_lock,2,measured,16,45,0.042745,831537362.1859646,831537362.1859643,0.000000,"{""user_lock_acquisitions"": 500}",2026-08-12T06:29:15Z
exp2_scaling,synthetic,no_lock,2,measured,29,46,0.106214,429932824.54545885,831537362.1859643,48.296632,"{""user_lock_acquisitions"": 0}",2026-08-12T06:29:15Z
exp2_scaling,synthetic,no_lock,2,measured,8,47,0.103522,509089889.60859036,831537362.1859643,38.777268,"{""user_lock_acquisitions"": 0}",2026-08-12T06:29:15Z
exp2_scaling,synthetic,fp_sum_genexpr,2,measured,3,48,0.040577,831537362.1859643,831537362.1859643,0.000000,"{""user_lock_acquisitions"": 0}",2026-08-12T06:29:15Z
exp2_scaling,synthetic,fine_lock,2,measured,23,49,0.155652,831537362.1859988,831537362.1859643,0.000000,"{""user_lock_acquisitions"": 500000}",2026-08-12T06:29:15Z
exp2_scaling,synthetic,fp_reduce,2,measured,15,50,0.036976,831537362.1859523,831537362.1859643,0.000000,"{""user_lock_acquisitions"": 0}",2026-08-12T06:29:15Z
exp2_scaling,synthetic,fp_reduce,2,measured,1,51,0.037554,831537362.1859523,831537362.1859643,0.000000,"{""user_lock_acquisitions"": 0}",2026-08-12T06:29:15Z
exp2_scaling,synthetic,fp_sum_genexpr,2,measured,1,52,0.039587,831537362.1859643,831537362.1859643,0.000000,"{""user_lock_acquisitions"": 0}",2026-08-12T06:29:16Z
exp2_scaling,synthetic,fp_reduce,2,measured,24,53,0.036063,831537362.1859523,831537362.1859643,0.000000,"{""user_lock_acquisitions"": 0}",2026-08-12T06:29:16Z
exp2_scaling,synthetic,fp_sum_genexpr,2,measured,11,54,0.039201,831537362.1859643,831537362.1859643,0.000000,"{""user_lock_acquisitions"": 0}",2026-08-12T06:29:16Z
exp2_scaling,synthetic,fine_lock,2,measured,10,55,0.151485,831537362.1859994,831537362.1859643,0.000000,"{""user_lock_acquisitions"": 500000}",2026-08-12T06:29:16Z
exp2_scaling,synthetic,fp_sum_genexpr,2,measured,15,56,0.039212,831537362.1859643,831537362.1859643,0.000000,"{""user_lock_acquisitions"": 0}",2026-08-12T06:29:16Z
exp2_scaling,synthetic,fine_lock,2,measured,12,57,0.154734,831537362.1859925,831537362.1859643,0.000000,"{""user_lock_acquisitions"": 500000}",2026-08-12T06:29:16Z
exp2_scaling,synthetic,fp_reduce,2,measured,19,58,0.036884,831537362.1859523,831537362.1859643,0.000000,"{""user_lock_acquisitions"": 0}",2026-08-12T06:29:16Z
exp2_scaling,synthetic,fp_sum_genexpr,2,measured,28,59,0.039732,831537362.1859643,831537362.1859643,0.000000,"{""user_lock_acquisitions"": 0}",2026-08-12T06:29:16Z
exp2_scaling,synthetic,no_lock,2,measured,12,60,0.106541,419019186.89219147,831537362.1859643,49.609097,"{""user_lock_acquisitions"": 0}",2026-08-12T06:29:16Z
exp2_scaling,synthetic,fine_lock,2,measured,11,61,0.152267,831537362.1859992,831537362.1859643,0.000000,"{""user_lock_acquisitions"": 500000}",2026-08-12T06:29:16Z
exp2_scaling,synthetic,fp_sum_genexpr,2,measured,5,62,0.039719,831537362.1859643,831537362.1859643,0.000000,"{""user_lock_acquisitions"": 0}",2026-08-12T06:29:16Z
exp2_scaling,synthetic,imp_threadlocal,2,measured,16,63,0.036591,831537362.1859523,831537362.1859643,0.000000,"{""user_lock_acquisitions"": 0}",2026-08-12T06:29:16Z
exp2_scaling,synthetic,queue_agg,2,measured,1,64,0.035836,831537362.1859523,831537362.1859643,0.000000,"{""user_lock_acquisitions"": 0}",2026-08-12T06:29:16Z
exp2_scaling,synthetic,batched_lock,2,measured,21,65,0.042715,831537362.1859646,831537362.1859643,0.000000,"{""user_lock_acquisitions"": 500}",2026-08-12T06:29:16Z
exp2_scaling,synthetic,queue_agg,2,measured,19,66,0.036802,831537362.1859523,831537362.1859643,0.000000,"{""user_lock_acquisitions"": 0}",2026-08-12T06:29:16Z
exp2_scaling,synthetic,imp_threadlocal,2,measured,20,67,0.037098,831537362.1859523,831537362.1859643,0.000000,"{""user_lock_acquisitions"": 0}",2026-08-12T06:29:17Z
exp2_scaling,synthetic,fp_reduce,2,measured,23,68,0.036046,831537362.1859523,831537362.1859643,0.000000,"{""user_lock_acquisitions"": 0}",2026-08-12T06:29:17Z
exp2_scaling,synthetic,fp_sum_genexpr,2,measured,25,69,0.038299,831537362.1859643,831537362.1859643,0.000000,"{""user_lock_acquisitions"": 0}",2026-08-12T06:29:17Z
exp2_scaling,synthetic,fine_lock,2,measured,26,70,0.156584,831537362.1859944,831537362.1859643,0.000000,"{""user_lock_acquisitions"": 500000}",2026-08-12T06:29:17Z
exp2_scaling,synthetic,fp_reduce,2,measured,16,71,0.036685,831537362.1859523,831537362.1859643,0.000000,"{""user_lock_acquisitions"": 0}",2026-08-12T06:29:17Z
exp2_scaling,synthetic,fine_lock,2,measured,3,72,0.148773,831537362.1859977,831537362.1859643,0.000000,"{""user_lock_acquisitions"": 500000}",2026-08-12T06:29:17Z
exp2_scaling,synthetic,imp_threadlocal,2,measured,18,73,0.036598,831537362.1859523,831537362.1859643,0.000000,"{""user_lock_acquisitions"": 0}",2026-08-12T06:29:17Z
exp2_scaling,synthetic,fp_sum_genexpr,2,measured,4,74,0.039158,831537362.1859643,831537362.1859643,0.000000,"{""user_lock_acquisitions"": 0}",2026-08-12T06:29:17Z
exp2_scaling,synthetic,queue_agg,2,measured,26,75,0.037010,831537362.1859523,831537362.1859643,0.000000,"{""user_lock_acquisitions"": 0}",2026-08-12T06:29:17Z
exp2_scaling,synthetic,fp_reduce,2,measured,29,76,0.036992,831537362.1859523,831537362.1859643,0.000000,"{""user_lock_acquisitions"": 0}",2026-08-12T06:29:17Z
exp2_scaling,synthetic,batched_lock,2,measured,6,77,0.043482,831537362.1859646,831537362.1859643,0.000000,"{""user_lock_acquisitions"": 500}",2026-08-12T06:29:17Z
exp2_scaling,synthetic,fine_lock,2,measured,28,78,0.154916,831537362.1859993,831537362.1859643,0.000000,"{""user_lock_acquisitions"": 500000}",2026-08-12T06:29:17Z
exp2_scaling,synthetic,imp_threadlocal,2,measured,1,79,0.037290,831537362.1859523,831537362.1859643,0.000000,"{""user_lock_acquisitions"": 0}",2026-08-12T06:29:17Z
exp2_scaling,synthetic,no_lock,2,measured,25,80,0.105265,486158328.7849197,831537362.1859643,41.534999,"{""user_lock_acquisitions"": 0}",2026-08-12T06:29:17Z
exp2_scaling,synthetic,fp_reduce,2,measured,13,81,0.036268,831537362.1859523,831537362.1859643,0.000000,"{""user_lock_acquisitions"": 0}",2026-08-12T06:29:17Z
exp2_scaling,synthetic,fp_sum_genexpr,2,measured,23,82,0.039473,831537362.1859643,831537362.1859643,0.000000,"{""user_lock_acquisitions"": 0}",2026-08-12T06:29:17Z
exp2_scaling,synthetic,queue_agg,2,measured,22,83,0.036033,831537362.1859523,831537362.1859643,0.000000,"{""user_lock_acquisitions"": 0}",2026-08-12T06:29:18Z
exp2_scaling,synthetic,fp_reduce,2,measured,0,84,0.036211,831537362.1859523,831537362.1859643,0.000000,"{""user_lock_acquisitions"": 0}",2026-08-12T06:29:18Z
exp2_scaling,synthetic,no_lock,2,measured,6,85,0.106709,453141222.69961226,831537362.1859643,45.505609,"{""user_lock_acquisitions"": 0}",2026-08-12T06:29:18Z
exp2_scaling,synthetic,fine_lock,2,measured,16,86,0.155194,831537362.1859916,831537362.1859643,0.000000,"{""user_lock_acquisitions"": 500000}",2026-08-12T06:29:18Z
exp2_scaling,synthetic,fine_lock,2,measured,20,87,0.152952,831537362.1860021,831537362.1859643,0.000000,"{""user_lock_acquisitions"": 500000}",2026-08-12T06:29:18Z
exp2_scaling,synthetic,fp_sum_genexpr,2,measured,22,88,0.038726,831537362.1859643,831537362.1859643,0.000000,"{""user_lock_acquisitions"": 0}",2026-08-12T06:29:18Z
exp2_scaling,synthetic,queue_agg,2,measured,5,89,0.037139,831537362.1859523,831537362.1859643,0.000000,"{""user_lock_acquisitions"": 0}",2026-08-12T06:29:18Z
exp2_scaling,synthetic,queue_agg,2,measured,27,90,0.037261,831537362.1859523,831537362.1859643,0.000000,"{""user_lock_acquisitions"": 0}",2026-08-12T06:29:18Z
exp2_scaling,synthetic,fp_sum_genexpr,2,measured,18,91,0.039771,831537362.1859643,831537362.1859643,0.000000,"{""user_lock_acquisitions"": 0}",2026-08-12T06:29:18Z
exp2_scaling,synthetic,no_lock,2,measured,4,92,0.105469,410258130.27698106,831537362.1859643,50.662694,"{""user_lock_acquisitions"": 0}",2026-08-12T06:29:18Z
exp2_scaling,synthetic,imp_threadlocal,2,measured,11,93,0.036526,831537362.1859523,831537362.1859643,0.000000,"{""user_lock_acquisitions"": 0}",2026-08-12T06:29:18Z
exp2_scaling,synthetic,batched_lock,2,measured,22,94,0.041934,831537362.1859646,831537362.1859643,0.000000,"{""user_lock_acquisitions"": 500}",2026-08-12T06:29:18Z
exp2_scaling,synthetic,imp_threadlocal,2,measured,26,95,0.036822,831537362.1859523,831537362.1859643,0.000000,"{""user_lock_acquisitions"": 0}",2026-08-12T06:29:18Z
exp2_scaling,synthetic,fine_lock,2,measured,7,96,0.155972,831537362.1859936,831537362.1859643,0.000000,"{""user_lock_acquisitions"": 500000}",2026-08-12T06:29:19Z
exp2_scaling,synthetic,queue_agg,2,measured,25,97,0.036329,831537362.1859523,831537362.1859643,0.000000,"{""user_lock_acquisitions"": 0}",2026-08-12T06:29:19Z
exp2_scaling,synthetic,queue_agg,2,measured,29,98,0.037211,831537362.1859523,831537362.1859643,0.000000,"{""user_lock_acquisitions"": 0}",2026-08-12T06:29:19Z
exp2_scaling,synthetic,fine_lock,2,measured,14,99,0.154708,831537362.1859978,831537362.1859643,0.000000,"{""user_lock_acquisitions"": 500000}",2026-08-12T06:29:19Z
exp2_scaling,synthetic,coarse_lock,2,measured,11,100,0.036451,831537362.1859523,831537362.1859643,0.000000,"{""user_lock_acquisitions"": 2}",2026-08-12T06:29:19Z
exp2_scaling,synthetic,imp_threadlocal,2,measured,28,101,0.036885,831537362.1859523,831537362.1859643,0.000000,"{""user_lock_acquisitions"": 0}",2026-08-12T06:29:19Z
exp2_scaling,synthetic,no_lock,2,measured,0,102,0.104146,467583945.24727243,831537362.1859643,43.768739,"{""user_lock_acquisitions"": 0}",2026-08-12T06:29:19Z
exp2_scaling,synthetic,no_lock,2,measured,14,103,0.102418,503106259.3144934,831537362.1859643,39.496855,"{""user_lock_acquisitions"": 0}",2026-08-12T06:29:19Z
exp2_scaling,synthetic,fp_sum_genexpr,2,measured,17,104,0.039556,831537362.1859643,831537362.1859643,0.000000,"{""user_lock_acquisitions"": 0}",2026-08-12T06:29:19Z
exp2_scaling,synthetic,imp_threadlocal,2,measured,5,105,0.036100,831537362.1859523,831537362.1859643,0.000000,"{""user_lock_acquisitions"": 0}",2026-08-12T06:29:19Z
exp2_scaling,synthetic,coarse_lock,2,measured,21,106,0.037164,831537362.1859523,831537362.1859643,0.000000,"{""user_lock_acquisitions"": 2}",2026-08-12T06:29:19Z
exp2_scaling,synthetic,coarse_lock,2,measured,28,107,0.036061,831537362.1859523,831537362.1859643,0.000000,"{""user_lock_acquisitions"": 2}",2026-08-12T06:29:19Z
exp2_scaling,synthetic,queue_agg,2,measured,17,108,0.036055,831537362.1859523,831537362.1859643,0.000000,"{""user_lock_acquisitions"": 0}",2026-08-12T06:29:19Z
exp2_scaling,synthetic,coarse_lock,2,measured,13,109,0.036022,831537362.1859523,831537362.1859643,0.000000,"{""user_lock_acquisitions"": 2}",2026-08-12T06:29:19Z
exp2_scaling,synthetic,imp_threadlocal,2,measured,24,110,0.036391,831537362.1859523,831537362.1859643,0.000000,"{""user_lock_acquisitions"": 0}",2026-08-12T06:29:19Z
exp2_scaling,synthetic,batched_lock,2,measured,12,111,0.042621,831537362.1859646,831537362.1859643,0.000000,"{""user_lock_acquisitions"": 500}",2026-08-12T06:29:19Z
exp2_scaling,synthetic,fp_reduce,2,measured,18,112,0.036198,831537362.1859523,831537362.1859643,0.000000,"{""user_lock_acquisitions"": 0}",2026-08-12T06:29:19Z
exp2_scaling,synthetic,imp_threadlocal,2,measured,14,113,0.036474,831537362.1859523,831537362.1859643,0.000000,"{""user_lock_acquisitions"": 0}",2026-08-12T06:29:19Z
exp2_scaling,synthetic,no_lock,2,measured,28,114,0.108948,470300814.08418316,831537362.1859643,43.442010,"{""user_lock_acquisitions"": 0}",2026-08-12T06:29:20Z
exp2_scaling,synthetic,fp_reduce,2,measured,14,115,0.036541,831537362.1859523,831537362.1859643,0.000000,"{""user_lock_acquisitions"": 0}",2026-08-12T06:29:20Z
exp2_scaling,synthetic,fine_lock,2,measured,19,116,0.152186,831537362.1860019,831537362.1859643,0.000000,"{""user_lock_acquisitions"": 500000}",2026-08-12T06:29:20Z
exp2_scaling,synthetic,coarse_lock,2,measured,26,117,0.036846,831537362.1859523,831537362.1859643,0.000000,"{""user_lock_acquisitions"": 2}",2026-08-12T06:29:20Z
exp2_scaling,synthetic,coarse_lock,2,measured,0,118,0.036941,831537362.1859523,831537362.1859643,0.000000,"{""user_lock_acquisitions"": 2}",2026-08-12T06:29:20Z
exp2_scaling,synthetic,imp_threadlocal,2,measured,0,119,0.036720,831537362.1859523,831537362.1859643,0.000000,"{""user_lock_acquisitions"": 0}",2026-08-12T06:29:20Z
exp2_scaling,synthetic,batched_lock,2,measured,29,120,0.042633,831537362.1859645,831537362.1859643,0.000000,"{""user_lock_acquisitions"": 500}",2026-08-12T06:29:20Z
exp2_scaling,synthetic,fine_lock,2,measured,25,121,0.152390,831537362.1859928,831537362.1859643,0.000000,"{""user_lock_acquisitions"": 500000}",2026-08-12T06:29:20Z
exp2_scaling,synthetic,no_lock,2,measured,2,122,0.104073,485892584.7139845,831537362.1859643,41.566957,"{""user_lock_acquisitions"": 0}",2026-08-12T06:29:20Z
exp2_scaling,synthetic,batched_lock,2,measured,15,123,0.042762,831537362.1859646,831537362.1859643,0.000000,"{""user_lock_acquisitions"": 500}",2026-08-12T06:29:20Z
exp2_scaling,synthetic,batched_lock,2,measured,20,124,0.042049,831537362.1859647,831537362.1859643,0.000000,"{""user_lock_acquisitions"": 500}",2026-08-12T06:29:20Z
exp2_scaling,synthetic,imp_threadlocal,2,measured,13,125,0.036649,831537362.1859523,831537362.1859643,0.000000,"{""user_lock_acquisitions"": 0}",2026-08-12T06:29:20Z
exp2_scaling,synthetic,queue_agg,2,measured,8,126,0.036022,831537362.1859523,831537362.1859643,0.000000,"{""user_lock_acquisitions"": 0}",2026-08-12T06:29:20Z
exp2_scaling,synthetic,coarse_lock,2,measured,8,127,0.037305,831537362.1859523,831537362.1859643,0.000000,"{""user_lock_acquisitions"": 2}",2026-08-12T06:29:20Z
exp2_scaling,synthetic,fp_reduce,2,measured,17,128,0.036791,831537362.1859523,831537362.1859643,0.000000,"{""user_lock_acquisitions"": 0}",2026-08-12T06:29:20Z
exp2_scaling,synthetic,queue_agg,2,measured,23,129,0.036766,831537362.1859523,831537362.1859643,0.000000,"{""user_lock_acquisitions"": 0}",2026-08-12T06:29:20Z
exp2_scaling,synthetic,fp_sum_genexpr,2,measured,24,130,0.040211,831537362.1859643,831537362.1859643,0.000000,"{""user_lock_acquisitions"": 0}",2026-08-12T06:29:20Z
exp2_scaling,synthetic,coarse_lock,2,measured,25,131,0.036999,831537362.1859523,831537362.1859643,0.000000,"{""user_lock_acquisitions"": 2}",2026-08-12T06:29:20Z
exp2_scaling,synthetic,fp_reduce,2,measured,11,132,0.037071,831537362.1859523,831537362.1859643,0.000000,"{""user_lock_acquisitions"": 0}",2026-08-12T06:29:20Z
exp2_scaling,synthetic,queue_agg,2,measured,24,133,0.036855,831537362.1859523,831537362.1859643,0.000000,"{""user_lock_acquisitions"": 0}",2026-08-12T06:29:21Z
exp2_scaling,synthetic,imp_threadlocal,2,measured,17,134,0.037538,831537362.1859523,831537362.1859643,0.000000,"{""user_lock_acquisitions"": 0}",2026-08-12T06:29:21Z
exp2_scaling,synthetic,coarse_lock,2,measured,16,135,0.037063,831537362.1859523,831537362.1859643,0.000000,"{""user_lock_acquisitions"": 2}",2026-08-12T06:29:21Z
exp2_scaling,synthetic,fp_reduce,2,measured,7,136,0.037203,831537362.1859523,831537362.1859643,0.000000,"{""user_lock_acquisitions"": 0}",2026-08-12T06:29:21Z
exp2_scaling,synthetic,batched_lock,2,measured,27,137,0.042724,831537362.1859646,831537362.1859643,0.000000,"{""user_lock_acquisitions"": 500}",2026-08-12T06:29:21Z
exp2_scaling,synthetic,queue_agg,2,measured,6,138,0.036714,831537362.1859523,831537362.1859643,0.000000,"{""user_lock_acquisitions"": 0}",2026-08-12T06:29:21Z
exp2_scaling,synthetic,coarse_lock,2,measured,15,139,0.037310,831537362.1859523,831537362.1859643,0.000000,"{""user_lock_acquisitions"": 2}",2026-08-12T06:29:21Z
exp2_scaling,synthetic,queue_agg,2,measured,18,140,0.036167,831537362.1859523,831537362.1859643,0.000000,"{""user_lock_acquisitions"": 0}",2026-08-12T06:29:21Z
exp2_scaling,synthetic,batched_lock,2,measured,13,141,0.042193,831537362.1859646,831537362.1859643,0.000000,"{""user_lock_acquisitions"": 500}",2026-08-12T06:29:21Z
exp2_scaling,synthetic,fp_sum_genexpr,2,measured,6,142,0.039375,831537362.1859643,831537362.1859643,0.000000,"{""user_lock_acquisitions"": 0}",2026-08-12T06:29:21Z
exp2_scaling,synthetic,imp_threadlocal,2,measured,3,143,0.037155,831537362.1859523,831537362.1859643,0.000000,"{""user_lock_acquisitions"": 0}",2026-08-12T06:29:21Z
exp2_scaling,synthetic,fine_lock,2,measured,29,144,0.154355,831537362.185999,831537362.1859643,0.000000,"{""user_lock_acquisitions"": 500000}",2026-08-12T06:29:21Z
exp2_scaling,synthetic,batched_lock,2,measured,11,145,0.043085,831537362.1859643,831537362.1859643,0.000000,"{""user_lock_acquisitions"": 500}",2026-08-12T06:29:21Z
exp2_scaling,synthetic,imp_threadlocal,2,measured,2,146,0.037302,831537362.1859523,831537362.1859643,0.000000,"{""user_lock_acquisitions"": 0}",2026-08-12T06:29:21Z
exp2_scaling,synthetic,fine_lock,2,measured,15,147,0.155422,831537362.1859943,831537362.1859643,0.000000,"{""user_lock_acquisitions"": 500000}",2026-08-12T06:29:21Z
exp2_scaling,synthetic,batched_lock,2,measured,17,148,0.043270,831537362.1859643,831537362.1859643,0.000000,"{""user_lock_acquisitions"": 500}",2026-08-12T06:29:21Z
exp2_scaling,synthetic,batched_lock,2,measured,3,149,0.042904,831537362.1859646,831537362.1859643,0.000000,"{""user_lock_acquisitions"": 500}",2026-08-12T06:29:21Z
exp2_scaling,synthetic,no_lock,2,measured,18,150,0.105172,474433156.9904557,831537362.1859643,42.945058,"{""user_lock_acquisitions"": 0}",2026-08-12T06:29:21Z
exp2_scaling,synthetic,no_lock,2,measured,1,151,0.106250,492006065.8799297,831537362.1859643,40.831755,"{""user_lock_acquisitions"": 0}",2026-08-12T06:29:22Z
exp2_scaling,synthetic,fp_reduce,2,measured,8,152,0.037158,831537362.1859523,831537362.1859643,0.000000,"{""user_lock_acquisitions"": 0}",2026-08-12T06:29:22Z
exp2_scaling,synthetic,fp_reduce,2,measured,22,153,0.037022,831537362.1859523,831537362.1859643,0.000000,"{""user_lock_acquisitions"": 0}",2026-08-12T06:29:22Z
exp2_scaling,synthetic,no_lock,2,measured,17,154,0.104671,453599446.6562899,831537362.1859643,45.450503,"{""user_lock_acquisitions"": 0}",2026-08-12T06:29:22Z
exp2_scaling,synthetic,no_lock,2,measured,13,155,0.105993,453917698.4093611,831537362.1859643,45.412231,"{""user_lock_acquisitions"": 0}",2026-08-12T06:29:22Z
exp2_scaling,synthetic,fp_sum_genexpr,2,measured,27,156,0.039150,831537362.1859643,831537362.1859643,0.000000,"{""user_lock_acquisitions"": 0}",2026-08-12T06:29:22Z
exp2_scaling,synthetic,batched_lock,2,measured,14,157,0.042735,831537362.1859646,831537362.1859643,0.000000,"{""user_lock_acquisitions"": 500}",2026-08-12T06:29:22Z
exp2_scaling,synthetic,batched_lock,2,measured,23,158,0.042676,831537362.1859646,831537362.1859643,0.000000,"{""user_lock_acquisitions"": 500}",2026-08-12T06:29:22Z
exp2_scaling,synthetic,imp_threadlocal,2,measured,21,159,0.036632,831537362.1859523,831537362.1859643,0.000000,"{""user_lock_acquisitions"": 0}",2026-08-12T06:29:22Z
exp2_scaling,synthetic,batched_lock,2,measured,28,160,0.043315,831537362.1859647,831537362.1859643,0.000000,"{""user_lock_acquisitions"": 500}",2026-08-12T06:29:22Z
exp2_scaling,synthetic,coarse_lock,2,measured,12,161,0.037841,831537362.1859523,831537362.1859643,0.000000,"{""user_lock_acquisitions"": 2}",2026-08-12T06:29:22Z
exp2_scaling,synthetic,coarse_lock,2,measured,2,162,0.036943,831537362.1859523,831537362.1859643,0.000000,"{""user_lock_acquisitions"": 2}",2026-08-12T06:29:22Z
exp2_scaling,synthetic,queue_agg,2,measured,4,163,0.036960,831537362.1859523,831537362.1859643,0.000000,"{""user_lock_acquisitions"": 0}",2026-08-12T06:29:22Z
exp2_scaling,synthetic,batched_lock,2,measured,25,164,0.043347,831537362.1859646,831537362.1859643,0.000000,"{""user_lock_acquisitions"": 500}",2026-08-12T06:29:22Z
exp2_scaling,synthetic,fp_reduce,2,measured,21,165,0.036939,831537362.1859523,831537362.1859643,0.000000,"{""user_lock_acquisitions"": 0}",2026-08-12T06:29:22Z
exp2_scaling,synthetic,queue_agg,2,measured,13,166,0.037246,831537362.1859523,831537362.1859643,0.000000,"{""user_lock_acquisitions"": 0}",2026-08-12T06:29:22Z
exp2_scaling,synthetic,batched_lock,2,measured,10,167,0.041953,831537362.1859646,831537362.1859643,0.000000,"{""user_lock_acquisitions"": 500}",2026-08-12T06:29:22Z
exp2_scaling,synthetic,queue_agg,2,measured,12,168,0.036179,831537362.1859523,831537362.1859643,0.000000,"{""user_lock_acquisitions"": 0}",2026-08-12T06:29:22Z
exp2_scaling,synthetic,fp_reduce,2,measured,4,169,0.036022,831537362.1859523,831537362.1859643,0.000000,"{""user_lock_acquisitions"": 0}",2026-08-12T06:29:22Z
exp2_scaling,synthetic,coarse_lock,2,measured,6,170,0.036976,831537362.1859523,831537362.1859643,0.000000,"{""user_lock_acquisitions"": 2}",2026-08-12T06:29:22Z
exp2_scaling,synthetic,no_lock,2,measured,23,171,0.106169,438891839.1674352,831537362.1859643,47.219228,"{""user_lock_acquisitions"": 0}",2026-08-12T06:29:23Z
exp2_scaling,synthetic,batched_lock,2,measured,2,172,0.042427,831537362.1859645,831537362.1859643,0.000000,"{""user_lock_acquisitions"": 500}",2026-08-12T06:29:23Z
exp2_scaling,synthetic,imp_threadlocal,2,measured,6,173,0.039806,831537362.1859523,831537362.1859643,0.000000,"{""user_lock_acquisitions"": 0}",2026-08-12T06:29:23Z
exp2_scaling,synthetic,fp_sum_genexpr,2,measured,20,174,0.039302,831537362.1859643,831537362.1859643,0.000000,"{""user_lock_acquisitions"": 0}",2026-08-12T06:29:23Z
exp2_scaling,synthetic,no_lock,2,measured,9,175,0.109081,473260195.3919131,831537362.1859643,43.086118,"{""user_lock_acquisitions"": 0}",2026-08-12T06:29:23Z
exp2_scaling,synthetic,queue_agg,2,measured,14,176,0.037153,831537362.1859523,831537362.1859643,0.000000,"{""user_lock_acquisitions"": 0}",2026-08-12T06:29:23Z
exp2_scaling,synthetic,imp_threadlocal,2,measured,22,177,0.036951,831537362.1859523,831537362.1859643,0.000000,"{""user_lock_acquisitions"": 0}",2026-08-12T06:29:23Z
exp2_scaling,synthetic,fp_reduce,2,measured,12,178,0.036910,831537362.1859523,831537362.1859643,0.000000,"{""user_lock_acquisitions"": 0}",2026-08-12T06:29:23Z
exp2_scaling,synthetic,coarse_lock,2,measured,27,179,0.036935,831537362.1859523,831537362.1859643,0.000000,"{""user_lock_acquisitions"": 2}",2026-08-12T06:29:23Z
exp2_scaling,synthetic,fp_sum_genexpr,2,measured,0,180,0.039036,831537362.1859643,831537362.1859643,0.000000,"{""user_lock_acquisitions"": 0}",2026-08-12T06:29:23Z
exp2_scaling,synthetic,fine_lock,2,measured,6,181,0.160526,831537362.1860019,831537362.1859643,0.000000,"{""user_lock_acquisitions"": 500000}",2026-08-12T06:29:23Z
exp2_scaling,synthetic,fine_lock,2,measured,1,182,0.156551,831537362.185999,831537362.1859643,0.000000,"{""user_lock_acquisitions"": 500000}",2026-08-12T06:29:23Z
exp2_scaling,synthetic,batched_lock,2,measured,8,183,0.042061,831537362.1859646,831537362.1859643,0.000000,"{""user_lock_acquisitions"": 500}",2026-08-12T06:29:23Z
exp2_scaling,synthetic,fp_sum_genexpr,2,measured,12,184,0.038604,831537362.1859643,831537362.1859643,0.000000,"{""user_lock_acquisitions"": 0}",2026-08-12T06:29:23Z
exp2_scaling,synthetic,queue_agg,2,measured,28,185,0.037501,831537362.1859523,831537362.1859643,0.000000,"{""user_lock_acquisitions"": 0}",2026-08-12T06:29:23Z
exp2_scaling,synthetic,batched_lock,2,measured,4,186,0.042786,831537362.1859646,831537362.1859643,0.000000,"{""user_lock_acquisitions"": 500}",2026-08-12T06:29:23Z
exp2_scaling,synthetic,queue_agg,2,measured,21,187,0.037293,831537362.1859523,831537362.1859643,0.000000,"{""user_lock_acquisitions"": 0}",2026-08-12T06:29:24Z
exp2_scaling,synthetic,no_lock,2,measured,26,188,0.107398,455767485.5037916,831537362.1859643,45.189777,"{""user_lock_acquisitions"": 0}",2026-08-12T06:29:24Z
exp2_scaling,synthetic,queue_agg,2,measured,11,189,0.036705,831537362.1859523,831537362.1859643,0.000000,"{""user_lock_acquisitions"": 0}",2026-08-12T06:29:24Z
exp2_scaling,synthetic,coarse_lock,2,measured,10,190,0.036480,831537362.1859523,831537362.1859643,0.000000,"{""user_lock_acquisitions"": 2}",2026-08-12T06:29:24Z
exp2_scaling,synthetic,no_lock,2,measured,16,191,0.106308,429407445.7304788,831537362.1859643,48.359813,"{""user_lock_acquisitions"": 0}",2026-08-12T06:29:24Z
exp2_scaling,synthetic,coarse_lock,2,measured,20,192,0.037077,831537362.1859523,831537362.1859643,0.000000,"{""user_lock_acquisitions"": 2}",2026-08-12T06:29:24Z
exp2_scaling,synthetic,fp_reduce,2,measured,27,193,0.037214,831537362.1859523,831537362.1859643,0.000000,"{""user_lock_acquisitions"": 0}",2026-08-12T06:29:24Z
exp2_scaling,synthetic,no_lock,2,measured,22,194,0.106483,393348656.5823017,831537362.1859643,52.696214,"{""user_lock_acquisitions"": 0}",2026-08-12T06:29:24Z
exp2_scaling,synthetic,imp_threadlocal,2,measured,7,195,0.036983,831537362.1859523,831537362.1859643,0.000000,"{""user_lock_acquisitions"": 0}",2026-08-12T06:29:24Z
exp2_scaling,synthetic,imp_threadlocal,2,measured,27,196,0.036723,831537362.1859523,831537362.1859643,0.000000,"{""user_lock_acquisitions"": 0}",2026-08-12T06:29:24Z
exp2_scaling,synthetic,no_lock,2,measured,20,197,0.105729,478245850.53255075,831537362.1859643,42.486547,"{""user_lock_acquisitions"": 0}",2026-08-12T06:29:24Z
exp2_scaling,synthetic,fine_lock,2,measured,4,198,0.153079,831537362.1859999,831537362.1859643,0.000000,"{""user_lock_acquisitions"": 500000}",2026-08-12T06:29:24Z
exp2_scaling,synthetic,no_lock,2,measured,3,199,0.102452,516029196.5218511,831537362.1859643,37.942753,"{""user_lock_acquisitions"": 0}",2026-08-12T06:29:24Z
exp2_scaling,synthetic,fine_lock,2,measured,9,200,0.157379,831537362.1859945,831537362.1859643,0.000000,"{""user_lock_acquisitions"": 500000}",2026-08-12T06:29:25Z
exp2_scaling,synthetic,fp_sum_genexpr,2,measured,29,201,0.038799,831537362.1859643,831537362.1859643,0.000000,"{""user_lock_acquisitions"": 0}",2026-08-12T06:29:25Z
exp2_scaling,synthetic,imp_threadlocal,2,measured,19,202,0.036671,831537362.1859523,831537362.1859643,0.000000,"{""user_lock_acquisitions"": 0}",2026-08-12T06:29:25Z
exp2_scaling,synthetic,fp_reduce,2,measured,9,203,0.036539,831537362.1859523,831537362.1859643,0.000000,"{""user_lock_acquisitions"": 0}",2026-08-12T06:29:25Z
exp2_scaling,synthetic,fp_sum_genexpr,2,measured,2,204,0.039066,831537362.1859643,831537362.1859643,0.000000,"{""user_lock_acquisitions"": 0}",2026-08-12T06:29:25Z
exp2_scaling,synthetic,no_lock,2,measured,19,205,0.103696,443543437.5026319,831537362.1859643,46.659831,"{""user_lock_acquisitions"": 0}",2026-08-12T06:29:25Z
exp2_scaling,synthetic,no_lock,2,measured,24,206,0.100371,377750511.4083909,831537362.1859643,54.572034,"{""user_lock_acquisitions"": 0}",2026-08-12T06:29:25Z
exp2_scaling,synthetic,batched_lock,2,measured,9,207,0.042836,831537362.1859646,831537362.1859643,0.000000,"{""user_lock_acquisitions"": 500}",2026-08-12T06:29:25Z
exp2_scaling,synthetic,fp_reduce,2,measured,10,208,0.036228,831537362.1859523,831537362.1859643,0.000000,"{""user_lock_acquisitions"": 0}",2026-08-12T06:29:25Z
exp2_scaling,synthetic,fp_sum_genexpr,2,measured,8,209,0.039925,831537362.1859643,831537362.1859643,0.000000,"{""user_lock_acquisitions"": 0}",2026-08-12T06:29:25Z
exp2_scaling,synthetic,batched_lock,2,measured,26,210,0.042720,831537362.1859646,831537362.1859643,0.000000,"{""user_lock_acquisitions"": 500}",2026-08-12T06:29:25Z
exp2_scaling,synthetic,fine_lock,2,measured,18,211,0.155670,831537362.1859963,831537362.1859643,0.000000,"{""user_lock_acquisitions"": 500000}",2026-08-12T06:29:25Z
exp2_scaling,synthetic,batched_lock,2,measured,7,212,0.042678,831537362.1859646,831537362.1859643,0.000000,"{""user_lock_acquisitions"": 500}",2026-08-12T06:29:25Z
exp2_scaling,synthetic,coarse_lock,2,measured,22,213,0.036898,831537362.1859523,831537362.1859643,0.000000,"{""user_lock_acquisitions"": 2}",2026-08-12T06:29:25Z
exp2_scaling,synthetic,no_lock,2,measured,27,214,0.103162,494991335.5855306,831537362.1859643,40.472749,"{""user_lock_acquisitions"": 0}",2026-08-12T06:29:25Z
exp2_scaling,synthetic,coarse_lock,2,measured,23,215,0.037149,831537362.1859523,831537362.1859643,0.000000,"{""user_lock_acquisitions"": 2}",2026-08-12T06:29:25Z
exp2_scaling,synthetic,queue_agg,2,measured,15,216,0.036769,831537362.1859523,831537362.1859643,0.000000,"{""user_lock_acquisitions"": 0}",2026-08-12T06:29:26Z
exp2_scaling,synthetic,fp_sum_genexpr,2,measured,10,217,0.039085,831537362.1859643,831537362.1859643,0.000000,"{""user_lock_acquisitions"": 0}",2026-08-12T06:29:26Z
exp2_scaling,synthetic,coarse_lock,2,measured,7,218,0.037139,831537362.1859523,831537362.1859643,0.000000,"{""user_lock_acquisitions"": 2}",2026-08-12T06:29:26Z
exp2_scaling,synthetic,queue_agg,2,measured,2,219,0.037040,831537362.1859523,831537362.1859643,0.000000,"{""user_lock_acquisitions"": 0}",2026-08-12T06:29:26Z
exp2_scaling,synthetic,imp_threadlocal,2,measured,25,220,0.037052,831537362.1859523,831537362.1859643,0.000000,"{""user_lock_acquisitions"": 0}",2026-08-12T06:29:26Z
exp2_scaling,synthetic,coarse_lock,2,measured,4,221,0.036842,831537362.1859523,831537362.1859643,0.000000,"{""user_lock_acquisitions"": 2}",2026-08-12T06:29:26Z
exp2_scaling,synthetic,queue_agg,2,measured,20,222,0.036569,831537362.1859523,831537362.1859643,0.000000,"{""user_lock_acquisitions"": 0}",2026-08-12T06:29:26Z
exp2_scaling,synthetic,fp_reduce,2,measured,26,223,0.036769,831537362.1859523,831537362.1859643,0.000000,"{""user_lock_acquisitions"": 0}",2026-08-12T06:29:26Z
exp2_scaling,synthetic,queue_agg,2,measured,9,224,0.036859,831537362.1859523,831537362.1859643,0.000000,"{""user_lock_acquisitions"": 0}",2026-08-12T06:29:26Z
exp2_scaling,synthetic,coarse_lock,2,measured,9,225,0.037088,831537362.1859523,831537362.1859643,0.000000,"{""user_lock_acquisitions"": 2}",2026-08-12T06:29:26Z
exp2_scaling,synthetic,fp_sum_genexpr,2,measured,26,226,0.039124,831537362.1859643,831537362.1859643,0.000000,"{""user_lock_acquisitions"": 0}",2026-08-12T06:29:26Z
exp2_scaling,synthetic,coarse_lock,2,measured,29,227,0.036971,831537362.1859523,831537362.1859643,0.000000,"{""user_lock_acquisitions"": 2}",2026-08-12T06:29:26Z
exp2_scaling,synthetic,batched_lock,2,measured,0,228,0.042542,831537362.1859646,831537362.1859643,0.000000,"{""user_lock_acquisitions"": 500}",2026-08-12T06:29:26Z
exp2_scaling,synthetic,fine_lock,2,measured,5,229,0.154633,831537362.1859945,831537362.1859643,0.000000,"{""user_lock_acquisitions"": 500000}",2026-08-12T06:29:26Z
exp2_scaling,synthetic,fine_lock,2,measured,21,230,0.152673,831537362.1859926,831537362.1859643,0.000000,"{""user_lock_acquisitions"": 500000}",2026-08-12T06:29:26Z
exp2_scaling,synthetic,imp_threadlocal,2,measured,15,231,0.036473,831537362.1859523,831537362.1859643,0.000000,"{""user_lock_acquisitions"": 0}",2026-08-12T06:29:26Z
exp2_scaling,synthetic,imp_threadlocal,2,measured,9,232,0.036860,831537362.1859523,831537362.1859643,0.000000,"{""user_lock_acquisitions"": 0}",2026-08-12T06:29:26Z
exp2_scaling,synthetic,queue_agg,2,measured,7,233,0.036127,831537362.1859523,831537362.1859643,0.000000,"{""user_lock_acquisitions"": 0}",2026-08-12T06:29:26Z
exp2_scaling,synthetic,no_lock,2,measured,5,234,0.105659,423278361.53273624,831537362.1859643,49.096892,"{""user_lock_acquisitions"": 0}",2026-08-12T06:29:26Z
exp2_scaling,synthetic,fine_lock,2,measured,17,235,0.153165,831537362.1860037,831537362.1859643,0.000000,"{""user_lock_acquisitions"": 500000}",2026-08-12T06:29:27Z
exp2_scaling,synthetic,fine_lock,2,measured,8,236,0.153460,831537362.1859937,831537362.1859643,0.000000,"{""user_lock_acquisitions"": 500000}",2026-08-12T06:29:27Z
exp2_scaling,synthetic,fp_reduce,2,measured,2,237,0.036593,831537362.1859523,831537362.1859643,0.000000,"{""user_lock_acquisitions"": 0}",2026-08-12T06:29:27Z
exp2_scaling,synthetic,coarse_lock,2,measured,24,238,0.036931,831537362.1859523,831537362.1859643,0.000000,"{""user_lock_acquisitions"": 2}",2026-08-12T06:29:27Z
exp2_scaling,synthetic,batched_lock,2,measured,1,239,0.041900,831537362.1859646,831537362.1859643,0.000000,"{""user_lock_acquisitions"": 500}",2026-08-12T06:29:27Z
exp2_scaling,synthetic,fp_sum_genexpr,2,measured,9,240,0.038924,831537362.1859643,831537362.1859643,0.000000,"{""user_lock_acquisitions"": 0}",2026-08-12T06:29:27Z
exp2_scaling,synthetic,fine_lock,2,measured,24,241,0.154787,831537362.1859932,831537362.1859643,0.000000,"{""user_lock_acquisitions"": 500000}",2026-08-12T06:29:27Z
exp2_scaling,synthetic,fine_lock,2,measured,0,242,0.153440,831537362.1860025,831537362.1859643,0.000000,"{""user_lock_acquisitions"": 500000}",2026-08-12T06:29:27Z
exp2_scaling,synthetic,imp_threadlocal,2,measured,23,243,0.036618,831537362.1859523,831537362.1859643,0.000000,"{""user_lock_acquisitions"": 0}",2026-08-12T06:29:27Z
exp2_scaling,synthetic,no_lock,2,measured,21,244,0.108803,476293230.05008173,831537362.1859643,42.721367,"{""user_lock_acquisitions"": 0}",2026-08-12T06:29:27Z
exp2_scaling,synthetic,queue_agg,2,measured,0,245,0.037278,831537362.1859523,831537362.1859643,0.000000,"{""user_lock_acquisitions"": 0}",2026-08-12T06:29:27Z
exp2_scaling,synthetic,fp_sum_genexpr,2,measured,19,246,0.040423,831537362.1859643,831537362.1859643,0.000000,"{""user_lock_acquisitions"": 0}",2026-08-12T06:29:27Z
exp2_scaling,synthetic,fp_sum_genexpr,2,measured,14,247,0.039333,831537362.1859643,831537362.1859643,0.000000,"{""user_lock_acquisitions"": 0}",2026-08-12T06:29:28Z
exp2_scaling,synthetic,queue_agg,2,measured,16,248,0.036178,831537362.1859523,831537362.1859643,0.000000,"{""user_lock_acquisitions"": 0}",2026-08-12T06:29:28Z
exp2_scaling,synthetic,batched_lock,2,measured,5,249,0.042655,831537362.1859646,831537362.1859643,0.000000,"{""user_lock_acquisitions"": 500}",2026-08-12T06:29:28Z
exp2_scaling,synthetic,batched_lock,2,measured,18,250,0.042447,831537362.1859645,831537362.1859643,0.000000,"{""user_lock_acquisitions"": 500}",2026-08-12T06:29:28Z
exp2_scaling,synthetic,batched_lock,2,measured,19,251,0.042687,831537362.1859646,831537362.1859643,0.000000,"{""user_lock_acquisitions"": 500}",2026-08-12T06:29:28Z
exp2_scaling,synthetic,fp_sum_genexpr,2,measured,21,252,0.039636,831537362.1859643,831537362.1859643,0.000000,"{""user_lock_acquisitions"": 0}",2026-08-12T06:29:28Z
exp2_scaling,synthetic,coarse_lock,2,measured,3,253,0.036006,831537362.1859523,831537362.1859643,0.000000,"{""user_lock_acquisitions"": 2}",2026-08-12T06:29:28Z
exp2_scaling,synthetic,fp_reduce,2,measured,20,254,0.035944,831537362.1859523,831537362.1859643,0.000000,"{""user_lock_acquisitions"": 0}",2026-08-12T06:29:28Z
exp2_scaling,synthetic,fine_lock,2,measured,22,255,0.155324,831537362.1859987,831537362.1859643,0.000000,"{""user_lock_acquisitions"": 500000}",2026-08-12T06:29:28Z
exp2_scaling,synthetic,coarse_lock,2,measured,19,256,0.036734,831537362.1859523,831537362.1859643,0.000000,"{""user_lock_acquisitions"": 2}",2026-08-12T06:29:28Z
exp2_scaling,synthetic,fp_reduce,2,measured,3,257,0.036281,831537362.1859523,831537362.1859643,0.000000,"{""user_lock_acquisitions"": 0}",2026-08-12T06:29:28Z
exp2_scaling,synthetic,imp_threadlocal,2,measured,12,258,0.036625,831537362.1859523,831537362.1859643,0.000000,"{""user_lock_acquisitions"": 0}",2026-08-12T06:29:28Z
exp2_scaling,synthetic,no_lock,2,measured,10,259,0.106046,472039754.1690655,831537362.1859643,43.232887,"{""user_lock_acquisitions"": 0}",2026-08-12T06:29:28Z
exp2_scaling,synthetic,batched_lock,2,measured,24,260,0.042607,831537362.1859646,831537362.1859643,0.000000,"{""user_lock_acquisitions"": 500}",2026-08-12T06:29:28Z
exp2_scaling,synthetic,fp_reduce,2,measured,25,261,0.036370,831537362.1859523,831537362.1859643,0.000000,"{""user_lock_acquisitions"": 0}",2026-08-12T06:29:28Z
exp2_scaling,synthetic,imp_threadlocal,2,measured,4,262,0.036664,831537362.1859523,831537362.1859643,0.000000,"{""user_lock_acquisitions"": 0}",2026-08-12T06:29:28Z
exp2_scaling,synthetic,no_lock,2,measured,11,263,0.107768,442831825.65380114,831537362.1859643,46.745408,"{""user_lock_acquisitions"": 0}",2026-08-12T06:29:28Z
exp2_scaling,synthetic,batched_lock,4,warmup,1,0,0.022878,831537362.185964,831537362.1859643,0.000000,"{""user_lock_acquisitions"": 500}",2026-08-12T06:29:28Z
exp2_scaling,synthetic,fine_lock,4,warmup,2,1,0.202387,831537362.1859796,831537362.1859643,0.000000,"{""user_lock_acquisitions"": 500000}",2026-08-12T06:29:29Z
exp2_scaling,synthetic,no_lock,4,warmup,1,2,0.143523,301243572.46507496,831537362.1859643,63.772695,"{""user_lock_acquisitions"": 0}",2026-08-12T06:29:29Z
exp2_scaling,synthetic,no_lock,4,warmup,0,3,0.143302,286557972.1397972,831537362.1859643,65.538774,"{""user_lock_acquisitions"": 0}",2026-08-12T06:29:29Z
exp2_scaling,synthetic,queue_agg,4,warmup,1,4,0.019985,831537362.1859666,831537362.1859643,0.000000,"{""user_lock_acquisitions"": 0}",2026-08-12T06:29:29Z
exp2_scaling,synthetic,queue_agg,4,warmup,2,5,0.019845,831537362.1859667,831537362.1859643,0.000000,"{""user_lock_acquisitions"": 0}",2026-08-12T06:29:29Z
exp2_scaling,synthetic,coarse_lock,4,warmup,0,6,0.020185,831537362.1859666,831537362.1859643,0.000000,"{""user_lock_acquisitions"": 4}",2026-08-12T06:29:29Z
exp2_scaling,synthetic,queue_agg,4,warmup,0,7,0.019776,831537362.1859666,831537362.1859643,0.000000,"{""user_lock_acquisitions"": 0}",2026-08-12T06:29:29Z
exp2_scaling,synthetic,imp_threadlocal,4,warmup,1,8,0.018796,831537362.1859667,831537362.1859643,0.000000,"{""user_lock_acquisitions"": 0}",2026-08-12T06:29:29Z
exp2_scaling,synthetic,imp_threadlocal,4,warmup,0,9,0.019312,831537362.1859667,831537362.1859643,0.000000,"{""user_lock_acquisitions"": 0}",2026-08-12T06:29:29Z
exp2_scaling,synthetic,batched_lock,4,warmup,2,10,0.022823,831537362.185964,831537362.1859643,0.000000,"{""user_lock_acquisitions"": 500}",2026-08-12T06:29:29Z
exp2_scaling,synthetic,fine_lock,4,warmup,0,11,0.211456,831537362.1859717,831537362.1859643,0.000000,"{""user_lock_acquisitions"": 500000}",2026-08-12T06:29:29Z
exp2_scaling,synthetic,fp_reduce,4,warmup,1,12,0.019793,831537362.1859667,831537362.1859643,0.000000,"{""user_lock_acquisitions"": 0}",2026-08-12T06:29:29Z
exp2_scaling,synthetic,batched_lock,4,warmup,0,13,0.022528,831537362.1859641,831537362.1859643,0.000000,"{""user_lock_acquisitions"": 500}",2026-08-12T06:29:29Z
exp2_scaling,synthetic,fp_reduce,4,warmup,0,14,0.019985,831537362.1859667,831537362.1859643,0.000000,"{""user_lock_acquisitions"": 0}",2026-08-12T06:29:29Z
exp2_scaling,synthetic,imp_threadlocal,4,warmup,2,15,0.019999,831537362.1859667,831537362.1859643,0.000000,"{""user_lock_acquisitions"": 0}",2026-08-12T06:29:29Z
exp2_scaling,synthetic,fp_sum_genexpr,4,warmup,0,16,0.020866,831537362.1859643,831537362.1859643,0.000000,"{""user_lock_acquisitions"": 0}",2026-08-12T06:29:29Z
exp2_scaling,synthetic,fp_sum_genexpr,4,warmup,2,17,0.020921,831537362.1859643,831537362.1859643,0.000000,"{""user_lock_acquisitions"": 0}",2026-08-12T06:29:29Z
exp2_scaling,synthetic,no_lock,4,warmup,2,18,0.150801,267151694.42960683,831537362.1859643,67.872557,"{""user_lock_acquisitions"": 0}",2026-08-12T06:29:30Z
exp2_scaling,synthetic,coarse_lock,4,warmup,1,19,0.020076,831537362.1859666,831537362.1859643,0.000000,"{""user_lock_acquisitions"": 4}",2026-08-12T06:29:30Z
exp2_scaling,synthetic,fine_lock,4,warmup,1,20,0.206918,831537362.1859789,831537362.1859643,0.000000,"{""user_lock_acquisitions"": 500000}",2026-08-12T06:29:30Z
exp2_scaling,synthetic,fp_sum_genexpr,4,warmup,1,21,0.020720,831537362.1859643,831537362.1859643,0.000000,"{""user_lock_acquisitions"": 0}",2026-08-12T06:29:30Z
exp2_scaling,synthetic,fp_reduce,4,warmup,2,22,0.019833,831537362.1859667,831537362.1859643,0.000000,"{""user_lock_acquisitions"": 0}",2026-08-12T06:29:30Z
exp2_scaling,synthetic,coarse_lock,4,warmup,2,23,0.019597,831537362.1859666,831537362.1859643,0.000000,"{""user_lock_acquisitions"": 4}",2026-08-12T06:29:30Z
exp2_scaling,synthetic,batched_lock,4,measured,8,24,0.021874,831537362.1859639,831537362.1859643,0.000000,"{""user_lock_acquisitions"": 500}",2026-08-12T06:29:30Z
exp2_scaling,synthetic,imp_threadlocal,4,measured,16,25,0.020120,831537362.1859667,831537362.1859643,0.000000,"{""user_lock_acquisitions"": 0}",2026-08-12T06:29:30Z
exp2_scaling,synthetic,queue_agg,4,measured,0,26,0.019965,831537362.1859666,831537362.1859643,0.000000,"{""user_lock_acquisitions"": 0}",2026-08-12T06:29:30Z
exp2_scaling,synthetic,batched_lock,4,measured,19,27,0.023212,831537362.1859639,831537362.1859643,0.000000,"{""user_lock_acquisitions"": 500}",2026-08-12T06:29:30Z
exp2_scaling,synthetic,queue_agg,4,measured,2,28,0.020671,831537362.1859666,831537362.1859643,0.000000,"{""user_lock_acquisitions"": 0}",2026-08-12T06:29:30Z
exp2_scaling,synthetic,imp_threadlocal,4,measured,15,29,0.019596,831537362.1859667,831537362.1859643,0.000000,"{""user_lock_acquisitions"": 0}",2026-08-12T06:29:30Z
exp2_scaling,synthetic,fp_sum_genexpr,4,measured,28,30,0.021427,831537362.1859643,831537362.1859643,0.000000,"{""user_lock_acquisitions"": 0}",2026-08-12T06:29:30Z
exp2_scaling,synthetic,fp_reduce,4,measured,22,31,0.019642,831537362.1859667,831537362.1859643,0.000000,"{""user_lock_acquisitions"": 0}",2026-08-12T06:29:30Z
exp2_scaling,synthetic,coarse_lock,4,measured,17,32,0.019178,831537362.1859666,831537362.1859643,0.000000,"{""user_lock_acquisitions"": 4}",2026-08-12T06:29:30Z
exp2_scaling,synthetic,coarse_lock,4,measured,5,33,0.018718,831537362.1859667,831537362.1859643,0.000000,"{""user_lock_acquisitions"": 4}",2026-08-12T06:29:30Z
exp2_scaling,synthetic,fp_reduce,4,measured,1,34,0.019290,831537362.1859667,831537362.1859643,0.000000,"{""user_lock_acquisitions"": 0}",2026-08-12T06:29:30Z
exp2_scaling,synthetic,imp_threadlocal,4,measured,1,35,0.018719,831537362.1859667,831537362.1859643,0.000000,"{""user_lock_acquisitions"": 0}",2026-08-12T06:29:30Z
exp2_scaling,synthetic,coarse_lock,4,measured,7,36,0.019680,831537362.1859667,831537362.1859643,0.000000,"{""user_lock_acquisitions"": 4}",2026-08-12T06:29:30Z
exp2_scaling,synthetic,fp_reduce,4,measured,18,37,0.019314,831537362.1859667,831537362.1859643,0.000000,"{""user_lock_acquisitions"": 0}",2026-08-12T06:29:30Z
exp2_scaling,synthetic,fp_reduce,4,measured,6,38,0.020009,831537362.1859667,831537362.1859643,0.000000,"{""user_lock_acquisitions"": 0}",2026-08-12T06:29:30Z
exp2_scaling,synthetic,batched_lock,4,measured,25,39,0.022847,831537362.1859641,831537362.1859643,0.000000,"{""user_lock_acquisitions"": 500}",2026-08-12T06:29:30Z
exp2_scaling,synthetic,no_lock,4,measured,10,40,0.152483,284232875.9558765,831537362.1859643,65.818388,"{""user_lock_acquisitions"": 0}",2026-08-12T06:29:30Z
exp2_scaling,synthetic,fp_reduce,4,measured,12,41,0.019683,831537362.1859667,831537362.1859643,0.000000,"{""user_lock_acquisitions"": 0}",2026-08-12T06:29:30Z
exp2_scaling,synthetic,fp_sum_genexpr,4,measured,4,42,0.020855,831537362.1859643,831537362.1859643,0.000000,"{""user_lock_acquisitions"": 0}",2026-08-12T06:29:30Z
exp2_scaling,synthetic,fine_lock,4,measured,18,43,0.214934,831537362.1859744,831537362.1859643,0.000000,"{""user_lock_acquisitions"": 500000}",2026-08-12T06:29:31Z
exp2_scaling,synthetic,batched_lock,4,measured,15,44,0.022476,831537362.185964,831537362.1859643,0.000000,"{""user_lock_acquisitions"": 500}",2026-08-12T06:29:31Z
exp2_scaling,synthetic,queue_agg,4,measured,26,45,0.020024,831537362.1859666,831537362.1859643,0.000000,"{""user_lock_acquisitions"": 0}",2026-08-12T06:29:31Z
exp2_scaling,synthetic,fine_lock,4,measured,9,46,0.215237,831537362.1859726,831537362.1859643,0.000000,"{""user_lock_acquisitions"": 500000}",2026-08-12T06:29:31Z
exp2_scaling,synthetic,queue_agg,4,measured,6,47,0.019460,831537362.1859666,831537362.1859643,0.000000,"{""user_lock_acquisitions"": 0}",2026-08-12T06:29:31Z
exp2_scaling,synthetic,no_lock,4,measured,8,48,0.150036,287380268.7551343,831537362.1859643,65.439885,"{""user_lock_acquisitions"": 0}",2026-08-12T06:29:31Z
exp2_scaling,synthetic,fp_sum_genexpr,4,measured,22,49,0.021277,831537362.1859643,831537362.1859643,0.000000,"{""user_lock_acquisitions"": 0}",2026-08-12T06:29:31Z
exp2_scaling,synthetic,queue_agg,4,measured,7,50,0.019379,831537362.1859667,831537362.1859643,0.000000,"{""user_lock_acquisitions"": 0}",2026-08-12T06:29:31Z
exp2_scaling,synthetic,no_lock,4,measured,15,51,0.145736,290816000.9638684,831537362.1859643,65.026707,"{""user_lock_acquisitions"": 0}",2026-08-12T06:29:31Z
exp2_scaling,synthetic,fp_sum_genexpr,4,measured,1,52,0.021807,831537362.1859643,831537362.1859643,0.000000,"{""user_lock_acquisitions"": 0}",2026-08-12T06:29:31Z
exp2_scaling,synthetic,queue_agg,4,measured,15,53,0.019876,831537362.1859667,831537362.1859643,0.000000,"{""user_lock_acquisitions"": 0}",2026-08-12T06:29:31Z
exp2_scaling,synthetic,no_lock,4,measured,9,54,0.143294,268404124.43930557,831537362.1859643,67.721941,"{""user_lock_acquisitions"": 0}",2026-08-12T06:29:31Z
exp2_scaling,synthetic,queue_agg,4,measured,28,55,0.019656,831537362.1859666,831537362.1859643,0.000000,"{""user_lock_acquisitions"": 0}",2026-08-12T06:29:31Z
exp2_scaling,synthetic,no_lock,4,measured,3,56,0.149685,295963191.35475487,831537362.1859643,64.407710,"{""user_lock_acquisitions"": 0}",2026-08-12T06:29:32Z
exp2_scaling,synthetic,queue_agg,4,measured,16,57,0.019617,831537362.1859666,831537362.1859643,0.000000,"{""user_lock_acquisitions"": 0}",2026-08-12T06:29:32Z
exp2_scaling,synthetic,fine_lock,4,measured,14,58,0.211785,831537362.1859739,831537362.1859643,0.000000,"{""user_lock_acquisitions"": 500000}",2026-08-12T06:29:32Z
exp2_scaling,synthetic,no_lock,4,measured,12,59,0.142209,312949994.1435907,831537362.1859643,62.364891,"{""user_lock_acquisitions"": 0}",2026-08-12T06:29:32Z
exp2_scaling,synthetic,queue_agg,4,measured,29,60,0.020009,831537362.1859666,831537362.1859643,0.000000,"{""user_lock_acquisitions"": 0}",2026-08-12T06:29:32Z
exp2_scaling,synthetic,imp_threadlocal,4,measured,19,61,0.019909,831537362.1859667,831537362.1859643,0.000000,"{""user_lock_acquisitions"": 0}",2026-08-12T06:29:32Z
exp2_scaling,synthetic,fp_reduce,4,measured,0,62,0.019193,831537362.1859667,831537362.1859643,0.000000,"{""user_lock_acquisitions"": 0}",2026-08-12T06:29:32Z
exp2_scaling,synthetic,fine_lock,4,measured,5,63,0.209251,831537362.1859825,831537362.1859643,0.000000,"{""user_lock_acquisitions"": 500000}",2026-08-12T06:29:32Z
exp2_scaling,synthetic,imp_threadlocal,4,measured,8,64,0.019811,831537362.1859667,831537362.1859643,0.000000,"{""user_lock_acquisitions"": 0}",2026-08-12T06:29:32Z
exp2_scaling,synthetic,imp_threadlocal,4,measured,17,65,0.019201,831537362.1859667,831537362.1859643,0.000000,"{""user_lock_acquisitions"": 0}",2026-08-12T06:29:32Z
exp2_scaling,synthetic,queue_agg,4,measured,4,66,0.020160,831537362.1859667,831537362.1859643,0.000000,"{""user_lock_acquisitions"": 0}",2026-08-12T06:29:32Z
exp2_scaling,synthetic,coarse_lock,4,measured,15,67,0.019459,831537362.1859667,831537362.1859643,0.000000,"{""user_lock_acquisitions"": 4}",2026-08-12T06:29:32Z
exp2_scaling,synthetic,batched_lock,4,measured,1,68,0.023000,831537362.1859639,831537362.1859643,0.000000,"{""user_lock_acquisitions"": 500}",2026-08-12T06:29:32Z
exp2_scaling,synthetic,no_lock,4,measured,13,69,0.150623,310344768.8193174,831537362.1859643,62.678193,"{""user_lock_acquisitions"": 0}",2026-08-12T06:29:32Z
exp2_scaling,synthetic,coarse_lock,4,measured,25,70,0.020104,831537362.1859666,831537362.1859643,0.000000,"{""user_lock_acquisitions"": 4}",2026-08-12T06:29:32Z
exp2_scaling,synthetic,imp_threadlocal,4,measured,23,71,0.019519,831537362.1859667,831537362.1859643,0.000000,"{""user_lock_acquisitions"": 0}",2026-08-12T06:29:32Z
exp2_scaling,synthetic,no_lock,4,measured,4,72,0.143581,280724923.0413089,831537362.1859643,66.240251,"{""user_lock_acquisitions"": 0}",2026-08-12T06:29:33Z
exp2_scaling,synthetic,fine_lock,4,measured,22,73,0.202889,831537362.1859676,831537362.1859643,0.000000,"{""user_lock_acquisitions"": 500000}",2026-08-12T06:29:33Z
exp2_scaling,synthetic,fp_reduce,4,measured,19,74,0.019574,831537362.1859667,831537362.1859643,0.000000,"{""user_lock_acquisitions"": 0}",2026-08-12T06:29:33Z
exp2_scaling,synthetic,queue_agg,4,measured,19,75,0.019596,831537362.1859666,831537362.1859643,0.000000,"{""user_lock_acquisitions"": 0}",2026-08-12T06:29:33Z
exp2_scaling,synthetic,imp_threadlocal,4,measured,4,76,0.019864,831537362.1859667,831537362.1859643,0.000000,"{""user_lock_acquisitions"": 0}",2026-08-12T06:29:33Z
exp2_scaling,synthetic,imp_threadlocal,4,measured,29,77,0.020105,831537362.1859667,831537362.1859643,0.000000,"{""user_lock_acquisitions"": 0}",2026-08-12T06:29:33Z
exp2_scaling,synthetic,fp_sum_genexpr,4,measured,23,78,0.020794,831537362.1859643,831537362.1859643,0.000000,"{""user_lock_acquisitions"": 0}",2026-08-12T06:29:33Z
exp2_scaling,synthetic,fp_sum_genexpr,4,measured,11,79,0.020506,831537362.1859643,831537362.1859643,0.000000,"{""user_lock_acquisitions"": 0}",2026-08-12T06:29:33Z
exp2_scaling,synthetic,queue_agg,4,measured,11,80,0.018917,831537362.1859667,831537362.1859643,0.000000,"{""user_lock_acquisitions"": 0}",2026-08-12T06:29:33Z
exp2_scaling,synthetic,no_lock,4,measured,6,81,0.152643,287514699.07225454,831537362.1859643,65.423719,"{""user_lock_acquisitions"": 0}",2026-08-12T06:29:33Z
exp2_scaling,synthetic,batched_lock,4,measured,14,82,0.022668,831537362.185964,831537362.1859643,0.000000,"{""user_lock_acquisitions"": 500}",2026-08-12T06:29:33Z
exp2_scaling,synthetic,batched_lock,4,measured,4,83,0.022682,831537362.1859641,831537362.1859643,0.000000,"{""user_lock_acquisitions"": 500}",2026-08-12T06:29:33Z
exp2_scaling,synthetic,fp_reduce,4,measured,28,84,0.019612,831537362.1859667,831537362.1859643,0.000000,"{""user_lock_acquisitions"": 0}",2026-08-12T06:29:33Z
exp2_scaling,synthetic,batched_lock,4,measured,16,85,0.022474,831537362.1859641,831537362.1859643,0.000000,"{""user_lock_acquisitions"": 500}",2026-08-12T06:29:33Z
exp2_scaling,synthetic,fine_lock,4,measured,1,86,0.211743,831537362.1859758,831537362.1859643,0.000000,"{""user_lock_acquisitions"": 500000}",2026-08-12T06:29:33Z
exp2_scaling,synthetic,coarse_lock,4,measured,2,87,0.019890,831537362.1859666,831537362.1859643,0.000000,"{""user_lock_acquisitions"": 4}",2026-08-12T06:29:33Z
exp2_scaling,synthetic,fp_reduce,4,measured,4,88,0.018649,831537362.1859667,831537362.1859643,0.000000,"{""user_lock_acquisitions"": 0}",2026-08-12T06:29:33Z
exp2_scaling,synthetic,coarse_lock,4,measured,11,89,0.018843,831537362.1859667,831537362.1859643,0.000000,"{""user_lock_acquisitions"": 4}",2026-08-12T06:29:33Z
exp2_scaling,synthetic,fp_sum_genexpr,4,measured,8,90,0.021206,831537362.1859643,831537362.1859643,0.000000,"{""user_lock_acquisitions"": 0}",2026-08-12T06:29:33Z
exp2_scaling,synthetic,no_lock,4,measured,18,91,0.148250,291130113.9775453,831537362.1859643,64.988932,"{""user_lock_acquisitions"": 0}",2026-08-12T06:29:34Z
exp2_scaling,synthetic,imp_threadlocal,4,measured,12,92,0.019969,831537362.1859667,831537362.1859643,0.000000,"{""user_lock_acquisitions"": 0}",2026-08-12T06:29:34Z
exp2_scaling,synthetic,queue_agg,4,measured,18,93,0.019624,831537362.1859666,831537362.1859643,0.000000,"{""user_lock_acquisitions"": 0}",2026-08-12T06:29:34Z
exp2_scaling,synthetic,fine_lock,4,measured,3,94,0.209765,831537362.1859801,831537362.1859643,0.000000,"{""user_lock_acquisitions"": 500000}",2026-08-12T06:29:34Z
exp2_scaling,synthetic,no_lock,4,measured,19,95,0.145429,289031147.2193756,831537362.1859643,65.241352,"{""user_lock_acquisitions"": 0}",2026-08-12T06:29:34Z
exp2_scaling,synthetic,fp_sum_genexpr,4,measured,21,96,0.020909,831537362.1859643,831537362.1859643,0.000000,"{""user_lock_acquisitions"": 0}",2026-08-12T06:29:34Z
exp2_scaling,synthetic,coarse_lock,4,measured,14,97,0.020180,831537362.1859667,831537362.1859643,0.000000,"{""user_lock_acquisitions"": 4}",2026-08-12T06:29:34Z
exp2_scaling,synthetic,queue_agg,4,measured,3,98,0.019895,831537362.1859667,831537362.1859643,0.000000,"{""user_lock_acquisitions"": 0}",2026-08-12T06:29:34Z
exp2_scaling,synthetic,coarse_lock,4,measured,27,99,0.019506,831537362.1859666,831537362.1859643,0.000000,"{""user_lock_acquisitions"": 4}",2026-08-12T06:29:34Z
exp2_scaling,synthetic,imp_threadlocal,4,measured,21,100,0.019849,831537362.1859667,831537362.1859643,0.000000,"{""user_lock_acquisitions"": 0}",2026-08-12T06:29:34Z
exp2_scaling,synthetic,imp_threadlocal,4,measured,0,101,0.019751,831537362.1859667,831537362.1859643,0.000000,"{""user_lock_acquisitions"": 0}",2026-08-12T06:29:34Z
exp2_scaling,synthetic,fine_lock,4,measured,23,102,0.200915,831537362.1859711,831537362.1859643,0.000000,"{""user_lock_acquisitions"": 500000}",2026-08-12T06:29:34Z
exp2_scaling,synthetic,batched_lock,4,measured,7,103,0.022068,831537362.185964,831537362.1859643,0.000000,"{""user_lock_acquisitions"": 500}",2026-08-12T06:29:34Z
exp2_scaling,synthetic,fine_lock,4,measured,13,104,0.194046,831537362.1859775,831537362.1859643,0.000000,"{""user_lock_acquisitions"": 500000}",2026-08-12T06:29:35Z
exp2_scaling,synthetic,batched_lock,4,measured,0,105,0.022500,831537362.1859639,831537362.1859643,0.000000,"{""user_lock_acquisitions"": 500}",2026-08-12T06:29:35Z
exp2_scaling,synthetic,coarse_lock,4,measured,28,106,0.019866,831537362.1859667,831537362.1859643,0.000000,"{""user_lock_acquisitions"": 4}",2026-08-12T06:29:35Z
exp2_scaling,synthetic,fp_sum_genexpr,4,measured,29,107,0.021253,831537362.1859643,831537362.1859643,0.000000,"{""user_lock_acquisitions"": 0}",2026-08-12T06:29:35Z
exp2_scaling,synthetic,batched_lock,4,measured,28,108,0.023216,831537362.185964,831537362.1859643,0.000000,"{""user_lock_acquisitions"": 500}",2026-08-12T06:29:35Z
exp2_scaling,synthetic,coarse_lock,4,measured,21,109,0.019137,831537362.1859667,831537362.1859643,0.000000,"{""user_lock_acquisitions"": 4}",2026-08-12T06:29:35Z
exp2_scaling,synthetic,batched_lock,4,measured,29,110,0.021836,831537362.185964,831537362.1859643,0.000000,"{""user_lock_acquisitions"": 500}",2026-08-12T06:29:35Z
exp2_scaling,synthetic,fp_sum_genexpr,4,measured,17,111,0.020486,831537362.1859643,831537362.1859643,0.000000,"{""user_lock_acquisitions"": 0}",2026-08-12T06:29:35Z
exp2_scaling,synthetic,batched_lock,4,measured,6,112,0.023146,831537362.1859643,831537362.1859643,0.000000,"{""user_lock_acquisitions"": 500}",2026-08-12T06:29:35Z
exp2_scaling,synthetic,fp_reduce,4,measured,9,113,0.019625,831537362.1859667,831537362.1859643,0.000000,"{""user_lock_acquisitions"": 0}",2026-08-12T06:29:35Z
exp2_scaling,synthetic,fine_lock,4,measured,4,114,0.212418,831537362.1859685,831537362.1859643,0.000000,"{""user_lock_acquisitions"": 500000}",2026-08-12T06:29:35Z
exp2_scaling,synthetic,queue_agg,4,measured,14,115,0.020261,831537362.1859667,831537362.1859643,0.000000,"{""user_lock_acquisitions"": 0}",2026-08-12T06:29:35Z
exp2_scaling,synthetic,no_lock,4,measured,5,116,0.142086,275823285.1725105,831537362.1859643,66.829718,"{""user_lock_acquisitions"": 0}",2026-08-12T06:29:35Z
exp2_scaling,synthetic,queue_agg,4,measured,27,117,0.019904,831537362.1859666,831537362.1859643,0.000000,"{""user_lock_acquisitions"": 0}",2026-08-12T06:29:35Z
exp2_scaling,synthetic,batched_lock,4,measured,10,118,0.022387,831537362.1859639,831537362.1859643,0.000000,"{""user_lock_acquisitions"": 500}",2026-08-12T06:29:35Z
exp2_scaling,synthetic,fp_reduce,4,measured,5,119,0.020923,831537362.1859667,831537362.1859643,0.000000,"{""user_lock_acquisitions"": 0}",2026-08-12T06:29:35Z
exp2_scaling,synthetic,coarse_lock,4,measured,12,120,0.019742,831537362.1859667,831537362.1859643,0.000000,"{""user_lock_acquisitions"": 4}",2026-08-12T06:29:35Z
exp2_scaling,synthetic,coarse_lock,4,measured,23,121,0.020460,831537362.1859667,831537362.1859643,0.000000,"{""user_lock_acquisitions"": 4}",2026-08-12T06:29:35Z
exp2_scaling,synthetic,batched_lock,4,measured,27,122,0.022407,831537362.185964,831537362.1859643,0.000000,"{""user_lock_acquisitions"": 500}",2026-08-12T06:29:35Z
exp2_scaling,synthetic,queue_agg,4,measured,17,123,0.019906,831537362.1859667,831537362.1859643,0.000000,"{""user_lock_acquisitions"": 0}",2026-08-12T06:29:35Z
exp2_scaling,synthetic,imp_threadlocal,4,measured,6,124,0.019594,831537362.1859667,831537362.1859643,0.000000,"{""user_lock_acquisitions"": 0}",2026-08-12T06:29:35Z
exp2_scaling,synthetic,coarse_lock,4,measured,29,125,0.018685,831537362.1859667,831537362.1859643,0.000000,"{""user_lock_acquisitions"": 4}",2026-08-12T06:29:35Z
exp2_scaling,synthetic,fp_sum_genexpr,4,measured,24,126,0.020788,831537362.1859643,831537362.1859643,0.000000,"{""user_lock_acquisitions"": 0}",2026-08-12T06:29:35Z
exp2_scaling,synthetic,fp_sum_genexpr,4,measured,18,127,0.021417,831537362.1859643,831537362.1859643,0.000000,"{""user_lock_acquisitions"": 0}",2026-08-12T06:29:35Z
exp2_scaling,synthetic,coarse_lock,4,measured,6,128,0.020029,831537362.1859667,831537362.1859643,0.000000,"{""user_lock_acquisitions"": 4}",2026-08-12T06:29:35Z
exp2_scaling,synthetic,fp_sum_genexpr,4,measured,3,129,0.020771,831537362.1859643,831537362.1859643,0.000000,"{""user_lock_acquisitions"": 0}",2026-08-12T06:29:35Z
exp2_scaling,synthetic,imp_threadlocal,4,measured,27,130,0.019734,831537362.1859667,831537362.1859643,0.000000,"{""user_lock_acquisitions"": 0}",2026-08-12T06:29:35Z
exp2_scaling,synthetic,fp_sum_genexpr,4,measured,5,131,0.021039,831537362.1859643,831537362.1859643,0.000000,"{""user_lock_acquisitions"": 0}",2026-08-12T06:29:35Z
exp2_scaling,synthetic,batched_lock,4,measured,9,132,0.022877,831537362.1859641,831537362.1859643,0.000000,"{""user_lock_acquisitions"": 500}",2026-08-12T06:29:35Z
exp2_scaling,synthetic,imp_threadlocal,4,measured,18,133,0.020462,831537362.1859667,831537362.1859643,0.000000,"{""user_lock_acquisitions"": 0}",2026-08-12T06:29:35Z
exp2_scaling,synthetic,fine_lock,4,measured,25,134,0.211431,831537362.1859748,831537362.1859643,0.000000,"{""user_lock_acquisitions"": 500000}",2026-08-12T06:29:36Z
exp2_scaling,synthetic,batched_lock,4,measured,5,135,0.023152,831537362.1859642,831537362.1859643,0.000000,"{""user_lock_acquisitions"": 500}",2026-08-12T06:29:36Z
exp2_scaling,synthetic,imp_threadlocal,4,measured,22,136,0.019412,831537362.1859667,831537362.1859643,0.000000,"{""user_lock_acquisitions"": 0}",2026-08-12T06:29:36Z
exp2_scaling,synthetic,imp_threadlocal,4,measured,28,137,0.019851,831537362.1859667,831537362.1859643,0.000000,"{""user_lock_acquisitions"": 0}",2026-08-12T06:29:36Z
exp2_scaling,synthetic,fp_sum_genexpr,4,measured,26,138,0.020407,831537362.1859643,831537362.1859643,0.000000,"{""user_lock_acquisitions"": 0}",2026-08-12T06:29:36Z
exp2_scaling,synthetic,queue_agg,4,measured,24,139,0.019228,831537362.1859667,831537362.1859643,0.000000,"{""user_lock_acquisitions"": 0}",2026-08-12T06:29:36Z
exp2_scaling,synthetic,fine_lock,4,measured,29,140,0.209167,831537362.1859723,831537362.1859643,0.000000,"{""user_lock_acquisitions"": 500000}",2026-08-12T06:29:36Z
exp2_scaling,synthetic,no_lock,4,measured,16,141,0.146471,265433985.83598292,831537362.1859643,68.079127,"{""user_lock_acquisitions"": 0}",2026-08-12T06:29:36Z
exp2_scaling,synthetic,fine_lock,4,measured,27,142,0.203499,831537362.1859757,831537362.1859643,0.000000,"{""user_lock_acquisitions"": 500000}",2026-08-12T06:29:36Z
exp2_scaling,synthetic,fp_reduce,4,measured,27,143,0.019599,831537362.1859667,831537362.1859643,0.000000,"{""user_lock_acquisitions"": 0}",2026-08-12T06:29:36Z
exp2_scaling,synthetic,coarse_lock,4,measured,4,144,0.020113,831537362.1859667,831537362.1859643,0.000000,"{""user_lock_acquisitions"": 4}",2026-08-12T06:29:36Z
exp2_scaling,synthetic,no_lock,4,measured,1,145,0.139891,281579169.22210896,831537362.1859643,66.137520,"{""user_lock_acquisitions"": 0}",2026-08-12T06:29:37Z
exp2_scaling,synthetic,fp_sum_genexpr,4,measured,20,146,0.020761,831537362.1859643,831537362.1859643,0.000000,"{""user_lock_acquisitions"": 0}",2026-08-12T06:29:37Z
exp2_scaling,synthetic,fp_sum_genexpr,4,measured,0,147,0.020394,831537362.1859643,831537362.1859643,0.000000,"{""user_lock_acquisitions"": 0}",2026-08-12T06:29:37Z
exp2_scaling,synthetic,fine_lock,4,measured,19,148,0.201303,831537362.1859711,831537362.1859643,0.000000,"{""user_lock_acquisitions"": 500000}",2026-08-12T06:29:37Z
exp2_scaling,synthetic,fp_reduce,4,measured,3,149,0.019299,831537362.1859667,831537362.1859643,0.000000,"{""user_lock_acquisitions"": 0}",2026-08-12T06:29:37Z
exp2_scaling,synthetic,queue_agg,4,measured,22,150,0.019250,831537362.1859667,831537362.1859643,0.000000,"{""user_lock_acquisitions"": 0}",2026-08-12T06:29:37Z
exp2_scaling,synthetic,fp_sum_genexpr,4,measured,19,151,0.019956,831537362.1859643,831537362.1859643,0.000000,"{""user_lock_acquisitions"": 0}",2026-08-12T06:29:37Z
exp2_scaling,synthetic,fp_reduce,4,measured,11,152,0.019439,831537362.1859667,831537362.1859643,0.000000,"{""user_lock_acquisitions"": 0}",2026-08-12T06:29:37Z
exp2_scaling,synthetic,no_lock,4,measured,0,153,0.145636,277298740.34402984,831537362.1859643,66.652281,"{""user_lock_acquisitions"": 0}",2026-08-12T06:29:37Z
exp2_scaling,synthetic,coarse_lock,4,measured,1,154,0.019573,831537362.1859666,831537362.1859643,0.000000,"{""user_lock_acquisitions"": 4}",2026-08-12T06:29:37Z
exp2_scaling,synthetic,no_lock,4,measured,14,155,0.153077,296337114.7456825,831537362.1859643,64.362742,"{""user_lock_acquisitions"": 0}",2026-08-12T06:29:37Z
exp2_scaling,synthetic,batched_lock,4,measured,2,156,0.023095,831537362.185964,831537362.1859643,0.000000,"{""user_lock_acquisitions"": 500}",2026-08-12T06:29:37Z
exp2_scaling,synthetic,fp_sum_genexpr,4,measured,12,157,0.021722,831537362.1859643,831537362.1859643,0.000000,"{""user_lock_acquisitions"": 0}",2026-08-12T06:29:37Z
exp2_scaling,synthetic,imp_threadlocal,4,measured,24,158,0.020143,831537362.1859667,831537362.1859643,0.000000,"{""user_lock_acquisitions"": 0}",2026-08-12T06:29:37Z
exp2_scaling,synthetic,imp_threadlocal,4,measured,20,159,0.019792,831537362.1859667,831537362.1859643,0.000000,"{""user_lock_acquisitions"": 0}",2026-08-12T06:29:37Z
exp2_scaling,synthetic,no_lock,4,measured,22,160,0.154735,312398329.8989101,831537362.1859643,62.431234,"{""user_lock_acquisitions"": 0}",2026-08-12T06:29:37Z
exp2_scaling,synthetic,fine_lock,4,measured,26,161,0.211536,831537362.1859692,831537362.1859643,0.000000,"{""user_lock_acquisitions"": 500000}",2026-08-12T06:29:38Z
exp2_scaling,synthetic,fp_reduce,4,measured,8,162,0.019428,831537362.1859667,831537362.1859643,0.000000,"{""user_lock_acquisitions"": 0}",2026-08-12T06:29:38Z
exp2_scaling,synthetic,batched_lock,4,measured,26,163,0.022695,831537362.1859641,831537362.1859643,0.000000,"{""user_lock_acquisitions"": 500}",2026-08-12T06:29:38Z
exp2_scaling,synthetic,queue_agg,4,measured,13,164,0.020147,831537362.1859667,831537362.1859643,0.000000,"{""user_lock_acquisitions"": 0}",2026-08-12T06:29:38Z
exp2_scaling,synthetic,fine_lock,4,measured,12,165,0.209255,831537362.1859785,831537362.1859643,0.000000,"{""user_lock_acquisitions"": 500000}",2026-08-12T06:29:38Z
exp2_scaling,synthetic,batched_lock,4,measured,21,166,0.022931,831537362.1859641,831537362.1859643,0.000000,"{""user_lock_acquisitions"": 500}",2026-08-12T06:29:38Z
exp2_scaling,synthetic,fp_sum_genexpr,4,measured,25,167,0.020963,831537362.1859643,831537362.1859643,0.000000,"{""user_lock_acquisitions"": 0}",2026-08-12T06:29:38Z
exp2_scaling,synthetic,coarse_lock,4,measured,13,168,0.020222,831537362.1859667,831537362.1859643,0.000000,"{""user_lock_acquisitions"": 4}",2026-08-12T06:29:38Z
exp2_scaling,synthetic,coarse_lock,4,measured,8,169,0.019838,831537362.1859667,831537362.1859643,0.000000,"{""user_lock_acquisitions"": 4}",2026-08-12T06:29:38Z
exp2_scaling,synthetic,fp_sum_genexpr,4,measured,15,170,0.021222,831537362.1859643,831537362.1859643,0.000000,"{""user_lock_acquisitions"": 0}",2026-08-12T06:29:38Z
exp2_scaling,synthetic,fine_lock,4,measured,11,171,0.208638,831537362.1859747,831537362.1859643,0.000000,"{""user_lock_acquisitions"": 500000}",2026-08-12T06:29:38Z
exp2_scaling,synthetic,coarse_lock,4,measured,24,172,0.019570,831537362.1859666,831537362.1859643,0.000000,"{""user_lock_acquisitions"": 4}",2026-08-12T06:29:38Z
exp2_scaling,synthetic,no_lock,4,measured,23,173,0.140273,272700734.26520354,831537362.1859643,67.205234,"{""user_lock_acquisitions"": 0}",2026-08-12T06:29:38Z
exp2_scaling,synthetic,fp_reduce,4,measured,13,174,0.019189,831537362.1859667,831537362.1859643,0.000000,"{""user_lock_acquisitions"": 0}",2026-08-12T06:29:38Z
exp2_scaling,synthetic,queue_agg,4,measured,5,175,0.018962,831537362.1859667,831537362.1859643,0.000000,"{""user_lock_acquisitions"": 0}",2026-08-12T06:29:38Z
exp2_scaling,synthetic,fp_reduce,4,measured,10,176,0.019572,831537362.1859667,831537362.1859643,0.000000,"{""user_lock_acquisitions"": 0}",2026-08-12T06:29:38Z
exp2_scaling,synthetic,fine_lock,4,measured,2,177,0.207316,831537362.1859714,831537362.1859643,0.000000,"{""user_lock_acquisitions"": 500000}",2026-08-12T06:29:39Z
exp2_scaling,synthetic,imp_threadlocal,4,measured,25,178,0.019892,831537362.1859667,831537362.1859643,0.000000,"{""user_lock_acquisitions"": 0}",2026-08-12T06:29:39Z
exp2_scaling,synthetic,fine_lock,4,measured,17,179,0.201777,831537362.1859807,831537362.1859643,0.000000,"{""user_lock_acquisitions"": 500000}",2026-08-12T06:29:39Z
exp2_scaling,synthetic,no_lock,4,measured,2,180,0.146950,270544265.5478268,831537362.1859643,67.464569,"{""user_lock_acquisitions"": 0}",2026-08-12T06:29:39Z
exp2_scaling,synthetic,queue_agg,4,measured,21,181,0.019251,831537362.1859666,831537362.1859643,0.000000,"{""user_lock_acquisitions"": 0}",2026-08-12T06:29:39Z
exp2_scaling,synthetic,batched_lock,4,measured,18,182,0.022546,831537362.185964,831537362.1859643,0.000000,"{""user_lock_acquisitions"": 500}",2026-08-12T06:29:39Z
exp2_scaling,synthetic,fp_reduce,4,measured,25,183,0.019014,831537362.1859667,831537362.1859643,0.000000,"{""user_lock_acquisitions"": 0}",2026-08-12T06:29:39Z
exp2_scaling,synthetic,fine_lock,4,measured,20,184,0.205542,831537362.1859705,831537362.1859643,0.000000,"{""user_lock_acquisitions"": 500000}",2026-08-12T06:29:39Z
exp2_scaling,synthetic,fp_sum_genexpr,4,measured,14,185,0.020859,831537362.1859643,831537362.1859643,0.000000,"{""user_lock_acquisitions"": 0}",2026-08-12T06:29:39Z
exp2_scaling,synthetic,queue_agg,4,measured,25,186,0.019536,831537362.1859667,831537362.1859643,0.000000,"{""user_lock_acquisitions"": 0}",2026-08-12T06:29:39Z
exp2_scaling,synthetic,fine_lock,4,measured,7,187,0.196906,831537362.1859713,831537362.1859643,0.000000,"{""user_lock_acquisitions"": 500000}",2026-08-12T06:29:40Z
exp2_scaling,synthetic,fine_lock,4,measured,6,188,0.194760,831537362.1859636,831537362.1859643,0.000000,"{""user_lock_acquisitions"": 500000}",2026-08-12T06:29:40Z
exp2_scaling,synthetic,fine_lock,4,measured,28,189,0.181694,831537362.185966,831537362.1859643,0.000000,"{""user_lock_acquisitions"": 500000}",2026-08-12T06:29:40Z
exp2_scaling,synthetic,no_lock,4,measured,17,190,0.137705,282646088.4645036,831537362.1859643,66.009214,"{""user_lock_acquisitions"": 0}",2026-08-12T06:29:40Z
exp2_scaling,synthetic,fp_reduce,4,measured,17,191,0.019686,831537362.1859667,831537362.1859643,0.000000,"{""user_lock_acquisitions"": 0}",2026-08-12T06:29:40Z
exp2_scaling,synthetic,queue_agg,4,measured,8,192,0.019286,831537362.1859666,831537362.1859643,0.000000,"{""user_lock_acquisitions"": 0}",2026-08-12T06:29:40Z
exp2_scaling,synthetic,fp_sum_genexpr,4,measured,10,193,0.021467,831537362.1859643,831537362.1859643,0.000000,"{""user_lock_acquisitions"": 0}",2026-08-12T06:29:40Z
exp2_scaling,synthetic,fp_sum_genexpr,4,measured,6,194,0.030954,831537362.1859643,831537362.1859643,0.000000,"{""user_lock_acquisitions"": 0}",2026-08-12T06:29:40Z
exp2_scaling,synthetic,fp_reduce,4,measured,23,195,0.019553,831537362.1859667,831537362.1859643,0.000000,"{""user_lock_acquisitions"": 0}",2026-08-12T06:29:40Z
exp2_scaling,synthetic,fine_lock,4,measured,21,196,0.201745,831537362.1859763,831537362.1859643,0.000000,"{""user_lock_acquisitions"": 500000}",2026-08-12T06:29:40Z
exp2_scaling,synthetic,batched_lock,4,measured,17,197,0.023416,831537362.1859639,831537362.1859643,0.000000,"{""user_lock_acquisitions"": 500}",2026-08-12T06:29:40Z
exp2_scaling,synthetic,batched_lock,4,measured,20,198,0.022376,831537362.185964,831537362.1859643,0.000000,"{""user_lock_acquisitions"": 500}",2026-08-12T06:29:40Z
exp2_scaling,synthetic,no_lock,4,measured,29,199,0.143683,283395216.7096437,831537362.1859643,65.919124,"{""user_lock_acquisitions"": 0}",2026-08-12T06:29:41Z
exp2_scaling,synthetic,no_lock,4,measured,7,200,0.150118,283848838.48033214,831537362.1859643,65.864572,"{""user_lock_acquisitions"": 0}",2026-08-12T06:29:41Z
exp2_scaling,synthetic,batched_lock,4,measured,24,201,0.022631,831537362.185964,831537362.1859643,0.000000,"{""user_lock_acquisitions"": 500}",2026-08-12T06:29:41Z
exp2_scaling,synthetic,coarse_lock,4,measured,26,202,0.019418,831537362.1859667,831537362.1859643,0.000000,"{""user_lock_acquisitions"": 4}",2026-08-12T06:29:41Z
exp2_scaling,synthetic,imp_threadlocal,4,measured,5,203,0.018698,831537362.1859667,831537362.1859643,0.000000,"{""user_lock_acquisitions"": 0}",2026-08-12T06:29:41Z
exp2_scaling,synthetic,fp_reduce,4,measured,2,204,0.019603,831537362.1859667,831537362.1859643,0.000000,"{""user_lock_acquisitions"": 0}",2026-08-12T06:29:41Z
exp2_scaling,synthetic,coarse_lock,4,measured,19,205,0.020502,831537362.1859667,831537362.1859643,0.000000,"{""user_lock_acquisitions"": 4}",2026-08-12T06:29:41Z
exp2_scaling,synthetic,coarse_lock,4,measured,16,206,0.019278,831537362.1859667,831537362.1859643,0.000000,"{""user_lock_acquisitions"": 4}",2026-08-12T06:29:41Z
exp2_scaling,synthetic,fine_lock,4,measured,16,207,0.203960,831537362.1859744,831537362.1859643,0.000000,"{""user_lock_acquisitions"": 500000}",2026-08-12T06:29:41Z
exp2_scaling,synthetic,batched_lock,4,measured,13,208,0.022784,831537362.185964,831537362.1859643,0.000000,"{""user_lock_acquisitions"": 500}",2026-08-12T06:29:41Z
exp2_scaling,synthetic,fine_lock,4,measured,24,209,0.199199,831537362.1859845,831537362.1859643,0.000000,"{""user_lock_acquisitions"": 500000}",2026-08-12T06:29:41Z
exp2_scaling,synthetic,batched_lock,4,measured,12,210,0.022766,831537362.1859642,831537362.1859643,0.000000,"{""user_lock_acquisitions"": 500}",2026-08-12T06:29:41Z
exp2_scaling,synthetic,fp_sum_genexpr,4,measured,13,211,0.021271,831537362.1859643,831537362.1859643,0.000000,"{""user_lock_acquisitions"": 0}",2026-08-12T06:29:41Z
exp2_scaling,synthetic,batched_lock,4,measured,22,212,0.022043,831537362.185964,831537362.1859643,0.000000,"{""user_lock_acquisitions"": 500}",2026-08-12T06:29:41Z
exp2_scaling,synthetic,fp_reduce,4,measured,16,213,0.019879,831537362.1859667,831537362.1859643,0.000000,"{""user_lock_acquisitions"": 0}",2026-08-12T06:29:41Z
exp2_scaling,synthetic,no_lock,4,measured,24,214,0.157360,277838239.1436922,831537362.1859643,66.587402,"{""user_lock_acquisitions"": 0}",2026-08-12T06:29:41Z
exp2_scaling,synthetic,coarse_lock,4,measured,9,215,0.019313,831537362.1859666,831537362.1859643,0.000000,"{""user_lock_acquisitions"": 4}",2026-08-12T06:29:41Z
exp2_scaling,synthetic,coarse_lock,4,measured,3,216,0.019482,831537362.1859667,831537362.1859643,0.000000,"{""user_lock_acquisitions"": 4}",2026-08-12T06:29:42Z
exp2_scaling,synthetic,fp_reduce,4,measured,14,217,0.019775,831537362.1859667,831537362.1859643,0.000000,"{""user_lock_acquisitions"": 0}",2026-08-12T06:29:42Z
exp2_scaling,synthetic,fp_reduce,4,measured,7,218,0.020232,831537362.1859667,831537362.1859643,0.000000,"{""user_lock_acquisitions"": 0}",2026-08-12T06:29:42Z
exp2_scaling,synthetic,fine_lock,4,measured,8,219,0.212304,831537362.1859757,831537362.1859643,0.000000,"{""user_lock_acquisitions"": 500000}",2026-08-12T06:29:42Z
exp2_scaling,synthetic,coarse_lock,4,measured,18,220,0.019826,831537362.1859667,831537362.1859643,0.000000,"{""user_lock_acquisitions"": 4}",2026-08-12T06:29:42Z
exp2_scaling,synthetic,imp_threadlocal,4,measured,11,221,0.019225,831537362.1859667,831537362.1859643,0.000000,"{""user_lock_acquisitions"": 0}",2026-08-12T06:29:42Z
exp2_scaling,synthetic,fp_reduce,4,measured,26,222,0.019649,831537362.1859667,831537362.1859643,0.000000,"{""user_lock_acquisitions"": 0}",2026-08-12T06:29:42Z
exp2_scaling,synthetic,no_lock,4,measured,28,223,0.141194,265120021.6964141,831537362.1859643,68.116884,"{""user_lock_acquisitions"": 0}",2026-08-12T06:29:42Z
exp2_scaling,synthetic,fp_reduce,4,measured,20,224,0.019645,831537362.1859667,831537362.1859643,0.000000,"{""user_lock_acquisitions"": 0}",2026-08-12T06:29:42Z
exp2_scaling,synthetic,imp_threadlocal,4,measured,7,225,0.018926,831537362.1859667,831537362.1859643,0.000000,"{""user_lock_acquisitions"": 0}",2026-08-12T06:29:42Z
exp2_scaling,synthetic,queue_agg,4,measured,23,226,0.019384,831537362.1859667,831537362.1859643,0.000000,"{""user_lock_acquisitions"": 0}",2026-08-12T06:29:42Z
exp2_scaling,synthetic,queue_agg,4,measured,1,227,0.019649,831537362.1859667,831537362.1859643,0.000000,"{""user_lock_acquisitions"": 0}",2026-08-12T06:29:42Z
exp2_scaling,synthetic,imp_threadlocal,4,measured,13,228,0.019802,831537362.1859667,831537362.1859643,0.000000,"{""user_lock_acquisitions"": 0}",2026-08-12T06:29:42Z
exp2_scaling,synthetic,imp_threadlocal,4,measured,2,229,0.019326,831537362.1859667,831537362.1859643,0.000000,"{""user_lock_acquisitions"": 0}",2026-08-12T06:29:42Z
exp2_scaling,synthetic,no_lock,4,measured,21,230,0.145683,280805454.13724977,831537362.1859643,66.230567,"{""user_lock_acquisitions"": 0}",2026-08-12T06:29:42Z
exp2_scaling,synthetic,imp_threadlocal,4,measured,14,231,0.019827,831537362.1859667,831537362.1859643,0.000000,"{""user_lock_acquisitions"": 0}",2026-08-12T06:29:42Z
exp2_scaling,synthetic,fp_reduce,4,measured,29,232,0.019644,831537362.1859667,831537362.1859643,0.000000,"{""user_lock_acquisitions"": 0}",2026-08-12T06:29:42Z
exp2_scaling,synthetic,no_lock,4,measured,20,233,0.145678,272167410.2974024,831537362.1859643,67.269371,"{""user_lock_acquisitions"": 0}",2026-08-12T06:29:42Z
exp2_scaling,synthetic,fp_sum_genexpr,4,measured,7,234,0.021028,831537362.1859643,831537362.1859643,0.000000,"{""user_lock_acquisitions"": 0}",2026-08-12T06:29:42Z
exp2_scaling,synthetic,imp_threadlocal,4,measured,10,235,0.019954,831537362.1859667,831537362.1859643,0.000000,"{""user_lock_acquisitions"": 0}",2026-08-12T06:29:42Z
exp2_scaling,synthetic,fp_reduce,4,measured,15,236,0.019366,831537362.1859667,831537362.1859643,0.000000,"{""user_lock_acquisitions"": 0}",2026-08-12T06:29:42Z
exp2_scaling,synthetic,queue_agg,4,measured,10,237,0.019558,831537362.1859666,831537362.1859643,0.000000,"{""user_lock_acquisitions"": 0}",2026-08-12T06:29:42Z
exp2_scaling,synthetic,batched_lock,4,measured,11,238,0.022806,831537362.1859643,831537362.1859643,0.000000,"{""user_lock_acquisitions"": 500}",2026-08-12T06:29:43Z
exp2_scaling,synthetic,fp_reduce,4,measured,21,239,0.019666,831537362.1859667,831537362.1859643,0.000000,"{""user_lock_acquisitions"": 0}",2026-08-12T06:29:43Z
exp2_scaling,synthetic,fine_lock,4,measured,10,240,0.208360,831537362.1859709,831537362.1859643,0.000000,"{""user_lock_acquisitions"": 500000}",2026-08-12T06:29:43Z
exp2_scaling,synthetic,imp_threadlocal,4,measured,26,241,0.019652,831537362.1859667,831537362.1859643,0.000000,"{""user_lock_acquisitions"": 0}",2026-08-12T06:29:43Z
exp2_scaling,synthetic,imp_threadlocal,4,measured,9,242,0.019172,831537362.1859667,831537362.1859643,0.000000,"{""user_lock_acquisitions"": 0}",2026-08-12T06:29:43Z
exp2_scaling,synthetic,fp_sum_genexpr,4,measured,27,243,0.021650,831537362.1859643,831537362.1859643,0.000000,"{""user_lock_acquisitions"": 0}",2026-08-12T06:29:43Z
exp2_scaling,synthetic,fine_lock,4,measured,15,244,0.200035,831537362.1859702,831537362.1859643,0.000000,"{""user_lock_acquisitions"": 500000}",2026-08-12T06:29:43Z
exp2_scaling,synthetic,queue_agg,4,measured,9,245,0.019920,831537362.1859667,831537362.1859643,0.000000,"{""user_lock_acquisitions"": 0}",2026-08-12T06:29:43Z
exp2_scaling,synthetic,fp_sum_genexpr,4,measured,2,246,0.020665,831537362.1859643,831537362.1859643,0.000000,"{""user_lock_acquisitions"": 0}",2026-08-12T06:29:43Z
exp2_scaling,synthetic,coarse_lock,4,measured,20,247,0.019584,831537362.1859667,831537362.1859643,0.000000,"{""user_lock_acquisitions"": 4}",2026-08-12T06:29:43Z
exp2_scaling,synthetic,no_lock,4,measured,25,248,0.146228,293565839.37880254,831537362.1859643,64.696013,"{""user_lock_acquisitions"": 0}",2026-08-12T06:29:43Z
exp2_scaling,synthetic,fp_sum_genexpr,4,measured,16,249,0.021184,831537362.1859643,831537362.1859643,0.000000,"{""user_lock_acquisitions"": 0}",2026-08-12T06:29:43Z
exp2_scaling,synthetic,coarse_lock,4,measured,22,250,0.019188,831537362.1859666,831537362.1859643,0.000000,"{""user_lock_acquisitions"": 4}",2026-08-12T06:29:43Z
exp2_scaling,synthetic,coarse_lock,4,measured,10,251,0.019663,831537362.1859667,831537362.1859643,0.000000,"{""user_lock_acquisitions"": 4}",2026-08-12T06:29:43Z
exp2_scaling,synthetic,fine_lock,4,measured,0,252,0.205124,831537362.185974,831537362.1859643,0.000000,"{""user_lock_acquisitions"": 500000}",2026-08-12T06:29:43Z
exp2_scaling,synthetic,queue_agg,4,measured,20,253,0.019399,831537362.1859667,831537362.1859643,0.000000,"{""user_lock_acquisitions"": 0}",2026-08-12T06:29:44Z
exp2_scaling,synthetic,fp_sum_genexpr,4,measured,9,254,0.020709,831537362.1859643,831537362.1859643,0.000000,"{""user_lock_acquisitions"": 0}",2026-08-12T06:29:44Z
exp2_scaling,synthetic,no_lock,4,measured,26,255,0.142367,267128862.73321176,831537362.1859643,67.875302,"{""user_lock_acquisitions"": 0}",2026-08-12T06:29:44Z
exp2_scaling,synthetic,imp_threadlocal,4,measured,3,256,0.019582,831537362.1859667,831537362.1859643,0.000000,"{""user_lock_acquisitions"": 0}",2026-08-12T06:29:44Z
exp2_scaling,synthetic,batched_lock,4,measured,3,257,0.022670,831537362.1859642,831537362.1859643,0.000000,"{""user_lock_acquisitions"": 500}",2026-08-12T06:29:44Z
exp2_scaling,synthetic,batched_lock,4,measured,23,258,0.022320,831537362.1859641,831537362.1859643,0.000000,"{""user_lock_acquisitions"": 500}",2026-08-12T06:29:44Z
exp2_scaling,synthetic,coarse_lock,4,measured,0,259,0.018821,831537362.1859667,831537362.1859643,0.000000,"{""user_lock_acquisitions"": 4}",2026-08-12T06:29:44Z
exp2_scaling,synthetic,fp_reduce,4,measured,24,260,0.019478,831537362.1859667,831537362.1859643,0.000000,"{""user_lock_acquisitions"": 0}",2026-08-12T06:29:44Z
exp2_scaling,synthetic,no_lock,4,measured,11,261,0.143037,280888655.7101904,831537362.1859643,66.220561,"{""user_lock_acquisitions"": 0}",2026-08-12T06:29:44Z
exp2_scaling,synthetic,queue_agg,4,measured,12,262,0.019745,831537362.1859666,831537362.1859643,0.000000,"{""user_lock_acquisitions"": 0}",2026-08-12T06:29:44Z
exp2_scaling,synthetic,no_lock,4,measured,27,263,0.144423,278683589.44589955,831537362.1859643,66.485740,"{""user_lock_acquisitions"": 0}",2026-08-12T06:29:44Z
exp2_scaling,synthetic,queue_agg,6,warmup,1,0,0.014406,831537362.1859671,831537362.1859643,0.000000,"{""user_lock_acquisitions"": 0}",2026-08-12T06:29:44Z
exp2_scaling,synthetic,no_lock,6,warmup,1,1,0.181568,221070698.79935178,831537362.1859643,73.414219,"{""user_lock_acquisitions"": 0}",2026-08-12T06:29:44Z
exp2_scaling,synthetic,batched_lock,6,warmup,0,2,0.016466,831537362.1859645,831537362.1859643,0.000000,"{""user_lock_acquisitions"": 504}",2026-08-12T06:29:44Z
exp2_scaling,synthetic,coarse_lock,6,warmup,0,3,0.014448,831537362.1859671,831537362.1859643,0.000000,"{""user_lock_acquisitions"": 6}",2026-08-12T06:29:44Z
exp2_scaling,synthetic,queue_agg,6,warmup,0,4,0.014089,831537362.1859671,831537362.1859643,0.000000,"{""user_lock_acquisitions"": 0}",2026-08-12T06:29:44Z
exp2_scaling,synthetic,batched_lock,6,warmup,2,5,0.016847,831537362.1859646,831537362.1859643,0.000000,"{""user_lock_acquisitions"": 504}",2026-08-12T06:29:44Z
exp2_scaling,synthetic,coarse_lock,6,warmup,1,6,0.014993,831537362.1859671,831537362.1859643,0.000000,"{""user_lock_acquisitions"": 6}",2026-08-12T06:29:44Z
exp2_scaling,synthetic,fp_sum_genexpr,6,warmup,2,7,0.015407,831537362.1859645,831537362.1859643,0.000000,"{""user_lock_acquisitions"": 0}",2026-08-12T06:29:44Z
exp2_scaling,synthetic,fp_sum_genexpr,6,warmup,1,8,0.015529,831537362.1859645,831537362.1859643,0.000000,"{""user_lock_acquisitions"": 0}",2026-08-12T06:29:44Z
exp2_scaling,synthetic,fine_lock,6,warmup,1,9,0.248474,831537362.1859399,831537362.1859643,0.000000,"{""user_lock_acquisitions"": 500000}",2026-08-12T06:29:45Z
exp2_scaling,synthetic,queue_agg,6,warmup,2,10,0.014062,831537362.1859671,831537362.1859643,0.000000,"{""user_lock_acquisitions"": 0}",2026-08-12T06:29:45Z
exp2_scaling,synthetic,batched_lock,6,warmup,1,11,0.015636,831537362.1859645,831537362.1859643,0.000000,"{""user_lock_acquisitions"": 504}",2026-08-12T06:29:45Z
exp2_scaling,synthetic,no_lock,6,warmup,2,12,0.189030,229773430.33012372,831537362.1859643,72.367636,"{""user_lock_acquisitions"": 0}",2026-08-12T06:29:45Z
exp2_scaling,synthetic,coarse_lock,6,warmup,2,13,0.014434,831537362.1859671,831537362.1859643,0.000000,"{""user_lock_acquisitions"": 6}",2026-08-12T06:29:45Z
exp2_scaling,synthetic,no_lock,6,warmup,0,14,0.179837,209977664.05476546,831537362.1859643,74.748259,"{""user_lock_acquisitions"": 0}",2026-08-12T06:29:45Z
exp2_scaling,synthetic,fp_reduce,6,warmup,0,15,0.014127,831537362.1859671,831537362.1859643,0.000000,"{""user_lock_acquisitions"": 0}",2026-08-12T06:29:45Z
exp2_scaling,synthetic,fp_reduce,6,warmup,2,16,0.014667,831537362.1859671,831537362.1859643,0.000000,"{""user_lock_acquisitions"": 0}",2026-08-12T06:29:45Z
exp2_scaling,synthetic,fp_reduce,6,warmup,1,17,0.013675,831537362.1859671,831537362.1859643,0.000000,"{""user_lock_acquisitions"": 0}",2026-08-12T06:29:45Z
exp2_scaling,synthetic,imp_threadlocal,6,warmup,0,18,0.014288,831537362.1859671,831537362.1859643,0.000000,"{""user_lock_acquisitions"": 0}",2026-08-12T06:29:45Z
exp2_scaling,synthetic,imp_threadlocal,6,warmup,1,19,0.014373,831537362.1859671,831537362.1859643,0.000000,"{""user_lock_acquisitions"": 0}",2026-08-12T06:29:45Z
exp2_scaling,synthetic,fine_lock,6,warmup,2,20,0.248617,831537362.1859331,831537362.1859643,0.000000,"{""user_lock_acquisitions"": 500000}",2026-08-12T06:29:45Z
exp2_scaling,synthetic,fine_lock,6,warmup,0,21,0.262234,831537362.1859391,831537362.1859643,0.000000,"{""user_lock_acquisitions"": 500000}",2026-08-12T06:29:46Z
exp2_scaling,synthetic,imp_threadlocal,6,warmup,2,22,0.014462,831537362.1859671,831537362.1859643,0.000000,"{""user_lock_acquisitions"": 0}",2026-08-12T06:29:46Z
exp2_scaling,synthetic,fp_sum_genexpr,6,warmup,0,23,0.013972,831537362.1859645,831537362.1859643,0.000000,"{""user_lock_acquisitions"": 0}",2026-08-12T06:29:46Z
exp2_scaling,synthetic,imp_threadlocal,6,measured,27,24,0.014717,831537362.1859671,831537362.1859643,0.000000,"{""user_lock_acquisitions"": 0}",2026-08-12T06:29:46Z
exp2_scaling,synthetic,coarse_lock,6,measured,11,25,0.013517,831537362.1859671,831537362.1859643,0.000000,"{""user_lock_acquisitions"": 6}",2026-08-12T06:29:46Z
exp2_scaling,synthetic,fine_lock,6,measured,10,26,0.270715,831537362.1859381,831537362.1859643,0.000000,"{""user_lock_acquisitions"": 500000}",2026-08-12T06:29:46Z
exp2_scaling,synthetic,fp_sum_genexpr,6,measured,16,27,0.015369,831537362.1859645,831537362.1859643,0.000000,"{""user_lock_acquisitions"": 0}",2026-08-12T06:29:46Z
exp2_scaling,synthetic,queue_agg,6,measured,19,28,0.014259,831537362.1859671,831537362.1859643,0.000000,"{""user_lock_acquisitions"": 0}",2026-08-12T06:29:46Z
exp2_scaling,synthetic,fp_sum_genexpr,6,measured,24,29,0.014901,831537362.1859645,831537362.1859643,0.000000,"{""user_lock_acquisitions"": 0}",2026-08-12T06:29:46Z
exp2_scaling,synthetic,imp_threadlocal,6,measured,18,30,0.013829,831537362.1859671,831537362.1859643,0.000000,"{""user_lock_acquisitions"": 0}",2026-08-12T06:29:46Z
exp2_scaling,synthetic,fp_sum_genexpr,6,measured,22,31,0.014847,831537362.1859645,831537362.1859643,0.000000,"{""user_lock_acquisitions"": 0}",2026-08-12T06:29:46Z
exp2_scaling,synthetic,fp_sum_genexpr,6,measured,25,32,0.015055,831537362.1859645,831537362.1859643,0.000000,"{""user_lock_acquisitions"": 0}",2026-08-12T06:29:46Z
exp2_scaling,synthetic,coarse_lock,6,measured,19,33,0.013965,831537362.1859671,831537362.1859643,0.000000,"{""user_lock_acquisitions"": 6}",2026-08-12T06:29:46Z
exp2_scaling,synthetic,fine_lock,6,measured,3,34,0.251133,831537362.185936,831537362.1859643,0.000000,"{""user_lock_acquisitions"": 500000}",2026-08-12T06:29:46Z
exp2_scaling,synthetic,batched_lock,6,measured,3,35,0.016153,831537362.1859643,831537362.1859643,0.000000,"{""user_lock_acquisitions"": 504}",2026-08-12T06:29:46Z
exp2_scaling,synthetic,no_lock,6,measured,25,36,0.177306,214040977.41803616,831537362.1859643,74.259608,"{""user_lock_acquisitions"": 0}",2026-08-12T06:29:47Z
exp2_scaling,synthetic,fp_sum_genexpr,6,measured,21,37,0.015368,831537362.1859645,831537362.1859643,0.000000,"{""user_lock_acquisitions"": 0}",2026-08-12T06:29:47Z
exp2_scaling,synthetic,queue_agg,6,measured,9,38,0.013983,831537362.1859671,831537362.1859643,0.000000,"{""user_lock_acquisitions"": 0}",2026-08-12T06:29:47Z
exp2_scaling,synthetic,batched_lock,6,measured,1,39,0.015890,831537362.1859645,831537362.1859643,0.000000,"{""user_lock_acquisitions"": 504}",2026-08-12T06:29:47Z
exp2_scaling,synthetic,coarse_lock,6,measured,2,40,0.013422,831537362.1859671,831537362.1859643,0.000000,"{""user_lock_acquisitions"": 6}",2026-08-12T06:29:47Z
exp2_scaling,synthetic,queue_agg,6,measured,17,41,0.013908,831537362.1859671,831537362.1859643,0.000000,"{""user_lock_acquisitions"": 0}",2026-08-12T06:29:47Z
exp2_scaling,synthetic,queue_agg,6,measured,6,42,0.014553,831537362.1859671,831537362.1859643,0.000000,"{""user_lock_acquisitions"": 0}",2026-08-12T06:29:47Z
exp2_scaling,synthetic,imp_threadlocal,6,measured,21,43,0.014573,831537362.1859671,831537362.1859643,0.000000,"{""user_lock_acquisitions"": 0}",2026-08-12T06:29:47Z
exp2_scaling,synthetic,imp_threadlocal,6,measured,24,44,0.014579,831537362.1859671,831537362.1859643,0.000000,"{""user_lock_acquisitions"": 0}",2026-08-12T06:29:47Z
exp2_scaling,synthetic,no_lock,6,measured,6,45,0.186494,223096016.99376172,831537362.1859643,73.170656,"{""user_lock_acquisitions"": 0}",2026-08-12T06:29:47Z
exp2_scaling,synthetic,fp_sum_genexpr,6,measured,15,46,0.014981,831537362.1859645,831537362.1859643,0.000000,"{""user_lock_acquisitions"": 0}",2026-08-12T06:29:47Z
exp2_scaling,synthetic,coarse_lock,6,measured,21,47,0.014285,831537362.1859671,831537362.1859643,0.000000,"{""user_lock_acquisitions"": 6}",2026-08-12T06:29:47Z
exp2_scaling,synthetic,coarse_lock,6,measured,17,48,0.013703,831537362.1859671,831537362.1859643,0.000000,"{""user_lock_acquisitions"": 6}",2026-08-12T06:29:47Z
exp2_scaling,synthetic,batched_lock,6,measured,24,49,0.015283,831537362.1859645,831537362.1859643,0.000000,"{""user_lock_acquisitions"": 504}",2026-08-12T06:29:47Z
exp2_scaling,synthetic,batched_lock,6,measured,6,50,0.015969,831537362.1859642,831537362.1859643,0.000000,"{""user_lock_acquisitions"": 504}",2026-08-12T06:29:47Z
exp2_scaling,synthetic,queue_agg,6,measured,20,51,0.013782,831537362.1859671,831537362.1859643,0.000000,"{""user_lock_acquisitions"": 0}",2026-08-12T06:29:47Z
exp2_scaling,synthetic,batched_lock,6,measured,4,52,0.015747,831537362.1859645,831537362.1859643,0.000000,"{""user_lock_acquisitions"": 504}",2026-08-12T06:29:47Z
exp2_scaling,synthetic,batched_lock,6,measured,2,53,0.015892,831537362.1859642,831537362.1859643,0.000000,"{""user_lock_acquisitions"": 504}",2026-08-12T06:29:47Z
exp2_scaling,synthetic,no_lock,6,measured,15,54,0.197747,224410835.37042806,831537362.1859643,73.012537,"{""user_lock_acquisitions"": 0}",2026-08-12T06:29:47Z
exp2_scaling,synthetic,fp_sum_genexpr,6,measured,12,55,0.015145,831537362.1859645,831537362.1859643,0.000000,"{""user_lock_acquisitions"": 0}",2026-08-12T06:29:47Z
exp2_scaling,synthetic,queue_agg,6,measured,0,56,0.014214,831537362.1859671,831537362.1859643,0.000000,"{""user_lock_acquisitions"": 0}",2026-08-12T06:29:47Z
exp2_scaling,synthetic,queue_agg,6,measured,11,57,0.013662,831537362.1859671,831537362.1859643,0.000000,"{""user_lock_acquisitions"": 0}",2026-08-12T06:29:47Z
exp2_scaling,synthetic,no_lock,6,measured,12,58,0.201882,229044627.86003238,831537362.1859643,72.455281,"{""user_lock_acquisitions"": 0}",2026-08-12T06:29:47Z
exp2_scaling,synthetic,fp_sum_genexpr,6,measured,10,59,0.015410,831537362.1859645,831537362.1859643,0.000000,"{""user_lock_acquisitions"": 0}",2026-08-12T06:29:47Z
exp2_scaling,synthetic,batched_lock,6,measured,16,60,0.015916,831537362.1859641,831537362.1859643,0.000000,"{""user_lock_acquisitions"": 504}",2026-08-12T06:29:47Z
exp2_scaling,synthetic,batched_lock,6,measured,25,61,0.016390,831537362.1859645,831537362.1859643,0.000000,"{""user_lock_acquisitions"": 504}",2026-08-12T06:29:47Z
exp2_scaling,synthetic,fp_sum_genexpr,6,measured,9,62,0.016948,831537362.1859645,831537362.1859643,0.000000,"{""user_lock_acquisitions"": 0}",2026-08-12T06:29:47Z
exp2_scaling,synthetic,batched_lock,6,measured,5,63,0.016257,831537362.1859643,831537362.1859643,0.000000,"{""user_lock_acquisitions"": 504}",2026-08-12T06:29:47Z
exp2_scaling,synthetic,queue_agg,6,measured,14,64,0.013568,831537362.1859671,831537362.1859643,0.000000,"{""user_lock_acquisitions"": 0}",2026-08-12T06:29:47Z
exp2_scaling,synthetic,batched_lock,6,measured,27,65,0.016322,831537362.1859643,831537362.1859643,0.000000,"{""user_lock_acquisitions"": 504}",2026-08-12T06:29:47Z
exp2_scaling,synthetic,fine_lock,6,measured,5,66,0.271861,831537362.1859388,831537362.1859643,0.000000,"{""user_lock_acquisitions"": 500000}",2026-08-12T06:29:48Z
exp2_scaling,synthetic,fp_reduce,6,measured,8,67,0.014646,831537362.1859671,831537362.1859643,0.000000,"{""user_lock_acquisitions"": 0}",2026-08-12T06:29:48Z
exp2_scaling,synthetic,imp_threadlocal,6,measured,14,68,0.014922,831537362.1859671,831537362.1859643,0.000000,"{""user_lock_acquisitions"": 0}",2026-08-12T06:29:48Z
exp2_scaling,synthetic,fp_reduce,6,measured,28,69,0.013910,831537362.1859671,831537362.1859643,0.000000,"{""user_lock_acquisitions"": 0}",2026-08-12T06:29:48Z
exp2_scaling,synthetic,queue_agg,6,measured,3,70,0.014148,831537362.1859671,831537362.1859643,0.000000,"{""user_lock_acquisitions"": 0}",2026-08-12T06:29:48Z
exp2_scaling,synthetic,fine_lock,6,measured,4,71,0.264763,831537362.1859388,831537362.1859643,0.000000,"{""user_lock_acquisitions"": 500000}",2026-08-12T06:29:48Z
exp2_scaling,synthetic,batched_lock,6,measured,9,72,0.017164,831537362.1859643,831537362.1859643,0.000000,"{""user_lock_acquisitions"": 504}",2026-08-12T06:29:48Z
exp2_scaling,synthetic,fp_sum_genexpr,6,measured,1,73,0.014809,831537362.1859645,831537362.1859643,0.000000,"{""user_lock_acquisitions"": 0}",2026-08-12T06:29:48Z
exp2_scaling,synthetic,fp_sum_genexpr,6,measured,28,74,0.014955,831537362.1859645,831537362.1859643,0.000000,"{""user_lock_acquisitions"": 0}",2026-08-12T06:29:48Z
exp2_scaling,synthetic,fp_sum_genexpr,6,measured,3,75,0.014394,831537362.1859645,831537362.1859643,0.000000,"{""user_lock_acquisitions"": 0}",2026-08-12T06:29:48Z
exp2_scaling,synthetic,queue_agg,6,measured,24,76,0.014196,831537362.1859671,831537362.1859643,0.000000,"{""user_lock_acquisitions"": 0}",2026-08-12T06:29:48Z
exp2_scaling,synthetic,fp_reduce,6,measured,24,77,0.014588,831537362.1859671,831537362.1859643,0.000000,"{""user_lock_acquisitions"": 0}",2026-08-12T06:29:48Z
exp2_scaling,synthetic,coarse_lock,6,measured,18,78,0.013716,831537362.1859671,831537362.1859643,0.000000,"{""user_lock_acquisitions"": 6}",2026-08-12T06:29:48Z
exp2_scaling,synthetic,coarse_lock,6,measured,1,79,0.013726,831537362.1859671,831537362.1859643,0.000000,"{""user_lock_acquisitions"": 6}",2026-08-12T06:29:48Z
exp2_scaling,synthetic,queue_agg,6,measured,29,80,0.013935,831537362.1859671,831537362.1859643,0.000000,"{""user_lock_acquisitions"": 0}",2026-08-12T06:29:48Z
exp2_scaling,synthetic,coarse_lock,6,measured,28,81,0.013715,831537362.1859671,831537362.1859643,0.000000,"{""user_lock_acquisitions"": 6}",2026-08-12T06:29:48Z
exp2_scaling,synthetic,no_lock,6,measured,28,82,0.199311,215560244.80474293,831537362.1859643,74.076902,"{""user_lock_acquisitions"": 0}",2026-08-12T06:29:48Z
exp2_scaling,synthetic,queue_agg,6,measured,21,83,0.014372,831537362.1859671,831537362.1859643,0.000000,"{""user_lock_acquisitions"": 0}",2026-08-12T06:29:48Z
exp2_scaling,synthetic,queue_agg,6,measured,22,84,0.013492,831537362.1859671,831537362.1859643,0.000000,"{""user_lock_acquisitions"": 0}",2026-08-12T06:29:48Z
exp2_scaling,synthetic,no_lock,6,measured,2,85,0.171064,236413913.72450292,831537362.1859643,71.569057,"{""user_lock_acquisitions"": 0}",2026-08-12T06:29:49Z
exp2_scaling,synthetic,coarse_lock,6,measured,0,86,0.014529,831537362.1859671,831537362.1859643,0.000000,"{""user_lock_acquisitions"": 6}",2026-08-12T06:29:49Z
exp2_scaling,synthetic,batched_lock,6,measured,18,87,0.016224,831537362.1859645,831537362.1859643,0.000000,"{""user_lock_acquisitions"": 504}",2026-08-12T06:29:49Z
exp2_scaling,synthetic,imp_threadlocal,6,measured,9,88,0.014616,831537362.1859671,831537362.1859643,0.000000,"{""user_lock_acquisitions"": 0}",2026-08-12T06:29:49Z
exp2_scaling,synthetic,no_lock,6,measured,18,89,0.191138,227634902.78894737,831537362.1859643,72.624814,"{""user_lock_acquisitions"": 0}",2026-08-12T06:29:49Z
exp2_scaling,synthetic,no_lock,6,measured,1,90,0.192364,229658027.89266387,831537362.1859643,72.381514,"{""user_lock_acquisitions"": 0}",2026-08-12T06:29:49Z
exp2_scaling,synthetic,fp_sum_genexpr,6,measured,5,91,0.015002,831537362.1859645,831537362.1859643,0.000000,"{""user_lock_acquisitions"": 0}",2026-08-12T06:29:49Z
exp2_scaling,synthetic,fine_lock,6,measured,18,92,0.268346,831537362.1859372,831537362.1859643,0.000000,"{""user_lock_acquisitions"": 500000}",2026-08-12T06:29:49Z
exp2_scaling,synthetic,batched_lock,6,measured,19,93,0.016112,831537362.1859643,831537362.1859643,0.000000,"{""user_lock_acquisitions"": 504}",2026-08-12T06:29:49Z
exp2_scaling,synthetic,fp_reduce,6,measured,25,94,0.014065,831537362.1859671,831537362.1859643,0.000000,"{""user_lock_acquisitions"": 0}",2026-08-12T06:29:49Z
exp2_scaling,synthetic,fine_lock,6,measured,23,95,0.263277,831537362.1859385,831537362.1859643,0.000000,"{""user_lock_acquisitions"": 500000}",2026-08-12T06:29:50Z
exp2_scaling,synthetic,coarse_lock,6,measured,22,96,0.014546,831537362.1859671,831537362.1859643,0.000000,"{""user_lock_acquisitions"": 6}",2026-08-12T06:29:50Z
exp2_scaling,synthetic,batched_lock,6,measured,8,97,0.017052,831537362.1859645,831537362.1859643,0.000000,"{""user_lock_acquisitions"": 504}",2026-08-12T06:29:50Z
exp2_scaling,synthetic,fp_reduce,6,measured,21,98,0.015285,831537362.1859671,831537362.1859643,0.000000,"{""user_lock_acquisitions"": 0}",2026-08-12T06:29:50Z
exp2_scaling,synthetic,fine_lock,6,measured,11,99,0.268577,831537362.1859401,831537362.1859643,0.000000,"{""user_lock_acquisitions"": 500000}",2026-08-12T06:29:50Z
exp2_scaling,synthetic,imp_threadlocal,6,measured,23,100,0.014475,831537362.1859671,831537362.1859643,0.000000,"{""user_lock_acquisitions"": 0}",2026-08-12T06:29:50Z
exp2_scaling,synthetic,imp_threadlocal,6,measured,10,101,0.014817,831537362.1859671,831537362.1859643,0.000000,"{""user_lock_acquisitions"": 0}",2026-08-12T06:29:50Z
exp2_scaling,synthetic,batched_lock,6,measured,28,102,0.016417,831537362.1859645,831537362.1859643,0.000000,"{""user_lock_acquisitions"": 504}",2026-08-12T06:29:50Z
exp2_scaling,synthetic,imp_threadlocal,6,measured,1,103,0.013871,831537362.1859671,831537362.1859643,0.000000,"{""user_lock_acquisitions"": 0}",2026-08-12T06:29:50Z
exp2_scaling,synthetic,fp_reduce,6,measured,17,104,0.013977,831537362.1859671,831537362.1859643,0.000000,"{""user_lock_acquisitions"": 0}",2026-08-12T06:29:50Z
exp2_scaling,synthetic,imp_threadlocal,6,measured,8,105,0.013969,831537362.1859671,831537362.1859643,0.000000,"{""user_lock_acquisitions"": 0}",2026-08-12T06:29:50Z
exp2_scaling,synthetic,batched_lock,6,measured,7,106,0.015848,831537362.1859645,831537362.1859643,0.000000,"{""user_lock_acquisitions"": 504}",2026-08-12T06:29:50Z
exp2_scaling,synthetic,fp_reduce,6,measured,5,107,0.014957,831537362.1859671,831537362.1859643,0.000000,"{""user_lock_acquisitions"": 0}",2026-08-12T06:29:50Z
exp2_scaling,synthetic,coarse_lock,6,measured,7,108,0.014067,831537362.1859671,831537362.1859643,0.000000,"{""user_lock_acquisitions"": 6}",2026-08-12T06:29:50Z
exp2_scaling,synthetic,queue_agg,6,measured,28,109,0.014422,831537362.1859671,831537362.1859643,0.000000,"{""user_lock_acquisitions"": 0}",2026-08-12T06:29:50Z
exp2_scaling,synthetic,coarse_lock,6,measured,6,110,0.014230,831537362.1859671,831537362.1859643,0.000000,"{""user_lock_acquisitions"": 6}",2026-08-12T06:29:50Z
exp2_scaling,synthetic,fp_reduce,6,measured,7,111,0.014087,831537362.1859671,831537362.1859643,0.000000,"{""user_lock_acquisitions"": 0}",2026-08-12T06:29:50Z
exp2_scaling,synthetic,fp_reduce,6,measured,0,112,0.014279,831537362.1859671,831537362.1859643,0.000000,"{""user_lock_acquisitions"": 0}",2026-08-12T06:29:50Z
exp2_scaling,synthetic,imp_threadlocal,6,measured,12,113,0.014928,831537362.1859671,831537362.1859643,0.000000,"{""user_lock_acquisitions"": 0}",2026-08-12T06:29:50Z
exp2_scaling,synthetic,queue_agg,6,measured,4,114,0.013863,831537362.1859671,831537362.1859643,0.000000,"{""user_lock_acquisitions"": 0}",2026-08-12T06:29:50Z
exp2_scaling,synthetic,batched_lock,6,measured,11,115,0.016168,831537362.1859645,831537362.1859643,0.000000,"{""user_lock_acquisitions"": 504}",2026-08-12T06:29:50Z
exp2_scaling,synthetic,fine_lock,6,measured,0,116,0.272059,831537362.1859384,831537362.1859643,0.000000,"{""user_lock_acquisitions"": 500000}",2026-08-12T06:29:50Z
exp2_scaling,synthetic,coarse_lock,6,measured,20,117,0.014044,831537362.1859671,831537362.1859643,0.000000,"{""user_lock_acquisitions"": 6}",2026-08-12T06:29:50Z
exp2_scaling,synthetic,no_lock,6,measured,8,118,0.179172,238436813.06350884,831537362.1859643,71.325785,"{""user_lock_acquisitions"": 0}",2026-08-12T06:29:51Z
exp2_scaling,synthetic,batched_lock,6,measured,13,119,0.016650,831537362.1859646,831537362.1859643,0.000000,"{""user_lock_acquisitions"": 504}",2026-08-12T06:29:51Z
exp2_scaling,synthetic,imp_threadlocal,6,measured,26,120,0.013747,831537362.1859671,831537362.1859643,0.000000,"{""user_lock_acquisitions"": 0}",2026-08-12T06:29:51Z
exp2_scaling,synthetic,queue_agg,6,measured,15,121,0.013312,831537362.1859671,831537362.1859643,0.000000,"{""user_lock_acquisitions"": 0}",2026-08-12T06:29:51Z
exp2_scaling,synthetic,fp_sum_genexpr,6,measured,29,122,0.015280,831537362.1859645,831537362.1859643,0.000000,"{""user_lock_acquisitions"": 0}",2026-08-12T06:29:51Z
exp2_scaling,synthetic,fp_sum_genexpr,6,measured,2,123,0.015164,831537362.1859645,831537362.1859643,0.000000,"{""user_lock_acquisitions"": 0}",2026-08-12T06:29:51Z
exp2_scaling,synthetic,queue_agg,6,measured,12,124,0.014380,831537362.1859671,831537362.1859643,0.000000,"{""user_lock_acquisitions"": 0}",2026-08-12T06:29:51Z
exp2_scaling,synthetic,coarse_lock,6,measured,15,125,0.014287,831537362.1859671,831537362.1859643,0.000000,"{""user_lock_acquisitions"": 6}",2026-08-12T06:29:51Z
exp2_scaling,synthetic,fine_lock,6,measured,29,126,0.267481,831537362.1859363,831537362.1859643,0.000000,"{""user_lock_acquisitions"": 500000}",2026-08-12T06:29:51Z
exp2_scaling,synthetic,imp_threadlocal,6,measured,11,127,0.014755,831537362.1859671,831537362.1859643,0.000000,"{""user_lock_acquisitions"": 0}",2026-08-12T06:29:51Z
exp2_scaling,synthetic,fine_lock,6,measured,12,128,0.267798,831537362.185937,831537362.1859643,0.000000,"{""user_lock_acquisitions"": 500000}",2026-08-12T06:29:51Z
exp2_scaling,synthetic,fp_reduce,6,measured,20,129,0.014538,831537362.1859671,831537362.1859643,0.000000,"{""user_lock_acquisitions"": 0}",2026-08-12T06:29:51Z
exp2_scaling,synthetic,imp_threadlocal,6,measured,17,130,0.013870,831537362.1859671,831537362.1859643,0.000000,"{""user_lock_acquisitions"": 0}",2026-08-12T06:29:51Z
exp2_scaling,synthetic,batched_lock,6,measured,26,131,0.015795,831537362.1859645,831537362.1859643,0.000000,"{""user_lock_acquisitions"": 504}",2026-08-12T06:29:51Z
exp2_scaling,synthetic,coarse_lock,6,measured,16,132,0.013936,831537362.1859671,831537362.1859643,0.000000,"{""user_lock_acquisitions"": 6}",2026-08-12T06:29:51Z
exp2_scaling,synthetic,batched_lock,6,measured,29,133,0.015865,831537362.1859646,831537362.1859643,0.000000,"{""user_lock_acquisitions"": 504}",2026-08-12T06:29:51Z
exp2_scaling,synthetic,queue_agg,6,measured,10,134,0.014345,831537362.1859671,831537362.1859643,0.000000,"{""user_lock_acquisitions"": 0}",2026-08-12T06:29:51Z
exp2_scaling,synthetic,imp_threadlocal,6,measured,29,135,0.014680,831537362.1859671,831537362.1859643,0.000000,"{""user_lock_acquisitions"": 0}",2026-08-12T06:29:51Z
exp2_scaling,synthetic,coarse_lock,6,measured,23,136,0.014547,831537362.1859671,831537362.1859643,0.000000,"{""user_lock_acquisitions"": 6}",2026-08-12T06:29:51Z
exp2_scaling,synthetic,batched_lock,6,measured,22,137,0.016425,831537362.1859643,831537362.1859643,0.000000,"{""user_lock_acquisitions"": 504}",2026-08-12T06:29:51Z
exp2_scaling,synthetic,no_lock,6,measured,27,138,0.190426,224594248.3512446,831537362.1859643,72.990480,"{""user_lock_acquisitions"": 0}",2026-08-12T06:29:52Z
exp2_scaling,synthetic,fp_reduce,6,measured,6,139,0.014446,831537362.1859671,831537362.1859643,0.000000,"{""user_lock_acquisitions"": 0}",2026-08-12T06:29:52Z
exp2_scaling,synthetic,queue_agg,6,measured,7,140,0.013616,831537362.1859671,831537362.1859643,0.000000,"{""user_lock_acquisitions"": 0}",2026-08-12T06:29:52Z
exp2_scaling,synthetic,fp_reduce,6,measured,13,141,0.014361,831537362.1859671,831537362.1859643,0.000000,"{""user_lock_acquisitions"": 0}",2026-08-12T06:29:52Z
exp2_scaling,synthetic,no_lock,6,measured,26,142,0.190891,213602293.604955,831537362.1859643,74.312364,"{""user_lock_acquisitions"": 0}",2026-08-12T06:29:52Z
exp2_scaling,synthetic,fp_sum_genexpr,6,measured,23,143,0.021110,831537362.1859645,831537362.1859643,0.000000,"{""user_lock_acquisitions"": 0}",2026-08-12T06:29:52Z
exp2_scaling,synthetic,fp_reduce,6,measured,9,144,0.013950,831537362.1859671,831537362.1859643,0.000000,"{""user_lock_acquisitions"": 0}",2026-08-12T06:29:52Z
exp2_scaling,synthetic,coarse_lock,6,measured,3,145,0.013335,831537362.1859671,831537362.1859643,0.000000,"{""user_lock_acquisitions"": 6}",2026-08-12T06:29:52Z
exp2_scaling,synthetic,fp_reduce,6,measured,3,146,0.014364,831537362.1859671,831537362.1859643,0.000000,"{""user_lock_acquisitions"": 0}",2026-08-12T06:29:52Z
exp2_scaling,synthetic,imp_threadlocal,6,measured,3,147,0.013851,831537362.1859671,831537362.1859643,0.000000,"{""user_lock_acquisitions"": 0}",2026-08-12T06:29:52Z
exp2_scaling,synthetic,coarse_lock,6,measured,27,148,0.014169,831537362.1859671,831537362.1859643,0.000000,"{""user_lock_acquisitions"": 6}",2026-08-12T06:29:52Z
exp2_scaling,synthetic,fp_sum_genexpr,6,measured,20,149,0.015637,831537362.1859645,831537362.1859643,0.000000,"{""user_lock_acquisitions"": 0}",2026-08-12T06:29:52Z
exp2_scaling,synthetic,no_lock,6,measured,24,150,0.177853,212773426.7600801,831537362.1859643,74.412043,"{""user_lock_acquisitions"": 0}",2026-08-12T06:29:52Z
exp2_scaling,synthetic,fp_sum_genexpr,6,measured,14,151,0.014875,831537362.1859645,831537362.1859643,0.000000,"{""user_lock_acquisitions"": 0}",2026-08-12T06:29:52Z
exp2_scaling,synthetic,imp_threadlocal,6,measured,6,152,0.014456,831537362.1859671,831537362.1859643,0.000000,"{""user_lock_acquisitions"": 0}",2026-08-12T06:29:52Z
exp2_scaling,synthetic,fine_lock,6,measured,25,153,0.260501,831537362.1859351,831537362.1859643,0.000000,"{""user_lock_acquisitions"": 500000}",2026-08-12T06:29:52Z
exp2_scaling,synthetic,no_lock,6,measured,10,154,0.183195,207057017.92978165,831537362.1859643,75.099493,"{""user_lock_acquisitions"": 0}",2026-08-12T06:29:53Z
exp2_scaling,synthetic,coarse_lock,6,measured,14,155,0.014558,831537362.1859671,831537362.1859643,0.000000,"{""user_lock_acquisitions"": 6}",2026-08-12T06:29:53Z
exp2_scaling,synthetic,batched_lock,6,measured,10,156,0.015722,831537362.1859647,831537362.1859643,0.000000,"{""user_lock_acquisitions"": 504}",2026-08-12T06:29:53Z
exp2_scaling,synthetic,coarse_lock,6,measured,13,157,0.013954,831537362.1859671,831537362.1859643,0.000000,"{""user_lock_acquisitions"": 6}",2026-08-12T06:29:53Z
exp2_scaling,synthetic,queue_agg,6,measured,18,158,0.013919,831537362.1859671,831537362.1859643,0.000000,"{""user_lock_acquisitions"": 0}",2026-08-12T06:29:53Z
exp2_scaling,synthetic,fine_lock,6,measured,14,159,0.262457,831537362.1859386,831537362.1859643,0.000000,"{""user_lock_acquisitions"": 500000}",2026-08-12T06:29:53Z
exp2_scaling,synthetic,batched_lock,6,measured,17,160,0.016138,831537362.1859646,831537362.1859643,0.000000,"{""user_lock_acquisitions"": 504}",2026-08-12T06:29:53Z
exp2_scaling,synthetic,fp_sum_genexpr,6,measured,17,161,0.014833,831537362.1859645,831537362.1859643,0.000000,"{""user_lock_acquisitions"": 0}",2026-08-12T06:29:53Z
exp2_scaling,synthetic,fine_lock,6,measured,27,162,0.253850,831537362.1859363,831537362.1859643,0.000000,"{""user_lock_acquisitions"": 500000}",2026-08-12T06:29:53Z
exp2_scaling,synthetic,fp_reduce,6,measured,29,163,0.014628,831537362.1859671,831537362.1859643,0.000000,"{""user_lock_acquisitions"": 0}",2026-08-12T06:29:53Z
exp2_scaling,synthetic,fp_sum_genexpr,6,measured,27,164,0.014606,831537362.1859645,831537362.1859643,0.000000,"{""user_lock_acquisitions"": 0}",2026-08-12T06:29:53Z
exp2_scaling,synthetic,fp_sum_genexpr,6,measured,4,165,0.015420,831537362.1859645,831537362.1859643,0.000000,"{""user_lock_acquisitions"": 0}",2026-08-12T06:29:53Z
exp2_scaling,synthetic,fp_sum_genexpr,6,measured,7,166,0.014712,831537362.1859645,831537362.1859643,0.000000,"{""user_lock_acquisitions"": 0}",2026-08-12T06:29:53Z
exp2_scaling,synthetic,fine_lock,6,measured,21,167,0.269305,831537362.1859384,831537362.1859643,0.000000,"{""user_lock_acquisitions"": 500000}",2026-08-12T06:29:54Z
exp2_scaling,synthetic,batched_lock,6,measured,20,168,0.016768,831537362.1859646,831537362.1859643,0.000000,"{""user_lock_acquisitions"": 504}",2026-08-12T06:29:54Z
exp2_scaling,synthetic,fine_lock,6,measured,1,169,0.265315,831537362.1859344,831537362.1859643,0.000000,"{""user_lock_acquisitions"": 500000}",2026-08-12T06:29:54Z
exp2_scaling,synthetic,imp_threadlocal,6,measured,20,170,0.014882,831537362.1859671,831537362.1859643,0.000000,"{""user_lock_acquisitions"": 0}",2026-08-12T06:29:54Z
exp2_scaling,synthetic,queue_agg,6,measured,13,171,0.014324,831537362.1859671,831537362.1859643,0.000000,"{""user_lock_acquisitions"": 0}",2026-08-12T06:29:54Z
exp2_scaling,synthetic,fp_sum_genexpr,6,measured,19,172,0.014656,831537362.1859645,831537362.1859643,0.000000,"{""user_lock_acquisitions"": 0}",2026-08-12T06:29:54Z
exp2_scaling,synthetic,fine_lock,6,measured,24,173,0.257486,831537362.1859342,831537362.1859643,0.000000,"{""user_lock_acquisitions"": 500000}",2026-08-12T06:29:54Z
exp2_scaling,synthetic,queue_agg,6,measured,27,174,0.014250,831537362.1859671,831537362.1859643,0.000000,"{""user_lock_acquisitions"": 0}",2026-08-12T06:29:54Z
exp2_scaling,synthetic,batched_lock,6,measured,15,175,0.016220,831537362.1859645,831537362.1859643,0.000000,"{""user_lock_acquisitions"": 504}",2026-08-12T06:29:54Z
exp2_scaling,synthetic,fp_reduce,6,measured,16,176,0.014658,831537362.1859671,831537362.1859643,0.000000,"{""user_lock_acquisitions"": 0}",2026-08-12T06:29:54Z
exp2_scaling,synthetic,no_lock,6,measured,13,177,0.195370,221777518.73800465,831537362.1859643,73.329218,"{""user_lock_acquisitions"": 0}",2026-08-12T06:29:54Z
exp2_scaling,synthetic,fp_sum_genexpr,6,measured,6,178,0.015406,831537362.1859645,831537362.1859643,0.000000,"{""user_lock_acquisitions"": 0}",2026-08-12T06:29:54Z
exp2_scaling,synthetic,fp_sum_genexpr,6,measured,26,179,0.014663,831537362.1859645,831537362.1859643,0.000000,"{""user_lock_acquisitions"": 0}",2026-08-12T06:29:54Z
exp2_scaling,synthetic,imp_threadlocal,6,measured,4,180,0.014116,831537362.1859671,831537362.1859643,0.000000,"{""user_lock_acquisitions"": 0}",2026-08-12T06:29:54Z
exp2_scaling,synthetic,imp_threadlocal,6,measured,28,181,0.014656,831537362.1859671,831537362.1859643,0.000000,"{""user_lock_acquisitions"": 0}",2026-08-12T06:29:54Z
exp2_scaling,synthetic,fine_lock,6,measured,16,182,0.275416,831537362.185941,831537362.1859643,0.000000,"{""user_lock_acquisitions"": 500000}",2026-08-12T06:29:55Z
exp2_scaling,synthetic,imp_threadlocal,6,measured,22,183,0.014538,831537362.1859671,831537362.1859643,0.000000,"{""user_lock_acquisitions"": 0}",2026-08-12T06:29:55Z
exp2_scaling,synthetic,batched_lock,6,measured,21,184,0.015875,831537362.1859642,831537362.1859643,0.000000,"{""user_lock_acquisitions"": 504}",2026-08-12T06:29:55Z
exp2_scaling,synthetic,queue_agg,6,measured,16,185,0.013819,831537362.1859671,831537362.1859643,0.000000,"{""user_lock_acquisitions"": 0}",2026-08-12T06:29:55Z
exp2_scaling,synthetic,queue_agg,6,measured,23,186,0.013939,831537362.1859671,831537362.1859643,0.000000,"{""user_lock_acquisitions"": 0}",2026-08-12T06:29:55Z
exp2_scaling,synthetic,fine_lock,6,measured,22,187,0.264304,831537362.1859328,831537362.1859643,0.000000,"{""user_lock_acquisitions"": 500000}",2026-08-12T06:29:55Z
exp2_scaling,synthetic,fine_lock,6,measured,13,188,0.263063,831537362.1859347,831537362.1859643,0.000000,"{""user_lock_acquisitions"": 500000}",2026-08-12T06:29:55Z
exp2_scaling,synthetic,fine_lock,6,measured,17,189,0.265863,831537362.1859388,831537362.1859643,0.000000,"{""user_lock_acquisitions"": 500000}",2026-08-12T06:29:56Z
exp2_scaling,synthetic,fp_reduce,6,measured,27,190,0.014468,831537362.1859671,831537362.1859643,0.000000,"{""user_lock_acquisitions"": 0}",2026-08-12T06:29:56Z
exp2_scaling,synthetic,batched_lock,6,measured,23,191,0.016857,831537362.1859645,831537362.1859643,0.000000,"{""user_lock_acquisitions"": 504}",2026-08-12T06:29:56Z
exp2_scaling,synthetic,coarse_lock,6,measured,26,192,0.014245,831537362.1859671,831537362.1859643,0.000000,"{""user_lock_acquisitions"": 6}",2026-08-12T06:29:56Z
exp2_scaling,synthetic,fp_reduce,6,measured,22,193,0.014416,831537362.1859671,831537362.1859643,0.000000,"{""user_lock_acquisitions"": 0}",2026-08-12T06:29:56Z
exp2_scaling,synthetic,queue_agg,6,measured,5,194,0.014422,831537362.1859671,831537362.1859643,0.000000,"{""user_lock_acquisitions"": 0}",2026-08-12T06:29:56Z
exp2_scaling,synthetic,no_lock,6,measured,14,195,0.180710,218665368.72873798,831537362.1859643,73.703482,"{""user_lock_acquisitions"": 0}",2026-08-12T06:29:56Z
exp2_scaling,synthetic,fine_lock,6,measured,8,196,0.254467,831537362.185938,831537362.1859643,0.000000,"{""user_lock_acquisitions"": 500000}",2026-08-12T06:29:56Z
exp2_scaling,synthetic,coarse_lock,6,measured,29,197,0.015035,831537362.1859671,831537362.1859643,0.000000,"{""user_lock_acquisitions"": 6}",2026-08-12T06:29:56Z
exp2_scaling,synthetic,fp_reduce,6,measured,1,198,0.014498,831537362.1859671,831537362.1859643,0.000000,"{""user_lock_acquisitions"": 0}",2026-08-12T06:29:56Z
exp2_scaling,synthetic,imp_threadlocal,6,measured,19,199,0.013585,831537362.1859671,831537362.1859643,0.000000,"{""user_lock_acquisitions"": 0}",2026-08-12T06:29:56Z
exp2_scaling,synthetic,fp_reduce,6,measured,26,200,0.013823,831537362.1859671,831537362.1859643,0.000000,"{""user_lock_acquisitions"": 0}",2026-08-12T06:29:56Z
exp2_scaling,synthetic,imp_threadlocal,6,measured,7,201,0.013527,831537362.1859671,831537362.1859643,0.000000,"{""user_lock_acquisitions"": 0}",2026-08-12T06:29:56Z
exp2_scaling,synthetic,no_lock,6,measured,0,202,0.202695,216122093.54113653,831537362.1859643,74.009335,"{""user_lock_acquisitions"": 0}",2026-08-12T06:29:56Z
exp2_scaling,synthetic,coarse_lock,6,measured,25,203,0.014456,831537362.1859671,831537362.1859643,0.000000,"{""user_lock_acquisitions"": 6}",2026-08-12T06:29:56Z
exp2_scaling,synthetic,fine_lock,6,measured,7,204,0.277997,831537362.1859398,831537362.1859643,0.000000,"{""user_lock_acquisitions"": 500000}",2026-08-12T06:29:57Z
exp2_scaling,synthetic,fp_reduce,6,measured,11,205,0.014540,831537362.1859671,831537362.1859643,0.000000,"{""user_lock_acquisitions"": 0}",2026-08-12T06:29:57Z
exp2_scaling,synthetic,fp_reduce,6,measured,12,206,0.014352,831537362.1859671,831537362.1859643,0.000000,"{""user_lock_acquisitions"": 0}",2026-08-12T06:29:57Z
exp2_scaling,synthetic,fp_reduce,6,measured,15,207,0.013790,831537362.1859671,831537362.1859643,0.000000,"{""user_lock_acquisitions"": 0}",2026-08-12T06:29:57Z
exp2_scaling,synthetic,no_lock,6,measured,21,208,0.203151,219956381.02588782,831537362.1859643,73.548226,"{""user_lock_acquisitions"": 0}",2026-08-12T06:29:57Z
exp2_scaling,synthetic,no_lock,6,measured,16,209,0.205210,223030510.8764519,831537362.1859643,73.178534,"{""user_lock_acquisitions"": 0}",2026-08-12T06:29:57Z
exp2_scaling,synthetic,fine_lock,6,measured,19,210,0.284516,831537362.1859369,831537362.1859643,0.000000,"{""user_lock_acquisitions"": 500000}",2026-08-12T06:29:57Z
exp2_scaling,synthetic,fp_sum_genexpr,6,measured,18,211,0.016083,831537362.1859645,831537362.1859643,0.000000,"{""user_lock_acquisitions"": 0}",2026-08-12T06:29:57Z
exp2_scaling,synthetic,imp_threadlocal,6,measured,5,212,0.014476,831537362.1859671,831537362.1859643,0.000000,"{""user_lock_acquisitions"": 0}",2026-08-12T06:29:57Z
exp2_scaling,synthetic,coarse_lock,6,measured,9,213,0.014558,831537362.1859671,831537362.1859643,0.000000,"{""user_lock_acquisitions"": 6}",2026-08-12T06:29:57Z
exp2_scaling,synthetic,no_lock,6,measured,29,214,0.202750,224424842.6218596,831537362.1859643,73.010853,"{""user_lock_acquisitions"": 0}",2026-08-12T06:29:58Z
exp2_scaling,synthetic,batched_lock,6,measured,14,215,0.016878,831537362.1859645,831537362.1859643,0.000000,"{""user_lock_acquisitions"": 504}",2026-08-12T06:29:58Z
exp2_scaling,synthetic,no_lock,6,measured,20,216,0.195517,220970049.02844968,831537362.1859643,73.426323,"{""user_lock_acquisitions"": 0}",2026-08-12T06:29:58Z
exp2_scaling,synthetic,queue_agg,6,measured,25,217,0.014665,831537362.1859671,831537362.1859643,0.000000,"{""user_lock_acquisitions"": 0}",2026-08-12T06:29:58Z
exp2_scaling,synthetic,fp_reduce,6,measured,10,218,0.014976,831537362.1859671,831537362.1859643,0.000000,"{""user_lock_acquisitions"": 0}",2026-08-12T06:29:58Z
exp2_scaling,synthetic,coarse_lock,6,measured,4,219,0.014215,831537362.1859671,831537362.1859643,0.000000,"{""user_lock_acquisitions"": 6}",2026-08-12T06:29:58Z
exp2_scaling,synthetic,fine_lock,6,measured,15,220,0.261173,831537362.185938,831537362.1859643,0.000000,"{""user_lock_acquisitions"": 500000}",2026-08-12T06:29:58Z
exp2_scaling,synthetic,fp_sum_genexpr,6,measured,13,221,0.015817,831537362.1859645,831537362.1859643,0.000000,"{""user_lock_acquisitions"": 0}",2026-08-12T06:29:58Z
exp2_scaling,synthetic,fp_reduce,6,measured,23,222,0.015408,831537362.1859671,831537362.1859643,0.000000,"{""user_lock_acquisitions"": 0}",2026-08-12T06:29:58Z
exp2_scaling,synthetic,fine_lock,6,measured,6,223,0.282143,831537362.1859426,831537362.1859643,0.000000,"{""user_lock_acquisitions"": 500000}",2026-08-12T06:29:58Z
exp2_scaling,synthetic,fp_reduce,6,measured,2,224,0.015197,831537362.1859671,831537362.1859643,0.000000,"{""user_lock_acquisitions"": 0}",2026-08-12T06:29:58Z
exp2_scaling,synthetic,batched_lock,6,measured,0,225,0.016208,831537362.1859645,831537362.1859643,0.000000,"{""user_lock_acquisitions"": 504}",2026-08-12T06:29:58Z
exp2_scaling,synthetic,fp_reduce,6,measured,19,226,0.013936,831537362.1859671,831537362.1859643,0.000000,"{""user_lock_acquisitions"": 0}",2026-08-12T06:29:59Z
exp2_scaling,synthetic,no_lock,6,measured,23,227,0.208066,201697440.67806765,831537362.1859643,75.744031,"{""user_lock_acquisitions"": 0}",2026-08-12T06:29:59Z
exp2_scaling,synthetic,coarse_lock,6,measured,24,228,0.014635,831537362.1859671,831537362.1859643,0.000000,"{""user_lock_acquisitions"": 6}",2026-08-12T06:29:59Z
exp2_scaling,synthetic,coarse_lock,6,measured,5,229,0.013884,831537362.1859671,831537362.1859643,0.000000,"{""user_lock_acquisitions"": 6}",2026-08-12T06:29:59Z
exp2_scaling,synthetic,no_lock,6,measured,3,230,0.202142,225487002.27315095,831537362.1859643,72.883118,"{""user_lock_acquisitions"": 0}",2026-08-12T06:29:59Z
exp2_scaling,synthetic,coarse_lock,6,measured,12,231,0.015007,831537362.1859671,831537362.1859643,0.000000,"{""user_lock_acquisitions"": 6}",2026-08-12T06:29:59Z
exp2_scaling,synthetic,no_lock,6,measured,9,232,0.201746,223451593.87583217,831537362.1859643,73.127895,"{""user_lock_acquisitions"": 0}",2026-08-12T06:29:59Z
exp2_scaling,synthetic,fine_lock,6,measured,20,233,0.272279,831537362.1859373,831537362.1859643,0.000000,"{""user_lock_acquisitions"": 500000}",2026-08-12T06:29:59Z
exp2_scaling,synthetic,imp_threadlocal,6,measured,0,234,0.015107,831537362.1859671,831537362.1859643,0.000000,"{""user_lock_acquisitions"": 0}",2026-08-12T06:29:59Z
exp2_scaling,synthetic,no_lock,6,measured,19,235,0.181949,222618237.5911591,831537362.1859643,73.228114,"{""user_lock_acquisitions"": 0}",2026-08-12T06:30:00Z
exp2_scaling,synthetic,fp_sum_genexpr,6,measured,11,236,0.021921,831537362.1859645,831537362.1859643,0.000000,"{""user_lock_acquisitions"": 0}",2026-08-12T06:30:00Z
exp2_scaling,synthetic,imp_threadlocal,6,measured,15,237,0.013958,831537362.1859671,831537362.1859643,0.000000,"{""user_lock_acquisitions"": 0}",2026-08-12T06:30:00Z
exp2_scaling,synthetic,fine_lock,6,measured,2,238,0.261110,831537362.1859392,831537362.1859643,0.000000,"{""user_lock_acquisitions"": 500000}",2026-08-12T06:30:00Z
exp2_scaling,synthetic,batched_lock,6,measured,12,239,0.016970,831537362.1859645,831537362.1859643,0.000000,"{""user_lock_acquisitions"": 504}",2026-08-12T06:30:00Z
exp2_scaling,synthetic,no_lock,6,measured,17,240,0.193816,222004817.17796543,831537362.1859643,73.301883,"{""user_lock_acquisitions"": 0}",2026-08-12T06:30:00Z
exp2_scaling,synthetic,fp_reduce,6,measured,4,241,0.014818,831537362.1859671,831537362.1859643,0.000000,"{""user_lock_acquisitions"": 0}",2026-08-12T06:30:00Z
exp2_scaling,synthetic,queue_agg,6,measured,2,242,0.014263,831537362.1859671,831537362.1859643,0.000000,"{""user_lock_acquisitions"": 0}",2026-08-12T06:30:00Z
exp2_scaling,synthetic,imp_threadlocal,6,measured,25,243,0.014890,831537362.1859671,831537362.1859643,0.000000,"{""user_lock_acquisitions"": 0}",2026-08-12T06:30:00Z
exp2_scaling,synthetic,imp_threadlocal,6,measured,16,244,0.014933,831537362.1859671,831537362.1859643,0.000000,"{""user_lock_acquisitions"": 0}",2026-08-12T06:30:00Z
exp2_scaling,synthetic,no_lock,6,measured,5,245,0.175630,219372132.49384046,831537362.1859643,73.618488,"{""user_lock_acquisitions"": 0}",2026-08-12T06:30:00Z
exp2_scaling,synthetic,coarse_lock,6,measured,8,246,0.015078,831537362.1859671,831537362.1859643,0.000000,"{""user_lock_acquisitions"": 6}",2026-08-12T06:30:00Z
exp2_scaling,synthetic,queue_agg,6,measured,26,247,0.014549,831537362.1859671,831537362.1859643,0.000000,"{""user_lock_acquisitions"": 0}",2026-08-12T06:30:00Z
exp2_scaling,synthetic,queue_agg,6,measured,1,248,0.014857,831537362.1859671,831537362.1859643,0.000000,"{""user_lock_acquisitions"": 0}",2026-08-12T06:30:00Z
exp2_scaling,synthetic,fp_sum_genexpr,6,measured,8,249,0.015540,831537362.1859645,831537362.1859643,0.000000,"{""user_lock_acquisitions"": 0}",2026-08-12T06:30:00Z
exp2_scaling,synthetic,fine_lock,6,measured,28,250,0.277858,831537362.1859378,831537362.1859643,0.000000,"{""user_lock_acquisitions"": 500000}",2026-08-12T06:30:01Z
exp2_scaling,synthetic,fp_reduce,6,measured,14,251,0.014574,831537362.1859671,831537362.1859643,0.000000,"{""user_lock_acquisitions"": 0}",2026-08-12T06:30:01Z
exp2_scaling,synthetic,no_lock,6,measured,7,252,0.205453,213441495.79561815,831537362.1859643,74.331701,"{""user_lock_acquisitions"": 0}",2026-08-12T06:30:01Z
exp2_scaling,synthetic,fine_lock,6,measured,9,253,0.272843,831537362.185936,831537362.1859643,0.000000,"{""user_lock_acquisitions"": 500000}",2026-08-12T06:30:01Z
exp2_scaling,synthetic,no_lock,6,measured,22,254,0.197612,227082998.5582188,831537362.1859643,72.691185,"{""user_lock_acquisitions"": 0}",2026-08-12T06:30:01Z
exp2_scaling,synthetic,coarse_lock,6,measured,10,255,0.014577,831537362.1859671,831537362.1859643,0.000000,"{""user_lock_acquisitions"": 6}",2026-08-12T06:30:01Z
exp2_scaling,synthetic,fp_reduce,6,measured,18,256,0.013979,831537362.1859671,831537362.1859643,0.000000,"{""user_lock_acquisitions"": 0}",2026-08-12T06:30:01Z
exp2_scaling,synthetic,fp_sum_genexpr,6,measured,0,257,0.015868,831537362.1859645,831537362.1859643,0.000000,"{""user_lock_acquisitions"": 0}",2026-08-12T06:30:01Z
exp2_scaling,synthetic,queue_agg,6,measured,8,258,0.014865,831537362.1859671,831537362.1859643,0.000000,"{""user_lock_acquisitions"": 0}",2026-08-12T06:30:01Z
exp2_scaling,synthetic,fine_lock,6,measured,26,259,0.264409,831537362.185938,831537362.1859643,0.000000,"{""user_lock_acquisitions"": 500000}",2026-08-12T06:30:02Z
exp2_scaling,synthetic,imp_threadlocal,6,measured,2,260,0.014059,831537362.1859671,831537362.1859643,0.000000,"{""user_lock_acquisitions"": 0}",2026-08-12T06:30:02Z
exp2_scaling,synthetic,imp_threadlocal,6,measured,13,261,0.013920,831537362.1859671,831537362.1859643,0.000000,"{""user_lock_acquisitions"": 0}",2026-08-12T06:30:02Z
exp2_scaling,synthetic,no_lock,6,measured,11,262,0.188429,214077745.10137737,831537362.1859643,74.255186,"{""user_lock_acquisitions"": 0}",2026-08-12T06:30:02Z
exp2_scaling,synthetic,no_lock,6,measured,4,263,0.176320,224296916.40175757,831537362.1859643,73.026237,"{""user_lock_acquisitions"": 0}",2026-08-12T06:30:02Z
exp2_scaling,synthetic,queue_agg,8,warmup,2,0,0.012687,831537362.1859637,831537362.1859643,0.000000,"{""user_lock_acquisitions"": 0}",2026-08-12T06:30:02Z
exp2_scaling,synthetic,fp_reduce,8,warmup,0,1,0.011569,831537362.1859636,831537362.1859643,0.000000,"{""user_lock_acquisitions"": 0}",2026-08-12T06:30:02Z
exp2_scaling,synthetic,fine_lock,8,warmup,1,2,0.302323,831537362.1859825,831537362.1859643,0.000000,"{""user_lock_acquisitions"": 500000}",2026-08-12T06:30:02Z
exp2_scaling,synthetic,imp_threadlocal,8,warmup,2,3,0.012278,831537362.1859636,831537362.1859643,0.000000,"{""user_lock_acquisitions"": 0}",2026-08-12T06:30:02Z
exp2_scaling,synthetic,batched_lock,8,warmup,0,4,0.012943,831537362.1859635,831537362.1859643,0.000000,"{""user_lock_acquisitions"": 504}",2026-08-12T06:30:02Z
exp2_scaling,synthetic,coarse_lock,8,warmup,0,5,0.011351,831537362.1859636,831537362.1859643,0.000000,"{""user_lock_acquisitions"": 8}",2026-08-12T06:30:02Z
exp2_scaling,synthetic,imp_threadlocal,8,warmup,1,6,0.011745,831537362.1859636,831537362.1859643,0.000000,"{""user_lock_acquisitions"": 0}",2026-08-12T06:30:03Z
exp2_scaling,synthetic,queue_agg,8,warmup,1,7,0.011640,831537362.1859637,831537362.1859643,0.000000,"{""user_lock_acquisitions"": 0}",2026-08-12T06:30:03Z
exp2_scaling,synthetic,no_lock,8,warmup,1,8,0.243642,187900977.25484776,831537362.1859643,77.403183,"{""user_lock_acquisitions"": 0}",2026-08-12T06:30:03Z
exp2_scaling,synthetic,queue_agg,8,warmup,0,9,0.013533,831537362.1859636,831537362.1859643,0.000000,"{""user_lock_acquisitions"": 0}",2026-08-12T06:30:03Z
exp2_scaling,synthetic,fp_sum_genexpr,8,warmup,1,10,0.012905,831537362.1859645,831537362.1859643,0.000000,"{""user_lock_acquisitions"": 0}",2026-08-12T06:30:03Z
exp2_scaling,synthetic,fp_sum_genexpr,8,warmup,0,11,0.011517,831537362.1859645,831537362.1859643,0.000000,"{""user_lock_acquisitions"": 0}",2026-08-12T06:30:03Z
exp2_scaling,synthetic,fp_sum_genexpr,8,warmup,2,12,0.012024,831537362.1859645,831537362.1859643,0.000000,"{""user_lock_acquisitions"": 0}",2026-08-12T06:30:03Z
exp2_scaling,synthetic,batched_lock,8,warmup,1,13,0.014106,831537362.1859634,831537362.1859643,0.000000,"{""user_lock_acquisitions"": 504}",2026-08-12T06:30:03Z
exp2_scaling,synthetic,imp_threadlocal,8,warmup,0,14,0.012651,831537362.1859636,831537362.1859643,0.000000,"{""user_lock_acquisitions"": 0}",2026-08-12T06:30:03Z
exp2_scaling,synthetic,no_lock,8,warmup,2,15,0.267001,186585476.73837307,831537362.1859643,77.561384,"{""user_lock_acquisitions"": 0}",2026-08-12T06:30:03Z
exp2_scaling,synthetic,coarse_lock,8,warmup,2,16,0.011575,831537362.1859637,831537362.1859643,0.000000,"{""user_lock_acquisitions"": 8}",2026-08-12T06:30:03Z
exp2_scaling,synthetic,fine_lock,8,warmup,2,17,0.335904,831537362.1859823,831537362.1859643,0.000000,"{""user_lock_acquisitions"": 500000}",2026-08-12T06:30:03Z
exp2_scaling,synthetic,coarse_lock,8,warmup,1,18,0.013307,831537362.1859636,831537362.1859643,0.000000,"{""user_lock_acquisitions"": 8}",2026-08-12T06:30:03Z
exp2_scaling,synthetic,fp_reduce,8,warmup,1,19,0.011902,831537362.1859636,831537362.1859643,0.000000,"{""user_lock_acquisitions"": 0}",2026-08-12T06:30:03Z
exp2_scaling,synthetic,fine_lock,8,warmup,0,20,0.338618,831537362.1859843,831537362.1859643,0.000000,"{""user_lock_acquisitions"": 500000}",2026-08-12T06:30:04Z
exp2_scaling,synthetic,fp_reduce,8,warmup,2,21,0.011953,831537362.1859636,831537362.1859643,0.000000,"{""user_lock_acquisitions"": 0}",2026-08-12T06:30:04Z
exp2_scaling,synthetic,batched_lock,8,warmup,2,22,0.012969,831537362.1859636,831537362.1859643,0.000000,"{""user_lock_acquisitions"": 504}",2026-08-12T06:30:04Z
exp2_scaling,synthetic,no_lock,8,warmup,0,23,0.255757,196193115.64201367,831537362.1859643,76.405977,"{""user_lock_acquisitions"": 0}",2026-08-12T06:30:04Z
exp2_scaling,synthetic,fp_sum_genexpr,8,measured,29,24,0.012461,831537362.1859645,831537362.1859643,0.000000,"{""user_lock_acquisitions"": 0}",2026-08-12T06:30:04Z
exp2_scaling,synthetic,coarse_lock,8,measured,0,25,0.011724,831537362.1859639,831537362.1859643,0.000000,"{""user_lock_acquisitions"": 8}",2026-08-12T06:30:04Z
exp2_scaling,synthetic,fp_reduce,8,measured,15,26,0.010995,831537362.1859636,831537362.1859643,0.000000,"{""user_lock_acquisitions"": 0}",2026-08-12T06:30:04Z
exp2_scaling,synthetic,batched_lock,8,measured,15,27,0.013223,831537362.1859632,831537362.1859643,0.000000,"{""user_lock_acquisitions"": 504}",2026-08-12T06:30:04Z
exp2_scaling,synthetic,no_lock,8,measured,26,28,0.251455,185502642.15784553,831537362.1859643,77.691605,"{""user_lock_acquisitions"": 0}",2026-08-12T06:30:04Z
exp2_scaling,synthetic,fp_sum_genexpr,8,measured,13,29,0.012347,831537362.1859645,831537362.1859643,0.000000,"{""user_lock_acquisitions"": 0}",2026-08-12T06:30:04Z
exp2_scaling,synthetic,queue_agg,8,measured,24,30,0.011226,831537362.1859636,831537362.1859643,0.000000,"{""user_lock_acquisitions"": 0}",2026-08-12T06:30:04Z
exp2_scaling,synthetic,imp_threadlocal,8,measured,20,31,0.011251,831537362.1859636,831537362.1859643,0.000000,"{""user_lock_acquisitions"": 0}",2026-08-12T06:30:04Z
exp2_scaling,synthetic,coarse_lock,8,measured,22,32,0.011018,831537362.1859636,831537362.1859643,0.000000,"{""user_lock_acquisitions"": 8}",2026-08-12T06:30:04Z
exp2_scaling,synthetic,fine_lock,8,measured,6,33,0.329320,831537362.1859895,831537362.1859643,0.000000,"{""user_lock_acquisitions"": 500000}",2026-08-12T06:30:05Z
exp2_scaling,synthetic,fp_reduce,8,measured,26,34,0.011590,831537362.1859636,831537362.1859643,0.000000,"{""user_lock_acquisitions"": 0}",2026-08-12T06:30:05Z
exp2_scaling,synthetic,imp_threadlocal,8,measured,10,35,0.012066,831537362.1859636,831537362.1859643,0.000000,"{""user_lock_acquisitions"": 0}",2026-08-12T06:30:05Z
exp2_scaling,synthetic,coarse_lock,8,measured,15,36,0.012240,831537362.1859637,831537362.1859643,0.000000,"{""user_lock_acquisitions"": 8}",2026-08-12T06:30:05Z
exp2_scaling,synthetic,imp_threadlocal,8,measured,16,37,0.011931,831537362.1859636,831537362.1859643,0.000000,"{""user_lock_acquisitions"": 0}",2026-08-12T06:30:05Z
exp2_scaling,synthetic,no_lock,8,measured,8,38,0.266914,191422855.8222109,831537362.1859643,76.979645,"{""user_lock_acquisitions"": 0}",2026-08-12T06:30:05Z
exp2_scaling,synthetic,no_lock,8,measured,24,39,0.247624,186139258.34002328,831537362.1859643,77.615046,"{""user_lock_acquisitions"": 0}",2026-08-12T06:30:05Z
exp2_scaling,synthetic,fp_sum_genexpr,8,measured,17,40,0.012364,831537362.1859645,831537362.1859643,0.000000,"{""user_lock_acquisitions"": 0}",2026-08-12T06:30:05Z
exp2_scaling,synthetic,batched_lock,8,measured,14,41,0.013915,831537362.1859633,831537362.1859643,0.000000,"{""user_lock_acquisitions"": 504}",2026-08-12T06:30:05Z
exp2_scaling,synthetic,imp_threadlocal,8,measured,28,42,0.012272,831537362.1859636,831537362.1859643,0.000000,"{""user_lock_acquisitions"": 0}",2026-08-12T06:30:05Z
exp2_scaling,synthetic,fp_reduce,8,measured,19,43,0.012301,831537362.1859636,831537362.1859643,0.000000,"{""user_lock_acquisitions"": 0}",2026-08-12T06:30:05Z
exp2_scaling,synthetic,fp_sum_genexpr,8,measured,24,44,0.012231,831537362.1859645,831537362.1859643,0.000000,"{""user_lock_acquisitions"": 0}",2026-08-12T06:30:05Z
exp2_scaling,synthetic,batched_lock,8,measured,1,45,0.013179,831537362.1859636,831537362.1859643,0.000000,"{""user_lock_acquisitions"": 504}",2026-08-12T06:30:05Z
exp2_scaling,synthetic,imp_threadlocal,8,measured,19,46,0.011665,831537362.1859636,831537362.1859643,0.000000,"{""user_lock_acquisitions"": 0}",2026-08-12T06:30:05Z
exp2_scaling,synthetic,no_lock,8,measured,29,47,0.253287,184846808.13292983,831537362.1859643,77.770475,"{""user_lock_acquisitions"": 0}",2026-08-12T06:30:06Z
exp2_scaling,synthetic,queue_agg,8,measured,20,48,0.012114,831537362.1859637,831537362.1859643,0.000000,"{""user_lock_acquisitions"": 0}",2026-08-12T06:30:06Z
exp2_scaling,synthetic,queue_agg,8,measured,1,49,0.012348,831537362.1859639,831537362.1859643,0.000000,"{""user_lock_acquisitions"": 0}",2026-08-12T06:30:06Z
exp2_scaling,synthetic,fp_sum_genexpr,8,measured,0,50,0.011960,831537362.1859645,831537362.1859643,0.000000,"{""user_lock_acquisitions"": 0}",2026-08-12T06:30:06Z
exp2_scaling,synthetic,no_lock,8,measured,7,51,0.249898,198937956.19183305,831537362.1859643,76.075885,"{""user_lock_acquisitions"": 0}",2026-08-12T06:30:06Z
exp2_scaling,synthetic,fine_lock,8,measured,24,52,0.335228,831537362.1859887,831537362.1859643,0.000000,"{""user_lock_acquisitions"": 500000}",2026-08-12T06:30:06Z
exp2_scaling,synthetic,coarse_lock,8,measured,8,53,0.012099,831537362.1859637,831537362.1859643,0.000000,"{""user_lock_acquisitions"": 8}",2026-08-12T06:30:06Z
exp2_scaling,synthetic,batched_lock,8,measured,22,54,0.013213,831537362.1859634,831537362.1859643,0.000000,"{""user_lock_acquisitions"": 504}",2026-08-12T06:30:06Z
exp2_scaling,synthetic,fine_lock,8,measured,14,55,0.318086,831537362.1859868,831537362.1859643,0.000000,"{""user_lock_acquisitions"": 500000}",2026-08-12T06:30:07Z
exp2_scaling,synthetic,imp_threadlocal,8,measured,13,56,0.011965,831537362.1859636,831537362.1859643,0.000000,"{""user_lock_acquisitions"": 0}",2026-08-12T06:30:07Z
exp2_scaling,synthetic,batched_lock,8,measured,3,57,0.013432,831537362.1859637,831537362.1859643,0.000000,"{""user_lock_acquisitions"": 504}",2026-08-12T06:30:07Z
exp2_scaling,synthetic,imp_threadlocal,8,measured,15,58,0.011866,831537362.1859636,831537362.1859643,0.000000,"{""user_lock_acquisitions"": 0}",2026-08-12T06:30:07Z
exp2_scaling,synthetic,batched_lock,8,measured,10,59,0.013155,831537362.1859635,831537362.1859643,0.000000,"{""user_lock_acquisitions"": 504}",2026-08-12T06:30:07Z
exp2_scaling,synthetic,fine_lock,8,measured,15,60,0.302894,831537362.1859878,831537362.1859643,0.000000,"{""user_lock_acquisitions"": 500000}",2026-08-12T06:30:07Z
exp2_scaling,synthetic,queue_agg,8,measured,22,61,0.012450,831537362.1859637,831537362.1859643,0.000000,"{""user_lock_acquisitions"": 0}",2026-08-12T06:30:07Z
exp2_scaling,synthetic,queue_agg,8,measured,18,62,0.012102,831537362.1859636,831537362.1859643,0.000000,"{""user_lock_acquisitions"": 0}",2026-08-12T06:30:07Z
exp2_scaling,synthetic,batched_lock,8,measured,11,63,0.013600,831537362.1859635,831537362.1859643,0.000000,"{""user_lock_acquisitions"": 504}",2026-08-12T06:30:07Z
exp2_scaling,synthetic,fp_reduce,8,measured,10,64,0.012276,831537362.1859636,831537362.1859643,0.000000,"{""user_lock_acquisitions"": 0}",2026-08-12T06:30:07Z
exp2_scaling,synthetic,fine_lock,8,measured,28,65,0.327354,831537362.1859845,831537362.1859643,0.000000,"{""user_lock_acquisitions"": 500000}",2026-08-12T06:30:07Z
exp2_scaling,synthetic,imp_threadlocal,8,measured,23,66,0.011945,831537362.1859636,831537362.1859643,0.000000,"{""user_lock_acquisitions"": 0}",2026-08-12T06:30:07Z
exp2_scaling,synthetic,no_lock,8,measured,14,67,0.257542,177207816.15275022,831537362.1859643,78.689134,"{""user_lock_acquisitions"": 0}",2026-08-12T06:30:08Z
exp2_scaling,synthetic,fine_lock,8,measured,29,68,0.330867,831537362.1859844,831537362.1859643,0.000000,"{""user_lock_acquisitions"": 500000}",2026-08-12T06:30:08Z
exp2_scaling,synthetic,queue_agg,8,measured,15,69,0.012137,831537362.1859636,831537362.1859643,0.000000,"{""user_lock_acquisitions"": 0}",2026-08-12T06:30:08Z
exp2_scaling,synthetic,fine_lock,8,measured,13,70,0.348281,831537362.1859847,831537362.1859643,0.000000,"{""user_lock_acquisitions"": 500000}",2026-08-12T06:30:08Z
exp2_scaling,synthetic,imp_threadlocal,8,measured,9,71,0.012367,831537362.1859636,831537362.1859643,0.000000,"{""user_lock_acquisitions"": 0}",2026-08-12T06:30:08Z
exp2_scaling,synthetic,batched_lock,8,measured,2,72,0.013007,831537362.1859634,831537362.1859643,0.000000,"{""user_lock_acquisitions"": 504}",2026-08-12T06:30:08Z
exp2_scaling,synthetic,imp_threadlocal,8,measured,5,73,0.011301,831537362.1859636,831537362.1859643,0.000000,"{""user_lock_acquisitions"": 0}",2026-08-12T06:30:08Z
exp2_scaling,synthetic,coarse_lock,8,measured,12,74,0.011553,831537362.1859636,831537362.1859643,0.000000,"{""user_lock_acquisitions"": 8}",2026-08-12T06:30:08Z
exp2_scaling,synthetic,fine_lock,8,measured,10,75,0.336259,831537362.185986,831537362.1859643,0.000000,"{""user_lock_acquisitions"": 500000}",2026-08-12T06:30:09Z
exp2_scaling,synthetic,fine_lock,8,measured,21,76,0.335907,831537362.1859889,831537362.1859643,0.000000,"{""user_lock_acquisitions"": 500000}",2026-08-12T06:30:09Z
exp2_scaling,synthetic,fine_lock,8,measured,8,77,0.340499,831537362.1859847,831537362.1859643,0.000000,"{""user_lock_acquisitions"": 500000}",2026-08-12T06:30:09Z
exp2_scaling,synthetic,fine_lock,8,measured,12,78,0.316498,831537362.1859839,831537362.1859643,0.000000,"{""user_lock_acquisitions"": 500000}",2026-08-12T06:30:10Z
exp2_scaling,synthetic,no_lock,8,measured,11,79,0.251227,179240350.84004802,831537362.1859643,78.444703,"{""user_lock_acquisitions"": 0}",2026-08-12T06:30:10Z
exp2_scaling,synthetic,coarse_lock,8,measured,26,80,0.011761,831537362.1859637,831537362.1859643,0.000000,"{""user_lock_acquisitions"": 8}",2026-08-12T06:30:10Z
exp2_scaling,synthetic,fine_lock,8,measured,22,81,0.329273,831537362.1859875,831537362.1859643,0.000000,"{""user_lock_acquisitions"": 500000}",2026-08-12T06:30:10Z
exp2_scaling,synthetic,coarse_lock,8,measured,10,82,0.012259,831537362.1859637,831537362.1859643,0.000000,"{""user_lock_acquisitions"": 8}",2026-08-12T06:30:10Z
exp2_scaling,synthetic,imp_threadlocal,8,measured,26,83,0.011670,831537362.1859636,831537362.1859643,0.000000,"{""user_lock_acquisitions"": 0}",2026-08-12T06:30:10Z
exp2_scaling,synthetic,queue_agg,8,measured,26,84,0.011549,831537362.1859637,831537362.1859643,0.000000,"{""user_lock_acquisitions"": 0}",2026-08-12T06:30:10Z
exp2_scaling,synthetic,queue_agg,8,measured,4,85,0.011805,831537362.1859639,831537362.1859643,0.000000,"{""user_lock_acquisitions"": 0}",2026-08-12T06:30:10Z
exp2_scaling,synthetic,batched_lock,8,measured,20,86,0.013269,831537362.1859633,831537362.1859643,0.000000,"{""user_lock_acquisitions"": 504}",2026-08-12T06:30:10Z
exp2_scaling,synthetic,fine_lock,8,measured,1,87,0.335736,831537362.1859851,831537362.1859643,0.000000,"{""user_lock_acquisitions"": 500000}",2026-08-12T06:30:11Z
exp2_scaling,synthetic,no_lock,8,measured,6,88,0.246033,190681912.1077457,831537362.1859643,77.068750,"{""user_lock_acquisitions"": 0}",2026-08-12T06:30:11Z
exp2_scaling,synthetic,fp_sum_genexpr,8,measured,11,89,0.012791,831537362.1859645,831537362.1859643,0.000000,"{""user_lock_acquisitions"": 0}",2026-08-12T06:30:11Z
exp2_scaling,synthetic,fp_sum_genexpr,8,measured,14,90,0.012410,831537362.1859645,831537362.1859643,0.000000,"{""user_lock_acquisitions"": 0}",2026-08-12T06:30:11Z
exp2_scaling,synthetic,batched_lock,8,measured,16,91,0.014338,831537362.1859634,831537362.1859643,0.000000,"{""user_lock_acquisitions"": 504}",2026-08-12T06:30:11Z
exp2_scaling,synthetic,imp_threadlocal,8,measured,2,92,0.011971,831537362.1859636,831537362.1859643,0.000000,"{""user_lock_acquisitions"": 0}",2026-08-12T06:30:11Z
exp2_scaling,synthetic,queue_agg,8,measured,12,93,0.012191,831537362.1859637,831537362.1859643,0.000000,"{""user_lock_acquisitions"": 0}",2026-08-12T06:30:11Z
exp2_scaling,synthetic,fp_reduce,8,measured,22,94,0.013417,831537362.1859636,831537362.1859643,0.000000,"{""user_lock_acquisitions"": 0}",2026-08-12T06:30:11Z
exp2_scaling,synthetic,fine_lock,8,measured,9,95,0.348618,831537362.1859874,831537362.1859643,0.000000,"{""user_lock_acquisitions"": 500000}",2026-08-12T06:30:11Z
exp2_scaling,synthetic,batched_lock,8,measured,27,96,0.013293,831537362.1859634,831537362.1859643,0.000000,"{""user_lock_acquisitions"": 504}",2026-08-12T06:30:11Z
exp2_scaling,synthetic,fp_sum_genexpr,8,measured,5,97,0.012785,831537362.1859645,831537362.1859643,0.000000,"{""user_lock_acquisitions"": 0}",2026-08-12T06:30:11Z
exp2_scaling,synthetic,no_lock,8,measured,22,98,0.248881,186289271.05179834,831537362.1859643,77.597005,"{""user_lock_acquisitions"": 0}",2026-08-12T06:30:12Z
exp2_scaling,synthetic,batched_lock,8,measured,29,99,0.013003,831537362.1859635,831537362.1859643,0.000000,"{""user_lock_acquisitions"": 504}",2026-08-12T06:30:12Z
exp2_scaling,synthetic,fp_reduce,8,measured,0,100,0.012398,831537362.1859636,831537362.1859643,0.000000,"{""user_lock_acquisitions"": 0}",2026-08-12T06:30:12Z
exp2_scaling,synthetic,fp_sum_genexpr,8,measured,15,101,0.011979,831537362.1859645,831537362.1859643,0.000000,"{""user_lock_acquisitions"": 0}",2026-08-12T06:30:12Z
exp2_scaling,synthetic,batched_lock,8,measured,0,102,0.014075,831537362.1859633,831537362.1859643,0.000000,"{""user_lock_acquisitions"": 504}",2026-08-12T06:30:12Z
exp2_scaling,synthetic,queue_agg,8,measured,28,103,0.012227,831537362.1859637,831537362.1859643,0.000000,"{""user_lock_acquisitions"": 0}",2026-08-12T06:30:12Z
exp2_scaling,synthetic,fp_sum_genexpr,8,measured,8,104,0.012572,831537362.1859645,831537362.1859643,0.000000,"{""user_lock_acquisitions"": 0}",2026-08-12T06:30:12Z
exp2_scaling,synthetic,batched_lock,8,measured,24,105,0.012696,831537362.1859634,831537362.1859643,0.000000,"{""user_lock_acquisitions"": 504}",2026-08-12T06:30:12Z
exp2_scaling,synthetic,fp_reduce,8,measured,17,106,0.011549,831537362.1859636,831537362.1859643,0.000000,"{""user_lock_acquisitions"": 0}",2026-08-12T06:30:12Z
exp2_scaling,synthetic,batched_lock,8,measured,12,107,0.012893,831537362.1859635,831537362.1859643,0.000000,"{""user_lock_acquisitions"": 504}",2026-08-12T06:30:12Z
exp2_scaling,synthetic,fp_sum_genexpr,8,measured,7,108,0.011933,831537362.1859645,831537362.1859643,0.000000,"{""user_lock_acquisitions"": 0}",2026-08-12T06:30:12Z
exp2_scaling,synthetic,fp_reduce,8,measured,11,109,0.011319,831537362.1859636,831537362.1859643,0.000000,"{""user_lock_acquisitions"": 0}",2026-08-12T06:30:12Z
exp2_scaling,synthetic,queue_agg,8,measured,27,110,0.011533,831537362.1859636,831537362.1859643,0.000000,"{""user_lock_acquisitions"": 0}",2026-08-12T06:30:12Z
exp2_scaling,synthetic,no_lock,8,measured,16,111,0.258534,176053579.39798307,831537362.1859643,78.827941,"{""user_lock_acquisitions"": 0}",2026-08-12T06:30:12Z
exp2_scaling,synthetic,fp_reduce,8,measured,23,112,0.012556,831537362.1859636,831537362.1859643,0.000000,"{""user_lock_acquisitions"": 0}",2026-08-12T06:30:12Z
exp2_scaling,synthetic,imp_threadlocal,8,measured,21,113,0.011744,831537362.1859636,831537362.1859643,0.000000,"{""user_lock_acquisitions"": 0}",2026-08-12T06:30:12Z
exp2_scaling,synthetic,fine_lock,8,measured,18,114,0.344878,831537362.1859866,831537362.1859643,0.000000,"{""user_lock_acquisitions"": 500000}",2026-08-12T06:30:12Z
exp2_scaling,synthetic,imp_threadlocal,8,measured,22,115,0.011721,831537362.1859636,831537362.1859643,0.000000,"{""user_lock_acquisitions"": 0}",2026-08-12T06:30:12Z
exp2_scaling,synthetic,fine_lock,8,measured,26,116,0.331912,831537362.1859885,831537362.1859643,0.000000,"{""user_lock_acquisitions"": 500000}",2026-08-12T06:30:13Z
exp2_scaling,synthetic,imp_threadlocal,8,measured,17,117,0.011969,831537362.1859636,831537362.1859643,0.000000,"{""user_lock_acquisitions"": 0}",2026-08-12T06:30:13Z
exp2_scaling,synthetic,fine_lock,8,measured,2,118,0.322443,831537362.1859928,831537362.1859643,0.000000,"{""user_lock_acquisitions"": 500000}",2026-08-12T06:30:13Z
exp2_scaling,synthetic,no_lock,8,measured,0,119,0.232812,190223183.39839223,831537362.1859643,77.123916,"{""user_lock_acquisitions"": 0}",2026-08-12T06:30:13Z
exp2_scaling,synthetic,batched_lock,8,measured,13,120,0.013922,831537362.1859635,831537362.1859643,0.000000,"{""user_lock_acquisitions"": 504}",2026-08-12T06:30:13Z
exp2_scaling,synthetic,imp_threadlocal,8,measured,24,121,0.011575,831537362.1859636,831537362.1859643,0.000000,"{""user_lock_acquisitions"": 0}",2026-08-12T06:30:13Z
exp2_scaling,synthetic,fp_reduce,8,measured,4,122,0.011449,831537362.1859636,831537362.1859643,0.000000,"{""user_lock_acquisitions"": 0}",2026-08-12T06:30:13Z
exp2_scaling,synthetic,fine_lock,8,measured,5,123,0.325652,831537362.1859864,831537362.1859643,0.000000,"{""user_lock_acquisitions"": 500000}",2026-08-12T06:30:14Z
exp2_scaling,synthetic,fp_sum_genexpr,8,measured,23,124,0.012417,831537362.1859645,831537362.1859643,0.000000,"{""user_lock_acquisitions"": 0}",2026-08-12T06:30:14Z
exp2_scaling,synthetic,queue_agg,8,measured,3,125,0.011680,831537362.1859637,831537362.1859643,0.000000,"{""user_lock_acquisitions"": 0}",2026-08-12T06:30:14Z
exp2_scaling,synthetic,batched_lock,8,measured,4,126,0.013437,831537362.1859633,831537362.1859643,0.000000,"{""user_lock_acquisitions"": 504}",2026-08-12T06:30:14Z
exp2_scaling,synthetic,no_lock,8,measured,5,127,0.232966,184787716.17378718,831537362.1859643,77.777581,"{""user_lock_acquisitions"": 0}",2026-08-12T06:30:14Z
exp2_scaling,synthetic,no_lock,8,measured,13,128,0.245429,191921176.3795605,831537362.1859643,76.919717,"{""user_lock_acquisitions"": 0}",2026-08-12T06:30:14Z
exp2_scaling,synthetic,no_lock,8,measured,3,129,0.230304,184406280.71800846,831537362.1859643,77.823452,"{""user_lock_acquisitions"": 0}",2026-08-12T06:30:14Z
exp2_scaling,synthetic,coarse_lock,8,measured,13,130,0.011849,831537362.1859636,831537362.1859643,0.000000,"{""user_lock_acquisitions"": 8}",2026-08-12T06:30:14Z
exp2_scaling,synthetic,fp_reduce,8,measured,25,131,0.011805,831537362.1859636,831537362.1859643,0.000000,"{""user_lock_acquisitions"": 0}",2026-08-12T06:30:14Z
exp2_scaling,synthetic,fine_lock,8,measured,25,132,0.318317,831537362.1859891,831537362.1859643,0.000000,"{""user_lock_acquisitions"": 500000}",2026-08-12T06:30:15Z
exp2_scaling,synthetic,imp_threadlocal,8,measured,4,133,0.012165,831537362.1859636,831537362.1859643,0.000000,"{""user_lock_acquisitions"": 0}",2026-08-12T06:30:15Z
exp2_scaling,synthetic,fp_reduce,8,measured,3,134,0.012059,831537362.1859636,831537362.1859643,0.000000,"{""user_lock_acquisitions"": 0}",2026-08-12T06:30:15Z
exp2_scaling,synthetic,fp_sum_genexpr,8,measured,9,135,0.012173,831537362.1859645,831537362.1859643,0.000000,"{""user_lock_acquisitions"": 0}",2026-08-12T06:30:15Z
exp2_scaling,synthetic,coarse_lock,8,measured,25,136,0.011406,831537362.1859636,831537362.1859643,0.000000,"{""user_lock_acquisitions"": 8}",2026-08-12T06:30:15Z
exp2_scaling,synthetic,batched_lock,8,measured,5,137,0.012363,831537362.1859636,831537362.1859643,0.000000,"{""user_lock_acquisitions"": 504}",2026-08-12T06:30:15Z
exp2_scaling,synthetic,queue_agg,8,measured,11,138,0.011526,831537362.1859639,831537362.1859643,0.000000,"{""user_lock_acquisitions"": 0}",2026-08-12T06:30:15Z
exp2_scaling,synthetic,fp_reduce,8,measured,14,139,0.011729,831537362.1859636,831537362.1859643,0.000000,"{""user_lock_acquisitions"": 0}",2026-08-12T06:30:15Z
exp2_scaling,synthetic,queue_agg,8,measured,14,140,0.011496,831537362.1859637,831537362.1859643,0.000000,"{""user_lock_acquisitions"": 0}",2026-08-12T06:30:15Z
exp2_scaling,synthetic,fine_lock,8,measured,20,141,0.300567,831537362.1859896,831537362.1859643,0.000000,"{""user_lock_acquisitions"": 500000}",2026-08-12T06:30:15Z
exp2_scaling,synthetic,fp_sum_genexpr,8,measured,16,142,0.012518,831537362.1859645,831537362.1859643,0.000000,"{""user_lock_acquisitions"": 0}",2026-08-12T06:30:15Z
exp2_scaling,synthetic,fp_sum_genexpr,8,measured,26,143,0.012595,831537362.1859645,831537362.1859643,0.000000,"{""user_lock_acquisitions"": 0}",2026-08-12T06:30:15Z
exp2_scaling,synthetic,queue_agg,8,measured,8,144,0.012144,831537362.1859639,831537362.1859643,0.000000,"{""user_lock_acquisitions"": 0}",2026-08-12T06:30:15Z
exp2_scaling,synthetic,fp_reduce,8,measured,28,145,0.011744,831537362.1859636,831537362.1859643,0.000000,"{""user_lock_acquisitions"": 0}",2026-08-12T06:30:15Z
exp2_scaling,synthetic,queue_agg,8,measured,6,146,0.011693,831537362.1859636,831537362.1859643,0.000000,"{""user_lock_acquisitions"": 0}",2026-08-12T06:30:15Z
exp2_scaling,synthetic,batched_lock,8,measured,9,147,0.012497,831537362.1859635,831537362.1859643,0.000000,"{""user_lock_acquisitions"": 504}",2026-08-12T06:30:15Z
exp2_scaling,synthetic,fine_lock,8,measured,16,148,0.327649,831537362.1859853,831537362.1859643,0.000000,"{""user_lock_acquisitions"": 500000}",2026-08-12T06:30:16Z
exp2_scaling,synthetic,batched_lock,8,measured,28,149,0.014042,831537362.1859634,831537362.1859643,0.000000,"{""user_lock_acquisitions"": 504}",2026-08-12T06:30:16Z
exp2_scaling,synthetic,queue_agg,8,measured,13,150,0.011990,831537362.1859636,831537362.1859643,0.000000,"{""user_lock_acquisitions"": 0}",2026-08-12T06:30:16Z
exp2_scaling,synthetic,fp_reduce,8,measured,13,151,0.011127,831537362.1859636,831537362.1859643,0.000000,"{""user_lock_acquisitions"": 0}",2026-08-12T06:30:16Z
exp2_scaling,synthetic,queue_agg,8,measured,25,152,0.012076,831537362.1859637,831537362.1859643,0.000000,"{""user_lock_acquisitions"": 0}",2026-08-12T06:30:16Z
exp2_scaling,synthetic,fp_sum_genexpr,8,measured,10,153,0.012734,831537362.1859645,831537362.1859643,0.000000,"{""user_lock_acquisitions"": 0}",2026-08-12T06:30:16Z
exp2_scaling,synthetic,coarse_lock,8,measured,21,154,0.010959,831537362.1859637,831537362.1859643,0.000000,"{""user_lock_acquisitions"": 8}",2026-08-12T06:30:16Z
exp2_scaling,synthetic,queue_agg,8,measured,23,155,0.010764,831537362.1859637,831537362.1859643,0.000000,"{""user_lock_acquisitions"": 0}",2026-08-12T06:30:16Z
exp2_scaling,synthetic,no_lock,8,measured,17,156,0.260780,194620424.8567097,831537362.1859643,76.595108,"{""user_lock_acquisitions"": 0}",2026-08-12T06:30:16Z
exp2_scaling,synthetic,no_lock,8,measured,4,157,0.253438,187331821.79987156,831537362.1859643,77.471629,"{""user_lock_acquisitions"": 0}",2026-08-12T06:30:16Z
exp2_scaling,synthetic,coarse_lock,8,measured,7,158,0.012432,831537362.1859637,831537362.1859643,0.000000,"{""user_lock_acquisitions"": 8}",2026-08-12T06:30:16Z
exp2_scaling,synthetic,fp_sum_genexpr,8,measured,2,159,0.012576,831537362.1859645,831537362.1859643,0.000000,"{""user_lock_acquisitions"": 0}",2026-08-12T06:30:16Z
exp2_scaling,synthetic,coarse_lock,8,measured,24,160,0.011403,831537362.1859636,831537362.1859643,0.000000,"{""user_lock_acquisitions"": 8}",2026-08-12T06:30:16Z
exp2_scaling,synthetic,queue_agg,8,measured,29,161,0.011225,831537362.1859636,831537362.1859643,0.000000,"{""user_lock_acquisitions"": 0}",2026-08-12T06:30:16Z
exp2_scaling,synthetic,coarse_lock,8,measured,18,162,0.011155,831537362.1859636,831537362.1859643,0.000000,"{""user_lock_acquisitions"": 8}",2026-08-12T06:30:16Z
exp2_scaling,synthetic,no_lock,8,measured,20,163,0.238902,197622116.55593395,831537362.1859643,76.234127,"{""user_lock_acquisitions"": 0}",2026-08-12T06:30:16Z
exp2_scaling,synthetic,imp_threadlocal,8,measured,12,164,0.011790,831537362.1859636,831537362.1859643,0.000000,"{""user_lock_acquisitions"": 0}",2026-08-12T06:30:17Z
exp2_scaling,synthetic,no_lock,8,measured,10,165,0.233559,184462876.61615402,831537362.1859643,77.816646,"{""user_lock_acquisitions"": 0}",2026-08-12T06:30:17Z
exp2_scaling,synthetic,coarse_lock,8,measured,4,166,0.012350,831537362.1859637,831537362.1859643,0.000000,"{""user_lock_acquisitions"": 8}",2026-08-12T06:30:17Z
exp2_scaling,synthetic,fp_sum_genexpr,8,measured,28,167,0.012663,831537362.1859645,831537362.1859643,0.000000,"{""user_lock_acquisitions"": 0}",2026-08-12T06:30:17Z
exp2_scaling,synthetic,batched_lock,8,measured,19,168,0.013741,831537362.1859635,831537362.1859643,0.000000,"{""user_lock_acquisitions"": 504}",2026-08-12T06:30:17Z
exp2_scaling,synthetic,no_lock,8,measured,23,169,0.238597,195094883.88265038,831537362.1859643,76.538050,"{""user_lock_acquisitions"": 0}",2026-08-12T06:30:17Z
exp2_scaling,synthetic,coarse_lock,8,measured,20,170,0.012166,831537362.1859637,831537362.1859643,0.000000,"{""user_lock_acquisitions"": 8}",2026-08-12T06:30:17Z
exp2_scaling,synthetic,fp_sum_genexpr,8,measured,19,171,0.012498,831537362.1859645,831537362.1859643,0.000000,"{""user_lock_acquisitions"": 0}",2026-08-12T06:30:17Z
exp2_scaling,synthetic,coarse_lock,8,measured,2,172,0.011845,831537362.1859637,831537362.1859643,0.000000,"{""user_lock_acquisitions"": 8}",2026-08-12T06:30:17Z
exp2_scaling,synthetic,imp_threadlocal,8,measured,25,173,0.012181,831537362.1859636,831537362.1859643,0.000000,"{""user_lock_acquisitions"": 0}",2026-08-12T06:30:17Z
exp2_scaling,synthetic,fp_sum_genexpr,8,measured,22,174,0.011988,831537362.1859645,831537362.1859643,0.000000,"{""user_lock_acquisitions"": 0}",2026-08-12T06:30:17Z
exp2_scaling,synthetic,fine_lock,8,measured,7,175,0.348257,831537362.1859821,831537362.1859643,0.000000,"{""user_lock_acquisitions"": 500000}",2026-08-12T06:30:17Z
exp2_scaling,synthetic,fp_reduce,8,measured,27,176,0.012160,831537362.1859636,831537362.1859643,0.000000,"{""user_lock_acquisitions"": 0}",2026-08-12T06:30:17Z
exp2_scaling,synthetic,queue_agg,8,measured,9,177,0.012280,831537362.1859636,831537362.1859643,0.000000,"{""user_lock_acquisitions"": 0}",2026-08-12T06:30:17Z
exp2_scaling,synthetic,fp_reduce,8,measured,6,178,0.011779,831537362.1859636,831537362.1859643,0.000000,"{""user_lock_acquisitions"": 0}",2026-08-12T06:30:17Z
exp2_scaling,synthetic,imp_threadlocal,8,measured,18,179,0.012483,831537362.1859636,831537362.1859643,0.000000,"{""user_lock_acquisitions"": 0}",2026-08-12T06:30:17Z
exp2_scaling,synthetic,coarse_lock,8,measured,29,180,0.012460,831537362.1859637,831537362.1859643,0.000000,"{""user_lock_acquisitions"": 8}",2026-08-12T06:30:17Z
exp2_scaling,synthetic,imp_threadlocal,8,measured,27,181,0.012070,831537362.1859636,831537362.1859643,0.000000,"{""user_lock_acquisitions"": 0}",2026-08-12T06:30:18Z
exp2_scaling,synthetic,fp_reduce,8,measured,9,182,0.012646,831537362.1859636,831537362.1859643,0.000000,"{""user_lock_acquisitions"": 0}",2026-08-12T06:30:18Z
exp2_scaling,synthetic,fine_lock,8,measured,17,183,0.354015,831537362.1859965,831537362.1859643,0.000000,"{""user_lock_acquisitions"": 500000}",2026-08-12T06:30:18Z
exp2_scaling,synthetic,coarse_lock,8,measured,16,184,0.011951,831537362.1859637,831537362.1859643,0.000000,"{""user_lock_acquisitions"": 8}",2026-08-12T06:30:18Z
exp2_scaling,synthetic,fp_reduce,8,measured,5,185,0.011546,831537362.1859636,831537362.1859643,0.000000,"{""user_lock_acquisitions"": 0}",2026-08-12T06:30:18Z
exp2_scaling,synthetic,fp_sum_genexpr,8,measured,20,186,0.012220,831537362.1859645,831537362.1859643,0.000000,"{""user_lock_acquisitions"": 0}",2026-08-12T06:30:18Z
exp2_scaling,synthetic,no_lock,8,measured,28,187,0.240901,187861393.568923,831537362.1859643,77.407943,"{""user_lock_acquisitions"": 0}",2026-08-12T06:30:18Z
exp2_scaling,synthetic,fine_lock,8,measured,4,188,0.327163,831537362.1859899,831537362.1859643,0.000000,"{""user_lock_acquisitions"": 500000}",2026-08-12T06:30:18Z
exp2_scaling,synthetic,queue_agg,8,measured,16,189,0.011853,831537362.1859637,831537362.1859643,0.000000,"{""user_lock_acquisitions"": 0}",2026-08-12T06:30:18Z
exp2_scaling,synthetic,batched_lock,8,measured,23,190,0.013841,831537362.1859633,831537362.1859643,0.000000,"{""user_lock_acquisitions"": 504}",2026-08-12T06:30:18Z
exp2_scaling,synthetic,fp_reduce,8,measured,8,191,0.012033,831537362.1859636,831537362.1859643,0.000000,"{""user_lock_acquisitions"": 0}",2026-08-12T06:30:19Z
exp2_scaling,synthetic,batched_lock,8,measured,25,192,0.013456,831537362.1859634,831537362.1859643,0.000000,"{""user_lock_acquisitions"": 504}",2026-08-12T06:30:19Z
exp2_scaling,synthetic,coarse_lock,8,measured,27,193,0.012390,831537362.1859637,831537362.1859643,0.000000,"{""user_lock_acquisitions"": 8}",2026-08-12T06:30:19Z
exp2_scaling,synthetic,fp_reduce,8,measured,16,194,0.012863,831537362.1859636,831537362.1859643,0.000000,"{""user_lock_acquisitions"": 0}",2026-08-12T06:30:19Z
exp2_scaling,synthetic,no_lock,8,measured,2,195,0.235708,194011822.0146034,831537362.1859643,76.668298,"{""user_lock_acquisitions"": 0}",2026-08-12T06:30:19Z
exp2_scaling,synthetic,fp_sum_genexpr,8,measured,1,196,0.011964,831537362.1859645,831537362.1859643,0.000000,"{""user_lock_acquisitions"": 0}",2026-08-12T06:30:19Z
exp2_scaling,synthetic,no_lock,8,measured,9,197,0.234255,188701194.34870416,831537362.1859643,77.306949,"{""user_lock_acquisitions"": 0}",2026-08-12T06:30:19Z
exp2_scaling,synthetic,fp_reduce,8,measured,7,198,0.011757,831537362.1859636,831537362.1859643,0.000000,"{""user_lock_acquisitions"": 0}",2026-08-12T06:30:19Z
exp2_scaling,synthetic,batched_lock,8,measured,18,199,0.012927,831537362.1859636,831537362.1859643,0.000000,"{""user_lock_acquisitions"": 504}",2026-08-12T06:30:19Z
exp2_scaling,synthetic,imp_threadlocal,8,measured,0,200,0.011769,831537362.1859636,831537362.1859643,0.000000,"{""user_lock_acquisitions"": 0}",2026-08-12T06:30:19Z
exp2_scaling,synthetic,fp_reduce,8,measured,18,201,0.012299,831537362.1859636,831537362.1859643,0.000000,"{""user_lock_acquisitions"": 0}",2026-08-12T06:30:19Z
exp2_scaling,synthetic,fine_lock,8,measured,0,202,0.313701,831537362.1859931,831537362.1859643,0.000000,"{""user_lock_acquisitions"": 500000}",2026-08-12T06:30:19Z
exp2_scaling,synthetic,imp_threadlocal,8,measured,29,203,0.012071,831537362.1859636,831537362.1859643,0.000000,"{""user_lock_acquisitions"": 0}",2026-08-12T06:30:19Z
exp2_scaling,synthetic,fp_reduce,8,measured,29,204,0.011806,831537362.1859636,831537362.1859643,0.000000,"{""user_lock_acquisitions"": 0}",2026-08-12T06:30:19Z
exp2_scaling,synthetic,queue_agg,8,measured,19,205,0.011804,831537362.1859636,831537362.1859643,0.000000,"{""user_lock_acquisitions"": 0}",2026-08-12T06:30:19Z
exp2_scaling,synthetic,imp_threadlocal,8,measured,14,206,0.011569,831537362.1859636,831537362.1859643,0.000000,"{""user_lock_acquisitions"": 0}",2026-08-12T06:30:19Z
exp2_scaling,synthetic,coarse_lock,8,measured,9,207,0.011718,831537362.1859637,831537362.1859643,0.000000,"{""user_lock_acquisitions"": 8}",2026-08-12T06:30:19Z
exp2_scaling,synthetic,coarse_lock,8,measured,14,208,0.011822,831537362.1859637,831537362.1859643,0.000000,"{""user_lock_acquisitions"": 8}",2026-08-12T06:30:19Z
exp2_scaling,synthetic,fp_sum_genexpr,8,measured,12,209,0.011890,831537362.1859645,831537362.1859643,0.000000,"{""user_lock_acquisitions"": 0}",2026-08-12T06:30:19Z
exp2_scaling,synthetic,fine_lock,8,measured,3,210,0.295884,831537362.1859885,831537362.1859643,0.000000,"{""user_lock_acquisitions"": 500000}",2026-08-12T06:30:20Z
exp2_scaling,synthetic,batched_lock,8,measured,8,211,0.012917,831537362.1859634,831537362.1859643,0.000000,"{""user_lock_acquisitions"": 504}",2026-08-12T06:30:20Z
exp2_scaling,synthetic,coarse_lock,8,measured,28,212,0.011849,831537362.1859636,831537362.1859643,0.000000,"{""user_lock_acquisitions"": 8}",2026-08-12T06:30:20Z
exp2_scaling,synthetic,imp_threadlocal,8,measured,6,213,0.011525,831537362.1859636,831537362.1859643,0.000000,"{""user_lock_acquisitions"": 0}",2026-08-12T06:30:20Z
exp2_scaling,synthetic,fp_reduce,8,measured,21,214,0.011755,831537362.1859636,831537362.1859643,0.000000,"{""user_lock_acquisitions"": 0}",2026-08-12T06:30:20Z
exp2_scaling,synthetic,coarse_lock,8,measured,19,215,0.012173,831537362.1859637,831537362.1859643,0.000000,"{""user_lock_acquisitions"": 8}",2026-08-12T06:30:20Z
exp2_scaling,synthetic,fp_sum_genexpr,8,measured,18,216,0.012190,831537362.1859645,831537362.1859643,0.000000,"{""user_lock_acquisitions"": 0}",2026-08-12T06:30:20Z
exp2_scaling,synthetic,no_lock,8,measured,15,217,0.239923,182379923.51059574,831537362.1859643,78.067140,"{""user_lock_acquisitions"": 0}",2026-08-12T06:30:20Z
exp2_scaling,synthetic,batched_lock,8,measured,17,218,0.013349,831537362.1859635,831537362.1859643,0.000000,"{""user_lock_acquisitions"": 504}",2026-08-12T06:30:20Z
exp2_scaling,synthetic,fp_reduce,8,measured,12,219,0.012263,831537362.1859636,831537362.1859643,0.000000,"{""user_lock_acquisitions"": 0}",2026-08-12T06:30:20Z
exp2_scaling,synthetic,no_lock,8,measured,18,220,0.228384,177379336.64152297,831537362.1859643,78.668507,"{""user_lock_acquisitions"": 0}",2026-08-12T06:30:20Z
exp2_scaling,synthetic,imp_threadlocal,8,measured,3,221,0.012176,831537362.1859636,831537362.1859643,0.000000,"{""user_lock_acquisitions"": 0}",2026-08-12T06:30:20Z
exp2_scaling,synthetic,coarse_lock,8,measured,23,222,0.012361,831537362.1859637,831537362.1859643,0.000000,"{""user_lock_acquisitions"": 8}",2026-08-12T06:30:20Z
exp2_scaling,synthetic,queue_agg,8,measured,5,223,0.012458,831537362.1859639,831537362.1859643,0.000000,"{""user_lock_acquisitions"": 0}",2026-08-12T06:30:20Z
exp2_scaling,synthetic,fp_reduce,8,measured,1,224,0.012307,831537362.1859636,831537362.1859643,0.000000,"{""user_lock_acquisitions"": 0}",2026-08-12T06:30:20Z
exp2_scaling,synthetic,batched_lock,8,measured,6,225,0.013127,831537362.1859635,831537362.1859643,0.000000,"{""user_lock_acquisitions"": 504}",2026-08-12T06:30:20Z
exp2_scaling,synthetic,fp_sum_genexpr,8,measured,3,226,0.012068,831537362.1859645,831537362.1859643,0.000000,"{""user_lock_acquisitions"": 0}",2026-08-12T06:30:20Z
exp2_scaling,synthetic,fine_lock,8,measured,27,227,0.307816,831537362.1859865,831537362.1859643,0.000000,"{""user_lock_acquisitions"": 500000}",2026-08-12T06:30:21Z
exp2_scaling,synthetic,queue_agg,8,measured,17,228,0.011532,831537362.1859639,831537362.1859643,0.000000,"{""user_lock_acquisitions"": 0}",2026-08-12T06:30:21Z
exp2_scaling,synthetic,no_lock,8,measured,21,229,0.226529,181070672.3634052,831537362.1859643,78.224590,"{""user_lock_acquisitions"": 0}",2026-08-12T06:30:21Z
exp2_scaling,synthetic,batched_lock,8,measured,26,230,0.013176,831537362.1859636,831537362.1859643,0.000000,"{""user_lock_acquisitions"": 504}",2026-08-12T06:30:21Z
exp2_scaling,synthetic,fp_sum_genexpr,8,measured,6,231,0.012665,831537362.1859645,831537362.1859643,0.000000,"{""user_lock_acquisitions"": 0}",2026-08-12T06:30:21Z
exp2_scaling,synthetic,no_lock,8,measured,1,232,0.241787,194595848.958036,831537362.1859643,76.598063,"{""user_lock_acquisitions"": 0}",2026-08-12T06:30:21Z
exp2_scaling,synthetic,fine_lock,8,measured,23,233,0.345988,831537362.1859909,831537362.1859643,0.000000,"{""user_lock_acquisitions"": 500000}",2026-08-12T06:30:22Z
exp2_scaling,synthetic,coarse_lock,8,measured,6,234,0.012336,831537362.1859637,831537362.1859643,0.000000,"{""user_lock_acquisitions"": 8}",2026-08-12T06:30:22Z
exp2_scaling,synthetic,queue_agg,8,measured,2,235,0.011653,831537362.1859636,831537362.1859643,0.000000,"{""user_lock_acquisitions"": 0}",2026-08-12T06:30:22Z
exp2_scaling,synthetic,imp_threadlocal,8,measured,1,236,0.011391,831537362.1859636,831537362.1859643,0.000000,"{""user_lock_acquisitions"": 0}",2026-08-12T06:30:22Z
exp2_scaling,synthetic,coarse_lock,8,measured,11,237,0.012445,831537362.1859637,831537362.1859643,0.000000,"{""user_lock_acquisitions"": 8}",2026-08-12T06:30:22Z
exp2_scaling,synthetic,imp_threadlocal,8,measured,7,238,0.011935,831537362.1859636,831537362.1859643,0.000000,"{""user_lock_acquisitions"": 0}",2026-08-12T06:30:22Z
exp2_scaling,synthetic,no_lock,8,measured,25,239,0.234597,182966724.76709703,831537362.1859643,77.996572,"{""user_lock_acquisitions"": 0}",2026-08-12T06:30:22Z
exp2_scaling,synthetic,batched_lock,8,measured,7,240,0.013381,831537362.1859636,831537362.1859643,0.000000,"{""user_lock_acquisitions"": 504}",2026-08-12T06:30:22Z
exp2_scaling,synthetic,no_lock,8,measured,19,241,0.231357,184490561.95756382,831537362.1859643,77.813317,"{""user_lock_acquisitions"": 0}",2026-08-12T06:30:22Z
exp2_scaling,synthetic,fp_sum_genexpr,8,measured,25,242,0.012429,831537362.1859645,831537362.1859643,0.000000,"{""user_lock_acquisitions"": 0}",2026-08-12T06:30:22Z
exp2_scaling,synthetic,coarse_lock,8,measured,3,243,0.011786,831537362.1859636,831537362.1859643,0.000000,"{""user_lock_acquisitions"": 8}",2026-08-12T06:30:22Z
exp2_scaling,synthetic,queue_agg,8,measured,7,244,0.012269,831537362.1859637,831537362.1859643,0.000000,"{""user_lock_acquisitions"": 0}",2026-08-12T06:30:22Z
exp2_scaling,synthetic,fp_reduce,8,measured,2,245,0.013310,831537362.1859636,831537362.1859643,0.000000,"{""user_lock_acquisitions"": 0}",2026-08-12T06:30:22Z
exp2_scaling,synthetic,no_lock,8,measured,27,246,0.232137,189727680.42526639,831537362.1859643,77.183505,"{""user_lock_acquisitions"": 0}",2026-08-12T06:30:22Z
exp2_scaling,synthetic,coarse_lock,8,measured,17,247,0.011719,831537362.1859637,831537362.1859643,0.000000,"{""user_lock_acquisitions"": 8}",2026-08-12T06:30:22Z
exp2_scaling,synthetic,fp_sum_genexpr,8,measured,4,248,0.012540,831537362.1859645,831537362.1859643,0.000000,"{""user_lock_acquisitions"": 0}",2026-08-12T06:30:22Z
exp2_scaling,synthetic,coarse_lock,8,measured,1,249,0.011665,831537362.1859637,831537362.1859643,0.000000,"{""user_lock_acquisitions"": 8}",2026-08-12T06:30:22Z
exp2_scaling,synthetic,no_lock,8,measured,12,250,0.222841,186997979.78856355,831537362.1859643,77.511777,"{""user_lock_acquisitions"": 0}",2026-08-12T06:30:23Z
exp2_scaling,synthetic,imp_threadlocal,8,measured,8,251,0.012313,831537362.1859636,831537362.1859643,0.000000,"{""user_lock_acquisitions"": 0}",2026-08-12T06:30:23Z
exp2_scaling,synthetic,fp_reduce,8,measured,24,252,0.011200,831537362.1859636,831537362.1859643,0.000000,"{""user_lock_acquisitions"": 0}",2026-08-12T06:30:23Z
exp2_scaling,synthetic,coarse_lock,8,measured,5,253,0.011810,831537362.1859637,831537362.1859643,0.000000,"{""user_lock_acquisitions"": 8}",2026-08-12T06:30:23Z
exp2_scaling,synthetic,fp_sum_genexpr,8,measured,27,254,0.012538,831537362.1859645,831537362.1859643,0.000000,"{""user_lock_acquisitions"": 0}",2026-08-12T06:30:23Z
exp2_scaling,synthetic,fp_reduce,8,measured,20,255,0.011755,831537362.1859636,831537362.1859643,0.000000,"{""user_lock_acquisitions"": 0}",2026-08-12T06:30:23Z
exp2_scaling,synthetic,queue_agg,8,measured,0,256,0.011072,831537362.1859636,831537362.1859643,0.000000,"{""user_lock_acquisitions"": 0}",2026-08-12T06:30:23Z
exp2_scaling,synthetic,queue_agg,8,measured,21,257,0.011936,831537362.1859636,831537362.1859643,0.000000,"{""user_lock_acquisitions"": 0}",2026-08-12T06:30:23Z
exp2_scaling,synthetic,batched_lock,8,measured,21,258,0.013449,831537362.1859635,831537362.1859643,0.000000,"{""user_lock_acquisitions"": 504}",2026-08-12T06:30:23Z
exp2_scaling,synthetic,imp_threadlocal,8,measured,11,259,0.011849,831537362.1859636,831537362.1859643,0.000000,"{""user_lock_acquisitions"": 0}",2026-08-12T06:30:23Z
exp2_scaling,synthetic,fp_sum_genexpr,8,measured,21,260,0.012164,831537362.1859645,831537362.1859643,0.000000,"{""user_lock_acquisitions"": 0}",2026-08-12T06:30:23Z
exp2_scaling,synthetic,queue_agg,8,measured,10,261,0.011817,831537362.1859636,831537362.1859643,0.000000,"{""user_lock_acquisitions"": 0}",2026-08-12T06:30:23Z
exp2_scaling,synthetic,fine_lock,8,measured,19,262,0.321928,831537362.185988,831537362.1859643,0.000000,"{""user_lock_acquisitions"": 500000}",2026-08-12T06:30:23Z
exp2_scaling,synthetic,fine_lock,8,measured,11,263,0.304084,831537362.1859852,831537362.1859643,0.000000,"{""user_lock_acquisitions"": 500000}",2026-08-12T06:30:23Z
exp2_scaling,synthetic,imp_threadlocal,10,warmup,2,0,0.011277,831537362.1859647,831537362.1859643,0.000000,"{""user_lock_acquisitions"": 0}",2026-08-12T06:30:23Z
exp2_scaling,synthetic,coarse_lock,10,warmup,2,1,0.010229,831537362.1859648,831537362.1859643,0.000000,"{""user_lock_acquisitions"": 10}",2026-08-12T06:30:23Z
exp2_scaling,synthetic,no_lock,10,warmup,0,2,0.354033,159324087.6501186,831537362.1859643,80.839816,"{""user_lock_acquisitions"": 0}",2026-08-12T06:30:24Z
exp2_scaling,synthetic,fp_sum_genexpr,10,warmup,2,3,0.011398,831537362.1859643,831537362.1859643,0.000000,"{""user_lock_acquisitions"": 0}",2026-08-12T06:30:24Z
exp2_scaling,synthetic,queue_agg,10,warmup,2,4,0.009518,831537362.1859648,831537362.1859643,0.000000,"{""user_lock_acquisitions"": 0}",2026-08-12T06:30:24Z
exp2_scaling,synthetic,fine_lock,10,warmup,0,5,0.422532,831537362.1859912,831537362.1859643,0.000000,"{""user_lock_acquisitions"": 500000}",2026-08-12T06:30:24Z
exp2_scaling,synthetic,fine_lock,10,warmup,2,6,0.442782,831537362.1859862,831537362.1859643,0.000000,"{""user_lock_acquisitions"": 500000}",2026-08-12T06:30:25Z
exp2_scaling,synthetic,imp_threadlocal,10,warmup,0,7,0.010548,831537362.1859647,831537362.1859643,0.000000,"{""user_lock_acquisitions"": 0}",2026-08-12T06:30:25Z
exp2_scaling,synthetic,batched_lock,10,warmup,2,8,0.011058,831537362.1859647,831537362.1859643,0.000000,"{""user_lock_acquisitions"": 500}",2026-08-12T06:30:25Z
exp2_scaling,synthetic,queue_agg,10,warmup,1,9,0.010147,831537362.1859647,831537362.1859643,0.000000,"{""user_lock_acquisitions"": 0}",2026-08-12T06:30:25Z
exp2_scaling,synthetic,no_lock,10,warmup,2,10,0.308098,156665408.0327469,831537362.1859643,81.159547,"{""user_lock_acquisitions"": 0}",2026-08-12T06:30:25Z
exp2_scaling,synthetic,fp_sum_genexpr,10,warmup,0,11,0.011316,831537362.1859643,831537362.1859643,0.000000,"{""user_lock_acquisitions"": 0}",2026-08-12T06:30:25Z
exp2_scaling,synthetic,fp_reduce,10,warmup,1,12,0.009954,831537362.1859647,831537362.1859643,0.000000,"{""user_lock_acquisitions"": 0}",2026-08-12T06:30:25Z
exp2_scaling,synthetic,coarse_lock,10,warmup,0,13,0.010412,831537362.1859647,831537362.1859643,0.000000,"{""user_lock_acquisitions"": 10}",2026-08-12T06:30:25Z
exp2_scaling,synthetic,fp_reduce,10,warmup,2,14,0.011124,831537362.1859647,831537362.1859643,0.000000,"{""user_lock_acquisitions"": 0}",2026-08-12T06:30:25Z
exp2_scaling,synthetic,fine_lock,10,warmup,1,15,0.403439,831537362.1859845,831537362.1859643,0.000000,"{""user_lock_acquisitions"": 500000}",2026-08-12T06:30:25Z
exp2_scaling,synthetic,batched_lock,10,warmup,0,16,0.012383,831537362.1859647,831537362.1859643,0.000000,"{""user_lock_acquisitions"": 500}",2026-08-12T06:30:25Z
exp2_scaling,synthetic,fp_reduce,10,warmup,0,17,0.010488,831537362.1859647,831537362.1859643,0.000000,"{""user_lock_acquisitions"": 0}",2026-08-12T06:30:25Z
exp2_scaling,synthetic,coarse_lock,10,warmup,1,18,0.010857,831537362.1859648,831537362.1859643,0.000000,"{""user_lock_acquisitions"": 10}",2026-08-12T06:30:26Z
exp2_scaling,synthetic,imp_threadlocal,10,warmup,1,19,0.009870,831537362.1859647,831537362.1859643,0.000000,"{""user_lock_acquisitions"": 0}",2026-08-12T06:30:26Z
exp2_scaling,synthetic,queue_agg,10,warmup,0,20,0.010245,831537362.1859647,831537362.1859643,0.000000,"{""user_lock_acquisitions"": 0}",2026-08-12T06:30:26Z
exp2_scaling,synthetic,no_lock,10,warmup,1,21,0.351235,165654709.00220746,831537362.1859643,80.078501,"{""user_lock_acquisitions"": 0}",2026-08-12T06:30:26Z
exp2_scaling,synthetic,batched_lock,10,warmup,1,22,0.012332,831537362.1859643,831537362.1859643,0.000000,"{""user_lock_acquisitions"": 500}",2026-08-12T06:30:26Z
exp2_scaling,synthetic,fp_sum_genexpr,10,warmup,1,23,0.011896,831537362.1859643,831537362.1859643,0.000000,"{""user_lock_acquisitions"": 0}",2026-08-12T06:30:26Z
exp2_scaling,synthetic,batched_lock,10,measured,23,24,0.011888,831537362.1859645,831537362.1859643,0.000000,"{""user_lock_acquisitions"": 500}",2026-08-12T06:30:26Z
exp2_scaling,synthetic,fp_reduce,10,measured,19,25,0.009423,831537362.1859647,831537362.1859643,0.000000,"{""user_lock_acquisitions"": 0}",2026-08-12T06:30:26Z
exp2_scaling,synthetic,batched_lock,10,measured,13,26,0.011275,831537362.1859642,831537362.1859643,0.000000,"{""user_lock_acquisitions"": 500}",2026-08-12T06:30:26Z
exp2_scaling,synthetic,no_lock,10,measured,27,27,0.314284,160480653.78637123,831537362.1859643,80.700728,"{""user_lock_acquisitions"": 0}",2026-08-12T06:30:26Z
exp2_scaling,synthetic,batched_lock,10,measured,12,28,0.011716,831537362.1859643,831537362.1859643,0.000000,"{""user_lock_acquisitions"": 500}",2026-08-12T06:30:26Z
exp2_scaling,synthetic,no_lock,10,measured,0,29,0.327921,159974130.6218677,831537362.1859643,80.761642,"{""user_lock_acquisitions"": 0}",2026-08-12T06:30:27Z
exp2_scaling,synthetic,fp_reduce,10,measured,17,30,0.011185,831537362.1859647,831537362.1859643,0.000000,"{""user_lock_acquisitions"": 0}",2026-08-12T06:30:27Z
exp2_scaling,synthetic,fp_sum_genexpr,10,measured,10,31,0.010692,831537362.1859643,831537362.1859643,0.000000,"{""user_lock_acquisitions"": 0}",2026-08-12T06:30:27Z
exp2_scaling,synthetic,no_lock,10,measured,15,32,0.335496,161177504.88203213,831537362.1859643,80.616926,"{""user_lock_acquisitions"": 0}",2026-08-12T06:30:27Z
exp2_scaling,synthetic,batched_lock,10,measured,9,33,0.011855,831537362.1859645,831537362.1859643,0.000000,"{""user_lock_acquisitions"": 500}",2026-08-12T06:30:27Z
exp2_scaling,synthetic,fine_lock,10,measured,24,34,0.434663,831537362.1859851,831537362.1859643,0.000000,"{""user_lock_acquisitions"": 500000}",2026-08-12T06:30:27Z
exp2_scaling,synthetic,imp_threadlocal,10,measured,0,35,0.009984,831537362.1859647,831537362.1859643,0.000000,"{""user_lock_acquisitions"": 0}",2026-08-12T06:30:27Z
exp2_scaling,synthetic,imp_threadlocal,10,measured,5,36,0.010083,831537362.1859647,831537362.1859643,0.000000,"{""user_lock_acquisitions"": 0}",2026-08-12T06:30:27Z
exp2_scaling,synthetic,coarse_lock,10,measured,5,37,0.010386,831537362.1859648,831537362.1859643,0.000000,"{""user_lock_acquisitions"": 10}",2026-08-12T06:30:27Z
exp2_scaling,synthetic,imp_threadlocal,10,measured,6,38,0.010678,831537362.1859647,831537362.1859643,0.000000,"{""user_lock_acquisitions"": 0}",2026-08-12T06:30:27Z
exp2_scaling,synthetic,queue_agg,10,measured,24,39,0.009947,831537362.1859648,831537362.1859643,0.000000,"{""user_lock_acquisitions"": 0}",2026-08-12T06:30:27Z
exp2_scaling,synthetic,queue_agg,10,measured,10,40,0.009420,831537362.1859648,831537362.1859643,0.000000,"{""user_lock_acquisitions"": 0}",2026-08-12T06:30:27Z
exp2_scaling,synthetic,fp_reduce,10,measured,14,41,0.009706,831537362.1859647,831537362.1859643,0.000000,"{""user_lock_acquisitions"": 0}",2026-08-12T06:30:27Z
exp2_scaling,synthetic,coarse_lock,10,measured,28,42,0.009912,831537362.1859648,831537362.1859643,0.000000,"{""user_lock_acquisitions"": 10}",2026-08-12T06:30:27Z
exp2_scaling,synthetic,fp_sum_genexpr,10,measured,1,43,0.010334,831537362.1859643,831537362.1859643,0.000000,"{""user_lock_acquisitions"": 0}",2026-08-12T06:30:27Z
exp2_scaling,synthetic,no_lock,10,measured,13,44,0.327602,154690380.95172238,831537362.1859643,81.397062,"{""user_lock_acquisitions"": 0}",2026-08-12T06:30:28Z
exp2_scaling,synthetic,fine_lock,10,measured,20,45,0.406272,831537362.1859869,831537362.1859643,0.000000,"{""user_lock_acquisitions"": 500000}",2026-08-12T06:30:28Z
exp2_scaling,synthetic,no_lock,10,measured,2,46,0.309622,157179231.30253538,831537362.1859643,81.097755,"{""user_lock_acquisitions"": 0}",2026-08-12T06:30:29Z
exp2_scaling,synthetic,coarse_lock,10,measured,22,47,0.010957,831537362.1859648,831537362.1859643,0.000000,"{""user_lock_acquisitions"": 10}",2026-08-12T06:30:29Z
exp2_scaling,synthetic,fp_reduce,10,measured,5,48,0.009864,831537362.1859647,831537362.1859643,0.000000,"{""user_lock_acquisitions"": 0}",2026-08-12T06:30:29Z
exp2_scaling,synthetic,fp_reduce,10,measured,2,49,0.011331,831537362.1859647,831537362.1859643,0.000000,"{""user_lock_acquisitions"": 0}",2026-08-12T06:30:29Z
exp2_scaling,synthetic,batched_lock,10,measured,24,50,0.011089,831537362.1859647,831537362.1859643,0.000000,"{""user_lock_acquisitions"": 500}",2026-08-12T06:30:29Z
exp2_scaling,synthetic,fine_lock,10,measured,25,51,0.390864,831537362.1859871,831537362.1859643,0.000000,"{""user_lock_acquisitions"": 500000}",2026-08-12T06:30:29Z
exp2_scaling,synthetic,imp_threadlocal,10,measured,19,52,0.011840,831537362.1859647,831537362.1859643,0.000000,"{""user_lock_acquisitions"": 0}",2026-08-12T06:30:29Z
exp2_scaling,synthetic,queue_agg,10,measured,13,53,0.011169,831537362.1859648,831537362.1859643,0.000000,"{""user_lock_acquisitions"": 0}",2026-08-12T06:30:29Z
exp2_scaling,synthetic,no_lock,10,measured,16,54,0.341862,159954527.12046716,831537362.1859643,80.764000,"{""user_lock_acquisitions"": 0}",2026-08-12T06:30:29Z
exp2_scaling,synthetic,coarse_lock,10,measured,1,55,0.010799,831537362.1859648,831537362.1859643,0.000000,"{""user_lock_acquisitions"": 10}",2026-08-12T06:30:29Z
exp2_scaling,synthetic,no_lock,10,measured,18,56,0.303887,162380820.99982274,831537362.1859643,80.472216,"{""user_lock_acquisitions"": 0}",2026-08-12T06:30:30Z
exp2_scaling,synthetic,fine_lock,10,measured,12,57,0.428053,831537362.1859851,831537362.1859643,0.000000,"{""user_lock_acquisitions"": 500000}",2026-08-12T06:30:30Z
exp2_scaling,synthetic,batched_lock,10,measured,25,58,0.012875,831537362.1859645,831537362.1859643,0.000000,"{""user_lock_acquisitions"": 500}",2026-08-12T06:30:30Z
exp2_scaling,synthetic,batched_lock,10,measured,17,59,0.011085,831537362.1859647,831537362.1859643,0.000000,"{""user_lock_acquisitions"": 500}",2026-08-12T06:30:30Z
exp2_scaling,synthetic,batched_lock,10,measured,27,60,0.011116,831537362.1859645,831537362.1859643,0.000000,"{""user_lock_acquisitions"": 500}",2026-08-12T06:30:30Z
exp2_scaling,synthetic,imp_threadlocal,10,measured,20,61,0.009658,831537362.1859647,831537362.1859643,0.000000,"{""user_lock_acquisitions"": 0}",2026-08-12T06:30:30Z
exp2_scaling,synthetic,coarse_lock,10,measured,11,62,0.009682,831537362.1859647,831537362.1859643,0.000000,"{""user_lock_acquisitions"": 10}",2026-08-12T06:30:30Z
exp2_scaling,synthetic,batched_lock,10,measured,0,63,0.011712,831537362.1859643,831537362.1859643,0.000000,"{""user_lock_acquisitions"": 500}",2026-08-12T06:30:30Z
exp2_scaling,synthetic,imp_threadlocal,10,measured,12,64,0.009744,831537362.1859647,831537362.1859643,0.000000,"{""user_lock_acquisitions"": 0}",2026-08-12T06:30:30Z
exp2_scaling,synthetic,fine_lock,10,measured,2,65,0.399245,831537362.1859851,831537362.1859643,0.000000,"{""user_lock_acquisitions"": 500000}",2026-08-12T06:30:31Z
exp2_scaling,synthetic,batched_lock,10,measured,28,66,0.012422,831537362.1859643,831537362.1859643,0.000000,"{""user_lock_acquisitions"": 500}",2026-08-12T06:30:31Z
exp2_scaling,synthetic,no_lock,10,measured,21,67,0.319030,163846441.72763515,831537362.1859643,80.295962,"{""user_lock_acquisitions"": 0}",2026-08-12T06:30:31Z
exp2_scaling,synthetic,batched_lock,10,measured,3,68,0.011883,831537362.1859643,831537362.1859643,0.000000,"{""user_lock_acquisitions"": 500}",2026-08-12T06:30:31Z
exp2_scaling,synthetic,no_lock,10,measured,26,69,0.328888,160127254.8219147,831537362.1859643,80.743228,"{""user_lock_acquisitions"": 0}",2026-08-12T06:30:31Z
exp2_scaling,synthetic,batched_lock,10,measured,16,70,0.012041,831537362.1859645,831537362.1859643,0.000000,"{""user_lock_acquisitions"": 500}",2026-08-12T06:30:31Z
exp2_scaling,synthetic,fp_sum_genexpr,10,measured,27,71,0.012183,831537362.1859643,831537362.1859643,0.000000,"{""user_lock_acquisitions"": 0}",2026-08-12T06:30:31Z
exp2_scaling,synthetic,fp_reduce,10,measured,0,72,0.010764,831537362.1859647,831537362.1859643,0.000000,"{""user_lock_acquisitions"": 0}",2026-08-12T06:30:31Z
exp2_scaling,synthetic,queue_agg,10,measured,19,73,0.010183,831537362.1859648,831537362.1859643,0.000000,"{""user_lock_acquisitions"": 0}",2026-08-12T06:30:31Z
exp2_scaling,synthetic,queue_agg,10,measured,21,74,0.010574,831537362.1859647,831537362.1859643,0.000000,"{""user_lock_acquisitions"": 0}",2026-08-12T06:30:31Z
exp2_scaling,synthetic,coarse_lock,10,measured,13,75,0.010388,831537362.1859647,831537362.1859643,0.000000,"{""user_lock_acquisitions"": 10}",2026-08-12T06:30:31Z
exp2_scaling,synthetic,no_lock,10,measured,5,76,0.295661,164429759.73800278,831537362.1859643,80.225812,"{""user_lock_acquisitions"": 0}",2026-08-12T06:30:32Z
exp2_scaling,synthetic,imp_threadlocal,10,measured,18,77,0.011327,831537362.1859647,831537362.1859643,0.000000,"{""user_lock_acquisitions"": 0}",2026-08-12T06:30:32Z
exp2_scaling,synthetic,no_lock,10,measured,10,78,0.320124,162918371.1140039,831537362.1859643,80.407571,"{""user_lock_acquisitions"": 0}",2026-08-12T06:30:32Z
exp2_scaling,synthetic,fp_reduce,10,measured,3,79,0.011037,831537362.1859647,831537362.1859643,0.000000,"{""user_lock_acquisitions"": 0}",2026-08-12T06:30:32Z
exp2_scaling,synthetic,coarse_lock,10,measured,2,80,0.010221,831537362.1859648,831537362.1859643,0.000000,"{""user_lock_acquisitions"": 10}",2026-08-12T06:30:32Z
exp2_scaling,synthetic,fp_sum_genexpr,10,measured,17,81,0.010769,831537362.1859643,831537362.1859643,0.000000,"{""user_lock_acquisitions"": 0}",2026-08-12T06:30:32Z
exp2_scaling,synthetic,batched_lock,10,measured,2,82,0.011260,831537362.1859646,831537362.1859643,0.000000,"{""user_lock_acquisitions"": 500}",2026-08-12T06:30:32Z
exp2_scaling,synthetic,batched_lock,10,measured,10,83,0.010880,831537362.1859646,831537362.1859643,0.000000,"{""user_lock_acquisitions"": 500}",2026-08-12T06:30:32Z
exp2_scaling,synthetic,fp_reduce,10,measured,6,84,0.010113,831537362.1859647,831537362.1859643,0.000000,"{""user_lock_acquisitions"": 0}",2026-08-12T06:30:32Z
exp2_scaling,synthetic,fp_sum_genexpr,10,measured,9,85,0.011160,831537362.1859643,831537362.1859643,0.000000,"{""user_lock_acquisitions"": 0}",2026-08-12T06:30:32Z
exp2_scaling,synthetic,coarse_lock,10,measured,10,86,0.009591,831537362.185965,831537362.1859643,0.000000,"{""user_lock_acquisitions"": 10}",2026-08-12T06:30:32Z
exp2_scaling,synthetic,batched_lock,10,measured,18,87,0.012083,831537362.1859645,831537362.1859643,0.000000,"{""user_lock_acquisitions"": 500}",2026-08-12T06:30:32Z
exp2_scaling,synthetic,imp_threadlocal,10,measured,4,88,0.010259,831537362.1859647,831537362.1859643,0.000000,"{""user_lock_acquisitions"": 0}",2026-08-12T06:30:32Z
exp2_scaling,synthetic,coarse_lock,10,measured,19,89,0.010591,831537362.1859648,831537362.1859643,0.000000,"{""user_lock_acquisitions"": 10}",2026-08-12T06:30:32Z
exp2_scaling,synthetic,no_lock,10,measured,9,90,0.344296,151475940.93899718,831537362.1859643,81.783628,"{""user_lock_acquisitions"": 0}",2026-08-12T06:30:32Z
exp2_scaling,synthetic,fp_sum_genexpr,10,measured,25,91,0.010799,831537362.1859643,831537362.1859643,0.000000,"{""user_lock_acquisitions"": 0}",2026-08-12T06:30:32Z
exp2_scaling,synthetic,coarse_lock,10,measured,20,92,0.010802,831537362.1859648,831537362.1859643,0.000000,"{""user_lock_acquisitions"": 10}",2026-08-12T06:30:32Z
exp2_scaling,synthetic,no_lock,10,measured,29,93,0.329802,162207302.2829098,831537362.1859643,80.493083,"{""user_lock_acquisitions"": 0}",2026-08-12T06:30:33Z
exp2_scaling,synthetic,coarse_lock,10,measured,15,94,0.010992,831537362.1859647,831537362.1859643,0.000000,"{""user_lock_acquisitions"": 10}",2026-08-12T06:30:33Z
exp2_scaling,synthetic,coarse_lock,10,measured,25,95,0.009771,831537362.1859647,831537362.1859643,0.000000,"{""user_lock_acquisitions"": 10}",2026-08-12T06:30:33Z
exp2_scaling,synthetic,fp_sum_genexpr,10,measured,19,96,0.010350,831537362.1859643,831537362.1859643,0.000000,"{""user_lock_acquisitions"": 0}",2026-08-12T06:30:33Z
exp2_scaling,synthetic,coarse_lock,10,measured,29,97,0.010578,831537362.1859647,831537362.1859643,0.000000,"{""user_lock_acquisitions"": 10}",2026-08-12T06:30:33Z
exp2_scaling,synthetic,imp_threadlocal,10,measured,10,98,0.011353,831537362.1859647,831537362.1859643,0.000000,"{""user_lock_acquisitions"": 0}",2026-08-12T06:30:33Z
exp2_scaling,synthetic,imp_threadlocal,10,measured,22,99,0.010446,831537362.1859647,831537362.1859643,0.000000,"{""user_lock_acquisitions"": 0}",2026-08-12T06:30:33Z
exp2_scaling,synthetic,batched_lock,10,measured,19,100,0.011164,831537362.1859646,831537362.1859643,0.000000,"{""user_lock_acquisitions"": 500}",2026-08-12T06:30:33Z
exp2_scaling,synthetic,no_lock,10,measured,25,101,0.302879,163963195.70759022,831537362.1859643,80.281921,"{""user_lock_acquisitions"": 0}",2026-08-12T06:30:33Z
exp2_scaling,synthetic,no_lock,10,measured,28,102,0.335733,152288978.88827989,831537362.1859643,81.685853,"{""user_lock_acquisitions"": 0}",2026-08-12T06:30:33Z
exp2_scaling,synthetic,fp_sum_genexpr,10,measured,29,103,0.011363,831537362.1859643,831537362.1859643,0.000000,"{""user_lock_acquisitions"": 0}",2026-08-12T06:30:33Z
exp2_scaling,synthetic,queue_agg,10,measured,17,104,0.010755,831537362.1859647,831537362.1859643,0.000000,"{""user_lock_acquisitions"": 0}",2026-08-12T06:30:33Z
exp2_scaling,synthetic,queue_agg,10,measured,14,105,0.010484,831537362.1859647,831537362.1859643,0.000000,"{""user_lock_acquisitions"": 0}",2026-08-12T06:30:33Z
exp2_scaling,synthetic,fine_lock,10,measured,22,106,0.441731,831537362.185994,831537362.1859643,0.000000,"{""user_lock_acquisitions"": 500000}",2026-08-12T06:30:34Z
exp2_scaling,synthetic,batched_lock,10,measured,8,107,0.011855,831537362.1859646,831537362.1859643,0.000000,"{""user_lock_acquisitions"": 500}",2026-08-12T06:30:34Z
exp2_scaling,synthetic,coarse_lock,10,measured,27,108,0.011589,831537362.1859648,831537362.1859643,0.000000,"{""user_lock_acquisitions"": 10}",2026-08-12T06:30:34Z
exp2_scaling,synthetic,no_lock,10,measured,1,109,0.311490,159534988.05154967,831537362.1859643,80.814453,"{""user_lock_acquisitions"": 0}",2026-08-12T06:30:34Z
exp2_scaling,synthetic,queue_agg,10,measured,25,110,0.010527,831537362.1859648,831537362.1859643,0.000000,"{""user_lock_acquisitions"": 0}",2026-08-12T06:30:34Z
exp2_scaling,synthetic,queue_agg,10,measured,18,111,0.010131,831537362.1859647,831537362.1859643,0.000000,"{""user_lock_acquisitions"": 0}",2026-08-12T06:30:34Z
exp2_scaling,synthetic,fine_lock,10,measured,6,112,0.414743,831537362.185986,831537362.1859643,0.000000,"{""user_lock_acquisitions"": 500000}",2026-08-12T06:30:35Z
exp2_scaling,synthetic,no_lock,10,measured,11,113,0.344089,161129109.0774056,831537362.1859643,80.622746,"{""user_lock_acquisitions"": 0}",2026-08-12T06:30:35Z
exp2_scaling,synthetic,fine_lock,10,measured,11,114,0.400633,831537362.1859833,831537362.1859643,0.000000,"{""user_lock_acquisitions"": 500000}",2026-08-12T06:30:35Z
exp2_scaling,synthetic,fine_lock,10,measured,1,115,0.378924,831537362.1859844,831537362.1859643,0.000000,"{""user_lock_acquisitions"": 500000}",2026-08-12T06:30:36Z
exp2_scaling,synthetic,imp_threadlocal,10,measured,1,116,0.010553,831537362.1859647,831537362.1859643,0.000000,"{""user_lock_acquisitions"": 0}",2026-08-12T06:30:36Z
exp2_scaling,synthetic,fp_sum_genexpr,10,measured,16,117,0.011628,831537362.1859643,831537362.1859643,0.000000,"{""user_lock_acquisitions"": 0}",2026-08-12T06:30:36Z
exp2_scaling,synthetic,imp_threadlocal,10,measured,26,118,0.009534,831537362.1859647,831537362.1859643,0.000000,"{""user_lock_acquisitions"": 0}",2026-08-12T06:30:36Z
exp2_scaling,synthetic,imp_threadlocal,10,measured,27,119,0.010576,831537362.1859647,831537362.1859643,0.000000,"{""user_lock_acquisitions"": 0}",2026-08-12T06:30:36Z
exp2_scaling,synthetic,fine_lock,10,measured,23,120,0.451095,831537362.1859884,831537362.1859643,0.000000,"{""user_lock_acquisitions"": 500000}",2026-08-12T06:30:36Z
exp2_scaling,synthetic,queue_agg,10,measured,23,121,0.010503,831537362.1859648,831537362.1859643,0.000000,"{""user_lock_acquisitions"": 0}",2026-08-12T06:30:36Z
exp2_scaling,synthetic,fp_sum_genexpr,10,measured,2,122,0.011423,831537362.1859643,831537362.1859643,0.000000,"{""user_lock_acquisitions"": 0}",2026-08-12T06:30:36Z
exp2_scaling,synthetic,fp_sum_genexpr,10,measured,3,123,0.011085,831537362.1859643,831537362.1859643,0.000000,"{""user_lock_acquisitions"": 0}",2026-08-12T06:30:36Z
exp2_scaling,synthetic,coarse_lock,10,measured,7,124,0.010004,831537362.1859648,831537362.1859643,0.000000,"{""user_lock_acquisitions"": 10}",2026-08-12T06:30:36Z
exp2_scaling,synthetic,queue_agg,10,measured,22,125,0.009688,831537362.1859647,831537362.1859643,0.000000,"{""user_lock_acquisitions"": 0}",2026-08-12T06:30:36Z
exp2_scaling,synthetic,queue_agg,10,measured,7,126,0.010997,831537362.1859648,831537362.1859643,0.000000,"{""user_lock_acquisitions"": 0}",2026-08-12T06:30:36Z
exp2_scaling,synthetic,batched_lock,10,measured,15,127,0.012157,831537362.1859645,831537362.1859643,0.000000,"{""user_lock_acquisitions"": 500}",2026-08-12T06:30:36Z
exp2_scaling,synthetic,queue_agg,10,measured,6,128,0.010742,831537362.1859648,831537362.1859643,0.000000,"{""user_lock_acquisitions"": 0}",2026-08-12T06:30:36Z
exp2_scaling,synthetic,batched_lock,10,measured,22,129,0.012259,831537362.1859645,831537362.1859643,0.000000,"{""user_lock_acquisitions"": 500}",2026-08-12T06:30:36Z
exp2_scaling,synthetic,queue_agg,10,measured,26,130,0.010286,831537362.1859648,831537362.1859643,0.000000,"{""user_lock_acquisitions"": 0}",2026-08-12T06:30:36Z
exp2_scaling,synthetic,fp_sum_genexpr,10,measured,11,131,0.010904,831537362.1859643,831537362.1859643,0.000000,"{""user_lock_acquisitions"": 0}",2026-08-12T06:30:36Z
exp2_scaling,synthetic,fp_reduce,10,measured,24,132,0.010860,831537362.1859647,831537362.1859643,0.000000,"{""user_lock_acquisitions"": 0}",2026-08-12T06:30:36Z
exp2_scaling,synthetic,queue_agg,10,measured,20,133,0.009878,831537362.1859648,831537362.1859643,0.000000,"{""user_lock_acquisitions"": 0}",2026-08-12T06:30:36Z
exp2_scaling,synthetic,batched_lock,10,measured,5,134,0.010832,831537362.1859646,831537362.1859643,0.000000,"{""user_lock_acquisitions"": 500}",2026-08-12T06:30:36Z
exp2_scaling,synthetic,no_lock,10,measured,4,135,0.306471,156295856.44809756,831537362.1859643,81.203989,"{""user_lock_acquisitions"": 0}",2026-08-12T06:30:37Z
exp2_scaling,synthetic,fine_lock,10,measured,3,136,0.441439,831537362.185984,831537362.1859643,0.000000,"{""user_lock_acquisitions"": 500000}",2026-08-12T06:30:37Z
exp2_scaling,synthetic,coarse_lock,10,measured,14,137,0.011188,831537362.1859647,831537362.1859643,0.000000,"{""user_lock_acquisitions"": 10}",2026-08-12T06:30:37Z
exp2_scaling,synthetic,no_lock,10,measured,24,138,0.319561,156263737.88404328,831537362.1859643,81.207851,"{""user_lock_acquisitions"": 0}",2026-08-12T06:30:38Z
exp2_scaling,synthetic,coarse_lock,10,measured,24,139,0.010462,831537362.1859648,831537362.1859643,0.000000,"{""user_lock_acquisitions"": 10}",2026-08-12T06:30:38Z
exp2_scaling,synthetic,fine_lock,10,measured,4,140,0.450433,831537362.1859876,831537362.1859643,0.000000,"{""user_lock_acquisitions"": 500000}",2026-08-12T06:30:38Z
exp2_scaling,synthetic,queue_agg,10,measured,5,141,0.011046,831537362.1859648,831537362.1859643,0.000000,"{""user_lock_acquisitions"": 0}",2026-08-12T06:30:38Z
exp2_scaling,synthetic,batched_lock,10,measured,21,142,0.011308,831537362.1859647,831537362.1859643,0.000000,"{""user_lock_acquisitions"": 500}",2026-08-12T06:30:38Z
exp2_scaling,synthetic,no_lock,10,measured,20,143,0.334187,162641121.0579658,831537362.1859643,80.440912,"{""user_lock_acquisitions"": 0}",2026-08-12T06:30:38Z
exp2_scaling,synthetic,queue_agg,10,measured,27,144,0.010286,831537362.1859647,831537362.1859643,0.000000,"{""user_lock_acquisitions"": 0}",2026-08-12T06:30:38Z
exp2_scaling,synthetic,imp_threadlocal,10,measured,17,145,0.010971,831537362.1859647,831537362.1859643,0.000000,"{""user_lock_acquisitions"": 0}",2026-08-12T06:30:38Z
exp2_scaling,synthetic,fine_lock,10,measured,10,146,0.445045,831537362.1859912,831537362.1859643,0.000000,"{""user_lock_acquisitions"": 500000}",2026-08-12T06:30:39Z
exp2_scaling,synthetic,fp_sum_genexpr,10,measured,21,147,0.011374,831537362.1859643,831537362.1859643,0.000000,"{""user_lock_acquisitions"": 0}",2026-08-12T06:30:39Z
exp2_scaling,synthetic,fine_lock,10,measured,14,148,0.430056,831537362.1859891,831537362.1859643,0.000000,"{""user_lock_acquisitions"": 500000}",2026-08-12T06:30:39Z
exp2_scaling,synthetic,fp_reduce,10,measured,28,149,0.010519,831537362.1859647,831537362.1859643,0.000000,"{""user_lock_acquisitions"": 0}",2026-08-12T06:30:39Z
exp2_scaling,synthetic,queue_agg,10,measured,0,150,0.009897,831537362.1859648,831537362.1859643,0.000000,"{""user_lock_acquisitions"": 0}",2026-08-12T06:30:39Z
exp2_scaling,synthetic,fp_sum_genexpr,10,measured,23,151,0.010716,831537362.1859643,831537362.1859643,0.000000,"{""user_lock_acquisitions"": 0}",2026-08-12T06:30:39Z
exp2_scaling,synthetic,no_lock,10,measured,23,152,0.345038,156219851.09412605,831537362.1859643,81.213129,"{""user_lock_acquisitions"": 0}",2026-08-12T06:30:40Z
exp2_scaling,synthetic,fp_reduce,10,measured,22,153,0.010525,831537362.1859647,831537362.1859643,0.000000,"{""user_lock_acquisitions"": 0}",2026-08-12T06:30:40Z
exp2_scaling,synthetic,fp_reduce,10,measured,7,154,0.010293,831537362.1859647,831537362.1859643,0.000000,"{""user_lock_acquisitions"": 0}",2026-08-12T06:30:40Z
exp2_scaling,synthetic,fine_lock,10,measured,9,155,0.450084,831537362.185989,831537362.1859643,0.000000,"{""user_lock_acquisitions"": 500000}",2026-08-12T06:30:40Z
exp2_scaling,synthetic,coarse_lock,10,measured,17,156,0.010897,831537362.1859647,831537362.1859643,0.000000,"{""user_lock_acquisitions"": 10}",2026-08-12T06:30:40Z
exp2_scaling,synthetic,fine_lock,10,measured,28,157,0.452228,831537362.1859925,831537362.1859643,0.000000,"{""user_lock_acquisitions"": 500000}",2026-08-12T06:30:41Z
exp2_scaling,synthetic,fp_reduce,10,measured,8,158,0.010546,831537362.1859647,831537362.1859643,0.000000,"{""user_lock_acquisitions"": 0}",2026-08-12T06:30:41Z
exp2_scaling,synthetic,imp_threadlocal,10,measured,21,159,0.010677,831537362.1859647,831537362.1859643,0.000000,"{""user_lock_acquisitions"": 0}",2026-08-12T06:30:41Z
exp2_scaling,synthetic,coarse_lock,10,measured,0,160,0.010659,831537362.1859647,831537362.1859643,0.000000,"{""user_lock_acquisitions"": 10}",2026-08-12T06:30:41Z
exp2_scaling,synthetic,fp_reduce,10,measured,25,161,0.010163,831537362.1859647,831537362.1859643,0.000000,"{""user_lock_acquisitions"": 0}",2026-08-12T06:30:41Z
exp2_scaling,synthetic,coarse_lock,10,measured,8,162,0.010045,831537362.1859647,831537362.1859643,0.000000,"{""user_lock_acquisitions"": 10}",2026-08-12T06:30:41Z
exp2_scaling,synthetic,fp_sum_genexpr,10,measured,6,163,0.010078,831537362.1859643,831537362.1859643,0.000000,"{""user_lock_acquisitions"": 0}",2026-08-12T06:30:41Z
exp2_scaling,synthetic,no_lock,10,measured,8,164,0.309358,166246267.8867019,831537362.1859643,80.007360,"{""user_lock_acquisitions"": 0}",2026-08-12T06:30:41Z
exp2_scaling,synthetic,fp_sum_genexpr,10,measured,22,165,0.011748,831537362.1859643,831537362.1859643,0.000000,"{""user_lock_acquisitions"": 0}",2026-08-12T06:30:41Z
exp2_scaling,synthetic,no_lock,10,measured,17,166,0.356058,159327307.57601565,831537362.1859643,80.839429,"{""user_lock_acquisitions"": 0}",2026-08-12T06:30:41Z
exp2_scaling,synthetic,batched_lock,10,measured,29,167,0.012139,831537362.1859648,831537362.1859643,0.000000,"{""user_lock_acquisitions"": 500}",2026-08-12T06:30:41Z
exp2_scaling,synthetic,imp_threadlocal,10,measured,29,168,0.010788,831537362.1859647,831537362.1859643,0.000000,"{""user_lock_acquisitions"": 0}",2026-08-12T06:30:41Z
exp2_scaling,synthetic,fine_lock,10,measured,5,169,0.424812,831537362.1859815,831537362.1859643,0.000000,"{""user_lock_acquisitions"": 500000}",2026-08-12T06:30:42Z
exp2_scaling,synthetic,imp_threadlocal,10,measured,15,170,0.010535,831537362.1859647,831537362.1859643,0.000000,"{""user_lock_acquisitions"": 0}",2026-08-12T06:30:42Z
exp2_scaling,synthetic,fp_reduce,10,measured,18,171,0.010776,831537362.1859647,831537362.1859643,0.000000,"{""user_lock_acquisitions"": 0}",2026-08-12T06:30:42Z
exp2_scaling,synthetic,fine_lock,10,measured,17,172,0.461559,831537362.1859843,831537362.1859643,0.000000,"{""user_lock_acquisitions"": 500000}",2026-08-12T06:30:42Z
exp2_scaling,synthetic,no_lock,10,measured,12,173,0.352732,161285350.3077692,831537362.1859643,80.603956,"{""user_lock_acquisitions"": 0}",2026-08-12T06:30:43Z
exp2_scaling,synthetic,imp_threadlocal,10,measured,9,174,0.010451,831537362.1859647,831537362.1859643,0.000000,"{""user_lock_acquisitions"": 0}",2026-08-12T06:30:43Z
exp2_scaling,synthetic,queue_agg,10,measured,8,175,0.010021,831537362.1859647,831537362.1859643,0.000000,"{""user_lock_acquisitions"": 0}",2026-08-12T06:30:43Z
exp2_scaling,synthetic,imp_threadlocal,10,measured,14,176,0.010269,831537362.1859647,831537362.1859643,0.000000,"{""user_lock_acquisitions"": 0}",2026-08-12T06:30:43Z
exp2_scaling,synthetic,batched_lock,10,measured,1,177,0.011479,831537362.1859645,831537362.1859643,0.000000,"{""user_lock_acquisitions"": 500}",2026-08-12T06:30:43Z
exp2_scaling,synthetic,queue_agg,10,measured,28,178,0.010896,831537362.1859647,831537362.1859643,0.000000,"{""user_lock_acquisitions"": 0}",2026-08-12T06:30:43Z
exp2_scaling,synthetic,imp_threadlocal,10,measured,23,179,0.010935,831537362.1859647,831537362.1859643,0.000000,"{""user_lock_acquisitions"": 0}",2026-08-12T06:30:43Z
exp2_scaling,synthetic,fp_reduce,10,measured,1,180,0.010823,831537362.1859647,831537362.1859643,0.000000,"{""user_lock_acquisitions"": 0}",2026-08-12T06:30:43Z
exp2_scaling,synthetic,fine_lock,10,measured,18,181,0.425728,831537362.1859901,831537362.1859643,0.000000,"{""user_lock_acquisitions"": 500000}",2026-08-12T06:30:43Z
exp2_scaling,synthetic,batched_lock,10,measured,11,182,0.013146,831537362.1859645,831537362.1859643,0.000000,"{""user_lock_acquisitions"": 500}",2026-08-12T06:30:43Z
exp2_scaling,synthetic,batched_lock,10,measured,20,183,0.011927,831537362.1859642,831537362.1859643,0.000000,"{""user_lock_acquisitions"": 500}",2026-08-12T06:30:43Z
exp2_scaling,synthetic,fp_reduce,10,measured,20,184,0.010317,831537362.1859647,831537362.1859643,0.000000,"{""user_lock_acquisitions"": 0}",2026-08-12T06:30:43Z
exp2_scaling,synthetic,fp_sum_genexpr,10,measured,5,185,0.011053,831537362.1859643,831537362.1859643,0.000000,"{""user_lock_acquisitions"": 0}",2026-08-12T06:30:43Z
exp2_scaling,synthetic,coarse_lock,10,measured,21,186,0.010616,831537362.1859647,831537362.1859643,0.000000,"{""user_lock_acquisitions"": 10}",2026-08-12T06:30:43Z
exp2_scaling,synthetic,fine_lock,10,measured,27,187,0.427823,831537362.1859857,831537362.1859643,0.000000,"{""user_lock_acquisitions"": 500000}",2026-08-12T06:30:44Z
exp2_scaling,synthetic,fp_sum_genexpr,10,measured,13,188,0.011170,831537362.1859643,831537362.1859643,0.000000,"{""user_lock_acquisitions"": 0}",2026-08-12T06:30:44Z
exp2_scaling,synthetic,no_lock,10,measured,3,189,0.323000,158296164.28596324,831537362.1859643,80.963433,"{""user_lock_acquisitions"": 0}",2026-08-12T06:30:44Z
exp2_scaling,synthetic,fp_sum_genexpr,10,measured,20,190,0.011517,831537362.1859643,831537362.1859643,0.000000,"{""user_lock_acquisitions"": 0}",2026-08-12T06:30:44Z
exp2_scaling,synthetic,queue_agg,10,measured,12,191,0.010681,831537362.1859647,831537362.1859643,0.000000,"{""user_lock_acquisitions"": 0}",2026-08-12T06:30:44Z
exp2_scaling,synthetic,fine_lock,10,measured,0,192,0.442159,831537362.1859882,831537362.1859643,0.000000,"{""user_lock_acquisitions"": 500000}",2026-08-12T06:30:44Z
exp2_scaling,synthetic,fp_reduce,10,measured,23,193,0.010781,831537362.1859647,831537362.1859643,0.000000,"{""user_lock_acquisitions"": 0}",2026-08-12T06:30:44Z
exp2_scaling,synthetic,fine_lock,10,measured,8,194,0.424936,831537362.185987,831537362.1859643,0.000000,"{""user_lock_acquisitions"": 500000}",2026-08-12T06:30:45Z
exp2_scaling,synthetic,fp_reduce,10,measured,10,195,0.010608,831537362.1859647,831537362.1859643,0.000000,"{""user_lock_acquisitions"": 0}",2026-08-12T06:30:45Z
exp2_scaling,synthetic,fine_lock,10,measured,29,196,0.449537,831537362.1859868,831537362.1859643,0.000000,"{""user_lock_acquisitions"": 500000}",2026-08-12T06:30:45Z
exp2_scaling,synthetic,imp_threadlocal,10,measured,16,197,0.011302,831537362.1859647,831537362.1859643,0.000000,"{""user_lock_acquisitions"": 0}",2026-08-12T06:30:45Z
exp2_scaling,synthetic,imp_threadlocal,10,measured,3,198,0.011455,831537362.1859647,831537362.1859643,0.000000,"{""user_lock_acquisitions"": 0}",2026-08-12T06:30:45Z
exp2_scaling,synthetic,coarse_lock,10,measured,6,199,0.011462,831537362.1859648,831537362.1859643,0.000000,"{""user_lock_acquisitions"": 10}",2026-08-12T06:30:45Z
exp2_scaling,synthetic,fine_lock,10,measured,21,200,0.445377,831537362.185979,831537362.1859643,0.000000,"{""user_lock_acquisitions"": 500000}",2026-08-12T06:30:46Z
exp2_scaling,synthetic,imp_threadlocal,10,measured,7,201,0.010552,831537362.1859647,831537362.1859643,0.000000,"{""user_lock_acquisitions"": 0}",2026-08-12T06:30:46Z
exp2_scaling,synthetic,fp_sum_genexpr,10,measured,15,202,0.011384,831537362.1859643,831537362.1859643,0.000000,"{""user_lock_acquisitions"": 0}",2026-08-12T06:30:46Z
exp2_scaling,synthetic,imp_threadlocal,10,measured,2,203,0.010250,831537362.1859647,831537362.1859643,0.000000,"{""user_lock_acquisitions"": 0}",2026-08-12T06:30:46Z
exp2_scaling,synthetic,fp_reduce,10,measured,16,204,0.010168,831537362.1859647,831537362.1859643,0.000000,"{""user_lock_acquisitions"": 0}",2026-08-12T06:30:46Z
exp2_scaling,synthetic,imp_threadlocal,10,measured,28,205,0.011136,831537362.1859647,831537362.1859643,0.000000,"{""user_lock_acquisitions"": 0}",2026-08-12T06:30:46Z
exp2_scaling,synthetic,fine_lock,10,measured,15,206,0.453830,831537362.1859916,831537362.1859643,0.000000,"{""user_lock_acquisitions"": 500000}",2026-08-12T06:30:46Z
exp2_scaling,synthetic,no_lock,10,measured,14,207,0.357494,163827383.8153289,831537362.1859643,80.298253,"{""user_lock_acquisitions"": 0}",2026-08-12T06:30:47Z
exp2_scaling,synthetic,fp_sum_genexpr,10,measured,12,208,0.011604,831537362.1859643,831537362.1859643,0.000000,"{""user_lock_acquisitions"": 0}",2026-08-12T06:30:47Z
exp2_scaling,synthetic,fp_sum_genexpr,10,measured,18,209,0.010389,831537362.1859643,831537362.1859643,0.000000,"{""user_lock_acquisitions"": 0}",2026-08-12T06:30:47Z
exp2_scaling,synthetic,coarse_lock,10,measured,18,210,0.010982,831537362.1859648,831537362.1859643,0.000000,"{""user_lock_acquisitions"": 10}",2026-08-12T06:30:47Z
exp2_scaling,synthetic,fp_reduce,10,measured,13,211,0.010469,831537362.1859647,831537362.1859643,0.000000,"{""user_lock_acquisitions"": 0}",2026-08-12T06:30:47Z
exp2_scaling,synthetic,fp_sum_genexpr,10,measured,26,212,0.010063,831537362.1859643,831537362.1859643,0.000000,"{""user_lock_acquisitions"": 0}",2026-08-12T06:30:47Z
exp2_scaling,synthetic,batched_lock,10,measured,14,213,0.011269,831537362.1859647,831537362.1859643,0.000000,"{""user_lock_acquisitions"": 500}",2026-08-12T06:30:47Z
exp2_scaling,synthetic,fp_reduce,10,measured,4,214,0.010604,831537362.1859647,831537362.1859643,0.000000,"{""user_lock_acquisitions"": 0}",2026-08-12T06:30:47Z
exp2_scaling,synthetic,coarse_lock,10,measured,23,215,0.010211,831537362.1859648,831537362.1859643,0.000000,"{""user_lock_acquisitions"": 10}",2026-08-12T06:30:47Z
exp2_scaling,synthetic,fp_reduce,10,measured,27,216,0.010569,831537362.1859647,831537362.1859643,0.000000,"{""user_lock_acquisitions"": 0}",2026-08-12T06:30:47Z
exp2_scaling,synthetic,fine_lock,10,measured,7,217,0.438890,831537362.1859864,831537362.1859643,0.000000,"{""user_lock_acquisitions"": 500000}",2026-08-12T06:30:47Z
exp2_scaling,synthetic,fp_sum_genexpr,10,measured,8,218,0.011175,831537362.1859643,831537362.1859643,0.000000,"{""user_lock_acquisitions"": 0}",2026-08-12T06:30:47Z
exp2_scaling,synthetic,imp_threadlocal,10,measured,13,219,0.010685,831537362.1859647,831537362.1859643,0.000000,"{""user_lock_acquisitions"": 0}",2026-08-12T06:30:47Z
exp2_scaling,synthetic,fine_lock,10,measured,26,220,0.440123,831537362.1859889,831537362.1859643,0.000000,"{""user_lock_acquisitions"": 500000}",2026-08-12T06:30:48Z
exp2_scaling,synthetic,imp_threadlocal,10,measured,24,221,0.010629,831537362.1859647,831537362.1859643,0.000000,"{""user_lock_acquisitions"": 0}",2026-08-12T06:30:48Z
exp2_scaling,synthetic,fp_reduce,10,measured,26,222,0.009899,831537362.1859647,831537362.1859643,0.000000,"{""user_lock_acquisitions"": 0}",2026-08-12T06:30:48Z
exp2_scaling,synthetic,fp_sum_genexpr,10,measured,14,223,0.010856,831537362.1859643,831537362.1859643,0.000000,"{""user_lock_acquisitions"": 0}",2026-08-12T06:30:48Z
exp2_scaling,synthetic,coarse_lock,10,measured,9,224,0.010205,831537362.1859648,831537362.1859643,0.000000,"{""user_lock_acquisitions"": 10}",2026-08-12T06:30:48Z
exp2_scaling,synthetic,coarse_lock,10,measured,4,225,0.010243,831537362.1859647,831537362.1859643,0.000000,"{""user_lock_acquisitions"": 10}",2026-08-12T06:30:48Z
exp2_scaling,synthetic,queue_agg,10,measured,15,226,0.010608,831537362.1859647,831537362.1859643,0.000000,"{""user_lock_acquisitions"": 0}",2026-08-12T06:30:48Z
exp2_scaling,synthetic,fp_sum_genexpr,10,measured,7,227,0.011003,831537362.1859643,831537362.1859643,0.000000,"{""user_lock_acquisitions"": 0}",2026-08-12T06:30:48Z
exp2_scaling,synthetic,coarse_lock,10,measured,26,228,0.011120,831537362.1859647,831537362.1859643,0.000000,"{""user_lock_acquisitions"": 10}",2026-08-12T06:30:48Z
exp2_scaling,synthetic,fp_reduce,10,measured,11,229,0.010850,831537362.1859647,831537362.1859643,0.000000,"{""user_lock_acquisitions"": 0}",2026-08-12T06:30:48Z
exp2_scaling,synthetic,imp_threadlocal,10,measured,11,230,0.010228,831537362.1859647,831537362.1859643,0.000000,"{""user_lock_acquisitions"": 0}",2026-08-12T06:30:48Z
exp2_scaling,synthetic,coarse_lock,10,measured,12,231,0.010656,831537362.1859647,831537362.1859643,0.000000,"{""user_lock_acquisitions"": 10}",2026-08-12T06:30:48Z
exp2_scaling,synthetic,fp_reduce,10,measured,29,232,0.010069,831537362.1859647,831537362.1859643,0.000000,"{""user_lock_acquisitions"": 0}",2026-08-12T06:30:48Z
exp2_scaling,synthetic,fp_reduce,10,measured,15,233,0.011006,831537362.1859647,831537362.1859643,0.000000,"{""user_lock_acquisitions"": 0}",2026-08-12T06:30:48Z
exp2_scaling,synthetic,no_lock,10,measured,7,234,0.360811,156028163.6850972,831537362.1859643,81.236181,"{""user_lock_acquisitions"": 0}",2026-08-12T06:30:48Z
exp2_scaling,synthetic,imp_threadlocal,10,measured,25,235,0.011225,831537362.1859647,831537362.1859643,0.000000,"{""user_lock_acquisitions"": 0}",2026-08-12T06:30:48Z
exp2_scaling,synthetic,queue_agg,10,measured,2,236,0.011237,831537362.1859648,831537362.1859643,0.000000,"{""user_lock_acquisitions"": 0}",2026-08-12T06:30:48Z
exp2_scaling,synthetic,fp_sum_genexpr,10,measured,24,237,0.011497,831537362.1859643,831537362.1859643,0.000000,"{""user_lock_acquisitions"": 0}",2026-08-12T06:30:48Z
exp2_scaling,synthetic,fp_reduce,10,measured,9,238,0.010292,831537362.1859647,831537362.1859643,0.000000,"{""user_lock_acquisitions"": 0}",2026-08-12T06:30:48Z
exp2_scaling,synthetic,fp_reduce,10,measured,21,239,0.010744,831537362.1859647,831537362.1859643,0.000000,"{""user_lock_acquisitions"": 0}",2026-08-12T06:30:48Z
exp2_scaling,synthetic,no_lock,10,measured,19,240,0.358741,154819531.5902587,831537362.1859643,81.381530,"{""user_lock_acquisitions"": 0}",2026-08-12T06:30:49Z
exp2_scaling,synthetic,fp_sum_genexpr,10,measured,0,241,0.011838,831537362.1859643,831537362.1859643,0.000000,"{""user_lock_acquisitions"": 0}",2026-08-12T06:30:49Z
exp2_scaling,synthetic,queue_agg,10,measured,11,242,0.010607,831537362.1859647,831537362.1859643,0.000000,"{""user_lock_acquisitions"": 0}",2026-08-12T06:30:49Z
exp2_scaling,synthetic,coarse_lock,10,measured,16,243,0.010395,831537362.1859648,831537362.1859643,0.000000,"{""user_lock_acquisitions"": 10}",2026-08-12T06:30:49Z
exp2_scaling,synthetic,queue_agg,10,measured,4,244,0.010697,831537362.1859647,831537362.1859643,0.000000,"{""user_lock_acquisitions"": 0}",2026-08-12T06:30:49Z
exp2_scaling,synthetic,fp_reduce,10,measured,12,245,0.010614,831537362.1859647,831537362.1859643,0.000000,"{""user_lock_acquisitions"": 0}",2026-08-12T06:30:49Z
exp2_scaling,synthetic,fp_sum_genexpr,10,measured,4,246,0.010899,831537362.1859643,831537362.1859643,0.000000,"{""user_lock_acquisitions"": 0}",2026-08-12T06:30:49Z
exp2_scaling,synthetic,queue_agg,10,measured,9,247,0.010309,831537362.1859648,831537362.1859643,0.000000,"{""user_lock_acquisitions"": 0}",2026-08-12T06:30:49Z
exp2_scaling,synthetic,batched_lock,10,measured,4,248,0.011595,831537362.1859645,831537362.1859643,0.000000,"{""user_lock_acquisitions"": 500}",2026-08-12T06:30:49Z
exp2_scaling,synthetic,queue_agg,10,measured,29,249,0.010753,831537362.1859648,831537362.1859643,0.000000,"{""user_lock_acquisitions"": 0}",2026-08-12T06:30:49Z
exp2_scaling,synthetic,fine_lock,10,measured,19,250,0.408100,831537362.1859854,831537362.1859643,0.000000,"{""user_lock_acquisitions"": 500000}",2026-08-12T06:30:49Z
exp2_scaling,synthetic,fine_lock,10,measured,13,251,0.409858,831537362.1859833,831537362.1859643,0.000000,"{""user_lock_acquisitions"": 500000}",2026-08-12T06:30:49Z
exp2_scaling,synthetic,queue_agg,10,measured,1,252,0.010463,831537362.1859647,831537362.1859643,0.000000,"{""user_lock_acquisitions"": 0}",2026-08-12T06:30:49Z
exp2_scaling,synthetic,queue_agg,10,measured,16,253,0.009857,831537362.185965,831537362.1859643,0.000000,"{""user_lock_acquisitions"": 0}",2026-08-12T06:30:49Z
exp2_scaling,synthetic,batched_lock,10,measured,7,254,0.012222,831537362.1859643,831537362.1859643,0.000000,"{""user_lock_acquisitions"": 500}",2026-08-12T06:30:50Z
exp2_scaling,synthetic,batched_lock,10,measured,6,255,0.011655,831537362.1859646,831537362.1859643,0.000000,"{""user_lock_acquisitions"": 500}",2026-08-12T06:30:50Z
exp2_scaling,synthetic,fine_lock,10,measured,16,256,0.427855,831537362.1859876,831537362.1859643,0.000000,"{""user_lock_acquisitions"": 500000}",2026-08-12T06:30:50Z
exp2_scaling,synthetic,batched_lock,10,measured,26,257,0.012352,831537362.1859648,831537362.1859643,0.000000,"{""user_lock_acquisitions"": 500}",2026-08-12T06:30:50Z
exp2_scaling,synthetic,queue_agg,10,measured,3,258,0.010255,831537362.1859647,831537362.1859643,0.000000,"{""user_lock_acquisitions"": 0}",2026-08-12T06:30:50Z
exp2_scaling,synthetic,coarse_lock,10,measured,3,259,0.010151,831537362.1859648,831537362.1859643,0.000000,"{""user_lock_acquisitions"": 10}",2026-08-12T06:30:50Z
exp2_scaling,synthetic,fp_sum_genexpr,10,measured,28,260,0.010481,831537362.1859643,831537362.1859643,0.000000,"{""user_lock_acquisitions"": 0}",2026-08-12T06:30:50Z
exp2_scaling,synthetic,no_lock,10,measured,6,261,0.356163,160638066.2638763,831537362.1859643,80.681798,"{""user_lock_acquisitions"": 0}",2026-08-12T06:30:50Z
exp2_scaling,synthetic,imp_threadlocal,10,measured,8,262,0.011208,831537362.1859647,831537362.1859643,0.000000,"{""user_lock_acquisitions"": 0}",2026-08-12T06:30:50Z
exp2_scaling,synthetic,no_lock,10,measured,22,263,0.366984,150138693.27018276,831537362.1859643,81.944444,"{""user_lock_acquisitions"": 0}",2026-08-12T06:30:51Z
exp2_scaling,synthetic,fp_reduce,12,warmup,2,0,0.010325,831537362.1859664,831537362.1859643,0.000000,"{""user_lock_acquisitions"": 0}",2026-08-12T06:30:51Z
exp2_scaling,synthetic,imp_threadlocal,12,warmup,0,1,0.010629,831537362.1859664,831537362.1859643,0.000000,"{""user_lock_acquisitions"": 0}",2026-08-12T06:30:51Z
exp2_scaling,synthetic,fp_sum_genexpr,12,warmup,0,2,0.010689,831537362.1859645,831537362.1859643,0.000000,"{""user_lock_acquisitions"": 0}",2026-08-12T06:30:51Z
exp2_scaling,synthetic,coarse_lock,12,warmup,1,3,0.009674,831537362.1859663,831537362.1859643,0.000000,"{""user_lock_acquisitions"": 12}",2026-08-12T06:30:51Z
exp2_scaling,synthetic,fp_sum_genexpr,12,warmup,1,4,0.010839,831537362.1859645,831537362.1859643,0.000000,"{""user_lock_acquisitions"": 0}",2026-08-12T06:30:51Z
exp2_scaling,synthetic,coarse_lock,12,warmup,2,5,0.009217,831537362.1859664,831537362.1859643,0.000000,"{""user_lock_acquisitions"": 12}",2026-08-12T06:30:51Z
exp2_scaling,synthetic,queue_agg,12,warmup,2,6,0.009802,831537362.1859664,831537362.1859643,0.000000,"{""user_lock_acquisitions"": 0}",2026-08-12T06:30:51Z
exp2_scaling,synthetic,queue_agg,12,warmup,1,7,0.009651,831537362.1859664,831537362.1859643,0.000000,"{""user_lock_acquisitions"": 0}",2026-08-12T06:30:51Z
exp2_scaling,synthetic,no_lock,12,warmup,2,8,0.499111,135903809.0539098,831537362.1859643,83.656320,"{""user_lock_acquisitions"": 0}",2026-08-12T06:30:51Z
exp2_scaling,synthetic,fp_reduce,12,warmup,1,9,0.009933,831537362.1859664,831537362.1859643,0.000000,"{""user_lock_acquisitions"": 0}",2026-08-12T06:30:51Z
exp2_scaling,synthetic,no_lock,12,warmup,1,10,0.480878,137197874.25591385,831537362.1859643,83.500696,"{""user_lock_acquisitions"": 0}",2026-08-12T06:30:52Z
exp2_scaling,synthetic,fine_lock,12,warmup,1,11,0.594769,831537362.1859665,831537362.1859643,0.000000,"{""user_lock_acquisitions"": 500000}",2026-08-12T06:30:52Z
exp2_scaling,synthetic,batched_lock,12,warmup,1,12,0.010929,831537362.1859641,831537362.1859643,0.000000,"{""user_lock_acquisitions"": 504}",2026-08-12T06:30:52Z
exp2_scaling,synthetic,batched_lock,12,warmup,2,13,0.010544,831537362.1859642,831537362.1859643,0.000000,"{""user_lock_acquisitions"": 504}",2026-08-12T06:30:52Z
exp2_scaling,synthetic,fine_lock,12,warmup,2,14,0.581517,831537362.1859761,831537362.1859643,0.000000,"{""user_lock_acquisitions"": 500000}",2026-08-12T06:30:53Z
exp2_scaling,synthetic,batched_lock,12,warmup,0,15,0.011060,831537362.1859637,831537362.1859643,0.000000,"{""user_lock_acquisitions"": 504}",2026-08-12T06:30:53Z
exp2_scaling,synthetic,imp_threadlocal,12,warmup,2,16,0.009950,831537362.1859664,831537362.1859643,0.000000,"{""user_lock_acquisitions"": 0}",2026-08-12T06:30:53Z
exp2_scaling,synthetic,coarse_lock,12,warmup,0,17,0.009876,831537362.1859664,831537362.1859643,0.000000,"{""user_lock_acquisitions"": 12}",2026-08-12T06:30:53Z
exp2_scaling,synthetic,imp_threadlocal,12,warmup,1,18,0.009589,831537362.1859664,831537362.1859643,0.000000,"{""user_lock_acquisitions"": 0}",2026-08-12T06:30:53Z
exp2_scaling,synthetic,no_lock,12,warmup,0,19,0.417938,146699063.7780083,831537362.1859643,82.358091,"{""user_lock_acquisitions"": 0}",2026-08-12T06:30:53Z
exp2_scaling,synthetic,queue_agg,12,warmup,0,20,0.010388,831537362.1859664,831537362.1859643,0.000000,"{""user_lock_acquisitions"": 0}",2026-08-12T06:30:53Z
exp2_scaling,synthetic,fp_reduce,12,warmup,0,21,0.009362,831537362.1859664,831537362.1859643,0.000000,"{""user_lock_acquisitions"": 0}",2026-08-12T06:30:53Z
exp2_scaling,synthetic,fine_lock,12,warmup,0,22,0.523198,831537362.1859657,831537362.1859643,0.000000,"{""user_lock_acquisitions"": 500000}",2026-08-12T06:30:54Z
exp2_scaling,synthetic,fp_sum_genexpr,12,warmup,2,23,0.010906,831537362.1859645,831537362.1859643,0.000000,"{""user_lock_acquisitions"": 0}",2026-08-12T06:30:54Z
exp2_scaling,synthetic,no_lock,12,measured,25,24,0.477626,138360790.30345643,831537362.1859643,83.360845,"{""user_lock_acquisitions"": 0}",2026-08-12T06:30:54Z
exp2_scaling,synthetic,fp_sum_genexpr,12,measured,2,25,0.014450,831537362.1859645,831537362.1859643,0.000000,"{""user_lock_acquisitions"": 0}",2026-08-12T06:30:54Z
exp2_scaling,synthetic,fp_reduce,12,measured,17,26,0.009501,831537362.1859664,831537362.1859643,0.000000,"{""user_lock_acquisitions"": 0}",2026-08-12T06:30:55Z
exp2_scaling,synthetic,coarse_lock,12,measured,20,27,0.009237,831537362.1859665,831537362.1859643,0.000000,"{""user_lock_acquisitions"": 12}",2026-08-12T06:30:55Z
exp2_scaling,synthetic,coarse_lock,12,measured,16,28,0.009297,831537362.1859664,831537362.1859643,0.000000,"{""user_lock_acquisitions"": 12}",2026-08-12T06:30:55Z
exp2_scaling,synthetic,queue_agg,12,measured,17,29,0.010343,831537362.1859665,831537362.1859643,0.000000,"{""user_lock_acquisitions"": 0}",2026-08-12T06:30:55Z
exp2_scaling,synthetic,coarse_lock,12,measured,25,30,0.009701,831537362.1859663,831537362.1859643,0.000000,"{""user_lock_acquisitions"": 12}",2026-08-12T06:30:55Z
exp2_scaling,synthetic,coarse_lock,12,measured,27,31,0.010408,831537362.1859663,831537362.1859643,0.000000,"{""user_lock_acquisitions"": 12}",2026-08-12T06:30:55Z
exp2_scaling,synthetic,queue_agg,12,measured,5,32,0.010222,831537362.1859664,831537362.1859643,0.000000,"{""user_lock_acquisitions"": 0}",2026-08-12T06:30:55Z
exp2_scaling,synthetic,coarse_lock,12,measured,21,33,0.009994,831537362.1859664,831537362.1859643,0.000000,"{""user_lock_acquisitions"": 12}",2026-08-12T06:30:55Z
exp2_scaling,synthetic,coarse_lock,12,measured,18,34,0.010124,831537362.1859664,831537362.1859643,0.000000,"{""user_lock_acquisitions"": 12}",2026-08-12T06:30:55Z
exp2_scaling,synthetic,no_lock,12,measured,21,35,0.412405,135477231.48920685,831537362.1859643,83.707619,"{""user_lock_acquisitions"": 0}",2026-08-12T06:30:55Z
exp2_scaling,synthetic,queue_agg,12,measured,11,36,0.010408,831537362.1859664,831537362.1859643,0.000000,"{""user_lock_acquisitions"": 0}",2026-08-12T06:30:55Z
exp2_scaling,synthetic,batched_lock,12,measured,26,37,0.011511,831537362.1859643,831537362.1859643,0.000000,"{""user_lock_acquisitions"": 504}",2026-08-12T06:30:55Z
exp2_scaling,synthetic,coarse_lock,12,measured,7,38,0.009295,831537362.1859663,831537362.1859643,0.000000,"{""user_lock_acquisitions"": 12}",2026-08-12T06:30:55Z
exp2_scaling,synthetic,no_lock,12,measured,18,39,0.456565,133824425.21028621,831537362.1859643,83.906385,"{""user_lock_acquisitions"": 0}",2026-08-12T06:30:55Z
exp2_scaling,synthetic,fine_lock,12,measured,23,40,0.544676,831537362.1859729,831537362.1859643,0.000000,"{""user_lock_acquisitions"": 500000}",2026-08-12T06:30:56Z
exp2_scaling,synthetic,coarse_lock,12,measured,26,41,0.010171,831537362.1859664,831537362.1859643,0.000000,"{""user_lock_acquisitions"": 12}",2026-08-12T06:30:56Z
exp2_scaling,synthetic,fp_reduce,12,measured,10,42,0.009680,831537362.1859664,831537362.1859643,0.000000,"{""user_lock_acquisitions"": 0}",2026-08-12T06:30:56Z
exp2_scaling,synthetic,fp_sum_genexpr,12,measured,8,43,0.010126,831537362.1859645,831537362.1859643,0.000000,"{""user_lock_acquisitions"": 0}",2026-08-12T06:30:56Z
exp2_scaling,synthetic,coarse_lock,12,measured,12,44,0.009860,831537362.1859664,831537362.1859643,0.000000,"{""user_lock_acquisitions"": 12}",2026-08-12T06:30:56Z
exp2_scaling,synthetic,coarse_lock,12,measured,1,45,0.009971,831537362.1859664,831537362.1859643,0.000000,"{""user_lock_acquisitions"": 12}",2026-08-12T06:30:56Z
exp2_scaling,synthetic,fine_lock,12,measured,9,46,0.504947,831537362.1859691,831537362.1859643,0.000000,"{""user_lock_acquisitions"": 500000}",2026-08-12T06:30:57Z
exp2_scaling,synthetic,batched_lock,12,measured,2,47,0.011399,831537362.185964,831537362.1859643,0.000000,"{""user_lock_acquisitions"": 504}",2026-08-12T06:30:57Z
exp2_scaling,synthetic,queue_agg,12,measured,0,48,0.010097,831537362.1859664,831537362.1859643,0.000000,"{""user_lock_acquisitions"": 0}",2026-08-12T06:30:57Z
exp2_scaling,synthetic,fp_reduce,12,measured,28,49,0.008966,831537362.1859664,831537362.1859643,0.000000,"{""user_lock_acquisitions"": 0}",2026-08-12T06:30:57Z
exp2_scaling,synthetic,batched_lock,12,measured,14,50,0.011856,831537362.1859636,831537362.1859643,0.000000,"{""user_lock_acquisitions"": 504}",2026-08-12T06:30:57Z
exp2_scaling,synthetic,fp_sum_genexpr,12,measured,13,51,0.010371,831537362.1859645,831537362.1859643,0.000000,"{""user_lock_acquisitions"": 0}",2026-08-12T06:30:57Z
exp2_scaling,synthetic,coarse_lock,12,measured,19,52,0.009281,831537362.1859664,831537362.1859643,0.000000,"{""user_lock_acquisitions"": 12}",2026-08-12T06:30:57Z
exp2_scaling,synthetic,fp_reduce,12,measured,2,53,0.009723,831537362.1859664,831537362.1859643,0.000000,"{""user_lock_acquisitions"": 0}",2026-08-12T06:30:57Z
exp2_scaling,synthetic,fine_lock,12,measured,22,54,0.507569,831537362.1859673,831537362.1859643,0.000000,"{""user_lock_acquisitions"": 500000}",2026-08-12T06:30:57Z
exp2_scaling,synthetic,fp_sum_genexpr,12,measured,17,55,0.010907,831537362.1859645,831537362.1859643,0.000000,"{""user_lock_acquisitions"": 0}",2026-08-12T06:30:57Z
exp2_scaling,synthetic,no_lock,12,measured,23,56,0.471518,146700786.6333584,831537362.1859643,82.357884,"{""user_lock_acquisitions"": 0}",2026-08-12T06:30:58Z
exp2_scaling,synthetic,coarse_lock,12,measured,15,57,0.010202,831537362.1859664,831537362.1859643,0.000000,"{""user_lock_acquisitions"": 12}",2026-08-12T06:30:58Z
exp2_scaling,synthetic,coarse_lock,12,measured,17,58,0.009081,831537362.1859665,831537362.1859643,0.000000,"{""user_lock_acquisitions"": 12}",2026-08-12T06:30:58Z
exp2_scaling,synthetic,queue_agg,12,measured,16,59,0.009749,831537362.1859663,831537362.1859643,0.000000,"{""user_lock_acquisitions"": 0}",2026-08-12T06:30:58Z
exp2_scaling,synthetic,fp_reduce,12,measured,26,60,0.009466,831537362.1859664,831537362.1859643,0.000000,"{""user_lock_acquisitions"": 0}",2026-08-12T06:30:58Z
exp2_scaling,synthetic,fine_lock,12,measured,16,61,0.518422,831537362.1859629,831537362.1859643,0.000000,"{""user_lock_acquisitions"": 500000}",2026-08-12T06:30:58Z
exp2_scaling,synthetic,queue_agg,12,measured,9,62,0.010129,831537362.1859664,831537362.1859643,0.000000,"{""user_lock_acquisitions"": 0}",2026-08-12T06:30:58Z
exp2_scaling,synthetic,fp_sum_genexpr,12,measured,21,63,0.009883,831537362.1859645,831537362.1859643,0.000000,"{""user_lock_acquisitions"": 0}",2026-08-12T06:30:58Z
exp2_scaling,synthetic,no_lock,12,measured,16,64,0.395979,139153500.86077496,831537362.1859643,83.265514,"{""user_lock_acquisitions"": 0}",2026-08-12T06:30:59Z
exp2_scaling,synthetic,coarse_lock,12,measured,3,65,0.010316,831537362.1859664,831537362.1859643,0.000000,"{""user_lock_acquisitions"": 12}",2026-08-12T06:30:59Z
exp2_scaling,synthetic,queue_agg,12,measured,26,66,0.009566,831537362.1859664,831537362.1859643,0.000000,"{""user_lock_acquisitions"": 0}",2026-08-12T06:30:59Z
exp2_scaling,synthetic,fine_lock,12,measured,3,67,0.525115,831537362.1859645,831537362.1859643,0.000000,"{""user_lock_acquisitions"": 500000}",2026-08-12T06:30:59Z
exp2_scaling,synthetic,fp_reduce,12,measured,23,68,0.009866,831537362.1859664,831537362.1859643,0.000000,"{""user_lock_acquisitions"": 0}",2026-08-12T06:30:59Z
exp2_scaling,synthetic,coarse_lock,12,measured,11,69,0.009839,831537362.1859664,831537362.1859643,0.000000,"{""user_lock_acquisitions"": 12}",2026-08-12T06:30:59Z
exp2_scaling,synthetic,queue_agg,12,measured,15,70,0.009715,831537362.1859664,831537362.1859643,0.000000,"{""user_lock_acquisitions"": 0}",2026-08-12T06:30:59Z
exp2_scaling,synthetic,fp_sum_genexpr,12,measured,1,71,0.009168,831537362.1859645,831537362.1859643,0.000000,"{""user_lock_acquisitions"": 0}",2026-08-12T06:30:59Z
exp2_scaling,synthetic,imp_threadlocal,12,measured,7,72,0.010283,831537362.1859664,831537362.1859643,0.000000,"{""user_lock_acquisitions"": 0}",2026-08-12T06:30:59Z
exp2_scaling,synthetic,fp_sum_genexpr,12,measured,15,73,0.010282,831537362.1859645,831537362.1859643,0.000000,"{""user_lock_acquisitions"": 0}",2026-08-12T06:30:59Z
exp2_scaling,synthetic,no_lock,12,measured,17,74,0.457138,139350767.28620186,831537362.1859643,83.241791,"{""user_lock_acquisitions"": 0}",2026-08-12T06:31:00Z
exp2_scaling,synthetic,fine_lock,12,measured,19,75,0.579366,831537362.1859734,831537362.1859643,0.000000,"{""user_lock_acquisitions"": 500000}",2026-08-12T06:31:00Z
exp2_scaling,synthetic,no_lock,12,measured,9,76,0.500694,140599892.59985757,831537362.1859643,83.091572,"{""user_lock_acquisitions"": 0}",2026-08-12T06:31:01Z
exp2_scaling,synthetic,no_lock,12,measured,4,77,0.447359,142241788.4930887,831537362.1859643,82.894119,"{""user_lock_acquisitions"": 0}",2026-08-12T06:31:01Z
exp2_scaling,synthetic,queue_agg,12,measured,13,78,0.010264,831537362.1859664,831537362.1859643,0.000000,"{""user_lock_acquisitions"": 0}",2026-08-12T06:31:01Z
exp2_scaling,synthetic,batched_lock,12,measured,23,79,0.010536,831537362.1859642,831537362.1859643,0.000000,"{""user_lock_acquisitions"": 504}",2026-08-12T06:31:01Z
exp2_scaling,synthetic,batched_lock,12,measured,10,80,0.011006,831537362.1859643,831537362.1859643,0.000000,"{""user_lock_acquisitions"": 504}",2026-08-12T06:31:01Z
exp2_scaling,synthetic,no_lock,12,measured,27,81,0.419252,139228068.19065243,831537362.1859643,83.256547,"{""user_lock_acquisitions"": 0}",2026-08-12T06:31:02Z
exp2_scaling,synthetic,fp_reduce,12,measured,18,82,0.009793,831537362.1859664,831537362.1859643,0.000000,"{""user_lock_acquisitions"": 0}",2026-08-12T06:31:02Z
exp2_scaling,synthetic,batched_lock,12,measured,1,83,0.011232,831537362.1859636,831537362.1859643,0.000000,"{""user_lock_acquisitions"": 504}",2026-08-12T06:31:02Z
exp2_scaling,synthetic,batched_lock,12,measured,12,84,0.010974,831537362.1859639,831537362.1859643,0.000000,"{""user_lock_acquisitions"": 504}",2026-08-12T06:31:02Z
exp2_scaling,synthetic,fp_sum_genexpr,12,measured,12,85,0.011343,831537362.1859645,831537362.1859643,0.000000,"{""user_lock_acquisitions"": 0}",2026-08-12T06:31:02Z
exp2_scaling,synthetic,fine_lock,12,measured,1,86,0.566471,831537362.1859645,831537362.1859643,0.000000,"{""user_lock_acquisitions"": 500000}",2026-08-12T06:31:02Z
exp2_scaling,synthetic,queue_agg,12,measured,2,87,0.009909,831537362.1859663,831537362.1859643,0.000000,"{""user_lock_acquisitions"": 0}",2026-08-12T06:31:02Z
exp2_scaling,synthetic,fp_reduce,12,measured,5,88,0.009474,831537362.1859664,831537362.1859643,0.000000,"{""user_lock_acquisitions"": 0}",2026-08-12T06:31:02Z
exp2_scaling,synthetic,imp_threadlocal,12,measured,6,89,0.010465,831537362.1859664,831537362.1859643,0.000000,"{""user_lock_acquisitions"": 0}",2026-08-12T06:31:02Z
exp2_scaling,synthetic,queue_agg,12,measured,4,90,0.009493,831537362.1859664,831537362.1859643,0.000000,"{""user_lock_acquisitions"": 0}",2026-08-12T06:31:02Z
exp2_scaling,synthetic,no_lock,12,measured,10,91,0.425444,140638857.40060607,831537362.1859643,83.086887,"{""user_lock_acquisitions"": 0}",2026-08-12T06:31:03Z
exp2_scaling,synthetic,fp_reduce,12,measured,21,92,0.010710,831537362.1859664,831537362.1859643,0.000000,"{""user_lock_acquisitions"": 0}",2026-08-12T06:31:03Z
exp2_scaling,synthetic,batched_lock,12,measured,19,93,0.011124,831537362.1859639,831537362.1859643,0.000000,"{""user_lock_acquisitions"": 504}",2026-08-12T06:31:03Z
exp2_scaling,synthetic,imp_threadlocal,12,measured,20,94,0.009495,831537362.1859664,831537362.1859643,0.000000,"{""user_lock_acquisitions"": 0}",2026-08-12T06:31:03Z
exp2_scaling,synthetic,no_lock,12,measured,6,95,0.430296,134094473.46357869,831537362.1859643,83.873909,"{""user_lock_acquisitions"": 0}",2026-08-12T06:31:03Z
exp2_scaling,synthetic,fp_sum_genexpr,12,measured,18,96,0.011373,831537362.1859645,831537362.1859643,0.000000,"{""user_lock_acquisitions"": 0}",2026-08-12T06:31:03Z
exp2_scaling,synthetic,coarse_lock,12,measured,6,97,0.010901,831537362.1859663,831537362.1859643,0.000000,"{""user_lock_acquisitions"": 12}",2026-08-12T06:31:03Z
exp2_scaling,synthetic,batched_lock,12,measured,27,98,0.011371,831537362.1859639,831537362.1859643,0.000000,"{""user_lock_acquisitions"": 504}",2026-08-12T06:31:03Z
exp2_scaling,synthetic,no_lock,12,measured,14,99,0.394727,136207828.64863867,831537362.1859643,83.619758,"{""user_lock_acquisitions"": 0}",2026-08-12T06:31:04Z
exp2_scaling,synthetic,queue_agg,12,measured,10,100,0.010228,831537362.1859664,831537362.1859643,0.000000,"{""user_lock_acquisitions"": 0}",2026-08-12T06:31:04Z
exp2_scaling,synthetic,imp_threadlocal,12,measured,19,101,0.010013,831537362.1859664,831537362.1859643,0.000000,"{""user_lock_acquisitions"": 0}",2026-08-12T06:31:04Z
exp2_scaling,synthetic,coarse_lock,12,measured,29,102,0.009568,831537362.1859665,831537362.1859643,0.000000,"{""user_lock_acquisitions"": 12}",2026-08-12T06:31:04Z
exp2_scaling,synthetic,imp_threadlocal,12,measured,0,103,0.010092,831537362.1859664,831537362.1859643,0.000000,"{""user_lock_acquisitions"": 0}",2026-08-12T06:31:04Z
exp2_scaling,synthetic,queue_agg,12,measured,8,104,0.010630,831537362.1859663,831537362.1859643,0.000000,"{""user_lock_acquisitions"": 0}",2026-08-12T06:31:04Z
exp2_scaling,synthetic,fine_lock,12,measured,17,105,0.569230,831537362.1859692,831537362.1859643,0.000000,"{""user_lock_acquisitions"": 500000}",2026-08-12T06:31:04Z
exp2_scaling,synthetic,batched_lock,12,measured,3,106,0.011432,831537362.1859641,831537362.1859643,0.000000,"{""user_lock_acquisitions"": 504}",2026-08-12T06:31:04Z
exp2_scaling,synthetic,fine_lock,12,measured,5,107,0.499016,831537362.1859734,831537362.1859643,0.000000,"{""user_lock_acquisitions"": 500000}",2026-08-12T06:31:05Z
exp2_scaling,synthetic,fp_sum_genexpr,12,measured,26,108,0.011561,831537362.1859645,831537362.1859643,0.000000,"{""user_lock_acquisitions"": 0}",2026-08-12T06:31:05Z
exp2_scaling,synthetic,coarse_lock,12,measured,10,109,0.009804,831537362.1859664,831537362.1859643,0.000000,"{""user_lock_acquisitions"": 12}",2026-08-12T06:31:05Z
exp2_scaling,synthetic,coarse_lock,12,measured,14,110,0.010724,831537362.1859663,831537362.1859643,0.000000,"{""user_lock_acquisitions"": 12}",2026-08-12T06:31:05Z
exp2_scaling,synthetic,imp_threadlocal,12,measured,29,111,0.010286,831537362.1859664,831537362.1859643,0.000000,"{""user_lock_acquisitions"": 0}",2026-08-12T06:31:05Z
exp2_scaling,synthetic,fp_reduce,12,measured,4,112,0.009448,831537362.1859664,831537362.1859643,0.000000,"{""user_lock_acquisitions"": 0}",2026-08-12T06:31:05Z
exp2_scaling,synthetic,no_lock,12,measured,28,113,0.442506,136925920.53291363,831537362.1859643,83.533401,"{""user_lock_acquisitions"": 0}",2026-08-12T06:31:05Z
exp2_scaling,synthetic,fp_reduce,12,measured,6,114,0.010335,831537362.1859664,831537362.1859643,0.000000,"{""user_lock_acquisitions"": 0}",2026-08-12T06:31:05Z
exp2_scaling,synthetic,no_lock,12,measured,8,115,0.421394,132174045.93943425,831537362.1859643,84.104858,"{""user_lock_acquisitions"": 0}",2026-08-12T06:31:06Z
exp2_scaling,synthetic,fp_reduce,12,measured,1,116,0.010383,831537362.1859664,831537362.1859643,0.000000,"{""user_lock_acquisitions"": 0}",2026-08-12T06:31:06Z
exp2_scaling,synthetic,no_lock,12,measured,13,117,0.464324,137530260.53737098,831537362.1859643,83.460724,"{""user_lock_acquisitions"": 0}",2026-08-12T06:31:06Z
exp2_scaling,synthetic,fine_lock,12,measured,13,118,0.474412,831537362.185974,831537362.1859643,0.000000,"{""user_lock_acquisitions"": 500000}",2026-08-12T06:31:07Z
exp2_scaling,synthetic,queue_agg,12,measured,20,119,0.010598,831537362.1859664,831537362.1859643,0.000000,"{""user_lock_acquisitions"": 0}",2026-08-12T06:31:07Z
exp2_scaling,synthetic,batched_lock,12,measured,7,120,0.010825,831537362.1859641,831537362.1859643,0.000000,"{""user_lock_acquisitions"": 504}",2026-08-12T06:31:07Z
exp2_scaling,synthetic,batched_lock,12,measured,21,121,0.012178,831537362.1859637,831537362.1859643,0.000000,"{""user_lock_acquisitions"": 504}",2026-08-12T06:31:07Z
exp2_scaling,synthetic,batched_lock,12,measured,4,122,0.011116,831537362.1859641,831537362.1859643,0.000000,"{""user_lock_acquisitions"": 504}",2026-08-12T06:31:07Z
exp2_scaling,synthetic,no_lock,12,measured,7,123,0.398638,140014297.17576507,831537362.1859643,83.161996,"{""user_lock_acquisitions"": 0}",2026-08-12T06:31:07Z
exp2_scaling,synthetic,queue_agg,12,measured,27,124,0.010584,831537362.1859663,831537362.1859643,0.000000,"{""user_lock_acquisitions"": 0}",2026-08-12T06:31:07Z
exp2_scaling,synthetic,coarse_lock,12,measured,22,125,0.010792,831537362.1859664,831537362.1859643,0.000000,"{""user_lock_acquisitions"": 12}",2026-08-12T06:31:07Z
exp2_scaling,synthetic,no_lock,12,measured,12,126,0.418459,131457443.76836823,831537362.1859643,84.191036,"{""user_lock_acquisitions"": 0}",2026-08-12T06:31:08Z
exp2_scaling,synthetic,no_lock,12,measured,2,127,0.441481,132220235.76391946,831537362.1859643,84.099303,"{""user_lock_acquisitions"": 0}",2026-08-12T06:31:08Z
exp2_scaling,synthetic,fine_lock,12,measured,14,128,0.504544,831537362.1859717,831537362.1859643,0.000000,"{""user_lock_acquisitions"": 500000}",2026-08-12T06:31:08Z
exp2_scaling,synthetic,fine_lock,12,measured,20,129,0.552491,831537362.1859689,831537362.1859643,0.000000,"{""user_lock_acquisitions"": 500000}",2026-08-12T06:31:09Z
exp2_scaling,synthetic,coarse_lock,12,measured,0,130,0.010154,831537362.1859665,831537362.1859643,0.000000,"{""user_lock_acquisitions"": 12}",2026-08-12T06:31:09Z
exp2_scaling,synthetic,queue_agg,12,measured,3,131,0.010106,831537362.1859665,831537362.1859643,0.000000,"{""user_lock_acquisitions"": 0}",2026-08-12T06:31:09Z
exp2_scaling,synthetic,fp_sum_genexpr,12,measured,27,132,0.010765,831537362.1859645,831537362.1859643,0.000000,"{""user_lock_acquisitions"": 0}",2026-08-12T06:31:09Z
exp2_scaling,synthetic,fp_reduce,12,measured,20,133,0.009407,831537362.1859664,831537362.1859643,0.000000,"{""user_lock_acquisitions"": 0}",2026-08-12T06:31:09Z
exp2_scaling,synthetic,imp_threadlocal,12,measured,4,134,0.009479,831537362.1859664,831537362.1859643,0.000000,"{""user_lock_acquisitions"": 0}",2026-08-12T06:31:09Z
exp2_scaling,synthetic,fine_lock,12,measured,25,135,0.478100,831537362.1859695,831537362.1859643,0.000000,"{""user_lock_acquisitions"": 500000}",2026-08-12T06:31:10Z
exp2_scaling,synthetic,no_lock,12,measured,3,136,0.448351,140438059.65042457,831537362.1859643,83.111034,"{""user_lock_acquisitions"": 0}",2026-08-12T06:31:10Z
exp2_scaling,synthetic,fine_lock,12,measured,12,137,0.583811,831537362.1859709,831537362.1859643,0.000000,"{""user_lock_acquisitions"": 500000}",2026-08-12T06:31:11Z
exp2_scaling,synthetic,imp_threadlocal,12,measured,8,138,0.010595,831537362.1859664,831537362.1859643,0.000000,"{""user_lock_acquisitions"": 0}",2026-08-12T06:31:11Z
exp2_scaling,synthetic,batched_lock,12,measured,11,139,0.012398,831537362.1859637,831537362.1859643,0.000000,"{""user_lock_acquisitions"": 504}",2026-08-12T06:31:11Z
exp2_scaling,synthetic,fp_reduce,12,measured,27,140,0.009826,831537362.1859664,831537362.1859643,0.000000,"{""user_lock_acquisitions"": 0}",2026-08-12T06:31:11Z
exp2_scaling,synthetic,imp_threadlocal,12,measured,1,141,0.009443,831537362.1859664,831537362.1859643,0.000000,"{""user_lock_acquisitions"": 0}",2026-08-12T06:31:11Z
exp2_scaling,synthetic,queue_agg,12,measured,28,142,0.008919,831537362.1859664,831537362.1859643,0.000000,"{""user_lock_acquisitions"": 0}",2026-08-12T06:31:11Z
exp2_scaling,synthetic,no_lock,12,measured,24,143,0.415240,143220900.51097772,831537362.1859643,82.776372,"{""user_lock_acquisitions"": 0}",2026-08-12T06:31:11Z
exp2_scaling,synthetic,batched_lock,12,measured,25,144,0.011527,831537362.1859639,831537362.1859643,0.000000,"{""user_lock_acquisitions"": 504}",2026-08-12T06:31:11Z
exp2_scaling,synthetic,no_lock,12,measured,15,145,0.403672,138035056.860252,831537362.1859643,83.400017,"{""user_lock_acquisitions"": 0}",2026-08-12T06:31:11Z
exp2_scaling,synthetic,fine_lock,12,measured,7,146,0.529230,831537362.185967,831537362.1859643,0.000000,"{""user_lock_acquisitions"": 500000}",2026-08-12T06:31:12Z
exp2_scaling,synthetic,imp_threadlocal,12,measured,28,147,0.010663,831537362.1859664,831537362.1859643,0.000000,"{""user_lock_acquisitions"": 0}",2026-08-12T06:31:12Z
exp2_scaling,synthetic,imp_threadlocal,12,measured,10,148,0.010006,831537362.1859664,831537362.1859643,0.000000,"{""user_lock_acquisitions"": 0}",2026-08-12T06:31:12Z
exp2_scaling,synthetic,queue_agg,12,measured,25,149,0.009543,831537362.1859664,831537362.1859643,0.000000,"{""user_lock_acquisitions"": 0}",2026-08-12T06:31:12Z
exp2_scaling,synthetic,imp_threadlocal,12,measured,12,150,0.009401,831537362.1859664,831537362.1859643,0.000000,"{""user_lock_acquisitions"": 0}",2026-08-12T06:31:12Z
exp2_scaling,synthetic,fp_reduce,12,measured,0,151,0.010637,831537362.1859664,831537362.1859643,0.000000,"{""user_lock_acquisitions"": 0}",2026-08-12T06:31:12Z
exp2_scaling,synthetic,batched_lock,12,measured,15,152,0.011307,831537362.1859635,831537362.1859643,0.000000,"{""user_lock_acquisitions"": 504}",2026-08-12T06:31:12Z
exp2_scaling,synthetic,imp_threadlocal,12,measured,18,153,0.009804,831537362.1859664,831537362.1859643,0.000000,"{""user_lock_acquisitions"": 0}",2026-08-12T06:31:12Z
exp2_scaling,synthetic,coarse_lock,12,measured,4,154,0.010822,831537362.1859663,831537362.1859643,0.000000,"{""user_lock_acquisitions"": 12}",2026-08-12T06:31:12Z
exp2_scaling,synthetic,coarse_lock,12,measured,28,155,0.010392,831537362.1859664,831537362.1859643,0.000000,"{""user_lock_acquisitions"": 12}",2026-08-12T06:31:12Z
exp2_scaling,synthetic,batched_lock,12,measured,13,156,0.010028,831537362.1859641,831537362.1859643,0.000000,"{""user_lock_acquisitions"": 504}",2026-08-12T06:31:12Z
exp2_scaling,synthetic,fp_reduce,12,measured,12,157,0.010598,831537362.1859664,831537362.1859643,0.000000,"{""user_lock_acquisitions"": 0}",2026-08-12T06:31:12Z
exp2_scaling,synthetic,imp_threadlocal,12,measured,25,158,0.010738,831537362.1859664,831537362.1859643,0.000000,"{""user_lock_acquisitions"": 0}",2026-08-12T06:31:12Z
exp2_scaling,synthetic,fp_sum_genexpr,12,measured,29,159,0.010418,831537362.1859645,831537362.1859643,0.000000,"{""user_lock_acquisitions"": 0}",2026-08-12T06:31:12Z
exp2_scaling,synthetic,batched_lock,12,measured,8,160,0.010497,831537362.1859642,831537362.1859643,0.000000,"{""user_lock_acquisitions"": 504}",2026-08-12T06:31:12Z
exp2_scaling,synthetic,batched_lock,12,measured,5,161,0.010980,831537362.1859642,831537362.1859643,0.000000,"{""user_lock_acquisitions"": 504}",2026-08-12T06:31:12Z
exp2_scaling,synthetic,fine_lock,12,measured,15,162,0.545330,831537362.1859624,831537362.1859643,0.000000,"{""user_lock_acquisitions"": 500000}",2026-08-12T06:31:13Z
exp2_scaling,synthetic,fp_reduce,12,measured,3,163,0.011674,831537362.1859664,831537362.1859643,0.000000,"{""user_lock_acquisitions"": 0}",2026-08-12T06:31:13Z
exp2_scaling,synthetic,batched_lock,12,measured,20,164,0.011739,831537362.1859642,831537362.1859643,0.000000,"{""user_lock_acquisitions"": 504}",2026-08-12T06:31:13Z
exp2_scaling,synthetic,imp_threadlocal,12,measured,14,165,0.010874,831537362.1859664,831537362.1859643,0.000000,"{""user_lock_acquisitions"": 0}",2026-08-12T06:31:13Z
exp2_scaling,synthetic,fp_reduce,12,measured,19,166,0.010127,831537362.1859664,831537362.1859643,0.000000,"{""user_lock_acquisitions"": 0}",2026-08-12T06:31:13Z
exp2_scaling,synthetic,fine_lock,12,measured,6,167,0.557426,831537362.1859719,831537362.1859643,0.000000,"{""user_lock_acquisitions"": 500000}",2026-08-12T06:31:13Z
exp2_scaling,synthetic,no_lock,12,measured,19,168,0.470127,137596704.37429893,831537362.1859643,83.452733,"{""user_lock_acquisitions"": 0}",2026-08-12T06:31:14Z
exp2_scaling,synthetic,fp_sum_genexpr,12,measured,22,169,0.011122,831537362.1859645,831537362.1859643,0.000000,"{""user_lock_acquisitions"": 0}",2026-08-12T06:31:14Z
exp2_scaling,synthetic,imp_threadlocal,12,measured,24,170,0.009941,831537362.1859664,831537362.1859643,0.000000,"{""user_lock_acquisitions"": 0}",2026-08-12T06:31:14Z
exp2_scaling,synthetic,batched_lock,12,measured,17,171,0.011565,831537362.185964,831537362.1859643,0.000000,"{""user_lock_acquisitions"": 504}",2026-08-12T06:31:14Z
exp2_scaling,synthetic,fine_lock,12,measured,4,172,0.622325,831537362.1859659,831537362.1859643,0.000000,"{""user_lock_acquisitions"": 500000}",2026-08-12T06:31:14Z
exp2_scaling,synthetic,batched_lock,12,measured,0,173,0.011823,831537362.1859642,831537362.1859643,0.000000,"{""user_lock_acquisitions"": 504}",2026-08-12T06:31:14Z
exp2_scaling,synthetic,fp_reduce,12,measured,22,174,0.010584,831537362.1859664,831537362.1859643,0.000000,"{""user_lock_acquisitions"": 0}",2026-08-12T06:31:14Z
exp2_scaling,synthetic,fp_reduce,12,measured,8,175,0.009539,831537362.1859664,831537362.1859643,0.000000,"{""user_lock_acquisitions"": 0}",2026-08-12T06:31:14Z
exp2_scaling,synthetic,fp_reduce,12,measured,11,176,0.009823,831537362.1859664,831537362.1859643,0.000000,"{""user_lock_acquisitions"": 0}",2026-08-12T06:31:14Z
exp2_scaling,synthetic,fp_sum_genexpr,12,measured,28,177,0.010185,831537362.1859645,831537362.1859643,0.000000,"{""user_lock_acquisitions"": 0}",2026-08-12T06:31:14Z
exp2_scaling,synthetic,imp_threadlocal,12,measured,3,178,0.009590,831537362.1859664,831537362.1859643,0.000000,"{""user_lock_acquisitions"": 0}",2026-08-12T06:31:14Z
exp2_scaling,synthetic,fp_sum_genexpr,12,measured,5,179,0.010101,831537362.1859645,831537362.1859643,0.000000,"{""user_lock_acquisitions"": 0}",2026-08-12T06:31:15Z
exp2_scaling,synthetic,queue_agg,12,measured,23,180,0.009662,831537362.1859664,831537362.1859643,0.000000,"{""user_lock_acquisitions"": 0}",2026-08-12T06:31:15Z
exp2_scaling,synthetic,fine_lock,12,measured,0,181,0.627157,831537362.185972,831537362.1859643,0.000000,"{""user_lock_acquisitions"": 500000}",2026-08-12T06:31:15Z
exp2_scaling,synthetic,fine_lock,12,measured,21,182,0.585047,831537362.1859683,831537362.1859643,0.000000,"{""user_lock_acquisitions"": 500000}",2026-08-12T06:31:16Z
exp2_scaling,synthetic,batched_lock,12,measured,18,183,0.011597,831537362.1859639,831537362.1859643,0.000000,"{""user_lock_acquisitions"": 504}",2026-08-12T06:31:16Z
exp2_scaling,synthetic,batched_lock,12,measured,6,184,0.012269,831537362.1859639,831537362.1859643,0.000000,"{""user_lock_acquisitions"": 504}",2026-08-12T06:31:16Z
exp2_scaling,synthetic,queue_agg,12,measured,21,185,0.010257,831537362.1859665,831537362.1859643,0.000000,"{""user_lock_acquisitions"": 0}",2026-08-12T06:31:16Z
exp2_scaling,synthetic,imp_threadlocal,12,measured,21,186,0.009836,831537362.1859664,831537362.1859643,0.000000,"{""user_lock_acquisitions"": 0}",2026-08-12T06:31:16Z
exp2_scaling,synthetic,fp_sum_genexpr,12,measured,3,187,0.010565,831537362.1859645,831537362.1859643,0.000000,"{""user_lock_acquisitions"": 0}",2026-08-12T06:31:16Z
exp2_scaling,synthetic,fp_sum_genexpr,12,measured,6,188,0.010680,831537362.1859645,831537362.1859643,0.000000,"{""user_lock_acquisitions"": 0}",2026-08-12T06:31:16Z
exp2_scaling,synthetic,imp_threadlocal,12,measured,26,189,0.009269,831537362.1859664,831537362.1859643,0.000000,"{""user_lock_acquisitions"": 0}",2026-08-12T06:31:16Z
exp2_scaling,synthetic,queue_agg,12,measured,14,190,0.009934,831537362.1859664,831537362.1859643,0.000000,"{""user_lock_acquisitions"": 0}",2026-08-12T06:31:16Z
exp2_scaling,synthetic,fp_sum_genexpr,12,measured,23,191,0.011843,831537362.1859645,831537362.1859643,0.000000,"{""user_lock_acquisitions"": 0}",2026-08-12T06:31:16Z
exp2_scaling,synthetic,imp_threadlocal,12,measured,15,192,0.010543,831537362.1859664,831537362.1859643,0.000000,"{""user_lock_acquisitions"": 0}",2026-08-12T06:31:16Z
exp2_scaling,synthetic,fp_sum_genexpr,12,measured,10,193,0.010899,831537362.1859645,831537362.1859643,0.000000,"{""user_lock_acquisitions"": 0}",2026-08-12T06:31:16Z
exp2_scaling,synthetic,imp_threadlocal,12,measured,2,194,0.009379,831537362.1859664,831537362.1859643,0.000000,"{""user_lock_acquisitions"": 0}",2026-08-12T06:31:16Z
exp2_scaling,synthetic,imp_threadlocal,12,measured,11,195,0.009149,831537362.1859664,831537362.1859643,0.000000,"{""user_lock_acquisitions"": 0}",2026-08-12T06:31:16Z
exp2_scaling,synthetic,fp_reduce,12,measured,9,196,0.009613,831537362.1859664,831537362.1859643,0.000000,"{""user_lock_acquisitions"": 0}",2026-08-12T06:31:16Z
exp2_scaling,synthetic,fp_sum_genexpr,12,measured,14,197,0.011191,831537362.1859645,831537362.1859643,0.000000,"{""user_lock_acquisitions"": 0}",2026-08-12T06:31:16Z
exp2_scaling,synthetic,queue_agg,12,measured,1,198,0.009814,831537362.1859664,831537362.1859643,0.000000,"{""user_lock_acquisitions"": 0}",2026-08-12T06:31:16Z
exp2_scaling,synthetic,fp_reduce,12,measured,7,199,0.010482,831537362.1859664,831537362.1859643,0.000000,"{""user_lock_acquisitions"": 0}",2026-08-12T06:31:16Z
exp2_scaling,synthetic,coarse_lock,12,measured,9,200,0.010491,831537362.1859664,831537362.1859643,0.000000,"{""user_lock_acquisitions"": 12}",2026-08-12T06:31:16Z
exp2_scaling,synthetic,imp_threadlocal,12,measured,23,201,0.010668,831537362.1859664,831537362.1859643,0.000000,"{""user_lock_acquisitions"": 0}",2026-08-12T06:31:16Z
exp2_scaling,synthetic,fp_reduce,12,measured,24,202,0.010085,831537362.1859664,831537362.1859643,0.000000,"{""user_lock_acquisitions"": 0}",2026-08-12T06:31:16Z
exp2_scaling,synthetic,fine_lock,12,measured,2,203,0.585607,831537362.1859648,831537362.1859643,0.000000,"{""user_lock_acquisitions"": 500000}",2026-08-12T06:31:17Z
exp2_scaling,synthetic,no_lock,12,measured,22,204,0.435578,141249944.0565107,831537362.1859643,83.013398,"{""user_lock_acquisitions"": 0}",2026-08-12T06:31:17Z
exp2_scaling,synthetic,fp_sum_genexpr,12,measured,24,205,0.012249,831537362.1859645,831537362.1859643,0.000000,"{""user_lock_acquisitions"": 0}",2026-08-12T06:31:17Z
exp2_scaling,synthetic,fp_sum_genexpr,12,measured,20,206,0.011212,831537362.1859645,831537362.1859643,0.000000,"{""user_lock_acquisitions"": 0}",2026-08-12T06:31:17Z
exp2_scaling,synthetic,fp_sum_genexpr,12,measured,7,207,0.010567,831537362.1859645,831537362.1859643,0.000000,"{""user_lock_acquisitions"": 0}",2026-08-12T06:31:17Z
exp2_scaling,synthetic,fine_lock,12,measured,10,208,0.522437,831537362.1859684,831537362.1859643,0.000000,"{""user_lock_acquisitions"": 500000}",2026-08-12T06:31:18Z
exp2_scaling,synthetic,batched_lock,12,measured,9,209,0.012068,831537362.1859637,831537362.1859643,0.000000,"{""user_lock_acquisitions"": 504}",2026-08-12T06:31:18Z
exp2_scaling,synthetic,coarse_lock,12,measured,23,210,0.010787,831537362.1859664,831537362.1859643,0.000000,"{""user_lock_acquisitions"": 12}",2026-08-12T06:31:18Z
exp2_scaling,synthetic,queue_agg,12,measured,12,211,0.012006,831537362.1859664,831537362.1859643,0.000000,"{""user_lock_acquisitions"": 0}",2026-08-12T06:31:18Z
exp2_scaling,synthetic,imp_threadlocal,12,measured,27,212,0.009932,831537362.1859664,831537362.1859643,0.000000,"{""user_lock_acquisitions"": 0}",2026-08-12T06:31:18Z
exp2_scaling,synthetic,no_lock,12,measured,0,213,0.431266,135818802.42684102,831537362.1859643,83.666542,"{""user_lock_acquisitions"": 0}",2026-08-12T06:31:18Z
exp2_scaling,synthetic,fine_lock,12,measured,11,214,0.594105,831537362.1859696,831537362.1859643,0.000000,"{""user_lock_acquisitions"": 500000}",2026-08-12T06:31:19Z
exp2_scaling,synthetic,fine_lock,12,measured,8,215,0.613415,831537362.185967,831537362.1859643,0.000000,"{""user_lock_acquisitions"": 500000}",2026-08-12T06:31:19Z
exp2_scaling,synthetic,fp_reduce,12,measured,29,216,0.009640,831537362.1859664,831537362.1859643,0.000000,"{""user_lock_acquisitions"": 0}",2026-08-12T06:31:19Z
exp2_scaling,synthetic,batched_lock,12,measured,16,217,0.011415,831537362.1859636,831537362.1859643,0.000000,"{""user_lock_acquisitions"": 504}",2026-08-12T06:31:19Z
exp2_scaling,synthetic,fine_lock,12,measured,29,218,0.600132,831537362.185962,831537362.1859643,0.000000,"{""user_lock_acquisitions"": 500000}",2026-08-12T06:31:20Z
exp2_scaling,synthetic,fp_sum_genexpr,12,measured,25,219,0.010175,831537362.1859645,831537362.1859643,0.000000,"{""user_lock_acquisitions"": 0}",2026-08-12T06:31:20Z
exp2_scaling,synthetic,fine_lock,12,measured,27,220,0.531578,831537362.185966,831537362.1859643,0.000000,"{""user_lock_acquisitions"": 500000}",2026-08-12T06:31:20Z
exp2_scaling,synthetic,imp_threadlocal,12,measured,16,221,0.011162,831537362.1859664,831537362.1859643,0.000000,"{""user_lock_acquisitions"": 0}",2026-08-12T06:31:20Z
exp2_scaling,synthetic,fine_lock,12,measured,24,222,0.555983,831537362.1859643,831537362.1859643,0.000000,"{""user_lock_acquisitions"": 500000}",2026-08-12T06:31:21Z
exp2_scaling,synthetic,fp_sum_genexpr,12,measured,0,223,0.010320,831537362.1859645,831537362.1859643,0.000000,"{""user_lock_acquisitions"": 0}",2026-08-12T06:31:21Z
exp2_scaling,synthetic,queue_agg,12,measured,29,224,0.009185,831537362.1859664,831537362.1859643,0.000000,"{""user_lock_acquisitions"": 0}",2026-08-12T06:31:21Z
exp2_scaling,synthetic,fp_sum_genexpr,12,measured,19,225,0.010745,831537362.1859645,831537362.1859643,0.000000,"{""user_lock_acquisitions"": 0}",2026-08-12T06:31:21Z
exp2_scaling,synthetic,imp_threadlocal,12,measured,5,226,0.009277,831537362.1859664,831537362.1859643,0.000000,"{""user_lock_acquisitions"": 0}",2026-08-12T06:31:21Z
exp2_scaling,synthetic,batched_lock,12,measured,29,227,0.011202,831537362.185964,831537362.1859643,0.000000,"{""user_lock_acquisitions"": 504}",2026-08-12T06:31:21Z
exp2_scaling,synthetic,queue_agg,12,measured,22,228,0.008777,831537362.1859665,831537362.1859643,0.000000,"{""user_lock_acquisitions"": 0}",2026-08-12T06:31:21Z
exp2_scaling,synthetic,fp_sum_genexpr,12,measured,9,229,0.010328,831537362.1859645,831537362.1859643,0.000000,"{""user_lock_acquisitions"": 0}",2026-08-12T06:31:21Z
exp2_scaling,synthetic,fp_reduce,12,measured,14,230,0.010094,831537362.1859664,831537362.1859643,0.000000,"{""user_lock_acquisitions"": 0}",2026-08-12T06:31:21Z
exp2_scaling,synthetic,fp_sum_genexpr,12,measured,11,231,0.010790,831537362.1859645,831537362.1859643,0.000000,"{""user_lock_acquisitions"": 0}",2026-08-12T06:31:21Z
exp2_scaling,synthetic,fp_reduce,12,measured,25,232,0.009116,831537362.1859664,831537362.1859643,0.000000,"{""user_lock_acquisitions"": 0}",2026-08-12T06:31:21Z
exp2_scaling,synthetic,queue_agg,12,measured,18,233,0.010031,831537362.1859664,831537362.1859643,0.000000,"{""user_lock_acquisitions"": 0}",2026-08-12T06:31:21Z
exp2_scaling,synthetic,coarse_lock,12,measured,24,234,0.009072,831537362.1859664,831537362.1859643,0.000000,"{""user_lock_acquisitions"": 12}",2026-08-12T06:31:21Z
exp2_scaling,synthetic,fp_sum_genexpr,12,measured,16,235,0.010589,831537362.1859645,831537362.1859643,0.000000,"{""user_lock_acquisitions"": 0}",2026-08-12T06:31:21Z
exp2_scaling,synthetic,imp_threadlocal,12,measured,22,236,0.009353,831537362.1859664,831537362.1859643,0.000000,"{""user_lock_acquisitions"": 0}",2026-08-12T06:31:21Z
exp2_scaling,synthetic,coarse_lock,12,measured,8,237,0.010125,831537362.1859665,831537362.1859643,0.000000,"{""user_lock_acquisitions"": 12}",2026-08-12T06:31:21Z
exp2_scaling,synthetic,no_lock,12,measured,5,238,0.429340,138193183.77688903,831537362.1859643,83.381001,"{""user_lock_acquisitions"": 0}",2026-08-12T06:31:22Z
exp2_scaling,synthetic,fp_reduce,12,measured,15,239,0.009664,831537362.1859664,831537362.1859643,0.000000,"{""user_lock_acquisitions"": 0}",2026-08-12T06:31:22Z
exp2_scaling,synthetic,no_lock,12,measured,11,240,0.412933,138609413.45065954,831537362.1859643,83.330946,"{""user_lock_acquisitions"": 0}",2026-08-12T06:31:22Z
exp2_scaling,synthetic,coarse_lock,12,measured,2,241,0.009488,831537362.1859664,831537362.1859643,0.000000,"{""user_lock_acquisitions"": 12}",2026-08-12T06:31:22Z
exp2_scaling,synthetic,queue_agg,12,measured,24,242,0.010056,831537362.1859664,831537362.1859643,0.000000,"{""user_lock_acquisitions"": 0}",2026-08-12T06:31:22Z
exp2_scaling,synthetic,queue_agg,12,measured,19,243,0.008910,831537362.1859664,831537362.1859643,0.000000,"{""user_lock_acquisitions"": 0}",2026-08-12T06:31:22Z
exp2_scaling,synthetic,no_lock,12,measured,1,244,0.414357,138010875.86682495,831537362.1859643,83.402925,"{""user_lock_acquisitions"": 0}",2026-08-12T06:31:22Z
exp2_scaling,synthetic,fp_reduce,12,measured,16,245,0.010671,831537362.1859664,831537362.1859643,0.000000,"{""user_lock_acquisitions"": 0}",2026-08-12T06:31:22Z
exp2_scaling,synthetic,no_lock,12,measured,29,246,0.395056,137166419.3949585,831537362.1859643,83.504479,"{""user_lock_acquisitions"": 0}",2026-08-12T06:31:23Z
exp2_scaling,synthetic,imp_threadlocal,12,measured,17,247,0.011500,831537362.1859664,831537362.1859643,0.000000,"{""user_lock_acquisitions"": 0}",2026-08-12T06:31:23Z
exp2_scaling,synthetic,batched_lock,12,measured,28,248,0.011896,831537362.1859641,831537362.1859643,0.000000,"{""user_lock_acquisitions"": 504}",2026-08-12T06:31:23Z
exp2_scaling,synthetic,imp_threadlocal,12,measured,13,249,0.010870,831537362.1859664,831537362.1859643,0.000000,"{""user_lock_acquisitions"": 0}",2026-08-12T06:31:23Z
exp2_scaling,synthetic,no_lock,12,measured,26,250,0.433375,135816711.88321576,831537362.1859643,83.666794,"{""user_lock_acquisitions"": 0}",2026-08-12T06:31:23Z
exp2_scaling,synthetic,batched_lock,12,measured,22,251,0.011079,831537362.1859639,831537362.1859643,0.000000,"{""user_lock_acquisitions"": 504}",2026-08-12T06:31:23Z
exp2_scaling,synthetic,batched_lock,12,measured,24,252,0.010971,831537362.1859641,831537362.1859643,0.000000,"{""user_lock_acquisitions"": 504}",2026-08-12T06:31:23Z
exp2_scaling,synthetic,fine_lock,12,measured,28,253,0.562725,831537362.1859674,831537362.1859643,0.000000,"{""user_lock_acquisitions"": 500000}",2026-08-12T06:31:24Z
exp2_scaling,synthetic,coarse_lock,12,measured,13,254,0.010392,831537362.1859664,831537362.1859643,0.000000,"{""user_lock_acquisitions"": 12}",2026-08-12T06:31:24Z
exp2_scaling,synthetic,coarse_lock,12,measured,5,255,0.009539,831537362.1859664,831537362.1859643,0.000000,"{""user_lock_acquisitions"": 12}",2026-08-12T06:31:24Z
exp2_scaling,synthetic,queue_agg,12,measured,7,256,0.010113,831537362.1859664,831537362.1859643,0.000000,"{""user_lock_acquisitions"": 0}",2026-08-12T06:31:24Z
exp2_scaling,synthetic,imp_threadlocal,12,measured,9,257,0.009658,831537362.1859664,831537362.1859643,0.000000,"{""user_lock_acquisitions"": 0}",2026-08-12T06:31:24Z
exp2_scaling,synthetic,fp_sum_genexpr,12,measured,4,258,0.010864,831537362.1859645,831537362.1859643,0.000000,"{""user_lock_acquisitions"": 0}",2026-08-12T06:31:24Z
exp2_scaling,synthetic,queue_agg,12,measured,6,259,0.010124,831537362.1859664,831537362.1859643,0.000000,"{""user_lock_acquisitions"": 0}",2026-08-12T06:31:24Z
exp2_scaling,synthetic,fp_reduce,12,measured,13,260,0.009979,831537362.1859664,831537362.1859643,0.000000,"{""user_lock_acquisitions"": 0}",2026-08-12T06:31:24Z
exp2_scaling,synthetic,fine_lock,12,measured,18,261,0.564174,831537362.1859691,831537362.1859643,0.000000,"{""user_lock_acquisitions"": 500000}",2026-08-12T06:31:24Z
exp2_scaling,synthetic,fine_lock,12,measured,26,262,0.502108,831537362.1859713,831537362.1859643,0.000000,"{""user_lock_acquisitions"": 500000}",2026-08-12T06:31:25Z
exp2_scaling,synthetic,no_lock,12,measured,20,263,0.412010,138742098.52999505,831537362.1859643,83.314989,"{""user_lock_acquisitions"": 0}",2026-08-12T06:31:25Z
exp2_scaling,synthetic,fine_lock,14,warmup,0,0,0.747235,831537362.1859561,831537362.1859643,0.000000,"{""user_lock_acquisitions"": 500000}",2026-08-12T06:31:26Z
exp2_scaling,synthetic,imp_threadlocal,14,warmup,1,1,0.010505,831537362.1859654,831537362.1859643,0.000000,"{""user_lock_acquisitions"": 0}",2026-08-12T06:31:26Z
exp2_scaling,synthetic,batched_lock,14,warmup,0,2,0.010860,831537362.1859642,831537362.1859643,0.000000,"{""user_lock_acquisitions"": 504}",2026-08-12T06:31:26Z
exp2_scaling,synthetic,fine_lock,14,warmup,1,3,0.742524,831537362.1859525,831537362.1859643,0.000000,"{""user_lock_acquisitions"": 500000}",2026-08-12T06:31:27Z
exp2_scaling,synthetic,fine_lock,14,warmup,2,4,0.731393,831537362.1859558,831537362.1859643,0.000000,"{""user_lock_acquisitions"": 500000}",2026-08-12T06:31:28Z
exp2_scaling,synthetic,batched_lock,14,warmup,2,5,0.011441,831537362.1859647,831537362.1859643,0.000000,"{""user_lock_acquisitions"": 504}",2026-08-12T06:31:28Z
exp2_scaling,synthetic,fp_reduce,14,warmup,2,6,0.010247,831537362.1859654,831537362.1859643,0.000000,"{""user_lock_acquisitions"": 0}",2026-08-12T06:31:28Z
exp2_scaling,synthetic,imp_threadlocal,14,warmup,0,7,0.010405,831537362.1859654,831537362.1859643,0.000000,"{""user_lock_acquisitions"": 0}",2026-08-12T06:31:28Z
exp2_scaling,synthetic,imp_threadlocal,14,warmup,2,8,0.009839,831537362.1859654,831537362.1859643,0.000000,"{""user_lock_acquisitions"": 0}",2026-08-12T06:31:28Z
exp2_scaling,synthetic,fp_reduce,14,warmup,0,9,0.010728,831537362.1859654,831537362.1859643,0.000000,"{""user_lock_acquisitions"": 0}",2026-08-12T06:31:28Z
exp2_scaling,synthetic,queue_agg,14,warmup,0,10,0.009547,831537362.1859654,831537362.1859643,0.000000,"{""user_lock_acquisitions"": 0}",2026-08-12T06:31:28Z
exp2_scaling,synthetic,fp_sum_genexpr,14,warmup,0,11,0.010204,831537362.1859643,831537362.1859643,0.000000,"{""user_lock_acquisitions"": 0}",2026-08-12T06:31:28Z
exp2_scaling,synthetic,coarse_lock,14,warmup,1,12,0.009296,831537362.1859655,831537362.1859643,0.000000,"{""user_lock_acquisitions"": 14}",2026-08-12T06:31:28Z
exp2_scaling,synthetic,no_lock,14,warmup,1,13,0.575806,121566187.45372583,831537362.1859643,85.380550,"{""user_lock_acquisitions"": 0}",2026-08-12T06:31:28Z
exp2_scaling,synthetic,coarse_lock,14,warmup,0,14,0.009994,831537362.1859655,831537362.1859643,0.000000,"{""user_lock_acquisitions"": 14}",2026-08-12T06:31:28Z
exp2_scaling,synthetic,queue_agg,14,warmup,1,15,0.010236,831537362.1859654,831537362.1859643,0.000000,"{""user_lock_acquisitions"": 0}",2026-08-12T06:31:28Z
exp2_scaling,synthetic,fp_sum_genexpr,14,warmup,1,16,0.010354,831537362.1859643,831537362.1859643,0.000000,"{""user_lock_acquisitions"": 0}",2026-08-12T06:31:28Z
exp2_scaling,synthetic,no_lock,14,warmup,0,17,0.548081,115018825.63232976,831537362.1859643,86.167931,"{""user_lock_acquisitions"": 0}",2026-08-12T06:31:29Z
exp2_scaling,synthetic,fp_sum_genexpr,14,warmup,2,18,0.010220,831537362.1859643,831537362.1859643,0.000000,"{""user_lock_acquisitions"": 0}",2026-08-12T06:31:29Z
exp2_scaling,synthetic,coarse_lock,14,warmup,2,19,0.010051,831537362.1859655,831537362.1859643,0.000000,"{""user_lock_acquisitions"": 14}",2026-08-12T06:31:29Z
exp2_scaling,synthetic,batched_lock,14,warmup,1,20,0.010801,831537362.1859643,831537362.1859643,0.000000,"{""user_lock_acquisitions"": 504}",2026-08-12T06:31:29Z
exp2_scaling,synthetic,fp_reduce,14,warmup,1,21,0.009743,831537362.1859654,831537362.1859643,0.000000,"{""user_lock_acquisitions"": 0}",2026-08-12T06:31:29Z
exp2_scaling,synthetic,queue_agg,14,warmup,2,22,0.009885,831537362.1859655,831537362.1859643,0.000000,"{""user_lock_acquisitions"": 0}",2026-08-12T06:31:29Z
exp2_scaling,synthetic,no_lock,14,warmup,2,23,0.586706,118658758.52662787,831537362.1859643,85.730195,"{""user_lock_acquisitions"": 0}",2026-08-12T06:31:30Z
exp2_scaling,synthetic,fine_lock,14,measured,28,24,0.724549,831537362.1859558,831537362.1859643,0.000000,"{""user_lock_acquisitions"": 500000}",2026-08-12T06:31:30Z
exp2_scaling,synthetic,fp_sum_genexpr,14,measured,20,25,0.010224,831537362.1859643,831537362.1859643,0.000000,"{""user_lock_acquisitions"": 0}",2026-08-12T06:31:30Z
exp2_scaling,synthetic,batched_lock,14,measured,18,26,0.012421,831537362.1859646,831537362.1859643,0.000000,"{""user_lock_acquisitions"": 504}",2026-08-12T06:31:30Z
exp2_scaling,synthetic,imp_threadlocal,14,measured,19,27,0.010005,831537362.1859654,831537362.1859643,0.000000,"{""user_lock_acquisitions"": 0}",2026-08-12T06:31:30Z
exp2_scaling,synthetic,coarse_lock,14,measured,5,28,0.009092,831537362.1859655,831537362.1859643,0.000000,"{""user_lock_acquisitions"": 14}",2026-08-12T06:31:30Z
exp2_scaling,synthetic,batched_lock,14,measured,22,29,0.012085,831537362.1859647,831537362.1859643,0.000000,"{""user_lock_acquisitions"": 504}",2026-08-12T06:31:30Z
exp2_scaling,synthetic,fp_reduce,14,measured,8,30,0.009259,831537362.1859654,831537362.1859643,0.000000,"{""user_lock_acquisitions"": 0}",2026-08-12T06:31:30Z
exp2_scaling,synthetic,fp_sum_genexpr,14,measured,28,31,0.010156,831537362.1859643,831537362.1859643,0.000000,"{""user_lock_acquisitions"": 0}",2026-08-12T06:31:30Z
exp2_scaling,synthetic,no_lock,14,measured,19,32,0.589025,118307372.94628897,831537362.1859643,85.772453,"{""user_lock_acquisitions"": 0}",2026-08-12T06:31:31Z
exp2_scaling,synthetic,fp_reduce,14,measured,23,33,0.009773,831537362.1859654,831537362.1859643,0.000000,"{""user_lock_acquisitions"": 0}",2026-08-12T06:31:31Z
exp2_scaling,synthetic,no_lock,14,measured,6,34,0.560067,128355945.54181941,831537362.1859643,84.564019,"{""user_lock_acquisitions"": 0}",2026-08-12T06:31:31Z
exp2_scaling,synthetic,fp_reduce,14,measured,24,35,0.010358,831537362.1859654,831537362.1859643,0.000000,"{""user_lock_acquisitions"": 0}",2026-08-12T06:31:31Z
exp2_scaling,synthetic,coarse_lock,14,measured,29,36,0.011621,831537362.1859654,831537362.1859643,0.000000,"{""user_lock_acquisitions"": 14}",2026-08-12T06:31:31Z
exp2_scaling,synthetic,no_lock,14,measured,23,37,0.566446,122656906.69666687,831537362.1859643,85.249381,"{""user_lock_acquisitions"": 0}",2026-08-12T06:31:32Z
exp2_scaling,synthetic,no_lock,14,measured,14,38,0.557833,121633033.67395207,831537362.1859643,85.372511,"{""user_lock_acquisitions"": 0}",2026-08-12T06:31:33Z
exp2_scaling,synthetic,coarse_lock,14,measured,10,39,0.009609,831537362.1859654,831537362.1859643,0.000000,"{""user_lock_acquisitions"": 14}",2026-08-12T06:31:33Z
exp2_scaling,synthetic,no_lock,14,measured,7,40,0.536633,117496505.22601804,831537362.1859643,85.869967,"{""user_lock_acquisitions"": 0}",2026-08-12T06:31:33Z
exp2_scaling,synthetic,coarse_lock,14,measured,13,41,0.010098,831537362.1859655,831537362.1859643,0.000000,"{""user_lock_acquisitions"": 14}",2026-08-12T06:31:33Z
exp2_scaling,synthetic,fp_sum_genexpr,14,measured,14,42,0.010866,831537362.1859643,831537362.1859643,0.000000,"{""user_lock_acquisitions"": 0}",2026-08-12T06:31:33Z
exp2_scaling,synthetic,fine_lock,14,measured,16,43,0.756931,831537362.1859527,831537362.1859643,0.000000,"{""user_lock_acquisitions"": 500000}",2026-08-12T06:31:34Z
exp2_scaling,synthetic,fine_lock,14,measured,10,44,0.767813,831537362.1859546,831537362.1859643,0.000000,"{""user_lock_acquisitions"": 500000}",2026-08-12T06:31:35Z
exp2_scaling,synthetic,imp_threadlocal,14,measured,25,45,0.010262,831537362.1859654,831537362.1859643,0.000000,"{""user_lock_acquisitions"": 0}",2026-08-12T06:31:35Z
exp2_scaling,synthetic,fine_lock,14,measured,8,46,0.754058,831537362.1859584,831537362.1859643,0.000000,"{""user_lock_acquisitions"": 500000}",2026-08-12T06:31:35Z
exp2_scaling,synthetic,fine_lock,14,measured,20,47,0.762024,831537362.185951,831537362.1859643,0.000000,"{""user_lock_acquisitions"": 500000}",2026-08-12T06:31:36Z
exp2_scaling,synthetic,fp_sum_genexpr,14,measured,3,48,0.010663,831537362.1859643,831537362.1859643,0.000000,"{""user_lock_acquisitions"": 0}",2026-08-12T06:31:36Z
exp2_scaling,synthetic,batched_lock,14,measured,20,49,0.010309,831537362.1859645,831537362.1859643,0.000000,"{""user_lock_acquisitions"": 504}",2026-08-12T06:31:36Z
exp2_scaling,synthetic,fp_sum_genexpr,14,measured,0,50,0.009901,831537362.1859643,831537362.1859643,0.000000,"{""user_lock_acquisitions"": 0}",2026-08-12T06:31:36Z
exp2_scaling,synthetic,coarse_lock,14,measured,1,51,0.010079,831537362.1859655,831537362.1859643,0.000000,"{""user_lock_acquisitions"": 14}",2026-08-12T06:31:36Z
exp2_scaling,synthetic,fp_reduce,14,measured,17,52,0.008885,831537362.1859654,831537362.1859643,0.000000,"{""user_lock_acquisitions"": 0}",2026-08-12T06:31:36Z
exp2_scaling,synthetic,fp_sum_genexpr,14,measured,24,53,0.010164,831537362.1859643,831537362.1859643,0.000000,"{""user_lock_acquisitions"": 0}",2026-08-12T06:31:36Z
exp2_scaling,synthetic,fp_reduce,14,measured,27,54,0.008325,831537362.1859654,831537362.1859643,0.000000,"{""user_lock_acquisitions"": 0}",2026-08-12T06:31:36Z
exp2_scaling,synthetic,no_lock,14,measured,1,55,0.593850,115113066.69840491,831537362.1859643,86.156597,"{""user_lock_acquisitions"": 0}",2026-08-12T06:31:37Z
exp2_scaling,synthetic,batched_lock,14,measured,3,56,0.010921,831537362.1859646,831537362.1859643,0.000000,"{""user_lock_acquisitions"": 504}",2026-08-12T06:31:37Z
exp2_scaling,synthetic,fp_sum_genexpr,14,measured,6,57,0.009734,831537362.1859643,831537362.1859643,0.000000,"{""user_lock_acquisitions"": 0}",2026-08-12T06:31:37Z
exp2_scaling,synthetic,no_lock,14,measured,13,58,0.638505,125155862.39918908,831537362.1859643,84.948859,"{""user_lock_acquisitions"": 0}",2026-08-12T06:31:38Z
exp2_scaling,synthetic,queue_agg,14,measured,27,59,0.010529,831537362.1859654,831537362.1859643,0.000000,"{""user_lock_acquisitions"": 0}",2026-08-12T06:31:38Z
exp2_scaling,synthetic,coarse_lock,14,measured,18,60,0.009635,831537362.1859654,831537362.1859643,0.000000,"{""user_lock_acquisitions"": 14}",2026-08-12T06:31:38Z
exp2_scaling,synthetic,fp_reduce,14,measured,0,61,0.010264,831537362.1859654,831537362.1859643,0.000000,"{""user_lock_acquisitions"": 0}",2026-08-12T06:31:38Z
exp2_scaling,synthetic,fine_lock,14,measured,21,62,0.792324,831537362.1859561,831537362.1859643,0.000000,"{""user_lock_acquisitions"": 500000}",2026-08-12T06:31:38Z
exp2_scaling,synthetic,queue_agg,14,measured,28,63,0.009342,831537362.1859654,831537362.1859643,0.000000,"{""user_lock_acquisitions"": 0}",2026-08-12T06:31:38Z
exp2_scaling,synthetic,fp_sum_genexpr,14,measured,10,64,0.010100,831537362.1859643,831537362.1859643,0.000000,"{""user_lock_acquisitions"": 0}",2026-08-12T06:31:38Z
exp2_scaling,synthetic,no_lock,14,measured,22,65,0.574420,118542869.35458614,831537362.1859643,85.744132,"{""user_lock_acquisitions"": 0}",2026-08-12T06:31:39Z
exp2_scaling,synthetic,batched_lock,14,measured,28,66,0.010836,831537362.1859647,831537362.1859643,0.000000,"{""user_lock_acquisitions"": 504}",2026-08-12T06:31:39Z
exp2_scaling,synthetic,fine_lock,14,measured,12,67,0.803341,831537362.1859589,831537362.1859643,0.000000,"{""user_lock_acquisitions"": 500000}",2026-08-12T06:31:40Z
exp2_scaling,synthetic,no_lock,14,measured,9,68,0.613428,113726466.14238605,831537362.1859643,86.323349,"{""user_lock_acquisitions"": 0}",2026-08-12T06:31:40Z
exp2_scaling,synthetic,batched_lock,14,measured,17,69,0.010550,831537362.1859641,831537362.1859643,0.000000,"{""user_lock_acquisitions"": 504}",2026-08-12T06:31:40Z
exp2_scaling,synthetic,imp_threadlocal,14,measured,8,70,0.009311,831537362.1859654,831537362.1859643,0.000000,"{""user_lock_acquisitions"": 0}",2026-08-12T06:31:40Z
exp2_scaling,synthetic,queue_agg,14,measured,25,71,0.009835,831537362.1859654,831537362.1859643,0.000000,"{""user_lock_acquisitions"": 0}",2026-08-12T06:31:40Z
exp2_scaling,synthetic,coarse_lock,14,measured,7,72,0.009232,831537362.1859655,831537362.1859643,0.000000,"{""user_lock_acquisitions"": 14}",2026-08-12T06:31:40Z
exp2_scaling,synthetic,fp_sum_genexpr,14,measured,16,73,0.010052,831537362.1859643,831537362.1859643,0.000000,"{""user_lock_acquisitions"": 0}",2026-08-12T06:31:40Z
exp2_scaling,synthetic,fp_reduce,14,measured,26,74,0.008696,831537362.1859654,831537362.1859643,0.000000,"{""user_lock_acquisitions"": 0}",2026-08-12T06:31:40Z
exp2_scaling,synthetic,fine_lock,14,measured,27,75,0.770764,831537362.185952,831537362.1859643,0.000000,"{""user_lock_acquisitions"": 500000}",2026-08-12T06:31:41Z
exp2_scaling,synthetic,no_lock,14,measured,26,76,0.625632,120639016.27142502,831537362.1859643,85.492051,"{""user_lock_acquisitions"": 0}",2026-08-12T06:31:42Z
exp2_scaling,synthetic,batched_lock,14,measured,16,77,0.010817,831537362.1859647,831537362.1859643,0.000000,"{""user_lock_acquisitions"": 504}",2026-08-12T06:31:42Z
exp2_scaling,synthetic,queue_agg,14,measured,7,78,0.009804,831537362.1859655,831537362.1859643,0.000000,"{""user_lock_acquisitions"": 0}",2026-08-12T06:31:42Z
exp2_scaling,synthetic,queue_agg,14,measured,18,79,0.008744,831537362.1859655,831537362.1859643,0.000000,"{""user_lock_acquisitions"": 0}",2026-08-12T06:31:42Z
exp2_scaling,synthetic,imp_threadlocal,14,measured,3,80,0.010116,831537362.1859654,831537362.1859643,0.000000,"{""user_lock_acquisitions"": 0}",2026-08-12T06:31:42Z
exp2_scaling,synthetic,fp_reduce,14,measured,15,81,0.008797,831537362.1859654,831537362.1859643,0.000000,"{""user_lock_acquisitions"": 0}",2026-08-12T06:31:42Z
exp2_scaling,synthetic,batched_lock,14,measured,9,82,0.009318,831537362.1859646,831537362.1859643,0.000000,"{""user_lock_acquisitions"": 504}",2026-08-12T06:31:42Z
exp2_scaling,synthetic,queue_agg,14,measured,22,83,0.008403,831537362.1859655,831537362.1859643,0.000000,"{""user_lock_acquisitions"": 0}",2026-08-12T06:31:42Z
exp2_scaling,synthetic,queue_agg,14,measured,12,84,0.009930,831537362.1859654,831537362.1859643,0.000000,"{""user_lock_acquisitions"": 0}",2026-08-12T06:31:42Z
exp2_scaling,synthetic,imp_threadlocal,14,measured,28,85,0.009611,831537362.1859654,831537362.1859643,0.000000,"{""user_lock_acquisitions"": 0}",2026-08-12T06:31:42Z
exp2_scaling,synthetic,coarse_lock,14,measured,17,86,0.009620,831537362.1859655,831537362.1859643,0.000000,"{""user_lock_acquisitions"": 14}",2026-08-12T06:31:42Z
exp2_scaling,synthetic,coarse_lock,14,measured,3,87,0.009080,831537362.1859653,831537362.1859643,0.000000,"{""user_lock_acquisitions"": 14}",2026-08-12T06:31:42Z
exp2_scaling,synthetic,coarse_lock,14,measured,22,88,0.009086,831537362.1859655,831537362.1859643,0.000000,"{""user_lock_acquisitions"": 14}",2026-08-12T06:31:42Z
exp2_scaling,synthetic,queue_agg,14,measured,21,89,0.009350,831537362.1859655,831537362.1859643,0.000000,"{""user_lock_acquisitions"": 0}",2026-08-12T06:31:42Z
exp2_scaling,synthetic,queue_agg,14,measured,5,90,0.008771,831537362.1859655,831537362.1859643,0.000000,"{""user_lock_acquisitions"": 0}",2026-08-12T06:31:42Z
exp2_scaling,synthetic,queue_agg,14,measured,17,91,0.009116,831537362.1859655,831537362.1859643,0.000000,"{""user_lock_acquisitions"": 0}",2026-08-12T06:31:42Z
exp2_scaling,synthetic,fp_reduce,14,measured,6,92,0.009454,831537362.1859654,831537362.1859643,0.000000,"{""user_lock_acquisitions"": 0}",2026-08-12T06:31:42Z
exp2_scaling,synthetic,coarse_lock,14,measured,6,93,0.008832,831537362.1859654,831537362.1859643,0.000000,"{""user_lock_acquisitions"": 14}",2026-08-12T06:31:42Z
exp2_scaling,synthetic,no_lock,14,measured,17,94,0.610619,124277029.0308928,831537362.1859643,85.054547,"{""user_lock_acquisitions"": 0}",2026-08-12T06:31:43Z
exp2_scaling,synthetic,fine_lock,14,measured,2,95,0.836939,831537362.185948,831537362.1859643,0.000000,"{""user_lock_acquisitions"": 500000}",2026-08-12T06:31:43Z
exp2_scaling,synthetic,batched_lock,14,measured,26,96,0.010956,831537362.1859642,831537362.1859643,0.000000,"{""user_lock_acquisitions"": 504}",2026-08-12T06:31:43Z
exp2_scaling,synthetic,batched_lock,14,measured,8,97,0.009411,831537362.1859643,831537362.1859643,0.000000,"{""user_lock_acquisitions"": 504}",2026-08-12T06:31:43Z
exp2_scaling,synthetic,coarse_lock,14,measured,4,98,0.008623,831537362.1859655,831537362.1859643,0.000000,"{""user_lock_acquisitions"": 14}",2026-08-12T06:31:43Z
exp2_scaling,synthetic,fp_sum_genexpr,14,measured,7,99,0.010086,831537362.1859643,831537362.1859643,0.000000,"{""user_lock_acquisitions"": 0}",2026-08-12T06:31:44Z
exp2_scaling,synthetic,fine_lock,14,measured,18,100,0.810564,831537362.185953,831537362.1859643,0.000000,"{""user_lock_acquisitions"": 500000}",2026-08-12T06:31:44Z
exp2_scaling,synthetic,batched_lock,14,measured,5,101,0.011326,831537362.1859647,831537362.1859643,0.000000,"{""user_lock_acquisitions"": 504}",2026-08-12T06:31:44Z
exp2_scaling,synthetic,imp_threadlocal,14,measured,29,102,0.009469,831537362.1859654,831537362.1859643,0.000000,"{""user_lock_acquisitions"": 0}",2026-08-12T06:31:44Z
exp2_scaling,synthetic,coarse_lock,14,measured,16,103,0.010307,831537362.1859655,831537362.1859643,0.000000,"{""user_lock_acquisitions"": 14}",2026-08-12T06:31:44Z
exp2_scaling,synthetic,fine_lock,14,measured,22,104,0.758531,831537362.1859447,831537362.1859643,0.000000,"{""user_lock_acquisitions"": 500000}",2026-08-12T06:31:45Z
exp2_scaling,synthetic,coarse_lock,14,measured,24,105,0.009557,831537362.1859655,831537362.1859643,0.000000,"{""user_lock_acquisitions"": 14}",2026-08-12T06:31:45Z
exp2_scaling,synthetic,queue_agg,14,measured,4,106,0.010041,831537362.1859653,831537362.1859643,0.000000,"{""user_lock_acquisitions"": 0}",2026-08-12T06:31:45Z
exp2_scaling,synthetic,fp_reduce,14,measured,12,107,0.008912,831537362.1859654,831537362.1859643,0.000000,"{""user_lock_acquisitions"": 0}",2026-08-12T06:31:45Z
exp2_scaling,synthetic,fp_reduce,14,measured,25,108,0.010408,831537362.1859654,831537362.1859643,0.000000,"{""user_lock_acquisitions"": 0}",2026-08-12T06:31:45Z
exp2_scaling,synthetic,queue_agg,14,measured,3,109,0.010203,831537362.1859654,831537362.1859643,0.000000,"{""user_lock_acquisitions"": 0}",2026-08-12T06:31:45Z
exp2_scaling,synthetic,batched_lock,14,measured,23,110,0.010546,831537362.1859642,831537362.1859643,0.000000,"{""user_lock_acquisitions"": 504}",2026-08-12T06:31:45Z
exp2_scaling,synthetic,fp_sum_genexpr,14,measured,22,111,0.009902,831537362.1859643,831537362.1859643,0.000000,"{""user_lock_acquisitions"": 0}",2026-08-12T06:31:45Z
exp2_scaling,synthetic,imp_threadlocal,14,measured,11,112,0.008885,831537362.1859654,831537362.1859643,0.000000,"{""user_lock_acquisitions"": 0}",2026-08-12T06:31:45Z
exp2_scaling,synthetic,imp_threadlocal,14,measured,13,113,0.010232,831537362.1859654,831537362.1859643,0.000000,"{""user_lock_acquisitions"": 0}",2026-08-12T06:31:45Z
exp2_scaling,synthetic,coarse_lock,14,measured,21,114,0.008895,831537362.1859655,831537362.1859643,0.000000,"{""user_lock_acquisitions"": 14}",2026-08-12T06:31:45Z
exp2_scaling,synthetic,fp_reduce,14,measured,18,115,0.008805,831537362.1859654,831537362.1859643,0.000000,"{""user_lock_acquisitions"": 0}",2026-08-12T06:31:45Z
exp2_scaling,synthetic,fp_sum_genexpr,14,measured,15,116,0.009309,831537362.1859643,831537362.1859643,0.000000,"{""user_lock_acquisitions"": 0}",2026-08-12T06:31:45Z
exp2_scaling,synthetic,queue_agg,14,measured,11,117,0.010289,831537362.1859654,831537362.1859643,0.000000,"{""user_lock_acquisitions"": 0}",2026-08-12T06:31:45Z
exp2_scaling,synthetic,queue_agg,14,measured,8,118,0.010070,831537362.1859653,831537362.1859643,0.000000,"{""user_lock_acquisitions"": 0}",2026-08-12T06:31:45Z
exp2_scaling,synthetic,batched_lock,14,measured,0,119,0.010463,831537362.1859645,831537362.1859643,0.000000,"{""user_lock_acquisitions"": 504}",2026-08-12T06:31:45Z
exp2_scaling,synthetic,imp_threadlocal,14,measured,2,120,0.009376,831537362.1859654,831537362.1859643,0.000000,"{""user_lock_acquisitions"": 0}",2026-08-12T06:31:45Z
exp2_scaling,synthetic,queue_agg,14,measured,16,121,0.010594,831537362.1859653,831537362.1859643,0.000000,"{""user_lock_acquisitions"": 0}",2026-08-12T06:31:45Z
exp2_scaling,synthetic,batched_lock,14,measured,10,122,0.011241,831537362.1859646,831537362.1859643,0.000000,"{""user_lock_acquisitions"": 504}",2026-08-12T06:31:45Z
exp2_scaling,synthetic,imp_threadlocal,14,measured,15,123,0.009203,831537362.1859654,831537362.1859643,0.000000,"{""user_lock_acquisitions"": 0}",2026-08-12T06:31:45Z
exp2_scaling,synthetic,fine_lock,14,measured,7,124,0.820094,831537362.1859518,831537362.1859643,0.000000,"{""user_lock_acquisitions"": 500000}",2026-08-12T06:31:46Z
exp2_scaling,synthetic,batched_lock,14,measured,6,125,0.010742,831537362.1859648,831537362.1859643,0.000000,"{""user_lock_acquisitions"": 504}",2026-08-12T06:31:46Z
exp2_scaling,synthetic,coarse_lock,14,measured,25,126,0.009571,831537362.1859655,831537362.1859643,0.000000,"{""user_lock_acquisitions"": 14}",2026-08-12T06:31:46Z
exp2_scaling,synthetic,batched_lock,14,measured,13,127,0.010941,831537362.1859646,831537362.1859643,0.000000,"{""user_lock_acquisitions"": 504}",2026-08-12T06:31:46Z
exp2_scaling,synthetic,fp_reduce,14,measured,22,128,0.008394,831537362.1859654,831537362.1859643,0.000000,"{""user_lock_acquisitions"": 0}",2026-08-12T06:31:46Z
exp2_scaling,synthetic,imp_threadlocal,14,measured,9,129,0.010218,831537362.1859654,831537362.1859643,0.000000,"{""user_lock_acquisitions"": 0}",2026-08-12T06:31:46Z
exp2_scaling,synthetic,fp_reduce,14,measured,14,130,0.009117,831537362.1859654,831537362.1859643,0.000000,"{""user_lock_acquisitions"": 0}",2026-08-12T06:31:46Z
exp2_scaling,synthetic,fp_reduce,14,measured,3,131,0.008736,831537362.1859654,831537362.1859643,0.000000,"{""user_lock_acquisitions"": 0}",2026-08-12T06:31:46Z
exp2_scaling,synthetic,fine_lock,14,measured,29,132,0.740971,831537362.1859483,831537362.1859643,0.000000,"{""user_lock_acquisitions"": 500000}",2026-08-12T06:31:47Z
exp2_scaling,synthetic,fine_lock,14,measured,6,133,0.669009,831537362.1859527,831537362.1859643,0.000000,"{""user_lock_acquisitions"": 500000}",2026-08-12T06:31:48Z
exp2_scaling,synthetic,fine_lock,14,measured,9,134,0.765751,831537362.1859491,831537362.1859643,0.000000,"{""user_lock_acquisitions"": 500000}",2026-08-12T06:31:48Z
exp2_scaling,synthetic,fp_sum_genexpr,14,measured,12,135,0.011380,831537362.1859643,831537362.1859643,0.000000,"{""user_lock_acquisitions"": 0}",2026-08-12T06:31:48Z
exp2_scaling,synthetic,fp_reduce,14,measured,4,136,0.009557,831537362.1859654,831537362.1859643,0.000000,"{""user_lock_acquisitions"": 0}",2026-08-12T06:31:48Z
exp2_scaling,synthetic,no_lock,14,measured,27,137,0.571025,115051000.58565146,831537362.1859643,86.164061,"{""user_lock_acquisitions"": 0}",2026-08-12T06:31:49Z
exp2_scaling,synthetic,fine_lock,14,measured,11,138,0.696409,831537362.185957,831537362.1859643,0.000000,"{""user_lock_acquisitions"": 500000}",2026-08-12T06:31:50Z
exp2_scaling,synthetic,batched_lock,14,measured,11,139,0.010453,831537362.1859645,831537362.1859643,0.000000,"{""user_lock_acquisitions"": 504}",2026-08-12T06:31:50Z
exp2_scaling,synthetic,imp_threadlocal,14,measured,23,140,0.009774,831537362.1859654,831537362.1859643,0.000000,"{""user_lock_acquisitions"": 0}",2026-08-12T06:31:50Z
exp2_scaling,synthetic,no_lock,14,measured,29,141,0.548565,124751794.01233807,831537362.1859643,84.997452,"{""user_lock_acquisitions"": 0}",2026-08-12T06:31:50Z
exp2_scaling,synthetic,imp_threadlocal,14,measured,21,142,0.009976,831537362.1859654,831537362.1859643,0.000000,"{""user_lock_acquisitions"": 0}",2026-08-12T06:31:50Z
exp2_scaling,synthetic,fine_lock,14,measured,23,143,0.753707,831537362.1859571,831537362.1859643,0.000000,"{""user_lock_acquisitions"": 500000}",2026-08-12T06:31:51Z
exp2_scaling,synthetic,batched_lock,14,measured,15,144,0.011198,831537362.1859646,831537362.1859643,0.000000,"{""user_lock_acquisitions"": 504}",2026-08-12T06:31:51Z
exp2_scaling,synthetic,queue_agg,14,measured,13,145,0.009310,831537362.1859653,831537362.1859643,0.000000,"{""user_lock_acquisitions"": 0}",2026-08-12T06:31:51Z
exp2_scaling,synthetic,imp_threadlocal,14,measured,26,146,0.009535,831537362.1859654,831537362.1859643,0.000000,"{""user_lock_acquisitions"": 0}",2026-08-12T06:31:51Z
exp2_scaling,synthetic,fp_reduce,14,measured,9,147,0.010494,831537362.1859654,831537362.1859643,0.000000,"{""user_lock_acquisitions"": 0}",2026-08-12T06:31:51Z
exp2_scaling,synthetic,fine_lock,14,measured,14,148,0.706391,831537362.185954,831537362.1859643,0.000000,"{""user_lock_acquisitions"": 500000}",2026-08-12T06:31:52Z
exp2_scaling,synthetic,imp_threadlocal,14,measured,24,149,0.009820,831537362.1859654,831537362.1859643,0.000000,"{""user_lock_acquisitions"": 0}",2026-08-12T06:31:52Z
exp2_scaling,synthetic,coarse_lock,14,measured,23,150,0.009772,831537362.1859655,831537362.1859643,0.000000,"{""user_lock_acquisitions"": 14}",2026-08-12T06:31:52Z
exp2_scaling,synthetic,no_lock,14,measured,28,151,0.572343,121708534.99196354,831537362.1859643,85.363432,"{""user_lock_acquisitions"": 0}",2026-08-12T06:31:52Z
exp2_scaling,synthetic,coarse_lock,14,measured,26,152,0.010006,831537362.1859655,831537362.1859643,0.000000,"{""user_lock_acquisitions"": 14}",2026-08-12T06:31:52Z
exp2_scaling,synthetic,no_lock,14,measured,10,153,0.577696,122861208.1540929,831537362.1859643,85.224812,"{""user_lock_acquisitions"": 0}",2026-08-12T06:31:53Z
exp2_scaling,synthetic,fine_lock,14,measured,19,154,0.760574,831537362.1859528,831537362.1859643,0.000000,"{""user_lock_acquisitions"": 500000}",2026-08-12T06:31:54Z
exp2_scaling,synthetic,imp_threadlocal,14,measured,10,155,0.009971,831537362.1859654,831537362.1859643,0.000000,"{""user_lock_acquisitions"": 0}",2026-08-12T06:31:54Z
exp2_scaling,synthetic,imp_threadlocal,14,measured,0,156,0.008915,831537362.1859654,831537362.1859643,0.000000,"{""user_lock_acquisitions"": 0}",2026-08-12T06:31:54Z
exp2_scaling,synthetic,coarse_lock,14,measured,28,157,0.009467,831537362.1859654,831537362.1859643,0.000000,"{""user_lock_acquisitions"": 14}",2026-08-12T06:31:54Z
exp2_scaling,synthetic,imp_threadlocal,14,measured,12,158,0.010042,831537362.1859654,831537362.1859643,0.000000,"{""user_lock_acquisitions"": 0}",2026-08-12T06:31:54Z
exp2_scaling,synthetic,queue_agg,14,measured,29,159,0.009670,831537362.1859654,831537362.1859643,0.000000,"{""user_lock_acquisitions"": 0}",2026-08-12T06:31:54Z
exp2_scaling,synthetic,coarse_lock,14,measured,11,160,0.010034,831537362.1859654,831537362.1859643,0.000000,"{""user_lock_acquisitions"": 14}",2026-08-12T06:31:54Z
exp2_scaling,synthetic,fine_lock,14,measured,5,161,0.745243,831537362.1859558,831537362.1859643,0.000000,"{""user_lock_acquisitions"": 500000}",2026-08-12T06:31:54Z
exp2_scaling,synthetic,batched_lock,14,measured,19,162,0.011463,831537362.1859645,831537362.1859643,0.000000,"{""user_lock_acquisitions"": 504}",2026-08-12T06:31:54Z
exp2_scaling,synthetic,fp_reduce,14,measured,16,163,0.009978,831537362.1859654,831537362.1859643,0.000000,"{""user_lock_acquisitions"": 0}",2026-08-12T06:31:55Z
exp2_scaling,synthetic,fp_sum_genexpr,14,measured,4,164,0.010710,831537362.1859643,831537362.1859643,0.000000,"{""user_lock_acquisitions"": 0}",2026-08-12T06:31:55Z
exp2_scaling,synthetic,fp_sum_genexpr,14,measured,23,165,0.010068,831537362.1859643,831537362.1859643,0.000000,"{""user_lock_acquisitions"": 0}",2026-08-12T06:31:55Z
exp2_scaling,synthetic,imp_threadlocal,14,measured,1,166,0.009199,831537362.1859654,831537362.1859643,0.000000,"{""user_lock_acquisitions"": 0}",2026-08-12T06:31:55Z
exp2_scaling,synthetic,no_lock,14,measured,11,167,0.577405,122018381.83322528,831537362.1859643,85.326170,"{""user_lock_acquisitions"": 0}",2026-08-12T06:31:55Z
exp2_scaling,synthetic,fp_reduce,14,measured,2,168,0.010671,831537362.1859654,831537362.1859643,0.000000,"{""user_lock_acquisitions"": 0}",2026-08-12T06:31:55Z
exp2_scaling,synthetic,fine_lock,14,measured,25,169,0.787553,831537362.1859578,831537362.1859643,0.000000,"{""user_lock_acquisitions"": 500000}",2026-08-12T06:31:56Z
exp2_scaling,synthetic,fine_lock,14,measured,17,170,0.773074,831537362.1859518,831537362.1859643,0.000000,"{""user_lock_acquisitions"": 500000}",2026-08-12T06:31:57Z
exp2_scaling,synthetic,batched_lock,14,measured,2,171,0.011470,831537362.1859643,831537362.1859643,0.000000,"{""user_lock_acquisitions"": 504}",2026-08-12T06:31:57Z
exp2_scaling,synthetic,fp_reduce,14,measured,13,172,0.009774,831537362.1859654,831537362.1859643,0.000000,"{""user_lock_acquisitions"": 0}",2026-08-12T06:31:57Z
exp2_scaling,synthetic,fine_lock,14,measured,1,173,0.706349,831537362.185956,831537362.1859643,0.000000,"{""user_lock_acquisitions"": 500000}",2026-08-12T06:31:57Z
exp2_scaling,synthetic,fp_reduce,14,measured,28,174,0.010463,831537362.1859654,831537362.1859643,0.000000,"{""user_lock_acquisitions"": 0}",2026-08-12T06:31:57Z
exp2_scaling,synthetic,no_lock,14,measured,0,175,0.537220,120860149.06161653,831537362.1859643,85.465458,"{""user_lock_acquisitions"": 0}",2026-08-12T06:31:58Z
exp2_scaling,synthetic,batched_lock,14,measured,21,176,0.011235,831537362.1859647,831537362.1859643,0.000000,"{""user_lock_acquisitions"": 504}",2026-08-12T06:31:58Z
exp2_scaling,synthetic,coarse_lock,14,measured,15,177,0.010038,831537362.1859654,831537362.1859643,0.000000,"{""user_lock_acquisitions"": 14}",2026-08-12T06:31:58Z
exp2_scaling,synthetic,fine_lock,14,measured,26,178,0.703171,831537362.1859548,831537362.1859643,0.000000,"{""user_lock_acquisitions"": 500000}",2026-08-12T06:31:59Z
exp2_scaling,synthetic,imp_threadlocal,14,measured,7,179,0.010110,831537362.1859654,831537362.1859643,0.000000,"{""user_lock_acquisitions"": 0}",2026-08-12T06:31:59Z
exp2_scaling,synthetic,no_lock,14,measured,3,180,0.561904,118547978.54126006,831537362.1859643,85.743517,"{""user_lock_acquisitions"": 0}",2026-08-12T06:31:59Z
exp2_scaling,synthetic,imp_threadlocal,14,measured,27,181,0.009528,831537362.1859654,831537362.1859643,0.000000,"{""user_lock_acquisitions"": 0}",2026-08-12T06:31:59Z
exp2_scaling,synthetic,coarse_lock,14,measured,8,182,0.009927,831537362.1859653,831537362.1859643,0.000000,"{""user_lock_acquisitions"": 14}",2026-08-12T06:31:59Z
exp2_scaling,synthetic,batched_lock,14,measured,1,183,0.010312,831537362.1859642,831537362.1859643,0.000000,"{""user_lock_acquisitions"": 504}",2026-08-12T06:31:59Z
exp2_scaling,synthetic,queue_agg,14,measured,14,184,0.009838,831537362.1859655,831537362.1859643,0.000000,"{""user_lock_acquisitions"": 0}",2026-08-12T06:31:59Z
exp2_scaling,synthetic,fp_sum_genexpr,14,measured,9,185,0.010704,831537362.1859643,831537362.1859643,0.000000,"{""user_lock_acquisitions"": 0}",2026-08-12T06:31:59Z
exp2_scaling,synthetic,no_lock,14,measured,8,186,0.565181,118736192.86011349,831537362.1859643,85.720883,"{""user_lock_acquisitions"": 0}",2026-08-12T06:32:00Z
exp2_scaling,synthetic,queue_agg,14,measured,0,187,0.009797,831537362.1859654,831537362.1859643,0.000000,"{""user_lock_acquisitions"": 0}",2026-08-12T06:32:00Z
exp2_scaling,synthetic,no_lock,14,measured,20,188,0.543263,123253900.8638907,831537362.1859643,85.177587,"{""user_lock_acquisitions"": 0}",2026-08-12T06:32:00Z
exp2_scaling,synthetic,batched_lock,14,measured,27,189,0.010299,831537362.1859646,831537362.1859643,0.000000,"{""user_lock_acquisitions"": 504}",2026-08-12T06:32:00Z
exp2_scaling,synthetic,queue_agg,14,measured,10,190,0.010109,831537362.1859654,831537362.1859643,0.000000,"{""user_lock_acquisitions"": 0}",2026-08-12T06:32:00Z
exp2_scaling,synthetic,fp_reduce,14,measured,19,191,0.010545,831537362.1859654,831537362.1859643,0.000000,"{""user_lock_acquisitions"": 0}",2026-08-12T06:32:00Z
exp2_scaling,synthetic,no_lock,14,measured,21,192,0.568031,126013274.95650528,831537362.1859643,84.845747,"{""user_lock_acquisitions"": 0}",2026-08-12T06:32:01Z
exp2_scaling,synthetic,fp_reduce,14,measured,10,193,0.010716,831537362.1859654,831537362.1859643,0.000000,"{""user_lock_acquisitions"": 0}",2026-08-12T06:32:01Z
exp2_scaling,synthetic,no_lock,14,measured,24,194,0.562125,124233858.52948552,831537362.1859643,85.059738,"{""user_lock_acquisitions"": 0}",2026-08-12T06:32:02Z
exp2_scaling,synthetic,fp_sum_genexpr,14,measured,26,195,0.010256,831537362.1859643,831537362.1859643,0.000000,"{""user_lock_acquisitions"": 0}",2026-08-12T06:32:02Z
exp2_scaling,synthetic,coarse_lock,14,measured,12,196,0.009482,831537362.1859654,831537362.1859643,0.000000,"{""user_lock_acquisitions"": 14}",2026-08-12T06:32:02Z
exp2_scaling,synthetic,fp_sum_genexpr,14,measured,21,197,0.008934,831537362.1859643,831537362.1859643,0.000000,"{""user_lock_acquisitions"": 0}",2026-08-12T06:32:02Z
exp2_scaling,synthetic,coarse_lock,14,measured,19,198,0.008809,831537362.1859654,831537362.1859643,0.000000,"{""user_lock_acquisitions"": 14}",2026-08-12T06:32:02Z
exp2_scaling,synthetic,imp_threadlocal,14,measured,6,199,0.010355,831537362.1859654,831537362.1859643,0.000000,"{""user_lock_acquisitions"": 0}",2026-08-12T06:32:02Z
exp2_scaling,synthetic,batched_lock,14,measured,24,200,0.010122,831537362.1859646,831537362.1859643,0.000000,"{""user_lock_acquisitions"": 504}",2026-08-12T06:32:02Z
exp2_scaling,synthetic,queue_agg,14,measured,23,201,0.008973,831537362.1859654,831537362.1859643,0.000000,"{""user_lock_acquisitions"": 0}",2026-08-12T06:32:02Z
exp2_scaling,synthetic,fp_sum_genexpr,14,measured,18,202,0.009988,831537362.1859643,831537362.1859643,0.000000,"{""user_lock_acquisitions"": 0}",2026-08-12T06:32:02Z
exp2_scaling,synthetic,coarse_lock,14,measured,9,203,0.010833,831537362.1859654,831537362.1859643,0.000000,"{""user_lock_acquisitions"": 14}",2026-08-12T06:32:02Z
exp2_scaling,synthetic,no_lock,14,measured,25,204,0.606032,119512190.44001694,831537362.1859643,85.627562,"{""user_lock_acquisitions"": 0}",2026-08-12T06:32:02Z
exp2_scaling,synthetic,fp_reduce,14,measured,11,205,0.009896,831537362.1859654,831537362.1859643,0.000000,"{""user_lock_acquisitions"": 0}",2026-08-12T06:32:02Z
exp2_scaling,synthetic,coarse_lock,14,measured,2,206,0.010135,831537362.1859654,831537362.1859643,0.000000,"{""user_lock_acquisitions"": 14}",2026-08-12T06:32:02Z
exp2_scaling,synthetic,fine_lock,14,measured,3,207,0.739125,831537362.1859529,831537362.1859643,0.000000,"{""user_lock_acquisitions"": 500000}",2026-08-12T06:32:03Z
exp2_scaling,synthetic,fp_sum_genexpr,14,measured,19,208,0.010850,831537362.1859643,831537362.1859643,0.000000,"{""user_lock_acquisitions"": 0}",2026-08-12T06:32:03Z
exp2_scaling,synthetic,fine_lock,14,measured,15,209,0.680820,831537362.1859574,831537362.1859643,0.000000,"{""user_lock_acquisitions"": 500000}",2026-08-12T06:32:04Z
exp2_scaling,synthetic,fp_reduce,14,measured,1,210,0.009390,831537362.1859654,831537362.1859643,0.000000,"{""user_lock_acquisitions"": 0}",2026-08-12T06:32:04Z
exp2_scaling,synthetic,imp_threadlocal,14,measured,18,211,0.008947,831537362.1859654,831537362.1859643,0.000000,"{""user_lock_acquisitions"": 0}",2026-08-12T06:32:04Z
exp2_scaling,synthetic,fp_sum_genexpr,14,measured,5,212,0.010510,831537362.1859643,831537362.1859643,0.000000,"{""user_lock_acquisitions"": 0}",2026-08-12T06:32:04Z
exp2_scaling,synthetic,queue_agg,14,measured,2,213,0.009038,831537362.1859655,831537362.1859643,0.000000,"{""user_lock_acquisitions"": 0}",2026-08-12T06:32:04Z
exp2_scaling,synthetic,imp_threadlocal,14,measured,5,214,0.008762,831537362.1859654,831537362.1859643,0.000000,"{""user_lock_acquisitions"": 0}",2026-08-12T06:32:04Z
exp2_scaling,synthetic,fp_sum_genexpr,14,measured,25,215,0.011111,831537362.1859643,831537362.1859643,0.000000,"{""user_lock_acquisitions"": 0}",2026-08-12T06:32:04Z
exp2_scaling,synthetic,coarse_lock,14,measured,0,216,0.009136,831537362.1859654,831537362.1859643,0.000000,"{""user_lock_acquisitions"": 14}",2026-08-12T06:32:04Z
exp2_scaling,synthetic,batched_lock,14,measured,14,217,0.011279,831537362.1859646,831537362.1859643,0.000000,"{""user_lock_acquisitions"": 504}",2026-08-12T06:32:04Z
exp2_scaling,synthetic,batched_lock,14,measured,7,218,0.010466,831537362.1859645,831537362.1859643,0.000000,"{""user_lock_acquisitions"": 504}",2026-08-12T06:32:04Z
exp2_scaling,synthetic,batched_lock,14,measured,12,219,0.011271,831537362.1859646,831537362.1859643,0.000000,"{""user_lock_acquisitions"": 504}",2026-08-12T06:32:04Z
exp2_scaling,synthetic,fp_reduce,14,measured,5,220,0.010142,831537362.1859654,831537362.1859643,0.000000,"{""user_lock_acquisitions"": 0}",2026-08-12T06:32:04Z
exp2_scaling,synthetic,coarse_lock,14,measured,27,221,0.010443,831537362.1859654,831537362.1859643,0.000000,"{""user_lock_acquisitions"": 14}",2026-08-12T06:32:04Z
exp2_scaling,synthetic,imp_threadlocal,14,measured,17,222,0.010192,831537362.1859654,831537362.1859643,0.000000,"{""user_lock_acquisitions"": 0}",2026-08-12T06:32:04Z
exp2_scaling,synthetic,fine_lock,14,measured,4,223,0.784598,831537362.185951,831537362.1859643,0.000000,"{""user_lock_acquisitions"": 500000}",2026-08-12T06:32:05Z
exp2_scaling,synthetic,imp_threadlocal,14,measured,14,224,0.009945,831537362.1859654,831537362.1859643,0.000000,"{""user_lock_acquisitions"": 0}",2026-08-12T06:32:05Z
exp2_scaling,synthetic,fp_sum_genexpr,14,measured,13,225,0.010321,831537362.1859643,831537362.1859643,0.000000,"{""user_lock_acquisitions"": 0}",2026-08-12T06:32:05Z
exp2_scaling,synthetic,imp_threadlocal,14,measured,16,226,0.010746,831537362.1859654,831537362.1859643,0.000000,"{""user_lock_acquisitions"": 0}",2026-08-12T06:32:05Z
exp2_scaling,synthetic,imp_threadlocal,14,measured,4,227,0.009842,831537362.1859654,831537362.1859643,0.000000,"{""user_lock_acquisitions"": 0}",2026-08-12T06:32:05Z
exp2_scaling,synthetic,fp_sum_genexpr,14,measured,27,228,0.010330,831537362.1859643,831537362.1859643,0.000000,"{""user_lock_acquisitions"": 0}",2026-08-12T06:32:05Z
exp2_scaling,synthetic,fp_sum_genexpr,14,measured,1,229,0.009497,831537362.1859643,831537362.1859643,0.000000,"{""user_lock_acquisitions"": 0}",2026-08-12T06:32:05Z
exp2_scaling,synthetic,fine_lock,14,measured,0,230,0.818768,831537362.185954,831537362.1859643,0.000000,"{""user_lock_acquisitions"": 500000}",2026-08-12T06:32:06Z
exp2_scaling,synthetic,no_lock,14,measured,2,231,0.572389,120505756.88256258,831537362.1859643,85.508077,"{""user_lock_acquisitions"": 0}",2026-08-12T06:32:06Z
exp2_scaling,synthetic,fine_lock,14,measured,13,232,0.716803,831537362.1859572,831537362.1859643,0.000000,"{""user_lock_acquisitions"": 500000}",2026-08-12T06:32:07Z
exp2_scaling,synthetic,no_lock,14,measured,16,233,0.534517,123091423.97358696,831537362.1859643,85.197126,"{""user_lock_acquisitions"": 0}",2026-08-12T06:32:07Z
exp2_scaling,synthetic,fp_sum_genexpr,14,measured,17,234,0.010247,831537362.1859643,831537362.1859643,0.000000,"{""user_lock_acquisitions"": 0}",2026-08-12T06:32:07Z
exp2_scaling,synthetic,fp_sum_genexpr,14,measured,11,235,0.009697,831537362.1859643,831537362.1859643,0.000000,"{""user_lock_acquisitions"": 0}",2026-08-12T06:32:07Z
exp2_scaling,synthetic,queue_agg,14,measured,1,236,0.008751,831537362.1859655,831537362.1859643,0.000000,"{""user_lock_acquisitions"": 0}",2026-08-12T06:32:07Z
exp2_scaling,synthetic,imp_threadlocal,14,measured,22,237,0.009277,831537362.1859654,831537362.1859643,0.000000,"{""user_lock_acquisitions"": 0}",2026-08-12T06:32:07Z
exp2_scaling,synthetic,no_lock,14,measured,5,238,0.591548,124258802.40798016,831537362.1859643,85.056739,"{""user_lock_acquisitions"": 0}",2026-08-12T06:32:08Z
exp2_scaling,synthetic,queue_agg,14,measured,9,239,0.009937,831537362.1859654,831537362.1859643,0.000000,"{""user_lock_acquisitions"": 0}",2026-08-12T06:32:08Z
exp2_scaling,synthetic,fp_reduce,14,measured,20,240,0.009829,831537362.1859654,831537362.1859643,0.000000,"{""user_lock_acquisitions"": 0}",2026-08-12T06:32:08Z
exp2_scaling,synthetic,fp_reduce,14,measured,21,241,0.009563,831537362.1859654,831537362.1859643,0.000000,"{""user_lock_acquisitions"": 0}",2026-08-12T06:32:08Z
exp2_scaling,synthetic,queue_agg,14,measured,6,242,0.009773,831537362.1859654,831537362.1859643,0.000000,"{""user_lock_acquisitions"": 0}",2026-08-12T06:32:08Z
exp2_scaling,synthetic,batched_lock,14,measured,29,243,0.010701,831537362.1859646,831537362.1859643,0.000000,"{""user_lock_acquisitions"": 504}",2026-08-12T06:32:08Z
exp2_scaling,synthetic,fp_sum_genexpr,14,measured,29,244,0.009958,831537362.1859643,831537362.1859643,0.000000,"{""user_lock_acquisitions"": 0}",2026-08-12T06:32:08Z
exp2_scaling,synthetic,fp_sum_genexpr,14,measured,2,245,0.009517,831537362.1859643,831537362.1859643,0.000000,"{""user_lock_acquisitions"": 0}",2026-08-12T06:32:08Z
exp2_scaling,synthetic,coarse_lock,14,measured,14,246,0.009253,831537362.1859655,831537362.1859643,0.000000,"{""user_lock_acquisitions"": 14}",2026-08-12T06:32:08Z
exp2_scaling,synthetic,fine_lock,14,measured,24,247,0.766151,831537362.1859571,831537362.1859643,0.000000,"{""user_lock_acquisitions"": 500000}",2026-08-12T06:32:09Z
exp2_scaling,synthetic,fp_reduce,14,measured,7,248,0.009592,831537362.1859654,831537362.1859643,0.000000,"{""user_lock_acquisitions"": 0}",2026-08-12T06:32:09Z
exp2_scaling,synthetic,queue_agg,14,measured,26,249,0.009733,831537362.1859654,831537362.1859643,0.000000,"{""user_lock_acquisitions"": 0}",2026-08-12T06:32:09Z
exp2_scaling,synthetic,queue_agg,14,measured,19,250,0.009754,831537362.1859654,831537362.1859643,0.000000,"{""user_lock_acquisitions"": 0}",2026-08-12T06:32:09Z
exp2_scaling,synthetic,fp_reduce,14,measured,29,251,0.009399,831537362.1859654,831537362.1859643,0.000000,"{""user_lock_acquisitions"": 0}",2026-08-12T06:32:09Z
exp2_scaling,synthetic,no_lock,14,measured,15,252,0.633649,118556701.43494932,831537362.1859643,85.742468,"{""user_lock_acquisitions"": 0}",2026-08-12T06:32:10Z
exp2_scaling,synthetic,no_lock,14,measured,4,253,0.598197,123897148.30638592,831537362.1859643,85.100231,"{""user_lock_acquisitions"": 0}",2026-08-12T06:32:10Z
exp2_scaling,synthetic,imp_threadlocal,14,measured,20,254,0.009554,831537362.1859654,831537362.1859643,0.000000,"{""user_lock_acquisitions"": 0}",2026-08-12T06:32:10Z
exp2_scaling,synthetic,queue_agg,14,measured,15,255,0.010002,831537362.1859655,831537362.1859643,0.000000,"{""user_lock_acquisitions"": 0}",2026-08-12T06:32:10Z
exp2_scaling,synthetic,fp_sum_genexpr,14,measured,8,256,0.008973,831537362.1859643,831537362.1859643,0.000000,"{""user_lock_acquisitions"": 0}",2026-08-12T06:32:10Z
exp2_scaling,synthetic,no_lock,14,measured,18,257,0.627926,118329480.66155694,831537362.1859643,85.769794,"{""user_lock_acquisitions"": 0}",2026-08-12T06:32:11Z
exp2_scaling,synthetic,batched_lock,14,measured,4,258,0.010684,831537362.1859643,831537362.1859643,0.000000,"{""user_lock_acquisitions"": 504}",2026-08-12T06:32:11Z
exp2_scaling,synthetic,queue_agg,14,measured,24,259,0.009748,831537362.1859655,831537362.1859643,0.000000,"{""user_lock_acquisitions"": 0}",2026-08-12T06:32:11Z
exp2_scaling,synthetic,coarse_lock,14,measured,20,260,0.009481,831537362.1859655,831537362.1859643,0.000000,"{""user_lock_acquisitions"": 14}",2026-08-12T06:32:11Z
exp2_scaling,synthetic,queue_agg,14,measured,20,261,0.010585,831537362.1859654,831537362.1859643,0.000000,"{""user_lock_acquisitions"": 0}",2026-08-12T06:32:11Z
exp2_scaling,synthetic,batched_lock,14,measured,25,262,0.010397,831537362.1859648,831537362.1859643,0.000000,"{""user_lock_acquisitions"": 504}",2026-08-12T06:32:11Z
exp2_scaling,synthetic,no_lock,14,measured,12,263,0.640262,119223364.89383273,831537362.1859643,85.662296,"{""user_lock_acquisitions"": 0}",2026-08-12T06:32:11Z
exp2_scaling,synthetic,fp_sum_genexpr,16,warmup,1,0,0.011627,831537362.1859643,831537362.1859643,0.000000,"{""user_lock_acquisitions"": 0}",2026-08-12T06:32:11Z
exp2_scaling,synthetic,fp_reduce,16,warmup,0,1,0.009224,831537362.1859653,831537362.1859643,0.000000,"{""user_lock_acquisitions"": 0}",2026-08-12T06:32:11Z
exp2_scaling,synthetic,batched_lock,16,warmup,1,2,0.010098,831537362.185965,831537362.1859643,0.000000,"{""user_lock_acquisitions"": 512}",2026-08-12T06:32:11Z
exp2_scaling,synthetic,imp_threadlocal,16,warmup,1,3,0.009116,831537362.1859653,831537362.1859643,0.000000,"{""user_lock_acquisitions"": 0}",2026-08-12T06:32:12Z
exp2_scaling,synthetic,fine_lock,16,warmup,2,4,1.056401,831537362.1859646,831537362.1859643,0.000000,"{""user_lock_acquisitions"": 500000}",2026-08-12T06:32:13Z
exp2_scaling,synthetic,no_lock,16,warmup,1,5,0.730725,99581634.20791163,831537362.1859643,88.024394,"{""user_lock_acquisitions"": 0}",2026-08-12T06:32:13Z
exp2_scaling,synthetic,queue_agg,16,warmup,2,6,0.009313,831537362.1859653,831537362.1859643,0.000000,"{""user_lock_acquisitions"": 0}",2026-08-12T06:32:13Z
exp2_scaling,synthetic,coarse_lock,16,warmup,2,7,0.009175,831537362.1859652,831537362.1859643,0.000000,"{""user_lock_acquisitions"": 16}",2026-08-12T06:32:13Z
exp2_scaling,synthetic,coarse_lock,16,warmup,1,8,0.009576,831537362.1859652,831537362.1859643,0.000000,"{""user_lock_acquisitions"": 16}",2026-08-12T06:32:13Z
exp2_scaling,synthetic,fp_reduce,16,warmup,1,9,0.009626,831537362.1859653,831537362.1859643,0.000000,"{""user_lock_acquisitions"": 0}",2026-08-12T06:32:13Z
exp2_scaling,synthetic,batched_lock,16,warmup,2,10,0.010414,831537362.1859648,831537362.1859643,0.000000,"{""user_lock_acquisitions"": 512}",2026-08-12T06:32:13Z
exp2_scaling,synthetic,queue_agg,16,warmup,1,11,0.009146,831537362.1859653,831537362.1859643,0.000000,"{""user_lock_acquisitions"": 0}",2026-08-12T06:32:13Z
exp2_scaling,synthetic,queue_agg,16,warmup,0,12,0.008954,831537362.1859651,831537362.1859643,0.000000,"{""user_lock_acquisitions"": 0}",2026-08-12T06:32:13Z
exp2_scaling,synthetic,no_lock,16,warmup,0,13,0.753042,105018614.90279369,831537362.1859643,87.370548,"{""user_lock_acquisitions"": 0}",2026-08-12T06:32:14Z
exp2_scaling,synthetic,coarse_lock,16,warmup,0,14,0.009357,831537362.1859653,831537362.1859643,0.000000,"{""user_lock_acquisitions"": 16}",2026-08-12T06:32:14Z
exp2_scaling,synthetic,batched_lock,16,warmup,0,15,0.010656,831537362.1859647,831537362.1859643,0.000000,"{""user_lock_acquisitions"": 512}",2026-08-12T06:32:14Z
exp2_scaling,synthetic,imp_threadlocal,16,warmup,0,16,0.010415,831537362.1859653,831537362.1859643,0.000000,"{""user_lock_acquisitions"": 0}",2026-08-12T06:32:14Z
exp2_scaling,synthetic,fp_sum_genexpr,16,warmup,2,17,0.009943,831537362.1859643,831537362.1859643,0.000000,"{""user_lock_acquisitions"": 0}",2026-08-12T06:32:14Z
exp2_scaling,synthetic,fine_lock,16,warmup,0,18,1.124492,831537362.1859657,831537362.1859643,0.000000,"{""user_lock_acquisitions"": 500000}",2026-08-12T06:32:15Z
exp2_scaling,synthetic,fine_lock,16,warmup,1,19,1.020521,831537362.1859684,831537362.1859643,0.000000,"{""user_lock_acquisitions"": 500000}",2026-08-12T06:32:16Z
exp2_scaling,synthetic,fp_reduce,16,warmup,2,20,0.009309,831537362.1859653,831537362.1859643,0.000000,"{""user_lock_acquisitions"": 0}",2026-08-12T06:32:16Z
exp2_scaling,synthetic,imp_threadlocal,16,warmup,2,21,0.009289,831537362.1859653,831537362.1859643,0.000000,"{""user_lock_acquisitions"": 0}",2026-08-12T06:32:16Z
exp2_scaling,synthetic,fp_sum_genexpr,16,warmup,0,22,0.008791,831537362.1859643,831537362.1859643,0.000000,"{""user_lock_acquisitions"": 0}",2026-08-12T06:32:16Z
exp2_scaling,synthetic,no_lock,16,warmup,2,23,0.807222,99783881.79668066,831537362.1859643,88.000072,"{""user_lock_acquisitions"": 0}",2026-08-12T06:32:17Z
exp2_scaling,synthetic,imp_threadlocal,16,measured,1,24,0.009796,831537362.1859653,831537362.1859643,0.000000,"{""user_lock_acquisitions"": 0}",2026-08-12T06:32:17Z
exp2_scaling,synthetic,imp_threadlocal,16,measured,21,25,0.010556,831537362.1859653,831537362.1859643,0.000000,"{""user_lock_acquisitions"": 0}",2026-08-12T06:32:17Z
exp2_scaling,synthetic,fine_lock,16,measured,24,26,1.013880,831537362.1859636,831537362.1859643,0.000000,"{""user_lock_acquisitions"": 500000}",2026-08-12T06:32:18Z
exp2_scaling,synthetic,no_lock,16,measured,23,27,0.744210,100431621.49890968,831537362.1859643,87.922176,"{""user_lock_acquisitions"": 0}",2026-08-12T06:32:19Z
exp2_scaling,synthetic,batched_lock,16,measured,6,28,0.010426,831537362.1859643,831537362.1859643,0.000000,"{""user_lock_acquisitions"": 512}",2026-08-12T06:32:19Z
exp2_scaling,synthetic,fp_sum_genexpr,16,measured,15,29,0.010347,831537362.1859643,831537362.1859643,0.000000,"{""user_lock_acquisitions"": 0}",2026-08-12T06:32:19Z
exp2_scaling,synthetic,no_lock,16,measured,8,30,0.779206,95471935.18012828,831537362.1859643,88.518624,"{""user_lock_acquisitions"": 0}",2026-08-12T06:32:20Z
exp2_scaling,synthetic,fp_sum_genexpr,16,measured,18,31,0.009512,831537362.1859643,831537362.1859643,0.000000,"{""user_lock_acquisitions"": 0}",2026-08-12T06:32:20Z
exp2_scaling,synthetic,queue_agg,16,measured,5,32,0.009725,831537362.1859652,831537362.1859643,0.000000,"{""user_lock_acquisitions"": 0}",2026-08-12T06:32:20Z
exp2_scaling,synthetic,fine_lock,16,measured,21,33,1.029471,831537362.1859679,831537362.1859643,0.000000,"{""user_lock_acquisitions"": 500000}",2026-08-12T06:32:21Z
exp2_scaling,synthetic,fine_lock,16,measured,28,34,1.000805,831537362.1859609,831537362.1859643,0.000000,"{""user_lock_acquisitions"": 500000}",2026-08-12T06:32:22Z
exp2_scaling,synthetic,queue_agg,16,measured,4,35,0.010110,831537362.1859652,831537362.1859643,0.000000,"{""user_lock_acquisitions"": 0}",2026-08-12T06:32:22Z
exp2_scaling,synthetic,queue_agg,16,measured,6,36,0.009555,831537362.1859652,831537362.1859643,0.000000,"{""user_lock_acquisitions"": 0}",2026-08-12T06:32:22Z
exp2_scaling,synthetic,coarse_lock,16,measured,25,37,0.009434,831537362.1859652,831537362.1859643,0.000000,"{""user_lock_acquisitions"": 16}",2026-08-12T06:32:22Z
exp2_scaling,synthetic,coarse_lock,16,measured,5,38,0.009280,831537362.1859653,831537362.1859643,0.000000,"{""user_lock_acquisitions"": 16}",2026-08-12T06:32:22Z
exp2_scaling,synthetic,fp_sum_genexpr,16,measured,28,39,0.008869,831537362.1859643,831537362.1859643,0.000000,"{""user_lock_acquisitions"": 0}",2026-08-12T06:32:22Z
exp2_scaling,synthetic,fp_sum_genexpr,16,measured,4,40,0.010357,831537362.1859643,831537362.1859643,0.000000,"{""user_lock_acquisitions"": 0}",2026-08-12T06:32:22Z
exp2_scaling,synthetic,coarse_lock,16,measured,7,41,0.009128,831537362.1859652,831537362.1859643,0.000000,"{""user_lock_acquisitions"": 16}",2026-08-12T06:32:22Z
exp2_scaling,synthetic,imp_threadlocal,16,measured,20,42,0.009873,831537362.1859653,831537362.1859643,0.000000,"{""user_lock_acquisitions"": 0}",2026-08-12T06:32:22Z
exp2_scaling,synthetic,coarse_lock,16,measured,24,43,0.009484,831537362.1859653,831537362.1859643,0.000000,"{""user_lock_acquisitions"": 16}",2026-08-12T06:32:22Z
exp2_scaling,synthetic,coarse_lock,16,measured,10,44,0.008678,831537362.1859653,831537362.1859643,0.000000,"{""user_lock_acquisitions"": 16}",2026-08-12T06:32:22Z
exp2_scaling,synthetic,fine_lock,16,measured,18,45,1.045969,831537362.1859653,831537362.1859643,0.000000,"{""user_lock_acquisitions"": 500000}",2026-08-12T06:32:23Z
exp2_scaling,synthetic,no_lock,16,measured,24,46,0.774669,101677842.60798195,831537362.1859643,87.772306,"{""user_lock_acquisitions"": 0}",2026-08-12T06:32:24Z
exp2_scaling,synthetic,queue_agg,16,measured,2,47,0.010074,831537362.1859653,831537362.1859643,0.000000,"{""user_lock_acquisitions"": 0}",2026-08-12T06:32:24Z
exp2_scaling,synthetic,batched_lock,16,measured,5,48,0.010414,831537362.1859646,831537362.1859643,0.000000,"{""user_lock_acquisitions"": 512}",2026-08-12T06:32:24Z
exp2_scaling,synthetic,batched_lock,16,measured,28,49,0.009791,831537362.1859646,831537362.1859643,0.000000,"{""user_lock_acquisitions"": 512}",2026-08-12T06:32:24Z
exp2_scaling,synthetic,batched_lock,16,measured,11,50,0.010832,831537362.1859646,831537362.1859643,0.000000,"{""user_lock_acquisitions"": 512}",2026-08-12T06:32:24Z
exp2_scaling,synthetic,no_lock,16,measured,10,51,0.787553,106157231.1579839,831537362.1859643,87.233619,"{""user_lock_acquisitions"": 0}",2026-08-12T06:32:25Z
exp2_scaling,synthetic,coarse_lock,16,measured,12,52,0.009904,831537362.1859653,831537362.1859643,0.000000,"{""user_lock_acquisitions"": 16}",2026-08-12T06:32:25Z
exp2_scaling,synthetic,batched_lock,16,measured,14,53,0.009815,831537362.1859647,831537362.1859643,0.000000,"{""user_lock_acquisitions"": 512}",2026-08-12T06:32:25Z
exp2_scaling,synthetic,batched_lock,16,measured,20,54,0.010398,831537362.1859651,831537362.1859643,0.000000,"{""user_lock_acquisitions"": 512}",2026-08-12T06:32:25Z
exp2_scaling,synthetic,imp_threadlocal,16,measured,17,55,0.009347,831537362.1859653,831537362.1859643,0.000000,"{""user_lock_acquisitions"": 0}",2026-08-12T06:32:25Z
exp2_scaling,synthetic,imp_threadlocal,16,measured,29,56,0.008125,831537362.1859653,831537362.1859643,0.000000,"{""user_lock_acquisitions"": 0}",2026-08-12T06:32:25Z
exp2_scaling,synthetic,batched_lock,16,measured,15,57,0.010616,831537362.1859648,831537362.1859643,0.000000,"{""user_lock_acquisitions"": 512}",2026-08-12T06:32:25Z
exp2_scaling,synthetic,no_lock,16,measured,29,58,0.833330,102153078.1523375,831537362.1859643,87.715155,"{""user_lock_acquisitions"": 0}",2026-08-12T06:32:25Z
exp2_scaling,synthetic,batched_lock,16,measured,10,59,0.011700,831537362.1859647,831537362.1859643,0.000000,"{""user_lock_acquisitions"": 512}",2026-08-12T06:32:25Z
exp2_scaling,synthetic,batched_lock,16,measured,0,60,0.009759,831537362.1859645,831537362.1859643,0.000000,"{""user_lock_acquisitions"": 512}",2026-08-12T06:32:25Z
exp2_scaling,synthetic,coarse_lock,16,measured,1,61,0.011028,831537362.1859652,831537362.1859643,0.000000,"{""user_lock_acquisitions"": 16}",2026-08-12T06:32:25Z
exp2_scaling,synthetic,queue_agg,16,measured,12,62,0.008558,831537362.1859652,831537362.1859643,0.000000,"{""user_lock_acquisitions"": 0}",2026-08-12T06:32:25Z
exp2_scaling,synthetic,fp_reduce,16,measured,29,63,0.009253,831537362.1859653,831537362.1859643,0.000000,"{""user_lock_acquisitions"": 0}",2026-08-12T06:32:25Z
exp2_scaling,synthetic,coarse_lock,16,measured,6,64,0.009089,831537362.1859652,831537362.1859643,0.000000,"{""user_lock_acquisitions"": 16}",2026-08-12T06:32:25Z
exp2_scaling,synthetic,fine_lock,16,measured,1,65,1.018850,831537362.1859684,831537362.1859643,0.000000,"{""user_lock_acquisitions"": 500000}",2026-08-12T06:32:26Z
exp2_scaling,synthetic,fp_sum_genexpr,16,measured,13,66,0.010035,831537362.1859643,831537362.1859643,0.000000,"{""user_lock_acquisitions"": 0}",2026-08-12T06:32:26Z
exp2_scaling,synthetic,no_lock,16,measured,4,67,0.724267,105419839.74756989,831537362.1859643,87.322297,"{""user_lock_acquisitions"": 0}",2026-08-12T06:32:27Z
exp2_scaling,synthetic,no_lock,16,measured,12,68,0.754897,104898923.81079268,831537362.1859643,87.384942,"{""user_lock_acquisitions"": 0}",2026-08-12T06:32:28Z
exp2_scaling,synthetic,coarse_lock,16,measured,16,69,0.009071,831537362.1859653,831537362.1859643,0.000000,"{""user_lock_acquisitions"": 16}",2026-08-12T06:32:28Z
exp2_scaling,synthetic,fp_reduce,16,measured,3,70,0.008567,831537362.1859653,831537362.1859643,0.000000,"{""user_lock_acquisitions"": 0}",2026-08-12T06:32:28Z
exp2_scaling,synthetic,fp_reduce,16,measured,8,71,0.008799,831537362.1859653,831537362.1859643,0.000000,"{""user_lock_acquisitions"": 0}",2026-08-12T06:32:28Z
exp2_scaling,synthetic,queue_agg,16,measured,18,72,0.008492,831537362.1859652,831537362.1859643,0.000000,"{""user_lock_acquisitions"": 0}",2026-08-12T06:32:28Z
exp2_scaling,synthetic,no_lock,16,measured,2,73,0.762170,101732970.22942553,831537362.1859643,87.765677,"{""user_lock_acquisitions"": 0}",2026-08-12T06:32:29Z
exp2_scaling,synthetic,no_lock,16,measured,28,74,0.752342,103413809.96923046,831537362.1859643,87.563540,"{""user_lock_acquisitions"": 0}",2026-08-12T06:32:30Z
exp2_scaling,synthetic,no_lock,16,measured,20,75,0.795021,104341209.86854194,831537362.1859643,87.452012,"{""user_lock_acquisitions"": 0}",2026-08-12T06:32:30Z
exp2_scaling,synthetic,coarse_lock,16,measured,20,76,0.009865,831537362.1859652,831537362.1859643,0.000000,"{""user_lock_acquisitions"": 16}",2026-08-12T06:32:30Z
exp2_scaling,synthetic,coarse_lock,16,measured,22,77,0.009362,831537362.1859652,831537362.1859643,0.000000,"{""user_lock_acquisitions"": 16}",2026-08-12T06:32:30Z
exp2_scaling,synthetic,queue_agg,16,measured,7,78,0.009055,831537362.1859653,831537362.1859643,0.000000,"{""user_lock_acquisitions"": 0}",2026-08-12T06:32:30Z
exp2_scaling,synthetic,fine_lock,16,measured,3,79,1.059531,831537362.1859602,831537362.1859643,0.000000,"{""user_lock_acquisitions"": 500000}",2026-08-12T06:32:31Z
exp2_scaling,synthetic,batched_lock,16,measured,16,80,0.011644,831537362.1859647,831537362.1859643,0.000000,"{""user_lock_acquisitions"": 512}",2026-08-12T06:32:31Z
exp2_scaling,synthetic,fp_reduce,16,measured,20,81,0.009382,831537362.1859653,831537362.1859643,0.000000,"{""user_lock_acquisitions"": 0}",2026-08-12T06:32:31Z
exp2_scaling,synthetic,no_lock,16,measured,3,82,0.818410,102738230.60688816,831537362.1859643,87.644785,"{""user_lock_acquisitions"": 0}",2026-08-12T06:32:32Z
exp2_scaling,synthetic,fine_lock,16,measured,9,83,1.013004,831537362.1859643,831537362.1859643,0.000000,"{""user_lock_acquisitions"": 500000}",2026-08-12T06:32:33Z
exp2_scaling,synthetic,fine_lock,16,measured,19,84,1.076021,831537362.185964,831537362.1859643,0.000000,"{""user_lock_acquisitions"": 500000}",2026-08-12T06:32:34Z
exp2_scaling,synthetic,queue_agg,16,measured,14,85,0.009691,831537362.1859652,831537362.1859643,0.000000,"{""user_lock_acquisitions"": 0}",2026-08-12T06:32:34Z
exp2_scaling,synthetic,queue_agg,16,measured,20,86,0.008083,831537362.1859653,831537362.1859643,0.000000,"{""user_lock_acquisitions"": 0}",2026-08-12T06:32:34Z
exp2_scaling,synthetic,imp_threadlocal,16,measured,15,87,0.010220,831537362.1859653,831537362.1859643,0.000000,"{""user_lock_acquisitions"": 0}",2026-08-12T06:32:34Z
exp2_scaling,synthetic,coarse_lock,16,measured,0,88,0.009934,831537362.1859653,831537362.1859643,0.000000,"{""user_lock_acquisitions"": 16}",2026-08-12T06:32:34Z
exp2_scaling,synthetic,queue_agg,16,measured,11,89,0.009941,831537362.1859652,831537362.1859643,0.000000,"{""user_lock_acquisitions"": 0}",2026-08-12T06:32:34Z
exp2_scaling,synthetic,fp_reduce,16,measured,11,90,0.009880,831537362.1859653,831537362.1859643,0.000000,"{""user_lock_acquisitions"": 0}",2026-08-12T06:32:34Z
exp2_scaling,synthetic,fine_lock,16,measured,26,91,1.127789,831537362.1859646,831537362.1859643,0.000000,"{""user_lock_acquisitions"": 500000}",2026-08-12T06:32:36Z
exp2_scaling,synthetic,fp_sum_genexpr,16,measured,14,92,0.009587,831537362.1859643,831537362.1859643,0.000000,"{""user_lock_acquisitions"": 0}",2026-08-12T06:32:36Z
exp2_scaling,synthetic,fp_reduce,16,measured,12,93,0.008640,831537362.1859653,831537362.1859643,0.000000,"{""user_lock_acquisitions"": 0}",2026-08-12T06:32:36Z
exp2_scaling,synthetic,fp_sum_genexpr,16,measured,20,94,0.009266,831537362.1859643,831537362.1859643,0.000000,"{""user_lock_acquisitions"": 0}",2026-08-12T06:32:36Z
exp2_scaling,synthetic,fp_sum_genexpr,16,measured,25,95,0.009168,831537362.1859643,831537362.1859643,0.000000,"{""user_lock_acquisitions"": 0}",2026-08-12T06:32:36Z
exp2_scaling,synthetic,batched_lock,16,measured,27,96,0.009190,831537362.185965,831537362.1859643,0.000000,"{""user_lock_acquisitions"": 512}",2026-08-12T06:32:36Z
exp2_scaling,synthetic,imp_threadlocal,16,measured,18,97,0.009213,831537362.1859653,831537362.1859643,0.000000,"{""user_lock_acquisitions"": 0}",2026-08-12T06:32:36Z
exp2_scaling,synthetic,imp_threadlocal,16,measured,27,98,0.009329,831537362.1859653,831537362.1859643,0.000000,"{""user_lock_acquisitions"": 0}",2026-08-12T06:32:36Z
exp2_scaling,synthetic,no_lock,16,measured,26,99,0.770246,102132772.35329543,831537362.1859643,87.717597,"{""user_lock_acquisitions"": 0}",2026-08-12T06:32:36Z
exp2_scaling,synthetic,fp_sum_genexpr,16,measured,26,100,0.010190,831537362.1859643,831537362.1859643,0.000000,"{""user_lock_acquisitions"": 0}",2026-08-12T06:32:36Z
exp2_scaling,synthetic,fp_reduce,16,measured,9,101,0.008835,831537362.1859653,831537362.1859643,0.000000,"{""user_lock_acquisitions"": 0}",2026-08-12T06:32:36Z
exp2_scaling,synthetic,imp_threadlocal,16,measured,9,102,0.010157,831537362.1859653,831537362.1859643,0.000000,"{""user_lock_acquisitions"": 0}",2026-08-12T06:32:36Z
exp2_scaling,synthetic,fp_reduce,16,measured,26,103,0.009157,831537362.1859653,831537362.1859643,0.000000,"{""user_lock_acquisitions"": 0}",2026-08-12T06:32:36Z
exp2_scaling,synthetic,queue_agg,16,measured,23,104,0.010149,831537362.1859652,831537362.1859643,0.000000,"{""user_lock_acquisitions"": 0}",2026-08-12T06:32:36Z
exp2_scaling,synthetic,imp_threadlocal,16,measured,4,105,0.009205,831537362.1859653,831537362.1859643,0.000000,"{""user_lock_acquisitions"": 0}",2026-08-12T06:32:36Z
exp2_scaling,synthetic,fp_sum_genexpr,16,measured,10,106,0.009275,831537362.1859643,831537362.1859643,0.000000,"{""user_lock_acquisitions"": 0}",2026-08-12T06:32:36Z
exp2_scaling,synthetic,imp_threadlocal,16,measured,5,107,0.009468,831537362.1859653,831537362.1859643,0.000000,"{""user_lock_acquisitions"": 0}",2026-08-12T06:32:36Z
exp2_scaling,synthetic,imp_threadlocal,16,measured,2,108,0.009308,831537362.1859653,831537362.1859643,0.000000,"{""user_lock_acquisitions"": 0}",2026-08-12T06:32:36Z
exp2_scaling,synthetic,coarse_lock,16,measured,17,109,0.009940,831537362.1859652,831537362.1859643,0.000000,"{""user_lock_acquisitions"": 16}",2026-08-12T06:32:36Z
exp2_scaling,synthetic,fp_sum_genexpr,16,measured,1,110,0.010162,831537362.1859643,831537362.1859643,0.000000,"{""user_lock_acquisitions"": 0}",2026-08-12T06:32:36Z
exp2_scaling,synthetic,fp_sum_genexpr,16,measured,17,111,0.009665,831537362.1859643,831537362.1859643,0.000000,"{""user_lock_acquisitions"": 0}",2026-08-12T06:32:36Z
exp2_scaling,synthetic,coarse_lock,16,measured,15,112,0.009766,831537362.1859652,831537362.1859643,0.000000,"{""user_lock_acquisitions"": 16}",2026-08-12T06:32:36Z
exp2_scaling,synthetic,queue_agg,16,measured,17,113,0.008826,831537362.1859653,831537362.1859643,0.000000,"{""user_lock_acquisitions"": 0}",2026-08-12T06:32:36Z
exp2_scaling,synthetic,coarse_lock,16,measured,29,114,0.008206,831537362.1859652,831537362.1859643,0.000000,"{""user_lock_acquisitions"": 16}",2026-08-12T06:32:36Z
exp2_scaling,synthetic,fp_sum_genexpr,16,measured,16,115,0.010303,831537362.1859643,831537362.1859643,0.000000,"{""user_lock_acquisitions"": 0}",2026-08-12T06:32:37Z
exp2_scaling,synthetic,imp_threadlocal,16,measured,13,116,0.008796,831537362.1859653,831537362.1859643,0.000000,"{""user_lock_acquisitions"": 0}",2026-08-12T06:32:37Z
exp2_scaling,synthetic,batched_lock,16,measured,26,117,0.009948,831537362.1859647,831537362.1859643,0.000000,"{""user_lock_acquisitions"": 512}",2026-08-12T06:32:37Z
exp2_scaling,synthetic,batched_lock,16,measured,8,118,0.008791,831537362.185965,831537362.1859643,0.000000,"{""user_lock_acquisitions"": 512}",2026-08-12T06:32:37Z
exp2_scaling,synthetic,queue_agg,16,measured,3,119,0.008832,831537362.1859653,831537362.1859643,0.000000,"{""user_lock_acquisitions"": 0}",2026-08-12T06:32:37Z
exp2_scaling,synthetic,no_lock,16,measured,21,120,0.802915,101119934.35625581,831537362.1859643,87.839400,"{""user_lock_acquisitions"": 0}",2026-08-12T06:32:37Z
exp2_scaling,synthetic,queue_agg,16,measured,22,121,0.009630,831537362.1859653,831537362.1859643,0.000000,"{""user_lock_acquisitions"": 0}",2026-08-12T06:32:37Z
exp2_scaling,synthetic,fine_lock,16,measured,10,122,0.980515,831537362.1859689,831537362.1859643,0.000000,"{""user_lock_acquisitions"": 500000}",2026-08-12T06:32:38Z
exp2_scaling,synthetic,no_lock,16,measured,19,123,0.767731,109016688.22466558,831537362.1859643,86.889743,"{""user_lock_acquisitions"": 0}",2026-08-12T06:32:39Z
exp2_scaling,synthetic,fp_sum_genexpr,16,measured,23,124,0.010053,831537362.1859643,831537362.1859643,0.000000,"{""user_lock_acquisitions"": 0}",2026-08-12T06:32:39Z
exp2_scaling,synthetic,fine_lock,16,measured,0,125,1.013668,831537362.1859694,831537362.1859643,0.000000,"{""user_lock_acquisitions"": 500000}",2026-08-12T06:32:40Z
exp2_scaling,synthetic,fp_reduce,16,measured,5,126,0.009874,831537362.1859653,831537362.1859643,0.000000,"{""user_lock_acquisitions"": 0}",2026-08-12T06:32:40Z
exp2_scaling,synthetic,fp_sum_genexpr,16,measured,3,127,0.009972,831537362.1859643,831537362.1859643,0.000000,"{""user_lock_acquisitions"": 0}",2026-08-12T06:32:40Z
exp2_scaling,synthetic,imp_threadlocal,16,measured,22,128,0.008748,831537362.1859653,831537362.1859643,0.000000,"{""user_lock_acquisitions"": 0}",2026-08-12T06:32:40Z
exp2_scaling,synthetic,coarse_lock,16,measured,14,129,0.009675,831537362.1859653,831537362.1859643,0.000000,"{""user_lock_acquisitions"": 16}",2026-08-12T06:32:40Z
exp2_scaling,synthetic,fine_lock,16,measured,23,130,0.999687,831537362.1859677,831537362.1859643,0.000000,"{""user_lock_acquisitions"": 500000}",2026-08-12T06:32:41Z
exp2_scaling,synthetic,fine_lock,16,measured,11,131,1.099820,831537362.1859682,831537362.1859643,0.000000,"{""user_lock_acquisitions"": 500000}",2026-08-12T06:32:42Z
exp2_scaling,synthetic,queue_agg,16,measured,28,132,0.009474,831537362.1859653,831537362.1859643,0.000000,"{""user_lock_acquisitions"": 0}",2026-08-12T06:32:42Z
exp2_scaling,synthetic,fp_reduce,16,measured,24,133,0.008894,831537362.1859653,831537362.1859643,0.000000,"{""user_lock_acquisitions"": 0}",2026-08-12T06:32:42Z
exp2_scaling,synthetic,batched_lock,16,measured,4,134,0.010510,831537362.1859645,831537362.1859643,0.000000,"{""user_lock_acquisitions"": 512}",2026-08-12T06:32:42Z
exp2_scaling,synthetic,batched_lock,16,measured,7,135,0.009394,831537362.1859647,831537362.1859643,0.000000,"{""user_lock_acquisitions"": 512}",2026-08-12T06:32:42Z
exp2_scaling,synthetic,coarse_lock,16,measured,28,136,0.009144,831537362.1859653,831537362.1859643,0.000000,"{""user_lock_acquisitions"": 16}",2026-08-12T06:32:42Z
exp2_scaling,synthetic,batched_lock,16,measured,13,137,0.010041,831537362.1859647,831537362.1859643,0.000000,"{""user_lock_acquisitions"": 512}",2026-08-12T06:32:42Z
exp2_scaling,synthetic,fine_lock,16,measured,6,138,1.013055,831537362.185963,831537362.1859643,0.000000,"{""user_lock_acquisitions"": 500000}",2026-08-12T06:32:43Z
exp2_scaling,synthetic,fine_lock,16,measured,29,139,1.012050,831537362.1859586,831537362.1859643,0.000000,"{""user_lock_acquisitions"": 500000}",2026-08-12T06:32:44Z
exp2_scaling,synthetic,no_lock,16,measured,22,140,0.761391,96354770.81112106,831537362.1859643,88.412454,"{""user_lock_acquisitions"": 0}",2026-08-12T06:32:45Z
exp2_scaling,synthetic,no_lock,16,measured,27,141,0.779584,102140391.83599487,831537362.1859643,87.716680,"{""user_lock_acquisitions"": 0}",2026-08-12T06:32:46Z
exp2_scaling,synthetic,fp_reduce,16,measured,14,142,0.009787,831537362.1859653,831537362.1859643,0.000000,"{""user_lock_acquisitions"": 0}",2026-08-12T06:32:46Z
exp2_scaling,synthetic,queue_agg,16,measured,21,143,0.009886,831537362.1859652,831537362.1859643,0.000000,"{""user_lock_acquisitions"": 0}",2026-08-12T06:32:46Z
exp2_scaling,synthetic,fp_reduce,16,measured,19,144,0.009492,831537362.1859653,831537362.1859643,0.000000,"{""user_lock_acquisitions"": 0}",2026-08-12T06:32:46Z
exp2_scaling,synthetic,queue_agg,16,measured,8,145,0.010053,831537362.1859653,831537362.1859643,0.000000,"{""user_lock_acquisitions"": 0}",2026-08-12T06:32:46Z
exp2_scaling,synthetic,fp_reduce,16,measured,27,146,0.009865,831537362.1859653,831537362.1859643,0.000000,"{""user_lock_acquisitions"": 0}",2026-08-12T06:32:46Z
exp2_scaling,synthetic,batched_lock,16,measured,18,147,0.010696,831537362.185965,831537362.1859643,0.000000,"{""user_lock_acquisitions"": 512}",2026-08-12T06:32:46Z
exp2_scaling,synthetic,imp_threadlocal,16,measured,24,148,0.008770,831537362.1859653,831537362.1859643,0.000000,"{""user_lock_acquisitions"": 0}",2026-08-12T06:32:46Z
exp2_scaling,synthetic,coarse_lock,16,measured,4,149,0.009191,831537362.1859652,831537362.1859643,0.000000,"{""user_lock_acquisitions"": 16}",2026-08-12T06:32:46Z
exp2_scaling,synthetic,fp_reduce,16,measured,0,150,0.009171,831537362.1859653,831537362.1859643,0.000000,"{""user_lock_acquisitions"": 0}",2026-08-12T06:32:46Z
exp2_scaling,synthetic,batched_lock,16,measured,25,151,0.010420,831537362.1859646,831537362.1859643,0.000000,"{""user_lock_acquisitions"": 512}",2026-08-12T06:32:46Z
exp2_scaling,synthetic,fine_lock,16,measured,27,152,1.022582,831537362.1859659,831537362.1859643,0.000000,"{""user_lock_acquisitions"": 500000}",2026-08-12T06:32:47Z
exp2_scaling,synthetic,no_lock,16,measured,13,153,0.780627,98951295.42695688,831537362.1859643,88.100199,"{""user_lock_acquisitions"": 0}",2026-08-12T06:32:48Z
exp2_scaling,synthetic,coarse_lock,16,measured,8,154,0.009688,831537362.1859652,831537362.1859643,0.000000,"{""user_lock_acquisitions"": 16}",2026-08-12T06:32:48Z
exp2_scaling,synthetic,fp_reduce,16,measured,4,155,0.009527,831537362.1859653,831537362.1859643,0.000000,"{""user_lock_acquisitions"": 0}",2026-08-12T06:32:48Z
exp2_scaling,synthetic,coarse_lock,16,measured,21,156,0.009488,831537362.1859652,831537362.1859643,0.000000,"{""user_lock_acquisitions"": 16}",2026-08-12T06:32:48Z
exp2_scaling,synthetic,fine_lock,16,measured,12,157,1.041432,831537362.1859621,831537362.1859643,0.000000,"{""user_lock_acquisitions"": 500000}",2026-08-12T06:32:49Z
exp2_scaling,synthetic,batched_lock,16,measured,23,158,0.011334,831537362.1859645,831537362.1859643,0.000000,"{""user_lock_acquisitions"": 512}",2026-08-12T06:32:49Z
exp2_scaling,synthetic,fp_sum_genexpr,16,measured,0,159,0.008762,831537362.1859643,831537362.1859643,0.000000,"{""user_lock_acquisitions"": 0}",2026-08-12T06:32:49Z
exp2_scaling,synthetic,fp_reduce,16,measured,6,160,0.009242,831537362.1859653,831537362.1859643,0.000000,"{""user_lock_acquisitions"": 0}",2026-08-12T06:32:49Z
exp2_scaling,synthetic,fine_lock,16,measured,15,161,1.014479,831537362.1859713,831537362.1859643,0.000000,"{""user_lock_acquisitions"": 500000}",2026-08-12T06:32:50Z
exp2_scaling,synthetic,coarse_lock,16,measured,11,162,0.009219,831537362.1859653,831537362.1859643,0.000000,"{""user_lock_acquisitions"": 16}",2026-08-12T06:32:50Z
exp2_scaling,synthetic,fp_reduce,16,measured,28,163,0.009252,831537362.1859653,831537362.1859643,0.000000,"{""user_lock_acquisitions"": 0}",2026-08-12T06:32:50Z
exp2_scaling,synthetic,imp_threadlocal,16,measured,25,164,0.009691,831537362.1859653,831537362.1859643,0.000000,"{""user_lock_acquisitions"": 0}",2026-08-12T06:32:50Z
exp2_scaling,synthetic,queue_agg,16,measured,29,165,0.008883,831537362.1859653,831537362.1859643,0.000000,"{""user_lock_acquisitions"": 0}",2026-08-12T06:32:50Z
exp2_scaling,synthetic,coarse_lock,16,measured,3,166,0.008523,831537362.1859652,831537362.1859643,0.000000,"{""user_lock_acquisitions"": 16}",2026-08-12T06:32:50Z
exp2_scaling,synthetic,fine_lock,16,measured,13,167,1.106106,831537362.1859611,831537362.1859643,0.000000,"{""user_lock_acquisitions"": 500000}",2026-08-12T06:32:51Z
exp2_scaling,synthetic,coarse_lock,16,measured,18,168,0.009903,831537362.1859652,831537362.1859643,0.000000,"{""user_lock_acquisitions"": 16}",2026-08-12T06:32:51Z
exp2_scaling,synthetic,fp_reduce,16,measured,17,169,0.008702,831537362.1859653,831537362.1859643,0.000000,"{""user_lock_acquisitions"": 0}",2026-08-12T06:32:51Z
exp2_scaling,synthetic,fp_reduce,16,measured,25,170,0.009639,831537362.1859653,831537362.1859643,0.000000,"{""user_lock_acquisitions"": 0}",2026-08-12T06:32:51Z
exp2_scaling,synthetic,batched_lock,16,measured,22,171,0.010923,831537362.1859645,831537362.1859643,0.000000,"{""user_lock_acquisitions"": 512}",2026-08-12T06:32:51Z
exp2_scaling,synthetic,fp_sum_genexpr,16,measured,5,172,0.013255,831537362.1859643,831537362.1859643,0.000000,"{""user_lock_acquisitions"": 0}",2026-08-12T06:32:51Z
exp2_scaling,synthetic,no_lock,16,measured,14,173,0.778557,102060442.90333721,831537362.1859643,87.726295,"{""user_lock_acquisitions"": 0}",2026-08-12T06:32:52Z
exp2_scaling,synthetic,queue_agg,16,measured,25,174,0.009454,831537362.1859652,831537362.1859643,0.000000,"{""user_lock_acquisitions"": 0}",2026-08-12T06:32:52Z
exp2_scaling,synthetic,fp_sum_genexpr,16,measured,22,175,0.009404,831537362.1859643,831537362.1859643,0.000000,"{""user_lock_acquisitions"": 0}",2026-08-12T06:32:52Z
exp2_scaling,synthetic,batched_lock,16,measured,19,176,0.011161,831537362.1859647,831537362.1859643,0.000000,"{""user_lock_acquisitions"": 512}",2026-08-12T06:32:52Z
exp2_scaling,synthetic,fine_lock,16,measured,16,177,0.983655,831537362.185965,831537362.1859643,0.000000,"{""user_lock_acquisitions"": 500000}",2026-08-12T06:32:53Z
exp2_scaling,synthetic,fp_reduce,16,measured,18,178,0.009229,831537362.1859653,831537362.1859643,0.000000,"{""user_lock_acquisitions"": 0}",2026-08-12T06:32:53Z
exp2_scaling,synthetic,batched_lock,16,measured,29,179,0.009775,831537362.1859647,831537362.1859643,0.000000,"{""user_lock_acquisitions"": 512}",2026-08-12T06:32:53Z
exp2_scaling,synthetic,fp_reduce,16,measured,2,180,0.009679,831537362.1859653,831537362.1859643,0.000000,"{""user_lock_acquisitions"": 0}",2026-08-12T06:32:53Z
exp2_scaling,synthetic,no_lock,16,measured,6,181,0.717056,102885540.43602486,831537362.1859643,87.627069,"{""user_lock_acquisitions"": 0}",2026-08-12T06:32:54Z
exp2_scaling,synthetic,fp_reduce,16,measured,15,182,0.009900,831537362.1859653,831537362.1859643,0.000000,"{""user_lock_acquisitions"": 0}",2026-08-12T06:32:54Z
exp2_scaling,synthetic,batched_lock,16,measured,17,183,0.010699,831537362.1859648,831537362.1859643,0.000000,"{""user_lock_acquisitions"": 512}",2026-08-12T06:32:54Z
exp2_scaling,synthetic,no_lock,16,measured,11,184,0.765900,102570065.83999135,831537362.1859643,87.665008,"{""user_lock_acquisitions"": 0}",2026-08-12T06:32:54Z
exp2_scaling,synthetic,fine_lock,16,measured,7,185,0.861301,831537362.1859671,831537362.1859643,0.000000,"{""user_lock_acquisitions"": 500000}",2026-08-12T06:32:55Z
exp2_scaling,synthetic,imp_threadlocal,16,measured,10,186,0.009420,831537362.1859653,831537362.1859643,0.000000,"{""user_lock_acquisitions"": 0}",2026-08-12T06:32:55Z
exp2_scaling,synthetic,fp_reduce,16,measured,10,187,0.009284,831537362.1859653,831537362.1859643,0.000000,"{""user_lock_acquisitions"": 0}",2026-08-12T06:32:55Z
exp2_scaling,synthetic,fp_sum_genexpr,16,measured,9,188,0.010329,831537362.1859643,831537362.1859643,0.000000,"{""user_lock_acquisitions"": 0}",2026-08-12T06:32:55Z
exp2_scaling,synthetic,fine_lock,16,measured,8,189,1.043284,831537362.1859645,831537362.1859643,0.000000,"{""user_lock_acquisitions"": 500000}",2026-08-12T06:32:56Z
exp2_scaling,synthetic,fine_lock,16,measured,22,190,1.029341,831537362.1859657,831537362.1859643,0.000000,"{""user_lock_acquisitions"": 500000}",2026-08-12T06:32:57Z
exp2_scaling,synthetic,imp_threadlocal,16,measured,11,191,0.008978,831537362.1859653,831537362.1859643,0.000000,"{""user_lock_acquisitions"": 0}",2026-08-12T06:32:57Z
exp2_scaling,synthetic,batched_lock,16,measured,3,192,0.010995,831537362.1859647,831537362.1859643,0.000000,"{""user_lock_acquisitions"": 512}",2026-08-12T06:32:57Z
exp2_scaling,synthetic,no_lock,16,measured,0,193,0.803553,101353088.28475101,831537362.1859643,87.811361,"{""user_lock_acquisitions"": 0}",2026-08-12T06:32:58Z
exp2_scaling,synthetic,imp_threadlocal,16,measured,12,194,0.009436,831537362.1859653,831537362.1859643,0.000000,"{""user_lock_acquisitions"": 0}",2026-08-12T06:32:58Z
exp2_scaling,synthetic,no_lock,16,measured,15,195,0.765948,106005199.50867921,831537362.1859643,87.251902,"{""user_lock_acquisitions"": 0}",2026-08-12T06:32:59Z
exp2_scaling,synthetic,fp_sum_genexpr,16,measured,21,196,0.009252,831537362.1859643,831537362.1859643,0.000000,"{""user_lock_acquisitions"": 0}",2026-08-12T06:32:59Z
exp2_scaling,synthetic,queue_agg,16,measured,10,197,0.008734,831537362.1859652,831537362.1859643,0.000000,"{""user_lock_acquisitions"": 0}",2026-08-12T06:32:59Z
exp2_scaling,synthetic,fp_reduce,16,measured,16,198,0.009146,831537362.1859653,831537362.1859643,0.000000,"{""user_lock_acquisitions"": 0}",2026-08-12T06:32:59Z
exp2_scaling,synthetic,coarse_lock,16,measured,27,199,0.009160,831537362.1859653,831537362.1859643,0.000000,"{""user_lock_acquisitions"": 16}",2026-08-12T06:32:59Z
exp2_scaling,synthetic,fine_lock,16,measured,14,200,1.062119,831537362.185964,831537362.1859643,0.000000,"{""user_lock_acquisitions"": 500000}",2026-08-12T06:33:00Z
exp2_scaling,synthetic,fp_sum_genexpr,16,measured,29,201,0.009201,831537362.1859643,831537362.1859643,0.000000,"{""user_lock_acquisitions"": 0}",2026-08-12T06:33:00Z
exp2_scaling,synthetic,imp_threadlocal,16,measured,26,202,0.008693,831537362.1859653,831537362.1859643,0.000000,"{""user_lock_acquisitions"": 0}",2026-08-12T06:33:00Z
exp2_scaling,synthetic,queue_agg,16,measured,16,203,0.010618,831537362.1859652,831537362.1859643,0.000000,"{""user_lock_acquisitions"": 0}",2026-08-12T06:33:00Z
exp2_scaling,synthetic,no_lock,16,measured,7,204,0.802420,97695002.23428078,831537362.1859643,88.251279,"{""user_lock_acquisitions"": 0}",2026-08-12T06:33:01Z
exp2_scaling,synthetic,fp_reduce,16,measured,23,205,0.009424,831537362.1859653,831537362.1859643,0.000000,"{""user_lock_acquisitions"": 0}",2026-08-12T06:33:01Z
exp2_scaling,synthetic,no_lock,16,measured,16,206,0.756442,101128422.87279111,831537362.1859643,87.838379,"{""user_lock_acquisitions"": 0}",2026-08-12T06:33:02Z
exp2_scaling,synthetic,fp_reduce,16,measured,1,207,0.010331,831537362.1859653,831537362.1859643,0.000000,"{""user_lock_acquisitions"": 0}",2026-08-12T06:33:02Z
exp2_scaling,synthetic,no_lock,16,measured,25,208,0.777401,103115951.64060284,831537362.1859643,87.599360,"{""user_lock_acquisitions"": 0}",2026-08-12T06:33:02Z
exp2_scaling,synthetic,coarse_lock,16,measured,19,209,0.010110,831537362.1859652,831537362.1859643,0.000000,"{""user_lock_acquisitions"": 16}",2026-08-12T06:33:03Z
exp2_scaling,synthetic,imp_threadlocal,16,measured,19,210,0.009618,831537362.1859653,831537362.1859643,0.000000,"{""user_lock_acquisitions"": 0}",2026-08-12T06:33:03Z
exp2_scaling,synthetic,imp_threadlocal,16,measured,14,211,0.008507,831537362.1859653,831537362.1859643,0.000000,"{""user_lock_acquisitions"": 0}",2026-08-12T06:33:03Z
exp2_scaling,synthetic,no_lock,16,measured,1,212,0.726489,109108258.79439375,831537362.1859643,86.878730,"{""user_lock_acquisitions"": 0}",2026-08-12T06:33:03Z
exp2_scaling,synthetic,no_lock,16,measured,5,213,0.782817,103646844.92866023,831537362.1859643,87.535516,"{""user_lock_acquisitions"": 0}",2026-08-12T06:33:04Z
exp2_scaling,synthetic,coarse_lock,16,measured,9,214,0.010338,831537362.1859653,831537362.1859643,0.000000,"{""user_lock_acquisitions"": 16}",2026-08-12T06:33:04Z
exp2_scaling,synthetic,fp_sum_genexpr,16,measured,8,215,0.010995,831537362.1859643,831537362.1859643,0.000000,"{""user_lock_acquisitions"": 0}",2026-08-12T06:33:04Z
exp2_scaling,synthetic,queue_agg,16,measured,0,216,0.008975,831537362.1859652,831537362.1859643,0.000000,"{""user_lock_acquisitions"": 0}",2026-08-12T06:33:04Z
exp2_scaling,synthetic,fine_lock,16,measured,20,217,1.011716,831537362.185971,831537362.1859643,0.000000,"{""user_lock_acquisitions"": 500000}",2026-08-12T06:33:05Z
exp2_scaling,synthetic,queue_agg,16,measured,26,218,0.010143,831537362.1859652,831537362.1859643,0.000000,"{""user_lock_acquisitions"": 0}",2026-08-12T06:33:05Z
exp2_scaling,synthetic,batched_lock,16,measured,9,219,0.011821,831537362.1859643,831537362.1859643,0.000000,"{""user_lock_acquisitions"": 512}",2026-08-12T06:33:05Z
exp2_scaling,synthetic,queue_agg,16,measured,1,220,0.009397,831537362.1859652,831537362.1859643,0.000000,"{""user_lock_acquisitions"": 0}",2026-08-12T06:33:05Z
exp2_scaling,synthetic,imp_threadlocal,16,measured,8,221,0.009371,831537362.1859653,831537362.1859643,0.000000,"{""user_lock_acquisitions"": 0}",2026-08-12T06:33:05Z
exp2_scaling,synthetic,fp_sum_genexpr,16,measured,6,222,0.009414,831537362.1859643,831537362.1859643,0.000000,"{""user_lock_acquisitions"": 0}",2026-08-12T06:33:05Z
exp2_scaling,synthetic,queue_agg,16,measured,19,223,0.008727,831537362.1859653,831537362.1859643,0.000000,"{""user_lock_acquisitions"": 0}",2026-08-12T06:33:05Z
exp2_scaling,synthetic,queue_agg,16,measured,13,224,0.009501,831537362.1859651,831537362.1859643,0.000000,"{""user_lock_acquisitions"": 0}",2026-08-12T06:33:05Z
exp2_scaling,synthetic,fine_lock,16,measured,2,225,1.103940,831537362.1859647,831537362.1859643,0.000000,"{""user_lock_acquisitions"": 500000}",2026-08-12T06:33:06Z
exp2_scaling,synthetic,fp_sum_genexpr,16,measured,11,226,0.010352,831537362.1859643,831537362.1859643,0.000000,"{""user_lock_acquisitions"": 0}",2026-08-12T06:33:06Z
exp2_scaling,synthetic,imp_threadlocal,16,measured,3,227,0.010400,831537362.1859653,831537362.1859643,0.000000,"{""user_lock_acquisitions"": 0}",2026-08-12T06:33:06Z
exp2_scaling,synthetic,batched_lock,16,measured,1,228,0.009995,831537362.185965,831537362.1859643,0.000000,"{""user_lock_acquisitions"": 512}",2026-08-12T06:33:06Z
exp2_scaling,synthetic,no_lock,16,measured,18,229,0.774430,104565698.2794178,831537362.1859643,87.425015,"{""user_lock_acquisitions"": 0}",2026-08-12T06:33:07Z
exp2_scaling,synthetic,imp_threadlocal,16,measured,23,230,0.010095,831537362.1859653,831537362.1859643,0.000000,"{""user_lock_acquisitions"": 0}",2026-08-12T06:33:07Z
exp2_scaling,synthetic,fine_lock,16,measured,5,231,1.014657,831537362.1859678,831537362.1859643,0.000000,"{""user_lock_acquisitions"": 500000}",2026-08-12T06:33:08Z
exp2_scaling,synthetic,fp_sum_genexpr,16,measured,24,232,0.009673,831537362.1859643,831537362.1859643,0.000000,"{""user_lock_acquisitions"": 0}",2026-08-12T06:33:08Z
exp2_scaling,synthetic,no_lock,16,measured,17,233,0.759265,103122759.26863718,831537362.1859643,87.598542,"{""user_lock_acquisitions"": 0}",2026-08-12T06:33:09Z
exp2_scaling,synthetic,fp_reduce,16,measured,21,234,0.010670,831537362.1859653,831537362.1859643,0.000000,"{""user_lock_acquisitions"": 0}",2026-08-12T06:33:09Z
exp2_scaling,synthetic,queue_agg,16,measured,9,235,0.010186,831537362.1859652,831537362.1859643,0.000000,"{""user_lock_acquisitions"": 0}",2026-08-12T06:33:09Z
exp2_scaling,synthetic,fine_lock,16,measured,25,236,1.011719,831537362.1859659,831537362.1859643,0.000000,"{""user_lock_acquisitions"": 500000}",2026-08-12T06:33:10Z
exp2_scaling,synthetic,batched_lock,16,measured,2,237,0.011152,831537362.185965,831537362.1859643,0.000000,"{""user_lock_acquisitions"": 512}",2026-08-12T06:33:10Z
exp2_scaling,synthetic,fp_reduce,16,measured,7,238,0.008179,831537362.1859653,831537362.1859643,0.000000,"{""user_lock_acquisitions"": 0}",2026-08-12T06:33:10Z
exp2_scaling,synthetic,fp_reduce,16,measured,22,239,0.008878,831537362.1859653,831537362.1859643,0.000000,"{""user_lock_acquisitions"": 0}",2026-08-12T06:33:10Z
exp2_scaling,synthetic,queue_agg,16,measured,24,240,0.008253,831537362.1859652,831537362.1859643,0.000000,"{""user_lock_acquisitions"": 0}",2026-08-12T06:33:10Z
exp2_scaling,synthetic,no_lock,16,measured,9,241,0.746470,104925609.60934071,831537362.1859643,87.381732,"{""user_lock_acquisitions"": 0}",2026-08-12T06:33:11Z
exp2_scaling,synthetic,coarse_lock,16,measured,13,242,0.009697,831537362.1859652,831537362.1859643,0.000000,"{""user_lock_acquisitions"": 16}",2026-08-12T06:33:11Z
exp2_scaling,synthetic,imp_threadlocal,16,measured,7,243,0.010244,831537362.1859653,831537362.1859643,0.000000,"{""user_lock_acquisitions"": 0}",2026-08-12T06:33:11Z
exp2_scaling,synthetic,batched_lock,16,measured,12,244,0.011990,831537362.1859647,831537362.1859643,0.000000,"{""user_lock_acquisitions"": 512}",2026-08-12T06:33:11Z
exp2_scaling,synthetic,fine_lock,16,measured,4,245,1.059422,831537362.1859696,831537362.1859643,0.000000,"{""user_lock_acquisitions"": 500000}",2026-08-12T06:33:12Z
exp2_scaling,synthetic,fine_lock,16,measured,17,246,0.988478,831537362.185969,831537362.1859643,0.000000,"{""user_lock_acquisitions"": 500000}",2026-08-12T06:33:13Z
exp2_scaling,synthetic,fp_reduce,16,measured,13,247,0.009561,831537362.1859653,831537362.1859643,0.000000,"{""user_lock_acquisitions"": 0}",2026-08-12T06:33:13Z
exp2_scaling,synthetic,imp_threadlocal,16,measured,28,248,0.010062,831537362.1859653,831537362.1859643,0.000000,"{""user_lock_acquisitions"": 0}",2026-08-12T06:33:13Z
exp2_scaling,synthetic,batched_lock,16,measured,24,249,0.011793,831537362.1859642,831537362.1859643,0.000000,"{""user_lock_acquisitions"": 512}",2026-08-12T06:33:13Z
exp2_scaling,synthetic,fp_sum_genexpr,16,measured,12,250,0.010909,831537362.1859643,831537362.1859643,0.000000,"{""user_lock_acquisitions"": 0}",2026-08-12T06:33:13Z
exp2_scaling,synthetic,batched_lock,16,measured,21,251,0.010959,831537362.185965,831537362.1859643,0.000000,"{""user_lock_acquisitions"": 512}",2026-08-12T06:33:13Z
exp2_scaling,synthetic,fp_sum_genexpr,16,measured,2,252,0.009526,831537362.1859643,831537362.1859643,0.000000,"{""user_lock_acquisitions"": 0}",2026-08-12T06:33:13Z
exp2_scaling,synthetic,queue_agg,16,measured,27,253,0.009857,831537362.1859652,831537362.1859643,0.000000,"{""user_lock_acquisitions"": 0}",2026-08-12T06:33:13Z
exp2_scaling,synthetic,coarse_lock,16,measured,2,254,0.008804,831537362.1859652,831537362.1859643,0.000000,"{""user_lock_acquisitions"": 16}",2026-08-12T06:33:13Z
exp2_scaling,synthetic,imp_threadlocal,16,measured,6,255,0.009369,831537362.1859653,831537362.1859643,0.000000,"{""user_lock_acquisitions"": 0}",2026-08-12T06:33:13Z
exp2_scaling,synthetic,imp_threadlocal,16,measured,16,256,0.009283,831537362.1859653,831537362.1859643,0.000000,"{""user_lock_acquisitions"": 0}",2026-08-12T06:33:13Z
exp2_scaling,synthetic,fp_sum_genexpr,16,measured,19,257,0.010142,831537362.1859643,831537362.1859643,0.000000,"{""user_lock_acquisitions"": 0}",2026-08-12T06:33:13Z
exp2_scaling,synthetic,coarse_lock,16,measured,23,258,0.010134,831537362.1859652,831537362.1859643,0.000000,"{""user_lock_acquisitions"": 16}",2026-08-12T06:33:13Z
exp2_scaling,synthetic,coarse_lock,16,measured,26,259,0.009903,831537362.1859653,831537362.1859643,0.000000,"{""user_lock_acquisitions"": 16}",2026-08-12T06:33:13Z
exp2_scaling,synthetic,fp_sum_genexpr,16,measured,7,260,0.009361,831537362.1859643,831537362.1859643,0.000000,"{""user_lock_acquisitions"": 0}",2026-08-12T06:33:13Z
exp2_scaling,synthetic,queue_agg,16,measured,15,261,0.009103,831537362.1859652,831537362.1859643,0.000000,"{""user_lock_acquisitions"": 0}",2026-08-12T06:33:13Z
exp2_scaling,synthetic,fp_sum_genexpr,16,measured,27,262,0.009153,831537362.1859643,831537362.1859643,0.000000,"{""user_lock_acquisitions"": 0}",2026-08-12T06:33:13Z
exp2_scaling,synthetic,imp_threadlocal,16,measured,0,263,0.009015,831537362.1859653,831537362.1859643,0.000000,"{""user_lock_acquisitions"": 0}",2026-08-12T06:33:13Z
exp2_scaling,synthetic,fp_reduce,1,verify,0,0,0.073243,831537362.185985,831537362.1859643,0.000000,"{""user_lock_acquisitions"": 0}",2026-08-12T06:33:13Z
exp2_scaling,synthetic,fp_sum_genexpr,1,verify,0,1,0.076425,831537362.1859643,831537362.1859643,0.000000,"{""user_lock_acquisitions"": 0}",2026-08-12T06:33:13Z
exp2_scaling,synthetic,imp_threadlocal,1,verify,0,2,0.071634,831537362.185985,831537362.1859643,0.000000,"{""user_lock_acquisitions"": 0}",2026-08-12T06:33:13Z
exp2_scaling,synthetic,coarse_lock,1,verify,0,3,0.071423,831537362.185985,831537362.1859643,0.000000,"{""user_lock_acquisitions"": 1, ""measured_lock_acquisitions"": 1}",2026-08-12T06:33:13Z
exp2_scaling,synthetic,batched_lock,1,verify,0,4,0.082551,831537362.1859645,831537362.1859643,0.000000,"{""user_lock_acquisitions"": 500, ""measured_lock_acquisitions"": 500}",2026-08-12T06:33:13Z
exp2_scaling,synthetic,fine_lock,1,verify,0,5,0.204830,831537362.185985,831537362.1859643,0.000000,"{""user_lock_acquisitions"": 500000, ""measured_lock_acquisitions"": 500000}",2026-08-12T06:33:13Z
exp2_scaling,synthetic,queue_agg,1,verify,0,6,0.071464,831537362.185985,831537362.1859643,0.000000,"{""user_lock_acquisitions"": 0}",2026-08-12T06:33:14Z
exp2_scaling,synthetic,no_lock,1,verify,0,7,0.086118,831537362.185985,831537362.1859643,0.000000,"{""user_lock_acquisitions"": 0}",2026-08-12T06:33:14Z
exp2_scaling,synthetic,fp_reduce,2,verify,0,0,0.037534,831537362.1859523,831537362.1859643,0.000000,"{""user_lock_acquisitions"": 0}",2026-08-12T06:33:14Z
exp2_scaling,synthetic,fp_sum_genexpr,2,verify,0,1,0.038995,831537362.1859643,831537362.1859643,0.000000,"{""user_lock_acquisitions"": 0}",2026-08-12T06:33:14Z
exp2_scaling,synthetic,imp_threadlocal,2,verify,0,2,0.036446,831537362.1859523,831537362.1859643,0.000000,"{""user_lock_acquisitions"": 0}",2026-08-12T06:33:14Z
exp2_scaling,synthetic,coarse_lock,2,verify,0,3,0.037422,831537362.1859523,831537362.1859643,0.000000,"{""user_lock_acquisitions"": 2, ""measured_lock_acquisitions"": 2}",2026-08-12T06:33:14Z
exp2_scaling,synthetic,batched_lock,2,verify,0,4,0.046776,831537362.1859646,831537362.1859643,0.000000,"{""user_lock_acquisitions"": 500, ""measured_lock_acquisitions"": 500}",2026-08-12T06:33:14Z
exp2_scaling,synthetic,fine_lock,2,verify,0,5,0.230863,831537362.1859936,831537362.1859643,0.000000,"{""user_lock_acquisitions"": 500000, ""measured_lock_acquisitions"": 500000}",2026-08-12T06:33:14Z
exp2_scaling,synthetic,queue_agg,2,verify,0,6,0.037269,831537362.1859523,831537362.1859643,0.000000,"{""user_lock_acquisitions"": 0}",2026-08-12T06:33:14Z
exp2_scaling,synthetic,no_lock,2,verify,0,7,0.102512,477204797.7798647,831537362.1859643,42.611743,"{""user_lock_acquisitions"": 0}",2026-08-12T06:33:14Z
exp2_scaling,synthetic,fp_reduce,4,verify,0,0,0.019908,831537362.1859667,831537362.1859643,0.000000,"{""user_lock_acquisitions"": 0}",2026-08-12T06:33:14Z
exp2_scaling,synthetic,fp_sum_genexpr,4,verify,0,1,0.020165,831537362.1859643,831537362.1859643,0.000000,"{""user_lock_acquisitions"": 0}",2026-08-12T06:33:14Z
exp2_scaling,synthetic,imp_threadlocal,4,verify,0,2,0.019621,831537362.1859667,831537362.1859643,0.000000,"{""user_lock_acquisitions"": 0}",2026-08-12T06:33:14Z
exp2_scaling,synthetic,coarse_lock,4,verify,0,3,0.020155,831537362.1859667,831537362.1859643,0.000000,"{""user_lock_acquisitions"": 4, ""measured_lock_acquisitions"": 4}",2026-08-12T06:33:14Z
exp2_scaling,synthetic,batched_lock,4,verify,0,4,0.025836,831537362.1859641,831537362.1859643,0.000000,"{""user_lock_acquisitions"": 500, ""measured_lock_acquisitions"": 500}",2026-08-12T06:33:14Z
exp2_scaling,synthetic,fine_lock,4,verify,0,5,0.298032,831537362.1859741,831537362.1859643,0.000000,"{""user_lock_acquisitions"": 500000, ""measured_lock_acquisitions"": 500000}",2026-08-12T06:33:15Z
exp2_scaling,synthetic,queue_agg,4,verify,0,6,0.019651,831537362.1859667,831537362.1859643,0.000000,"{""user_lock_acquisitions"": 0}",2026-08-12T06:33:15Z
exp2_scaling,synthetic,no_lock,4,verify,0,7,0.139243,309752177.0983503,831537362.1859643,62.749458,"{""user_lock_acquisitions"": 0}",2026-08-12T06:33:15Z
exp2_scaling,synthetic,fp_reduce,6,verify,0,0,0.019034,831537362.1859671,831537362.1859643,0.000000,"{""user_lock_acquisitions"": 0}",2026-08-12T06:33:15Z
exp2_scaling,synthetic,fp_sum_genexpr,6,verify,0,1,0.021810,831537362.1859645,831537362.1859643,0.000000,"{""user_lock_acquisitions"": 0}",2026-08-12T06:33:15Z
exp2_scaling,synthetic,imp_threadlocal,6,verify,0,2,0.014552,831537362.1859671,831537362.1859643,0.000000,"{""user_lock_acquisitions"": 0}",2026-08-12T06:33:15Z
exp2_scaling,synthetic,coarse_lock,6,verify,0,3,0.014158,831537362.1859671,831537362.1859643,0.000000,"{""user_lock_acquisitions"": 6, ""measured_lock_acquisitions"": 6}",2026-08-12T06:33:15Z
exp2_scaling,synthetic,batched_lock,6,verify,0,4,0.018044,831537362.1859645,831537362.1859643,0.000000,"{""user_lock_acquisitions"": 504, ""measured_lock_acquisitions"": 504}",2026-08-12T06:33:15Z
exp2_scaling,synthetic,fine_lock,6,verify,0,5,0.380633,831537362.185938,831537362.1859643,0.000000,"{""user_lock_acquisitions"": 500000, ""measured_lock_acquisitions"": 500000}",2026-08-12T06:33:15Z
exp2_scaling,synthetic,queue_agg,6,verify,0,6,0.014408,831537362.1859671,831537362.1859643,0.000000,"{""user_lock_acquisitions"": 0}",2026-08-12T06:33:15Z
exp2_scaling,synthetic,no_lock,6,verify,0,7,0.190943,219397958.44419187,831537362.1859643,73.615382,"{""user_lock_acquisitions"": 0}",2026-08-12T06:33:15Z
exp2_scaling,synthetic,fp_reduce,8,verify,0,0,0.015753,831537362.1859636,831537362.1859643,0.000000,"{""user_lock_acquisitions"": 0}",2026-08-12T06:33:15Z
exp2_scaling,synthetic,fp_sum_genexpr,8,verify,0,1,0.012587,831537362.1859645,831537362.1859643,0.000000,"{""user_lock_acquisitions"": 0}",2026-08-12T06:33:15Z
exp2_scaling,synthetic,imp_threadlocal,8,verify,0,2,0.012097,831537362.1859636,831537362.1859643,0.000000,"{""user_lock_acquisitions"": 0}",2026-08-12T06:33:16Z
exp2_scaling,synthetic,coarse_lock,8,verify,0,3,0.013294,831537362.1859637,831537362.1859643,0.000000,"{""user_lock_acquisitions"": 8, ""measured_lock_acquisitions"": 8}",2026-08-12T06:33:16Z
exp2_scaling,synthetic,batched_lock,8,verify,0,4,0.015077,831537362.1859635,831537362.1859643,0.000000,"{""user_lock_acquisitions"": 504, ""measured_lock_acquisitions"": 504}",2026-08-12T06:33:16Z
exp2_scaling,synthetic,fine_lock,8,verify,0,5,0.637989,831537362.1859885,831537362.1859643,0.000000,"{""user_lock_acquisitions"": 500000, ""measured_lock_acquisitions"": 500000}",2026-08-12T06:33:16Z
exp2_scaling,synthetic,queue_agg,8,verify,0,6,0.012590,831537362.1859637,831537362.1859643,0.000000,"{""user_lock_acquisitions"": 0}",2026-08-12T06:33:16Z
exp2_scaling,synthetic,no_lock,8,verify,0,7,0.274449,185502448.50159132,831537362.1859643,77.691628,"{""user_lock_acquisitions"": 0}",2026-08-12T06:33:16Z
exp2_scaling,synthetic,fp_reduce,10,verify,0,0,0.011503,831537362.1859647,831537362.1859643,0.000000,"{""user_lock_acquisitions"": 0}",2026-08-12T06:33:16Z
exp2_scaling,synthetic,fp_sum_genexpr,10,verify,0,1,0.010837,831537362.1859643,831537362.1859643,0.000000,"{""user_lock_acquisitions"": 0}",2026-08-12T06:33:16Z
exp2_scaling,synthetic,imp_threadlocal,10,verify,0,2,0.010495,831537362.1859647,831537362.1859643,0.000000,"{""user_lock_acquisitions"": 0}",2026-08-12T06:33:16Z
exp2_scaling,synthetic,coarse_lock,10,verify,0,3,0.011143,831537362.1859648,831537362.1859643,0.000000,"{""user_lock_acquisitions"": 10, ""measured_lock_acquisitions"": 10}",2026-08-12T06:33:17Z
exp2_scaling,synthetic,batched_lock,10,verify,0,4,0.012955,831537362.1859646,831537362.1859643,0.000000,"{""user_lock_acquisitions"": 500, ""measured_lock_acquisitions"": 500}",2026-08-12T06:33:17Z
exp2_scaling,synthetic,fine_lock,10,verify,0,5,0.924166,831537362.1859883,831537362.1859643,0.000000,"{""user_lock_acquisitions"": 500000, ""measured_lock_acquisitions"": 500000}",2026-08-12T06:33:17Z
exp2_scaling,synthetic,queue_agg,10,verify,0,6,0.011402,831537362.1859648,831537362.1859643,0.000000,"{""user_lock_acquisitions"": 0}",2026-08-12T06:33:17Z
exp2_scaling,synthetic,no_lock,10,verify,0,7,0.317790,157433425.02269706,831537362.1859643,81.067186,"{""user_lock_acquisitions"": 0}",2026-08-12T06:33:18Z
exp2_scaling,synthetic,fp_reduce,12,verify,0,0,0.010292,831537362.1859664,831537362.1859643,0.000000,"{""user_lock_acquisitions"": 0}",2026-08-12T06:33:18Z
exp2_scaling,synthetic,fp_sum_genexpr,12,verify,0,1,0.010326,831537362.1859645,831537362.1859643,0.000000,"{""user_lock_acquisitions"": 0}",2026-08-12T06:33:18Z
exp2_scaling,synthetic,imp_threadlocal,12,verify,0,2,0.009975,831537362.1859664,831537362.1859643,0.000000,"{""user_lock_acquisitions"": 0}",2026-08-12T06:33:18Z
exp2_scaling,synthetic,coarse_lock,12,verify,0,3,0.009370,831537362.1859664,831537362.1859643,0.000000,"{""user_lock_acquisitions"": 12, ""measured_lock_acquisitions"": 12}",2026-08-12T06:33:18Z
exp2_scaling,synthetic,batched_lock,12,verify,0,4,0.012153,831537362.1859642,831537362.1859643,0.000000,"{""user_lock_acquisitions"": 504, ""measured_lock_acquisitions"": 504}",2026-08-12T06:33:18Z
exp2_scaling,synthetic,fine_lock,12,verify,0,5,1.308438,831537362.1859701,831537362.1859643,0.000000,"{""user_lock_acquisitions"": 500000, ""measured_lock_acquisitions"": 500000}",2026-08-12T06:33:19Z
exp2_scaling,synthetic,queue_agg,12,verify,0,6,0.010596,831537362.1859664,831537362.1859643,0.000000,"{""user_lock_acquisitions"": 0}",2026-08-12T06:33:19Z
exp2_scaling,synthetic,no_lock,12,verify,0,7,0.497673,135640074.19976684,831537362.1859643,83.688036,"{""user_lock_acquisitions"": 0}",2026-08-12T06:33:20Z
exp2_scaling,synthetic,fp_reduce,14,verify,0,0,0.010361,831537362.1859654,831537362.1859643,0.000000,"{""user_lock_acquisitions"": 0}",2026-08-12T06:33:20Z
exp2_scaling,synthetic,fp_sum_genexpr,14,verify,0,1,0.010788,831537362.1859643,831537362.1859643,0.000000,"{""user_lock_acquisitions"": 0}",2026-08-12T06:33:20Z
exp2_scaling,synthetic,imp_threadlocal,14,verify,0,2,0.010284,831537362.1859654,831537362.1859643,0.000000,"{""user_lock_acquisitions"": 0}",2026-08-12T06:33:20Z
exp2_scaling,synthetic,coarse_lock,14,verify,0,3,0.010198,831537362.1859654,831537362.1859643,0.000000,"{""user_lock_acquisitions"": 14, ""measured_lock_acquisitions"": 14}",2026-08-12T06:33:20Z
exp2_scaling,synthetic,batched_lock,14,verify,0,4,0.012523,831537362.1859646,831537362.1859643,0.000000,"{""user_lock_acquisitions"": 504, ""measured_lock_acquisitions"": 504}",2026-08-12T06:33:20Z
exp2_scaling,synthetic,fine_lock,14,verify,0,5,1.650925,831537362.1859561,831537362.1859643,0.000000,"{""user_lock_acquisitions"": 500000, ""measured_lock_acquisitions"": 500000}",2026-08-12T06:33:21Z
exp2_scaling,synthetic,queue_agg,14,verify,0,6,0.009899,831537362.1859654,831537362.1859643,0.000000,"{""user_lock_acquisitions"": 0}",2026-08-12T06:33:21Z
exp2_scaling,synthetic,no_lock,14,verify,0,7,0.608503,124155897.20908585,831537362.1859643,85.069114,"{""user_lock_acquisitions"": 0}",2026-08-12T06:33:22Z
exp2_scaling,synthetic,fp_reduce,16,verify,0,0,0.009646,831537362.1859653,831537362.1859643,0.000000,"{""user_lock_acquisitions"": 0}",2026-08-12T06:33:22Z
exp2_scaling,synthetic,fp_sum_genexpr,16,verify,0,1,0.010413,831537362.1859643,831537362.1859643,0.000000,"{""user_lock_acquisitions"": 0}",2026-08-12T06:33:22Z
exp2_scaling,synthetic,imp_threadlocal,16,verify,0,2,0.009098,831537362.1859653,831537362.1859643,0.000000,"{""user_lock_acquisitions"": 0}",2026-08-12T06:33:22Z
exp2_scaling,synthetic,coarse_lock,16,verify,0,3,0.009447,831537362.1859652,831537362.1859643,0.000000,"{""user_lock_acquisitions"": 16, ""measured_lock_acquisitions"": 16}",2026-08-12T06:33:22Z
exp2_scaling,synthetic,batched_lock,16,verify,0,4,0.011558,831537362.1859651,831537362.1859643,0.000000,"{""user_lock_acquisitions"": 512, ""measured_lock_acquisitions"": 512}",2026-08-12T06:33:22Z
exp2_scaling,synthetic,fine_lock,16,verify,0,5,1.695593,831537362.185972,831537362.1859643,0.000000,"{""user_lock_acquisitions"": 500000, ""measured_lock_acquisitions"": 500000}",2026-08-12T06:33:24Z
exp2_scaling,synthetic,queue_agg,16,verify,0,6,0.009581,831537362.1859652,831537362.1859643,0.000000,"{""user_lock_acquisitions"": 0}",2026-08-12T06:33:24Z
exp2_scaling,synthetic,no_lock,16,verify,0,7,0.772569,105527958.1404169,831537362.1859643,87.309294,"{""user_lock_acquisitions"": 0}",2026-08-12T06:33:24Z
exp2_scaling,synthetic,fp_reduce,1,memory,0,0,0.383134,831537362.185985,831537362.1859643,0.000000,"{""user_lock_acquisitions"": 0, ""tracemalloc_peak_bytes"": 93588}",2026-08-12T06:33:25Z
exp2_scaling,synthetic,fp_sum_genexpr,1,memory,0,1,0.354584,831537362.1859643,831537362.1859643,0.000000,"{""user_lock_acquisitions"": 0, ""tracemalloc_peak_bytes"": 91857}",2026-08-12T06:33:25Z
exp2_scaling,synthetic,imp_threadlocal,1,memory,0,2,0.384340,831537362.185985,831537362.1859643,0.000000,"{""user_lock_acquisitions"": 0, ""tracemalloc_peak_bytes"": 91898}",2026-08-12T06:33:26Z
exp2_scaling,synthetic,coarse_lock,1,memory,0,3,0.384079,831537362.185985,831537362.1859643,0.000000,"{""user_lock_acquisitions"": 1, ""tracemalloc_peak_bytes"": 92118}",2026-08-12T06:33:26Z
exp2_scaling,synthetic,batched_lock,1,memory,0,4,0.481374,831537362.1859645,831537362.1859643,0.000000,"{""user_lock_acquisitions"": 500, ""tracemalloc_peak_bytes"": 96079}",2026-08-12T06:33:26Z
exp2_scaling,synthetic,fine_lock,1,memory,0,5,0.589719,831537362.185985,831537362.1859643,0.000000,"{""user_lock_acquisitions"": 500000, ""tracemalloc_peak_bytes"": 92404}",2026-08-12T06:33:27Z
exp2_scaling,synthetic,queue_agg,1,memory,0,6,0.402339,831537362.185985,831537362.1859643,0.000000,"{""user_lock_acquisitions"": 0, ""tracemalloc_peak_bytes"": 92084}",2026-08-12T06:33:27Z
exp2_scaling,synthetic,no_lock,1,memory,0,7,0.439478,831537362.185985,831537362.1859643,0.000000,"{""user_lock_acquisitions"": 0, ""tracemalloc_peak_bytes"": 91986}",2026-08-12T06:33:28Z
exp2_scaling,synthetic,fp_reduce,2,memory,0,0,0.516964,831537362.1859523,831537362.1859643,0.000000,"{""user_lock_acquisitions"": 0, ""tracemalloc_peak_bytes"": 181718}",2026-08-12T06:33:28Z
exp2_scaling,synthetic,fp_sum_genexpr,2,memory,0,1,0.475197,831537362.1859643,831537362.1859643,0.000000,"{""user_lock_acquisitions"": 0, ""tracemalloc_peak_bytes"": 178699}",2026-08-12T06:33:29Z
exp2_scaling,synthetic,imp_threadlocal,2,memory,0,2,0.550237,831537362.1859523,831537362.1859643,0.000000,"{""user_lock_acquisitions"": 0, ""tracemalloc_peak_bytes"": 181180}",2026-08-12T06:33:29Z
exp2_scaling,synthetic,coarse_lock,2,memory,0,3,0.532503,831537362.1859523,831537362.1859643,0.000000,"{""user_lock_acquisitions"": 2, ""tracemalloc_peak_bytes"": 181048}",2026-08-12T06:33:30Z
exp2_scaling,synthetic,batched_lock,2,memory,0,4,0.669655,831537362.1859645,831537362.1859643,0.000000,"{""user_lock_acquisitions"": 500, ""tracemalloc_peak_bytes"": 184777}",2026-08-12T06:33:31Z
exp2_scaling,synthetic,fine_lock,2,memory,0,5,0.787475,831537362.1859943,831537362.1859643,0.000000,"{""user_lock_acquisitions"": 500000, ""tracemalloc_peak_bytes"": 178846}",2026-08-12T06:33:31Z
exp2_scaling,synthetic,queue_agg,2,memory,0,6,0.594260,831537362.1859523,831537362.1859643,0.000000,"{""user_lock_acquisitions"": 0, ""tracemalloc_peak_bytes"": 181526}",2026-08-12T06:33:32Z
exp2_scaling,synthetic,no_lock,2,memory,0,7,0.589348,696667162.2040452,831537362.1859643,16.219379,"{""user_lock_acquisitions"": 0, ""tracemalloc_peak_bytes"": 182844}",2026-08-12T06:33:33Z
exp2_scaling,synthetic,fp_reduce,4,memory,0,0,0.826166,831537362.1859667,831537362.1859643,0.000000,"{""user_lock_acquisitions"": 0, ""tracemalloc_peak_bytes"": 351330}",2026-08-12T06:33:33Z
exp2_scaling,synthetic,fp_sum_genexpr,4,memory,0,1,0.646443,831537362.1859643,831537362.1859643,0.000000,"{""user_lock_acquisitions"": 0, ""tracemalloc_peak_bytes"": 356191}",2026-08-12T06:33:34Z
exp2_scaling,synthetic,imp_threadlocal,4,memory,0,2,0.748669,831537362.1859667,831537362.1859643,0.000000,"{""user_lock_acquisitions"": 0, ""tracemalloc_peak_bytes"": 353640}",2026-08-12T06:33:35Z
exp2_scaling,synthetic,coarse_lock,4,memory,0,3,0.775402,831537362.1859666,831537362.1859643,0.000000,"{""user_lock_acquisitions"": 4, ""tracemalloc_peak_bytes"": 362404}",2026-08-12T06:33:36Z
exp2_scaling,synthetic,batched_lock,4,memory,0,4,0.930936,831537362.185964,831537362.1859643,0.000000,"{""user_lock_acquisitions"": 500, ""tracemalloc_peak_bytes"": 360477}",2026-08-12T06:33:37Z
exp2_scaling,synthetic,fine_lock,4,memory,0,5,2.251789,831537362.1859711,831537362.1859643,0.000000,"{""user_lock_acquisitions"": 500000, ""tracemalloc_peak_bytes"": 358866}",2026-08-12T06:33:39Z
exp2_scaling,synthetic,queue_agg,4,memory,0,6,0.810249,831537362.1859667,831537362.1859643,0.000000,"{""user_lock_acquisitions"": 0, ""tracemalloc_peak_bytes"": 356698}",2026-08-12T06:33:40Z
exp2_scaling,synthetic,no_lock,4,memory,0,7,0.899927,500546908.6487271,831537362.1859643,39.804640,"{""user_lock_acquisitions"": 0, ""tracemalloc_peak_bytes"": 371056}",2026-08-12T06:33:41Z
exp2_scaling,synthetic,fp_reduce,6,memory,0,0,1.047508,831537362.1859671,831537362.1859643,0.000000,"{""user_lock_acquisitions"": 0, ""tracemalloc_peak_bytes"": 528046}",2026-08-12T06:33:42Z
exp2_scaling,synthetic,fp_sum_genexpr,6,memory,0,1,0.793305,831537362.1859645,831537362.1859643,0.000000,"{""user_lock_acquisitions"": 0, ""tracemalloc_peak_bytes"": 530499}",2026-08-12T06:33:42Z
exp2_scaling,synthetic,imp_threadlocal,6,memory,0,2,1.039070,831537362.1859671,831537362.1859643,0.000000,"{""user_lock_acquisitions"": 0, ""tracemalloc_peak_bytes"": 527972}",2026-08-12T06:33:43Z
exp2_scaling,synthetic,coarse_lock,6,memory,0,3,1.039303,831537362.1859671,831537362.1859643,0.000000,"{""user_lock_acquisitions"": 6, ""tracemalloc_peak_bytes"": 536520}",2026-08-12T06:33:44Z
exp2_scaling,synthetic,batched_lock,6,memory,0,4,1.148309,831537362.1859646,831537362.1859643,0.000000,"{""user_lock_acquisitions"": 504, ""tracemalloc_peak_bytes"": 541657}",2026-08-12T06:33:46Z
exp2_scaling,synthetic,fine_lock,6,memory,0,5,3.701084,831537362.1859391,831537362.1859643,0.000000,"{""user_lock_acquisitions"": 500000, ""tracemalloc_peak_bytes"": 534326}",2026-08-12T06:33:49Z
exp2_scaling,synthetic,queue_agg,6,memory,0,6,1.081892,831537362.1859671,831537362.1859643,0.000000,"{""user_lock_acquisitions"": 0, ""tracemalloc_peak_bytes"": 526670}",2026-08-12T06:33:50Z
exp2_scaling,synthetic,no_lock,6,memory,0,7,1.146517,391695749.24314755,831537362.1859643,52.894991,"{""user_lock_acquisitions"": 0, ""tracemalloc_peak_bytes"": 559604}",2026-08-12T06:33:52Z
exp2_scaling,synthetic,fp_reduce,8,memory,0,0,1.305884,831537362.1859636,831537362.1859643,0.000000,"{""user_lock_acquisitions"": 0, ""tracemalloc_peak_bytes"": 700698}",2026-08-12T06:33:53Z
exp2_scaling,synthetic,fp_sum_genexpr,8,memory,0,1,1.004404,831537362.1859645,831537362.1859643,0.000000,"{""user_lock_acquisitions"": 0, ""tracemalloc_peak_bytes"": 710167}",2026-08-12T06:33:54Z
exp2_scaling,synthetic,imp_threadlocal,8,memory,0,2,1.159792,831537362.1859636,831537362.1859643,0.000000,"{""user_lock_acquisitions"": 0, ""tracemalloc_peak_bytes"": 705400}",2026-08-12T06:33:55Z
exp2_scaling,synthetic,coarse_lock,8,memory,0,3,1.271792,831537362.1859636,831537362.1859643,0.000000,"{""user_lock_acquisitions"": 8, ""tracemalloc_peak_bytes"": 716956}",2026-08-12T06:33:56Z
exp2_scaling,synthetic,batched_lock,8,memory,0,4,1.702499,831537362.1859635,831537362.1859643,0.000000,"{""user_lock_acquisitions"": 504, ""tracemalloc_peak_bytes"": 723709}",2026-08-12T06:33:58Z
exp2_scaling,synthetic,fine_lock,8,memory,0,5,4.652122,831537362.1859906,831537362.1859643,0.000000,"{""user_lock_acquisitions"": 500000, ""tracemalloc_peak_bytes"": 721274}",2026-08-12T06:34:03Z
exp2_scaling,synthetic,queue_agg,8,memory,0,6,1.413593,831537362.1859636,831537362.1859643,0.000000,"{""user_lock_acquisitions"": 0, ""tracemalloc_peak_bytes"": 708706}",2026-08-12T06:34:04Z
exp2_scaling,synthetic,no_lock,8,memory,0,7,1.618244,321625379.19317585,831537362.1859643,61.321596,"{""user_lock_acquisitions"": 0, ""tracemalloc_peak_bytes"": 750176}",2026-08-12T06:34:06Z
exp2_scaling,synthetic,fp_reduce,10,memory,0,0,1.905368,831537362.1859647,831537362.1859643,0.000000,"{""user_lock_acquisitions"": 0, ""tracemalloc_peak_bytes"": 877030}",2026-08-12T06:34:08Z
exp2_scaling,synthetic,fp_sum_genexpr,10,memory,0,1,1.296817,831537362.1859643,831537362.1859643,0.000000,"{""user_lock_acquisitions"": 0, ""tracemalloc_peak_bytes"": 872779}",2026-08-12T06:34:09Z
exp2_scaling,synthetic,imp_threadlocal,10,memory,0,2,1.633513,831537362.1859647,831537362.1859643,0.000000,"{""user_lock_acquisitions"": 0, ""tracemalloc_peak_bytes"": 875940}",2026-08-12T06:34:10Z
exp2_scaling,synthetic,coarse_lock,10,memory,0,3,1.585506,831537362.1859648,831537362.1859643,0.000000,"{""user_lock_acquisitions"": 10, ""tracemalloc_peak_bytes"": 879728}",2026-08-12T06:34:12Z
exp2_scaling,synthetic,batched_lock,10,memory,0,4,1.952165,831537362.1859642,831537362.1859643,0.000000,"{""user_lock_acquisitions"": 500, ""tracemalloc_peak_bytes"": 893737}",2026-08-12T06:34:14Z
exp2_scaling,synthetic,fine_lock,10,memory,0,5,5.252348,831537362.1859858,831537362.1859643,0.000000,"{""user_lock_acquisitions"": 500000, ""tracemalloc_peak_bytes"": 869414}",2026-08-12T06:34:19Z
exp2_scaling,synthetic,queue_agg,10,memory,0,6,1.794497,831537362.1859647,831537362.1859643,0.000000,"{""user_lock_acquisitions"": 0, ""tracemalloc_peak_bytes"": 870518}",2026-08-12T06:34:21Z
exp2_scaling,synthetic,no_lock,10,memory,0,7,1.928010,278856271.3310013,831537362.1859643,66.464974,"{""user_lock_acquisitions"": 0, ""tracemalloc_peak_bytes"": 930364}",2026-08-12T06:34:23Z
exp2_scaling,synthetic,fp_reduce,12,memory,0,0,2.175231,831537362.1859664,831537362.1859643,0.000000,"{""user_lock_acquisitions"": 0, ""tracemalloc_peak_bytes"": 1051956}",2026-08-12T06:34:25Z
exp2_scaling,synthetic,fp_sum_genexpr,12,memory,0,1,1.681832,831537362.1859645,831537362.1859643,0.000000,"{""user_lock_acquisitions"": 0, ""tracemalloc_peak_bytes"": 1052241}",2026-08-12T06:34:27Z
exp2_scaling,synthetic,imp_threadlocal,12,memory,0,2,2.200793,831537362.1859664,831537362.1859643,0.000000,"{""user_lock_acquisitions"": 0, ""tracemalloc_peak_bytes"": 1032106}",2026-08-12T06:34:29Z
exp2_scaling,synthetic,coarse_lock,12,memory,0,3,2.107897,831537362.1859664,831537362.1859643,0.000000,"{""user_lock_acquisitions"": 12, ""tracemalloc_peak_bytes"": 1060006}",2026-08-12T06:34:31Z
exp2_scaling,synthetic,batched_lock,12,memory,0,4,2.606841,831537362.1859641,831537362.1859643,0.000000,"{""user_lock_acquisitions"": 504, ""tracemalloc_peak_bytes"": 1066407}",2026-08-12T06:34:34Z
exp2_scaling,synthetic,fine_lock,12,memory,0,5,5.193876,831537362.1859711,831537362.1859643,0.000000,"{""user_lock_acquisitions"": 500000, ""tracemalloc_peak_bytes"": 1072900}",2026-08-12T06:34:39Z
exp2_scaling,synthetic,queue_agg,12,memory,0,6,1.978651,831537362.1859665,831537362.1859643,0.000000,"{""user_lock_acquisitions"": 0, ""tracemalloc_peak_bytes"": 1042788}",2026-08-12T06:34:41Z
exp2_scaling,synthetic,no_lock,12,memory,0,7,2.453020,252869841.57288674,831537362.1859643,69.590081,"{""user_lock_acquisitions"": 0, ""tracemalloc_peak_bytes"": 1112202}",2026-08-12T06:34:43Z
exp2_scaling,synthetic,fp_reduce,14,memory,0,0,2.547013,831537362.1859654,831537362.1859643,0.000000,"{""user_lock_acquisitions"": 0, ""tracemalloc_peak_bytes"": 1207026}",2026-08-12T06:34:46Z
exp2_scaling,synthetic,fp_sum_genexpr,14,memory,0,1,2.040498,831537362.1859643,831537362.1859643,0.000000,"{""user_lock_acquisitions"": 0, ""tracemalloc_peak_bytes"": 1223831}",2026-08-12T06:34:48Z
exp2_scaling,synthetic,imp_threadlocal,14,memory,0,2,2.534260,831537362.1859654,831537362.1859643,0.000000,"{""user_lock_acquisitions"": 0, ""tracemalloc_peak_bytes"": 1223600}",2026-08-12T06:34:51Z
exp2_scaling,synthetic,coarse_lock,14,memory,0,3,2.472092,831537362.1859655,831537362.1859643,0.000000,"{""user_lock_acquisitions"": 14, ""tracemalloc_peak_bytes"": 1247772}",2026-08-12T06:34:53Z
exp2_scaling,synthetic,batched_lock,14,memory,0,4,3.266234,831537362.1859634,831537362.1859643,0.000000,"{""user_lock_acquisitions"": 504, ""tracemalloc_peak_bytes"": 1242485}",2026-08-12T06:34:56Z
exp2_scaling,synthetic,fine_lock,14,memory,0,5,5.658048,831537362.1859561,831537362.1859643,0.000000,"{""user_lock_acquisitions"": 500000, ""tracemalloc_peak_bytes"": 1248194}",2026-08-12T06:35:02Z
exp2_scaling,synthetic,queue_agg,14,memory,0,6,2.732912,831537362.1859657,831537362.1859643,0.000000,"{""user_lock_acquisitions"": 0, ""tracemalloc_peak_bytes"": 1210930}",2026-08-12T06:35:05Z
exp2_scaling,synthetic,no_lock,14,memory,0,7,2.933010,232000141.0197597,831537362.1859643,72.099854,"{""user_lock_acquisitions"": 0, ""tracemalloc_peak_bytes"": 1276592}",2026-08-12T06:35:08Z
exp2_scaling,synthetic,fp_reduce,16,memory,0,0,3.368179,831537362.1859653,831537362.1859643,0.000000,"{""user_lock_acquisitions"": 0, ""tracemalloc_peak_bytes"": 1380872}",2026-08-12T06:35:11Z
exp2_scaling,synthetic,fp_sum_genexpr,16,memory,0,1,2.827584,831537362.1859643,831537362.1859643,0.000000,"{""user_lock_acquisitions"": 0, ""tracemalloc_peak_bytes"": 1401501}",2026-08-12T06:35:14Z
exp2_scaling,synthetic,imp_threadlocal,16,memory,0,2,3.493246,831537362.1859653,831537362.1859643,0.000000,"{""user_lock_acquisitions"": 0, ""tracemalloc_peak_bytes"": 1388134}",2026-08-12T06:35:17Z
exp2_scaling,synthetic,coarse_lock,16,memory,0,3,3.622759,831537362.1859652,831537362.1859643,0.000000,"{""user_lock_acquisitions"": 16, ""tracemalloc_peak_bytes"": 1424714}",2026-08-12T06:35:21Z
exp2_scaling,synthetic,batched_lock,16,memory,0,4,4.351853,831537362.1859651,831537362.1859643,0.000000,"{""user_lock_acquisitions"": 512, ""tracemalloc_peak_bytes"": 1429147}",2026-08-12T06:35:25Z
exp2_scaling,synthetic,fine_lock,16,memory,0,5,5.828052,831537362.1859682,831537362.1859643,0.000000,"{""user_lock_acquisitions"": 500000, ""tracemalloc_peak_bytes"": 1414728}",2026-08-12T06:35:31Z
exp2_scaling,synthetic,queue_agg,16,memory,0,6,3.514803,831537362.1859653,831537362.1859643,0.000000,"{""user_lock_acquisitions"": 0, ""tracemalloc_peak_bytes"": 1391784}",2026-08-12T06:35:35Z
exp2_scaling,synthetic,no_lock,16,memory,0,7,4.077806,215573680.03237364,831537362.1859643,74.075286,"{""user_lock_acquisitions"": 0, ""tracemalloc_peak_bytes"": 1474422}",2026-08-12T06:35:39Z
