experiment,workload,condition,n_threads,phase,rep,order_idx,wall_s,result,expected,error_pct,aux,timestamp_utc
exp3_writer,chained,lock,1,warmup,2,0,0.110144,831537362.1859643,,,"{""sum_rel_diff"": 0.0, ""log_entries"": 2, ""n_results"": 1, ""user_lock_acquisitions"": 1}",2026-08-12T06:44:11Z
exp3_writer,chained,record,1,warmup,1,1,0.097201,831537362.1859643,,,"{""sum_rel_diff"": 0.0, ""log_entries"": 2, ""n_results"": 1, ""user_lock_acquisitions"": 0}",2026-08-12T06:44:11Z
exp3_writer,chained,indexed,1,warmup,2,2,0.096759,831537362.1859643,,,"{""sum_rel_diff"": 0.0, ""log_entries"": 2, ""n_results"": 1, ""user_lock_acquisitions"": 0}",2026-08-12T06:44:11Z
exp3_writer,chained,writer,1,warmup,0,3,0.107686,831537362.1859643,,,"{""sum_rel_diff"": 0.0, ""log_entries"": 2, ""n_results"": 1, ""user_lock_acquisitions"": 0}",2026-08-12T06:44:11Z
exp3_writer,chained,writer,1,warmup,1,4,0.109244,831537362.1859643,,,"{""sum_rel_diff"": 0.0, ""log_entries"": 2, ""n_results"": 1, ""user_lock_acquisitions"": 0}",2026-08-12T06:44:11Z
exp3_writer,chained,indexed,1,warmup,0,5,0.098000,831537362.1859643,,,"{""sum_rel_diff"": 0.0, ""log_entries"": 2, ""n_results"": 1, ""user_lock_acquisitions"": 0}",2026-08-12T06:44:11Z
exp3_writer,chained,record,1,warmup,0,6,0.101008,831537362.1859643,,,"{""sum_rel_diff"": 0.0, ""log_entries"": 2, ""n_results"": 1, ""user_lock_acquisitions"": 0}",2026-08-12T06:44:11Z
exp3_writer,chained,writer,1,warmup,2,7,0.112560,831537362.1859643,,,"{""sum_rel_diff"": 0.0, ""log_entries"": 2, ""n_results"": 1, ""user_lock_acquisitions"": 0}",2026-08-12T06:44:11Z
exp3_writer,chained,lock,1,warmup,0,8,0.097582,831537362.1859643,,,"{""sum_rel_diff"": 0.0, ""log_entries"": 2, ""n_results"": 1, ""user_lock_acquisitions"": 1}",2026-08-12T06:44:11Z
exp3_writer,chained,lock,1,warmup,1,9,0.096891,831537362.1859643,,,"{""sum_rel_diff"": 0.0, ""log_entries"": 2, ""n_results"": 1, ""user_lock_acquisitions"": 1}",2026-08-12T06:44:12Z
exp3_writer,chained,indexed,1,warmup,1,10,0.096919,831537362.1859643,,,"{""sum_rel_diff"": 0.0, ""log_entries"": 2, ""n_results"": 1, ""user_lock_acquisitions"": 0}",2026-08-12T06:44:12Z
exp3_writer,chained,record,1,warmup,2,11,0.096866,831537362.1859643,,,"{""sum_rel_diff"": 0.0, ""log_entries"": 2, ""n_results"": 1, ""user_lock_acquisitions"": 0}",2026-08-12T06:44:12Z
exp3_writer,chained,writer,1,measured,21,12,0.096613,831537362.1859643,,,"{""sum_rel_diff"": 0.0, ""log_entries"": 2, ""n_results"": 1, ""user_lock_acquisitions"": 0}",2026-08-12T06:44:12Z
exp3_writer,chained,record,1,measured,12,13,0.096952,831537362.1859643,,,"{""sum_rel_diff"": 0.0, ""log_entries"": 2, ""n_results"": 1, ""user_lock_acquisitions"": 0}",2026-08-12T06:44:12Z
exp3_writer,chained,lock,1,measured,2,14,0.095999,831537362.1859643,,,"{""sum_rel_diff"": 0.0, ""log_entries"": 2, ""n_results"": 1, ""user_lock_acquisitions"": 1}",2026-08-12T06:44:12Z
exp3_writer,chained,indexed,1,measured,29,15,0.097797,831537362.1859643,,,"{""sum_rel_diff"": 0.0, ""log_entries"": 2, ""n_results"": 1, ""user_lock_acquisitions"": 0}",2026-08-12T06:44:12Z
exp3_writer,chained,record,1,measured,8,16,0.096805,831537362.1859643,,,"{""sum_rel_diff"": 0.0, ""log_entries"": 2, ""n_results"": 1, ""user_lock_acquisitions"": 0}",2026-08-12T06:44:12Z
exp3_writer,chained,record,1,measured,24,17,0.096600,831537362.1859643,,,"{""sum_rel_diff"": 0.0, ""log_entries"": 2, ""n_results"": 1, ""user_lock_acquisitions"": 0}",2026-08-12T06:44:12Z
exp3_writer,chained,writer,1,measured,10,18,0.097293,831537362.1859643,,,"{""sum_rel_diff"": 0.0, ""log_entries"": 2, ""n_results"": 1, ""user_lock_acquisitions"": 0}",2026-08-12T06:44:12Z
exp3_writer,chained,lock,1,measured,21,19,0.097948,831537362.1859643,,,"{""sum_rel_diff"": 0.0, ""log_entries"": 2, ""n_results"": 1, ""user_lock_acquisitions"": 1}",2026-08-12T06:44:13Z
exp3_writer,chained,record,1,measured,7,20,0.107062,831537362.1859643,,,"{""sum_rel_diff"": 0.0, ""log_entries"": 2, ""n_results"": 1, ""user_lock_acquisitions"": 0}",2026-08-12T06:44:13Z
exp3_writer,chained,lock,1,measured,29,21,0.107192,831537362.1859643,,,"{""sum_rel_diff"": 0.0, ""log_entries"": 2, ""n_results"": 1, ""user_lock_acquisitions"": 1}",2026-08-12T06:44:13Z
exp3_writer,chained,record,1,measured,6,22,0.107158,831537362.1859643,,,"{""sum_rel_diff"": 0.0, ""log_entries"": 2, ""n_results"": 1, ""user_lock_acquisitions"": 0}",2026-08-12T06:44:13Z
exp3_writer,chained,indexed,1,measured,18,23,0.106995,831537362.1859643,,,"{""sum_rel_diff"": 0.0, ""log_entries"": 2, ""n_results"": 1, ""user_lock_acquisitions"": 0}",2026-08-12T06:44:13Z
exp3_writer,chained,indexed,1,measured,8,24,0.097020,831537362.1859643,,,"{""sum_rel_diff"": 0.0, ""log_entries"": 2, ""n_results"": 1, ""user_lock_acquisitions"": 0}",2026-08-12T06:44:13Z
exp3_writer,chained,lock,1,measured,19,25,0.096658,831537362.1859643,,,"{""sum_rel_diff"": 0.0, ""log_entries"": 2, ""n_results"": 1, ""user_lock_acquisitions"": 1}",2026-08-12T06:44:13Z
exp3_writer,chained,indexed,1,measured,26,26,0.097035,831537362.1859643,,,"{""sum_rel_diff"": 0.0, ""log_entries"": 2, ""n_results"": 1, ""user_lock_acquisitions"": 0}",2026-08-12T06:44:13Z
exp3_writer,chained,writer,1,measured,5,27,0.097010,831537362.1859643,,,"{""sum_rel_diff"": 0.0, ""log_entries"": 2, ""n_results"": 1, ""user_lock_acquisitions"": 0}",2026-08-12T06:44:13Z
exp3_writer,chained,record,1,measured,4,28,0.097063,831537362.1859643,,,"{""sum_rel_diff"": 0.0, ""log_entries"": 2, ""n_results"": 1, ""user_lock_acquisitions"": 0}",2026-08-12T06:44:13Z
exp3_writer,chained,lock,1,measured,14,29,0.096627,831537362.1859643,,,"{""sum_rel_diff"": 0.0, ""log_entries"": 2, ""n_results"": 1, ""user_lock_acquisitions"": 1}",2026-08-12T06:44:14Z
exp3_writer,chained,writer,1,measured,12,30,0.096988,831537362.1859643,,,"{""sum_rel_diff"": 0.0, ""log_entries"": 2, ""n_results"": 1, ""user_lock_acquisitions"": 0}",2026-08-12T06:44:14Z
exp3_writer,chained,indexed,1,measured,3,31,0.106761,831537362.1859643,,,"{""sum_rel_diff"": 0.0, ""log_entries"": 2, ""n_results"": 1, ""user_lock_acquisitions"": 0}",2026-08-12T06:44:14Z
exp3_writer,chained,record,1,measured,16,32,0.098632,831537362.1859643,,,"{""sum_rel_diff"": 0.0, ""log_entries"": 2, ""n_results"": 1, ""user_lock_acquisitions"": 0}",2026-08-12T06:44:14Z
exp3_writer,chained,lock,1,measured,22,33,0.106337,831537362.1859643,,,"{""sum_rel_diff"": 0.0, ""log_entries"": 2, ""n_results"": 1, ""user_lock_acquisitions"": 1}",2026-08-12T06:44:14Z
exp3_writer,chained,record,1,measured,10,34,0.096852,831537362.1859643,,,"{""sum_rel_diff"": 0.0, ""log_entries"": 2, ""n_results"": 1, ""user_lock_acquisitions"": 0}",2026-08-12T06:44:14Z
exp3_writer,chained,writer,1,measured,29,35,0.097644,831537362.1859643,,,"{""sum_rel_diff"": 0.0, ""log_entries"": 2, ""n_results"": 1, ""user_lock_acquisitions"": 0}",2026-08-12T06:44:14Z
exp3_writer,chained,lock,1,measured,27,36,0.106645,831537362.1859643,,,"{""sum_rel_diff"": 0.0, ""log_entries"": 2, ""n_results"": 1, ""user_lock_acquisitions"": 1}",2026-08-12T06:44:14Z
exp3_writer,chained,record,1,measured,3,37,0.106931,831537362.1859643,,,"{""sum_rel_diff"": 0.0, ""log_entries"": 2, ""n_results"": 1, ""user_lock_acquisitions"": 0}",2026-08-12T06:44:14Z
exp3_writer,chained,record,1,measured,22,38,0.105533,831537362.1859643,,,"{""sum_rel_diff"": 0.0, ""log_entries"": 2, ""n_results"": 1, ""user_lock_acquisitions"": 0}",2026-08-12T06:44:14Z
exp3_writer,chained,writer,1,measured,22,39,0.097144,831537362.1859643,,,"{""sum_rel_diff"": 0.0, ""log_entries"": 2, ""n_results"": 1, ""user_lock_acquisitions"": 0}",2026-08-12T06:44:15Z
exp3_writer,chained,indexed,1,measured,12,40,0.096843,831537362.1859643,,,"{""sum_rel_diff"": 0.0, ""log_entries"": 2, ""n_results"": 1, ""user_lock_acquisitions"": 0}",2026-08-12T06:44:15Z
exp3_writer,chained,indexed,1,measured,22,41,0.097721,831537362.1859643,,,"{""sum_rel_diff"": 0.0, ""log_entries"": 2, ""n_results"": 1, ""user_lock_acquisitions"": 0}",2026-08-12T06:44:15Z
exp3_writer,chained,writer,1,measured,3,42,0.096282,831537362.1859643,,,"{""sum_rel_diff"": 0.0, ""log_entries"": 2, ""n_results"": 1, ""user_lock_acquisitions"": 0}",2026-08-12T06:44:15Z
exp3_writer,chained,lock,1,measured,6,43,0.096724,831537362.1859643,,,"{""sum_rel_diff"": 0.0, ""log_entries"": 2, ""n_results"": 1, ""user_lock_acquisitions"": 1}",2026-08-12T06:44:15Z
exp3_writer,chained,lock,1,measured,7,44,0.106488,831537362.1859643,,,"{""sum_rel_diff"": 0.0, ""log_entries"": 2, ""n_results"": 1, ""user_lock_acquisitions"": 1}",2026-08-12T06:44:15Z
exp3_writer,chained,indexed,1,measured,6,45,0.106211,831537362.1859643,,,"{""sum_rel_diff"": 0.0, ""log_entries"": 2, ""n_results"": 1, ""user_lock_acquisitions"": 0}",2026-08-12T06:44:15Z
exp3_writer,chained,record,1,measured,14,46,0.097105,831537362.1859643,,,"{""sum_rel_diff"": 0.0, ""log_entries"": 2, ""n_results"": 1, ""user_lock_acquisitions"": 0}",2026-08-12T06:44:15Z
exp3_writer,chained,record,1,measured,13,47,0.096624,831537362.1859643,,,"{""sum_rel_diff"": 0.0, ""log_entries"": 2, ""n_results"": 1, ""user_lock_acquisitions"": 0}",2026-08-12T06:44:15Z
exp3_writer,chained,indexed,1,measured,25,48,0.099098,831537362.1859643,,,"{""sum_rel_diff"": 0.0, ""log_entries"": 2, ""n_results"": 1, ""user_lock_acquisitions"": 0}",2026-08-12T06:44:15Z
exp3_writer,chained,lock,1,measured,26,49,0.098348,831537362.1859643,,,"{""sum_rel_diff"": 0.0, ""log_entries"": 2, ""n_results"": 1, ""user_lock_acquisitions"": 1}",2026-08-12T06:44:16Z
exp3_writer,chained,record,1,measured,9,50,0.097543,831537362.1859643,,,"{""sum_rel_diff"": 0.0, ""log_entries"": 2, ""n_results"": 1, ""user_lock_acquisitions"": 0}",2026-08-12T06:44:16Z
exp3_writer,chained,lock,1,measured,9,51,0.096016,831537362.1859643,,,"{""sum_rel_diff"": 0.0, ""log_entries"": 2, ""n_results"": 1, ""user_lock_acquisitions"": 1}",2026-08-12T06:44:16Z
exp3_writer,chained,record,1,measured,29,52,0.096196,831537362.1859643,,,"{""sum_rel_diff"": 0.0, ""log_entries"": 2, ""n_results"": 1, ""user_lock_acquisitions"": 0}",2026-08-12T06:44:16Z
exp3_writer,chained,lock,1,measured,23,53,0.095412,831537362.1859643,,,"{""sum_rel_diff"": 0.0, ""log_entries"": 2, ""n_results"": 1, ""user_lock_acquisitions"": 1}",2026-08-12T06:44:16Z
exp3_writer,chained,record,1,measured,2,54,0.096125,831537362.1859643,,,"{""sum_rel_diff"": 0.0, ""log_entries"": 2, ""n_results"": 1, ""user_lock_acquisitions"": 0}",2026-08-12T06:44:16Z
exp3_writer,chained,writer,1,measured,27,55,0.097012,831537362.1859643,,,"{""sum_rel_diff"": 0.0, ""log_entries"": 2, ""n_results"": 1, ""user_lock_acquisitions"": 0}",2026-08-12T06:44:16Z
exp3_writer,chained,indexed,1,measured,15,56,0.096492,831537362.1859643,,,"{""sum_rel_diff"": 0.0, ""log_entries"": 2, ""n_results"": 1, ""user_lock_acquisitions"": 0}",2026-08-12T06:44:16Z
exp3_writer,chained,record,1,measured,19,57,0.096277,831537362.1859643,,,"{""sum_rel_diff"": 0.0, ""log_entries"": 2, ""n_results"": 1, ""user_lock_acquisitions"": 0}",2026-08-12T06:44:16Z
exp3_writer,chained,lock,1,measured,4,58,0.096285,831537362.1859643,,,"{""sum_rel_diff"": 0.0, ""log_entries"": 2, ""n_results"": 1, ""user_lock_acquisitions"": 1}",2026-08-12T06:44:16Z
exp3_writer,chained,indexed,1,measured,27,59,0.096293,831537362.1859643,,,"{""sum_rel_diff"": 0.0, ""log_entries"": 2, ""n_results"": 1, ""user_lock_acquisitions"": 0}",2026-08-12T06:44:17Z
exp3_writer,chained,lock,1,measured,20,60,0.096583,831537362.1859643,,,"{""sum_rel_diff"": 0.0, ""log_entries"": 2, ""n_results"": 1, ""user_lock_acquisitions"": 1}",2026-08-12T06:44:17Z
exp3_writer,chained,record,1,measured,18,61,0.096069,831537362.1859643,,,"{""sum_rel_diff"": 0.0, ""log_entries"": 2, ""n_results"": 1, ""user_lock_acquisitions"": 0}",2026-08-12T06:44:17Z
exp3_writer,chained,indexed,1,measured,20,62,0.097070,831537362.1859643,,,"{""sum_rel_diff"": 0.0, ""log_entries"": 2, ""n_results"": 1, ""user_lock_acquisitions"": 0}",2026-08-12T06:44:17Z
exp3_writer,chained,lock,1,measured,25,63,0.097054,831537362.1859643,,,"{""sum_rel_diff"": 0.0, ""log_entries"": 2, ""n_results"": 1, ""user_lock_acquisitions"": 1}",2026-08-12T06:44:17Z
exp3_writer,chained,lock,1,measured,17,64,0.097874,831537362.1859643,,,"{""sum_rel_diff"": 0.0, ""log_entries"": 2, ""n_results"": 1, ""user_lock_acquisitions"": 1}",2026-08-12T06:44:17Z
exp3_writer,chained,indexed,1,measured,13,65,0.096955,831537362.1859643,,,"{""sum_rel_diff"": 0.0, ""log_entries"": 2, ""n_results"": 1, ""user_lock_acquisitions"": 0}",2026-08-12T06:44:17Z
exp3_writer,chained,indexed,1,measured,7,66,0.096591,831537362.1859643,,,"{""sum_rel_diff"": 0.0, ""log_entries"": 2, ""n_results"": 1, ""user_lock_acquisitions"": 0}",2026-08-12T06:44:17Z
exp3_writer,chained,record,1,measured,20,67,0.096374,831537362.1859643,,,"{""sum_rel_diff"": 0.0, ""log_entries"": 2, ""n_results"": 1, ""user_lock_acquisitions"": 0}",2026-08-12T06:44:17Z
exp3_writer,chained,indexed,1,measured,11,68,0.096148,831537362.1859643,,,"{""sum_rel_diff"": 0.0, ""log_entries"": 2, ""n_results"": 1, ""user_lock_acquisitions"": 0}",2026-08-12T06:44:17Z
exp3_writer,chained,indexed,1,measured,10,69,0.096427,831537362.1859643,,,"{""sum_rel_diff"": 0.0, ""log_entries"": 2, ""n_results"": 1, ""user_lock_acquisitions"": 0}",2026-08-12T06:44:18Z
exp3_writer,chained,indexed,1,measured,23,70,0.096236,831537362.1859643,,,"{""sum_rel_diff"": 0.0, ""log_entries"": 2, ""n_results"": 1, ""user_lock_acquisitions"": 0}",2026-08-12T06:44:18Z
exp3_writer,chained,lock,1,measured,12,71,0.095607,831537362.1859643,,,"{""sum_rel_diff"": 0.0, ""log_entries"": 2, ""n_results"": 1, ""user_lock_acquisitions"": 1}",2026-08-12T06:44:18Z
exp3_writer,chained,writer,1,measured,26,72,0.096321,831537362.1859643,,,"{""sum_rel_diff"": 0.0, ""log_entries"": 2, ""n_results"": 1, ""user_lock_acquisitions"": 0}",2026-08-12T06:44:18Z
exp3_writer,chained,indexed,1,measured,24,73,0.107576,831537362.1859643,,,"{""sum_rel_diff"": 0.0, ""log_entries"": 2, ""n_results"": 1, ""user_lock_acquisitions"": 0}",2026-08-12T06:44:18Z
exp3_writer,chained,indexed,1,measured,4,74,0.096993,831537362.1859643,,,"{""sum_rel_diff"": 0.0, ""log_entries"": 2, ""n_results"": 1, ""user_lock_acquisitions"": 0}",2026-08-12T06:44:18Z
exp3_writer,chained,indexed,1,measured,2,75,0.096254,831537362.1859643,,,"{""sum_rel_diff"": 0.0, ""log_entries"": 2, ""n_results"": 1, ""user_lock_acquisitions"": 0}",2026-08-12T06:44:18Z
exp3_writer,chained,indexed,1,measured,28,76,0.095740,831537362.1859643,,,"{""sum_rel_diff"": 0.0, ""log_entries"": 2, ""n_results"": 1, ""user_lock_acquisitions"": 0}",2026-08-12T06:44:18Z
exp3_writer,chained,writer,1,measured,7,77,0.096042,831537362.1859643,,,"{""sum_rel_diff"": 0.0, ""log_entries"": 2, ""n_results"": 1, ""user_lock_acquisitions"": 0}",2026-08-12T06:44:18Z
exp3_writer,chained,record,1,measured,0,78,0.106549,831537362.1859643,,,"{""sum_rel_diff"": 0.0, ""log_entries"": 2, ""n_results"": 1, ""user_lock_acquisitions"": 0}",2026-08-12T06:44:18Z
exp3_writer,chained,lock,1,measured,24,79,0.106721,831537362.1859643,,,"{""sum_rel_diff"": 0.0, ""log_entries"": 2, ""n_results"": 1, ""user_lock_acquisitions"": 1}",2026-08-12T06:44:19Z
exp3_writer,chained,writer,1,measured,16,80,0.096969,831537362.1859643,,,"{""sum_rel_diff"": 0.0, ""log_entries"": 2, ""n_results"": 1, ""user_lock_acquisitions"": 0}",2026-08-12T06:44:19Z
exp3_writer,chained,record,1,measured,26,81,0.097017,831537362.1859643,,,"{""sum_rel_diff"": 0.0, ""log_entries"": 2, ""n_results"": 1, ""user_lock_acquisitions"": 0}",2026-08-12T06:44:19Z
exp3_writer,chained,lock,1,measured,8,82,0.096258,831537362.1859643,,,"{""sum_rel_diff"": 0.0, ""log_entries"": 2, ""n_results"": 1, ""user_lock_acquisitions"": 1}",2026-08-12T06:44:19Z
exp3_writer,chained,indexed,1,measured,5,83,0.096779,831537362.1859643,,,"{""sum_rel_diff"": 0.0, ""log_entries"": 2, ""n_results"": 1, ""user_lock_acquisitions"": 0}",2026-08-12T06:44:19Z
exp3_writer,chained,record,1,measured,21,84,0.096362,831537362.1859643,,,"{""sum_rel_diff"": 0.0, ""log_entries"": 2, ""n_results"": 1, ""user_lock_acquisitions"": 0}",2026-08-12T06:44:19Z
exp3_writer,chained,lock,1,measured,18,85,0.096662,831537362.1859643,,,"{""sum_rel_diff"": 0.0, ""log_entries"": 2, ""n_results"": 1, ""user_lock_acquisitions"": 1}",2026-08-12T06:44:19Z
exp3_writer,chained,indexed,1,measured,17,86,0.096682,831537362.1859643,,,"{""sum_rel_diff"": 0.0, ""log_entries"": 2, ""n_results"": 1, ""user_lock_acquisitions"": 0}",2026-08-12T06:44:19Z
exp3_writer,chained,writer,1,measured,13,87,0.096485,831537362.1859643,,,"{""sum_rel_diff"": 0.0, ""log_entries"": 2, ""n_results"": 1, ""user_lock_acquisitions"": 0}",2026-08-12T06:44:19Z
exp3_writer,chained,writer,1,measured,20,88,0.096410,831537362.1859643,,,"{""sum_rel_diff"": 0.0, ""log_entries"": 2, ""n_results"": 1, ""user_lock_acquisitions"": 0}",2026-08-12T06:44:19Z
exp3_writer,chained,writer,1,measured,1,89,0.096618,831537362.1859643,,,"{""sum_rel_diff"": 0.0, ""log_entries"": 2, ""n_results"": 1, ""user_lock_acquisitions"": 0}",2026-08-12T06:44:19Z
exp3_writer,chained,record,1,measured,25,90,0.107124,831537362.1859643,,,"{""sum_rel_diff"": 0.0, ""log_entries"": 2, ""n_results"": 1, ""user_lock_acquisitions"": 0}",2026-08-12T06:44:20Z
exp3_writer,chained,lock,1,measured,1,91,0.096981,831537362.1859643,,,"{""sum_rel_diff"": 0.0, ""log_entries"": 2, ""n_results"": 1, ""user_lock_acquisitions"": 1}",2026-08-12T06:44:20Z
exp3_writer,chained,indexed,1,measured,9,92,0.097409,831537362.1859643,,,"{""sum_rel_diff"": 0.0, ""log_entries"": 2, ""n_results"": 1, ""user_lock_acquisitions"": 0}",2026-08-12T06:44:20Z
exp3_writer,chained,record,1,measured,15,93,0.096666,831537362.1859643,,,"{""sum_rel_diff"": 0.0, ""log_entries"": 2, ""n_results"": 1, ""user_lock_acquisitions"": 0}",2026-08-12T06:44:20Z
exp3_writer,chained,record,1,measured,28,94,0.097465,831537362.1859643,,,"{""sum_rel_diff"": 0.0, ""log_entries"": 2, ""n_results"": 1, ""user_lock_acquisitions"": 0}",2026-08-12T06:44:20Z
exp3_writer,chained,indexed,1,measured,0,95,0.097232,831537362.1859643,,,"{""sum_rel_diff"": 0.0, ""log_entries"": 2, ""n_results"": 1, ""user_lock_acquisitions"": 0}",2026-08-12T06:44:20Z
exp3_writer,chained,record,1,measured,11,96,0.097916,831537362.1859643,,,"{""sum_rel_diff"": 0.0, ""log_entries"": 2, ""n_results"": 1, ""user_lock_acquisitions"": 0}",2026-08-12T06:44:20Z
exp3_writer,chained,lock,1,measured,13,97,0.096092,831537362.1859643,,,"{""sum_rel_diff"": 0.0, ""log_entries"": 2, ""n_results"": 1, ""user_lock_acquisitions"": 1}",2026-08-12T06:44:20Z
exp3_writer,chained,writer,1,measured,19,98,0.096384,831537362.1859643,,,"{""sum_rel_diff"": 0.0, ""log_entries"": 2, ""n_results"": 1, ""user_lock_acquisitions"": 0}",2026-08-12T06:44:20Z
exp3_writer,chained,writer,1,measured,9,99,0.107850,831537362.1859643,,,"{""sum_rel_diff"": 0.0, ""log_entries"": 2, ""n_results"": 1, ""user_lock_acquisitions"": 0}",2026-08-12T06:44:20Z
exp3_writer,chained,writer,1,measured,11,100,0.106628,831537362.1859643,,,"{""sum_rel_diff"": 0.0, ""log_entries"": 2, ""n_results"": 1, ""user_lock_acquisitions"": 0}",2026-08-12T06:44:21Z
exp3_writer,chained,writer,1,measured,28,101,0.106472,831537362.1859643,,,"{""sum_rel_diff"": 0.0, ""log_entries"": 2, ""n_results"": 1, ""user_lock_acquisitions"": 0}",2026-08-12T06:44:21Z
exp3_writer,chained,lock,1,measured,28,102,0.105485,831537362.1859643,,,"{""sum_rel_diff"": 0.0, ""log_entries"": 2, ""n_results"": 1, ""user_lock_acquisitions"": 1}",2026-08-12T06:44:21Z
exp3_writer,chained,record,1,measured,5,103,0.096226,831537362.1859643,,,"{""sum_rel_diff"": 0.0, ""log_entries"": 2, ""n_results"": 1, ""user_lock_acquisitions"": 0}",2026-08-12T06:44:21Z
exp3_writer,chained,writer,1,measured,0,104,0.096613,831537362.1859643,,,"{""sum_rel_diff"": 0.0, ""log_entries"": 2, ""n_results"": 1, ""user_lock_acquisitions"": 0}",2026-08-12T06:44:21Z
exp3_writer,chained,writer,1,measured,24,105,0.096735,831537362.1859643,,,"{""sum_rel_diff"": 0.0, ""log_entries"": 2, ""n_results"": 1, ""user_lock_acquisitions"": 0}",2026-08-12T06:44:21Z
exp3_writer,chained,indexed,1,measured,1,106,0.096508,831537362.1859643,,,"{""sum_rel_diff"": 0.0, ""log_entries"": 2, ""n_results"": 1, ""user_lock_acquisitions"": 0}",2026-08-12T06:44:21Z
exp3_writer,chained,lock,1,measured,3,107,0.098900,831537362.1859643,,,"{""sum_rel_diff"": 0.0, ""log_entries"": 2, ""n_results"": 1, ""user_lock_acquisitions"": 1}",2026-08-12T06:44:21Z
exp3_writer,chained,writer,1,measured,25,108,0.096409,831537362.1859643,,,"{""sum_rel_diff"": 0.0, ""log_entries"": 2, ""n_results"": 1, ""user_lock_acquisitions"": 0}",2026-08-12T06:44:21Z
exp3_writer,chained,lock,1,measured,5,109,0.097198,831537362.1859643,,,"{""sum_rel_diff"": 0.0, ""log_entries"": 2, ""n_results"": 1, ""user_lock_acquisitions"": 1}",2026-08-12T06:44:21Z
exp3_writer,chained,writer,1,measured,4,110,0.096362,831537362.1859643,,,"{""sum_rel_diff"": 0.0, ""log_entries"": 2, ""n_results"": 1, ""user_lock_acquisitions"": 0}",2026-08-12T06:44:22Z
exp3_writer,chained,lock,1,measured,15,111,0.108391,831537362.1859643,,,"{""sum_rel_diff"": 0.0, ""log_entries"": 2, ""n_results"": 1, ""user_lock_acquisitions"": 1}",2026-08-12T06:44:22Z
exp3_writer,chained,writer,1,measured,23,112,0.097094,831537362.1859643,,,"{""sum_rel_diff"": 0.0, ""log_entries"": 2, ""n_results"": 1, ""user_lock_acquisitions"": 0}",2026-08-12T06:44:22Z
exp3_writer,chained,lock,1,measured,11,113,0.096892,831537362.1859643,,,"{""sum_rel_diff"": 0.0, ""log_entries"": 2, ""n_results"": 1, ""user_lock_acquisitions"": 1}",2026-08-12T06:44:22Z
exp3_writer,chained,record,1,measured,23,114,0.097328,831537362.1859643,,,"{""sum_rel_diff"": 0.0, ""log_entries"": 2, ""n_results"": 1, ""user_lock_acquisitions"": 0}",2026-08-12T06:44:22Z
exp3_writer,chained,record,1,measured,1,115,0.100701,831537362.1859643,,,"{""sum_rel_diff"": 0.0, ""log_entries"": 2, ""n_results"": 1, ""user_lock_acquisitions"": 0}",2026-08-12T06:44:22Z
exp3_writer,chained,writer,1,measured,2,116,0.096732,831537362.1859643,,,"{""sum_rel_diff"": 0.0, ""log_entries"": 2, ""n_results"": 1, ""user_lock_acquisitions"": 0}",2026-08-12T06:44:22Z
exp3_writer,chained,writer,1,measured,18,117,0.106670,831537362.1859643,,,"{""sum_rel_diff"": 0.0, ""log_entries"": 2, ""n_results"": 1, ""user_lock_acquisitions"": 0}",2026-08-12T06:44:22Z
exp3_writer,chained,lock,1,measured,10,118,0.096767,831537362.1859643,,,"{""sum_rel_diff"": 0.0, ""log_entries"": 2, ""n_results"": 1, ""user_lock_acquisitions"": 1}",2026-08-12T06:44:22Z
exp3_writer,chained,indexed,1,measured,21,119,0.095746,831537362.1859643,,,"{""sum_rel_diff"": 0.0, ""log_entries"": 2, ""n_results"": 1, ""user_lock_acquisitions"": 0}",2026-08-12T06:44:22Z
exp3_writer,chained,writer,1,measured,6,120,0.096195,831537362.1859643,,,"{""sum_rel_diff"": 0.0, ""log_entries"": 2, ""n_results"": 1, ""user_lock_acquisitions"": 0}",2026-08-12T06:44:23Z
exp3_writer,chained,indexed,1,measured,14,121,0.095703,831537362.1859643,,,"{""sum_rel_diff"": 0.0, ""log_entries"": 2, ""n_results"": 1, ""user_lock_acquisitions"": 0}",2026-08-12T06:44:23Z
exp3_writer,chained,indexed,1,measured,19,122,0.104691,831537362.1859643,,,"{""sum_rel_diff"": 0.0, ""log_entries"": 2, ""n_results"": 1, ""user_lock_acquisitions"": 0}",2026-08-12T06:44:23Z
exp3_writer,chained,writer,1,measured,15,123,0.095945,831537362.1859643,,,"{""sum_rel_diff"": 0.0, ""log_entries"": 2, ""n_results"": 1, ""user_lock_acquisitions"": 0}",2026-08-12T06:44:23Z
exp3_writer,chained,record,1,measured,17,124,0.106545,831537362.1859643,,,"{""sum_rel_diff"": 0.0, ""log_entries"": 2, ""n_results"": 1, ""user_lock_acquisitions"": 0}",2026-08-12T06:44:23Z
exp3_writer,chained,writer,1,measured,17,125,0.108059,831537362.1859643,,,"{""sum_rel_diff"": 0.0, ""log_entries"": 2, ""n_results"": 1, ""user_lock_acquisitions"": 0}",2026-08-12T06:44:23Z
exp3_writer,chained,record,1,measured,27,126,0.106936,831537362.1859643,,,"{""sum_rel_diff"": 0.0, ""log_entries"": 2, ""n_results"": 1, ""user_lock_acquisitions"": 0}",2026-08-12T06:44:23Z
exp3_writer,chained,writer,1,measured,8,127,0.095486,831537362.1859643,,,"{""sum_rel_diff"": 0.0, ""log_entries"": 2, ""n_results"": 1, ""user_lock_acquisitions"": 0}",2026-08-12T06:44:23Z
exp3_writer,chained,indexed,1,measured,16,128,0.105551,831537362.1859643,,,"{""sum_rel_diff"": 0.0, ""log_entries"": 2, ""n_results"": 1, ""user_lock_acquisitions"": 0}",2026-08-12T06:44:23Z
exp3_writer,chained,lock,1,measured,0,129,0.096037,831537362.1859643,,,"{""sum_rel_diff"": 0.0, ""log_entries"": 2, ""n_results"": 1, ""user_lock_acquisitions"": 1}",2026-08-12T06:44:23Z
exp3_writer,chained,writer,1,measured,14,130,0.095806,831537362.1859643,,,"{""sum_rel_diff"": 0.0, ""log_entries"": 2, ""n_results"": 1, ""user_lock_acquisitions"": 0}",2026-08-12T06:44:24Z
exp3_writer,chained,lock,1,measured,16,131,0.095661,831537362.1859643,,,"{""sum_rel_diff"": 0.0, ""log_entries"": 2, ""n_results"": 1, ""user_lock_acquisitions"": 1}",2026-08-12T06:44:24Z
exp3_writer,chained,record,2,warmup,1,0,0.054433,831537362.1859643,,,"{""sum_rel_diff"": 0.0, ""log_entries"": 4, ""n_results"": 2, ""user_lock_acquisitions"": 0}",2026-08-12T06:44:24Z
exp3_writer,chained,lock,2,warmup,1,1,0.055087,831537362.1859643,,,"{""sum_rel_diff"": 0.0, ""log_entries"": 4, ""n_results"": 2, ""user_lock_acquisitions"": 2}",2026-08-12T06:44:24Z
exp3_writer,chained,indexed,2,warmup,0,2,0.054155,831537362.1859643,,,"{""sum_rel_diff"": 0.0, ""log_entries"": 4, ""n_results"": 2, ""user_lock_acquisitions"": 0}",2026-08-12T06:44:24Z
exp3_writer,chained,indexed,2,warmup,2,3,0.046737,831537362.1859643,,,"{""sum_rel_diff"": 0.0, ""log_entries"": 4, ""n_results"": 2, ""user_lock_acquisitions"": 0}",2026-08-12T06:44:24Z
exp3_writer,chained,indexed,2,warmup,1,4,0.049236,831537362.1859643,,,"{""sum_rel_diff"": 0.0, ""log_entries"": 4, ""n_results"": 2, ""user_lock_acquisitions"": 0}",2026-08-12T06:44:24Z
exp3_writer,chained,record,2,warmup,2,5,0.053549,831537362.1859643,,,"{""sum_rel_diff"": 0.0, ""log_entries"": 4, ""n_results"": 2, ""user_lock_acquisitions"": 0}",2026-08-12T06:44:24Z
exp3_writer,chained,lock,2,warmup,2,6,0.056626,831537362.1859643,,,"{""sum_rel_diff"": 0.0, ""log_entries"": 4, ""n_results"": 2, ""user_lock_acquisitions"": 2}",2026-08-12T06:44:24Z
exp3_writer,chained,writer,2,warmup,0,7,0.056302,831537362.1859643,,,"{""sum_rel_diff"": 0.0, ""log_entries"": 4, ""n_results"": 2, ""user_lock_acquisitions"": 0}",2026-08-12T06:44:24Z
exp3_writer,chained,writer,2,warmup,2,8,0.054696,831537362.1859643,,,"{""sum_rel_diff"": 0.0, ""log_entries"": 4, ""n_results"": 2, ""user_lock_acquisitions"": 0}",2026-08-12T06:44:24Z
exp3_writer,chained,record,2,warmup,0,9,0.053939,831537362.1859643,,,"{""sum_rel_diff"": 0.0, ""log_entries"": 4, ""n_results"": 2, ""user_lock_acquisitions"": 0}",2026-08-12T06:44:24Z
exp3_writer,chained,writer,2,warmup,1,10,0.053342,831537362.1859643,,,"{""sum_rel_diff"": 0.0, ""log_entries"": 4, ""n_results"": 2, ""user_lock_acquisitions"": 0}",2026-08-12T06:44:24Z
exp3_writer,chained,lock,2,warmup,0,11,0.054890,831537362.1859643,,,"{""sum_rel_diff"": 0.0, ""log_entries"": 4, ""n_results"": 2, ""user_lock_acquisitions"": 2}",2026-08-12T06:44:24Z
exp3_writer,chained,record,2,measured,7,12,0.054403,831537362.1859643,,,"{""sum_rel_diff"": 0.0, ""log_entries"": 4, ""n_results"": 2, ""user_lock_acquisitions"": 0}",2026-08-12T06:44:24Z
exp3_writer,chained,indexed,2,measured,14,13,0.055491,831537362.1859643,,,"{""sum_rel_diff"": 0.0, ""log_entries"": 4, ""n_results"": 2, ""user_lock_acquisitions"": 0}",2026-08-12T06:44:24Z
exp3_writer,chained,indexed,2,measured,13,14,0.052904,831537362.1859643,,,"{""sum_rel_diff"": 0.0, ""log_entries"": 4, ""n_results"": 2, ""user_lock_acquisitions"": 0}",2026-08-12T06:44:24Z
exp3_writer,chained,indexed,2,measured,15,15,0.047162,831537362.1859643,,,"{""sum_rel_diff"": 0.0, ""log_entries"": 4, ""n_results"": 2, ""user_lock_acquisitions"": 0}",2026-08-12T06:44:25Z
exp3_writer,chained,lock,2,measured,6,16,0.055047,831537362.1859643,,,"{""sum_rel_diff"": 0.0, ""log_entries"": 4, ""n_results"": 2, ""user_lock_acquisitions"": 2}",2026-08-12T06:44:25Z
exp3_writer,chained,writer,2,measured,3,17,0.056108,831537362.1859643,,,"{""sum_rel_diff"": 0.0, ""log_entries"": 4, ""n_results"": 2, ""user_lock_acquisitions"": 0}",2026-08-12T06:44:25Z
exp3_writer,chained,record,2,measured,11,18,0.055616,831537362.1859643,,,"{""sum_rel_diff"": 0.0, ""log_entries"": 4, ""n_results"": 2, ""user_lock_acquisitions"": 0}",2026-08-12T06:44:25Z
exp3_writer,chained,record,2,measured,1,19,0.054514,831537362.1859643,,,"{""sum_rel_diff"": 0.0, ""log_entries"": 4, ""n_results"": 2, ""user_lock_acquisitions"": 0}",2026-08-12T06:44:25Z
exp3_writer,chained,writer,2,measured,7,20,0.053641,831537362.1859643,,,"{""sum_rel_diff"": 0.0, ""log_entries"": 4, ""n_results"": 2, ""user_lock_acquisitions"": 0}",2026-08-12T06:44:25Z
exp3_writer,chained,writer,2,measured,29,21,0.053203,831537362.1859643,,,"{""sum_rel_diff"": 0.0, ""log_entries"": 4, ""n_results"": 2, ""user_lock_acquisitions"": 0}",2026-08-12T06:44:25Z
exp3_writer,chained,writer,2,measured,8,22,0.048903,831537362.1859643,,,"{""sum_rel_diff"": 0.0, ""log_entries"": 4, ""n_results"": 2, ""user_lock_acquisitions"": 0}",2026-08-12T06:44:25Z
exp3_writer,chained,indexed,2,measured,7,23,0.053976,831537362.1859643,,,"{""sum_rel_diff"": 0.0, ""log_entries"": 4, ""n_results"": 2, ""user_lock_acquisitions"": 0}",2026-08-12T06:44:25Z
exp3_writer,chained,lock,2,measured,14,24,0.048998,831537362.1859643,,,"{""sum_rel_diff"": 0.0, ""log_entries"": 4, ""n_results"": 2, ""user_lock_acquisitions"": 2}",2026-08-12T06:44:25Z
exp3_writer,chained,record,2,measured,28,25,0.056339,831537362.1859643,,,"{""sum_rel_diff"": 0.0, ""log_entries"": 4, ""n_results"": 2, ""user_lock_acquisitions"": 0}",2026-08-12T06:44:25Z
exp3_writer,chained,writer,2,measured,26,26,0.055189,831537362.1859643,,,"{""sum_rel_diff"": 0.0, ""log_entries"": 4, ""n_results"": 2, ""user_lock_acquisitions"": 0}",2026-08-12T06:44:25Z
exp3_writer,chained,writer,2,measured,2,27,0.055051,831537362.1859643,,,"{""sum_rel_diff"": 0.0, ""log_entries"": 4, ""n_results"": 2, ""user_lock_acquisitions"": 0}",2026-08-12T06:44:25Z
exp3_writer,chained,lock,2,measured,9,28,0.054966,831537362.1859643,,,"{""sum_rel_diff"": 0.0, ""log_entries"": 4, ""n_results"": 2, ""user_lock_acquisitions"": 2}",2026-08-12T06:44:25Z
exp3_writer,chained,indexed,2,measured,29,29,0.054732,831537362.1859643,,,"{""sum_rel_diff"": 0.0, ""log_entries"": 4, ""n_results"": 2, ""user_lock_acquisitions"": 0}",2026-08-12T06:44:25Z
exp3_writer,chained,lock,2,measured,11,30,0.055398,831537362.1859643,,,"{""sum_rel_diff"": 0.0, ""log_entries"": 4, ""n_results"": 2, ""user_lock_acquisitions"": 2}",2026-08-12T06:44:25Z
exp3_writer,chained,record,2,measured,17,31,0.054907,831537362.1859643,,,"{""sum_rel_diff"": 0.0, ""log_entries"": 4, ""n_results"": 2, ""user_lock_acquisitions"": 0}",2026-08-12T06:44:25Z
exp3_writer,chained,lock,2,measured,24,32,0.054806,831537362.1859643,,,"{""sum_rel_diff"": 0.0, ""log_entries"": 4, ""n_results"": 2, ""user_lock_acquisitions"": 2}",2026-08-12T06:44:25Z
exp3_writer,chained,lock,2,measured,5,33,0.055004,831537362.1859643,,,"{""sum_rel_diff"": 0.0, ""log_entries"": 4, ""n_results"": 2, ""user_lock_acquisitions"": 2}",2026-08-12T06:44:26Z
exp3_writer,chained,indexed,2,measured,27,34,0.055873,831537362.1859643,,,"{""sum_rel_diff"": 0.0, ""log_entries"": 4, ""n_results"": 2, ""user_lock_acquisitions"": 0}",2026-08-12T06:44:26Z
exp3_writer,chained,record,2,measured,14,35,0.055359,831537362.1859643,,,"{""sum_rel_diff"": 0.0, ""log_entries"": 4, ""n_results"": 2, ""user_lock_acquisitions"": 0}",2026-08-12T06:44:26Z
exp3_writer,chained,lock,2,measured,23,36,0.055205,831537362.1859643,,,"{""sum_rel_diff"": 0.0, ""log_entries"": 4, ""n_results"": 2, ""user_lock_acquisitions"": 2}",2026-08-12T06:44:26Z
exp3_writer,chained,record,2,measured,24,37,0.056028,831537362.1859643,,,"{""sum_rel_diff"": 0.0, ""log_entries"": 4, ""n_results"": 2, ""user_lock_acquisitions"": 0}",2026-08-12T06:44:26Z
exp3_writer,chained,record,2,measured,3,38,0.055409,831537362.1859643,,,"{""sum_rel_diff"": 0.0, ""log_entries"": 4, ""n_results"": 2, ""user_lock_acquisitions"": 0}",2026-08-12T06:44:26Z
exp3_writer,chained,writer,2,measured,12,39,0.053666,831537362.1859643,,,"{""sum_rel_diff"": 0.0, ""log_entries"": 4, ""n_results"": 2, ""user_lock_acquisitions"": 0}",2026-08-12T06:44:26Z
exp3_writer,chained,lock,2,measured,28,40,0.053524,831537362.1859643,,,"{""sum_rel_diff"": 0.0, ""log_entries"": 4, ""n_results"": 2, ""user_lock_acquisitions"": 2}",2026-08-12T06:44:26Z
exp3_writer,chained,record,2,measured,20,41,0.052760,831537362.1859643,,,"{""sum_rel_diff"": 0.0, ""log_entries"": 4, ""n_results"": 2, ""user_lock_acquisitions"": 0}",2026-08-12T06:44:26Z
exp3_writer,chained,writer,2,measured,15,42,0.054846,831537362.1859643,,,"{""sum_rel_diff"": 0.0, ""log_entries"": 4, ""n_results"": 2, ""user_lock_acquisitions"": 0}",2026-08-12T06:44:26Z
exp3_writer,chained,record,2,measured,5,43,0.048726,831537362.1859643,,,"{""sum_rel_diff"": 0.0, ""log_entries"": 4, ""n_results"": 2, ""user_lock_acquisitions"": 0}",2026-08-12T06:44:26Z
exp3_writer,chained,indexed,2,measured,2,44,0.054328,831537362.1859643,,,"{""sum_rel_diff"": 0.0, ""log_entries"": 4, ""n_results"": 2, ""user_lock_acquisitions"": 0}",2026-08-12T06:44:26Z
exp3_writer,chained,record,2,measured,10,45,0.055644,831537362.1859643,,,"{""sum_rel_diff"": 0.0, ""log_entries"": 4, ""n_results"": 2, ""user_lock_acquisitions"": 0}",2026-08-12T06:44:26Z
exp3_writer,chained,indexed,2,measured,25,46,0.047268,831537362.1859643,,,"{""sum_rel_diff"": 0.0, ""log_entries"": 4, ""n_results"": 2, ""user_lock_acquisitions"": 0}",2026-08-12T06:44:26Z
exp3_writer,chained,indexed,2,measured,22,47,0.054863,831537362.1859643,,,"{""sum_rel_diff"": 0.0, ""log_entries"": 4, ""n_results"": 2, ""user_lock_acquisitions"": 0}",2026-08-12T06:44:26Z
exp3_writer,chained,writer,2,measured,28,48,0.056051,831537362.1859643,,,"{""sum_rel_diff"": 0.0, ""log_entries"": 4, ""n_results"": 2, ""user_lock_acquisitions"": 0}",2026-08-12T06:44:26Z
exp3_writer,chained,writer,2,measured,19,49,0.047510,831537362.1859643,,,"{""sum_rel_diff"": 0.0, ""log_entries"": 4, ""n_results"": 2, ""user_lock_acquisitions"": 0}",2026-08-12T06:44:26Z
exp3_writer,chained,writer,2,measured,21,50,0.056009,831537362.1859643,,,"{""sum_rel_diff"": 0.0, ""log_entries"": 4, ""n_results"": 2, ""user_lock_acquisitions"": 0}",2026-08-12T06:44:26Z
exp3_writer,chained,lock,2,measured,2,51,0.055551,831537362.1859643,,,"{""sum_rel_diff"": 0.0, ""log_entries"": 4, ""n_results"": 2, ""user_lock_acquisitions"": 2}",2026-08-12T06:44:26Z
exp3_writer,chained,indexed,2,measured,4,52,0.054277,831537362.1859643,,,"{""sum_rel_diff"": 0.0, ""log_entries"": 4, ""n_results"": 2, ""user_lock_acquisitions"": 0}",2026-08-12T06:44:27Z
exp3_writer,chained,writer,2,measured,13,53,0.052740,831537362.1859643,,,"{""sum_rel_diff"": 0.0, ""log_entries"": 4, ""n_results"": 2, ""user_lock_acquisitions"": 0}",2026-08-12T06:44:27Z
exp3_writer,chained,indexed,2,measured,10,54,0.055227,831537362.1859643,,,"{""sum_rel_diff"": 0.0, ""log_entries"": 4, ""n_results"": 2, ""user_lock_acquisitions"": 0}",2026-08-12T06:44:27Z
exp3_writer,chained,writer,2,measured,22,55,0.054625,831537362.1859643,,,"{""sum_rel_diff"": 0.0, ""log_entries"": 4, ""n_results"": 2, ""user_lock_acquisitions"": 0}",2026-08-12T06:44:27Z
exp3_writer,chained,lock,2,measured,25,56,0.055909,831537362.1859643,,,"{""sum_rel_diff"": 0.0, ""log_entries"": 4, ""n_results"": 2, ""user_lock_acquisitions"": 2}",2026-08-12T06:44:27Z
exp3_writer,chained,writer,2,measured,14,57,0.055384,831537362.1859643,,,"{""sum_rel_diff"": 0.0, ""log_entries"": 4, ""n_results"": 2, ""user_lock_acquisitions"": 0}",2026-08-12T06:44:27Z
exp3_writer,chained,record,2,measured,6,58,0.054778,831537362.1859643,,,"{""sum_rel_diff"": 0.0, ""log_entries"": 4, ""n_results"": 2, ""user_lock_acquisitions"": 0}",2026-08-12T06:44:27Z
exp3_writer,chained,record,2,measured,22,59,0.054074,831537362.1859643,,,"{""sum_rel_diff"": 0.0, ""log_entries"": 4, ""n_results"": 2, ""user_lock_acquisitions"": 0}",2026-08-12T06:44:27Z
exp3_writer,chained,writer,2,measured,6,60,0.055858,831537362.1859643,,,"{""sum_rel_diff"": 0.0, ""log_entries"": 4, ""n_results"": 2, ""user_lock_acquisitions"": 0}",2026-08-12T06:44:27Z
exp3_writer,chained,record,2,measured,0,61,0.055766,831537362.1859643,,,"{""sum_rel_diff"": 0.0, ""log_entries"": 4, ""n_results"": 2, ""user_lock_acquisitions"": 0}",2026-08-12T06:44:27Z
exp3_writer,chained,lock,2,measured,20,62,0.055852,831537362.1859643,,,"{""sum_rel_diff"": 0.0, ""log_entries"": 4, ""n_results"": 2, ""user_lock_acquisitions"": 2}",2026-08-12T06:44:27Z
exp3_writer,chained,lock,2,measured,7,63,0.054036,831537362.1859643,,,"{""sum_rel_diff"": 0.0, ""log_entries"": 4, ""n_results"": 2, ""user_lock_acquisitions"": 2}",2026-08-12T06:44:27Z
exp3_writer,chained,record,2,measured,15,64,0.054904,831537362.1859643,,,"{""sum_rel_diff"": 0.0, ""log_entries"": 4, ""n_results"": 2, ""user_lock_acquisitions"": 0}",2026-08-12T06:44:27Z
exp3_writer,chained,writer,2,measured,23,65,0.054514,831537362.1859643,,,"{""sum_rel_diff"": 0.0, ""log_entries"": 4, ""n_results"": 2, ""user_lock_acquisitions"": 0}",2026-08-12T06:44:27Z
exp3_writer,chained,lock,2,measured,0,66,0.054319,831537362.1859643,,,"{""sum_rel_diff"": 0.0, ""log_entries"": 4, ""n_results"": 2, ""user_lock_acquisitions"": 2}",2026-08-12T06:44:27Z
exp3_writer,chained,lock,2,measured,1,67,0.054184,831537362.1859643,,,"{""sum_rel_diff"": 0.0, ""log_entries"": 4, ""n_results"": 2, ""user_lock_acquisitions"": 2}",2026-08-12T06:44:27Z
exp3_writer,chained,lock,2,measured,4,68,0.055321,831537362.1859643,,,"{""sum_rel_diff"": 0.0, ""log_entries"": 4, ""n_results"": 2, ""user_lock_acquisitions"": 2}",2026-08-12T06:44:27Z
exp3_writer,chained,record,2,measured,23,69,0.055386,831537362.1859643,,,"{""sum_rel_diff"": 0.0, ""log_entries"": 4, ""n_results"": 2, ""user_lock_acquisitions"": 0}",2026-08-12T06:44:27Z
exp3_writer,chained,indexed,2,measured,23,70,0.055663,831537362.1859643,,,"{""sum_rel_diff"": 0.0, ""log_entries"": 4, ""n_results"": 2, ""user_lock_acquisitions"": 0}",2026-08-12T06:44:28Z
exp3_writer,chained,indexed,2,measured,17,71,0.053945,831537362.1859643,,,"{""sum_rel_diff"": 0.0, ""log_entries"": 4, ""n_results"": 2, ""user_lock_acquisitions"": 0}",2026-08-12T06:44:28Z
exp3_writer,chained,indexed,2,measured,20,72,0.054393,831537362.1859643,,,"{""sum_rel_diff"": 0.0, ""log_entries"": 4, ""n_results"": 2, ""user_lock_acquisitions"": 0}",2026-08-12T06:44:28Z
exp3_writer,chained,lock,2,measured,13,73,0.053767,831537362.1859643,,,"{""sum_rel_diff"": 0.0, ""log_entries"": 4, ""n_results"": 2, ""user_lock_acquisitions"": 2}",2026-08-12T06:44:28Z
exp3_writer,chained,indexed,2,measured,19,74,0.053661,831537362.1859643,,,"{""sum_rel_diff"": 0.0, ""log_entries"": 4, ""n_results"": 2, ""user_lock_acquisitions"": 0}",2026-08-12T06:44:28Z
exp3_writer,chained,record,2,measured,16,75,0.054503,831537362.1859643,,,"{""sum_rel_diff"": 0.0, ""log_entries"": 4, ""n_results"": 2, ""user_lock_acquisitions"": 0}",2026-08-12T06:44:28Z
exp3_writer,chained,indexed,2,measured,26,76,0.054946,831537362.1859643,,,"{""sum_rel_diff"": 0.0, ""log_entries"": 4, ""n_results"": 2, ""user_lock_acquisitions"": 0}",2026-08-12T06:44:28Z
exp3_writer,chained,lock,2,measured,26,77,0.055250,831537362.1859643,,,"{""sum_rel_diff"": 0.0, ""log_entries"": 4, ""n_results"": 2, ""user_lock_acquisitions"": 2}",2026-08-12T06:44:28Z
exp3_writer,chained,writer,2,measured,18,78,0.054898,831537362.1859643,,,"{""sum_rel_diff"": 0.0, ""log_entries"": 4, ""n_results"": 2, ""user_lock_acquisitions"": 0}",2026-08-12T06:44:28Z
exp3_writer,chained,record,2,measured,9,79,0.054030,831537362.1859643,,,"{""sum_rel_diff"": 0.0, ""log_entries"": 4, ""n_results"": 2, ""user_lock_acquisitions"": 0}",2026-08-12T06:44:28Z
exp3_writer,chained,lock,2,measured,15,80,0.055681,831537362.1859643,,,"{""sum_rel_diff"": 0.0, ""log_entries"": 4, ""n_results"": 2, ""user_lock_acquisitions"": 2}",2026-08-12T06:44:28Z
exp3_writer,chained,indexed,2,measured,1,81,0.047633,831537362.1859643,,,"{""sum_rel_diff"": 0.0, ""log_entries"": 4, ""n_results"": 2, ""user_lock_acquisitions"": 0}",2026-08-12T06:44:28Z
exp3_writer,chained,writer,2,measured,25,82,0.053956,831537362.1859643,,,"{""sum_rel_diff"": 0.0, ""log_entries"": 4, ""n_results"": 2, ""user_lock_acquisitions"": 0}",2026-08-12T06:44:28Z
exp3_writer,chained,indexed,2,measured,24,83,0.056241,831537362.1859643,,,"{""sum_rel_diff"": 0.0, ""log_entries"": 4, ""n_results"": 2, ""user_lock_acquisitions"": 0}",2026-08-12T06:44:28Z
exp3_writer,chained,lock,2,measured,21,84,0.055119,831537362.1859643,,,"{""sum_rel_diff"": 0.0, ""log_entries"": 4, ""n_results"": 2, ""user_lock_acquisitions"": 2}",2026-08-12T06:44:28Z
exp3_writer,chained,record,2,measured,21,85,0.046679,831537362.1859643,,,"{""sum_rel_diff"": 0.0, ""log_entries"": 4, ""n_results"": 2, ""user_lock_acquisitions"": 0}",2026-08-12T06:44:28Z
exp3_writer,chained,writer,2,measured,9,86,0.054074,831537362.1859643,,,"{""sum_rel_diff"": 0.0, ""log_entries"": 4, ""n_results"": 2, ""user_lock_acquisitions"": 0}",2026-08-12T06:44:28Z
exp3_writer,chained,record,2,measured,4,87,0.049265,831537362.1859643,,,"{""sum_rel_diff"": 0.0, ""log_entries"": 4, ""n_results"": 2, ""user_lock_acquisitions"": 0}",2026-08-12T06:44:28Z
exp3_writer,chained,record,2,measured,19,88,0.055008,831537362.1859643,,,"{""sum_rel_diff"": 0.0, ""log_entries"": 4, ""n_results"": 2, ""user_lock_acquisitions"": 0}",2026-08-12T06:44:28Z
exp3_writer,chained,lock,2,measured,17,89,0.054930,831537362.1859643,,,"{""sum_rel_diff"": 0.0, ""log_entries"": 4, ""n_results"": 2, ""user_lock_acquisitions"": 2}",2026-08-12T06:44:29Z
exp3_writer,chained,record,2,measured,25,90,0.054565,831537362.1859643,,,"{""sum_rel_diff"": 0.0, ""log_entries"": 4, ""n_results"": 2, ""user_lock_acquisitions"": 0}",2026-08-12T06:44:29Z
exp3_writer,chained,writer,2,measured,17,91,0.055627,831537362.1859643,,,"{""sum_rel_diff"": 0.0, ""log_entries"": 4, ""n_results"": 2, ""user_lock_acquisitions"": 0}",2026-08-12T06:44:29Z
exp3_writer,chained,record,2,measured,8,92,0.055858,831537362.1859643,,,"{""sum_rel_diff"": 0.0, ""log_entries"": 4, ""n_results"": 2, ""user_lock_acquisitions"": 0}",2026-08-12T06:44:29Z
exp3_writer,chained,indexed,2,measured,3,93,0.055806,831537362.1859643,,,"{""sum_rel_diff"": 0.0, ""log_entries"": 4, ""n_results"": 2, ""user_lock_acquisitions"": 0}",2026-08-12T06:44:29Z
exp3_writer,chained,lock,2,measured,22,94,0.055332,831537362.1859643,,,"{""sum_rel_diff"": 0.0, ""log_entries"": 4, ""n_results"": 2, ""user_lock_acquisitions"": 2}",2026-08-12T06:44:29Z
exp3_writer,chained,writer,2,measured,27,95,0.053752,831537362.1859643,,,"{""sum_rel_diff"": 0.0, ""log_entries"": 4, ""n_results"": 2, ""user_lock_acquisitions"": 0}",2026-08-12T06:44:29Z
exp3_writer,chained,writer,2,measured,16,96,0.055292,831537362.1859643,,,"{""sum_rel_diff"": 0.0, ""log_entries"": 4, ""n_results"": 2, ""user_lock_acquisitions"": 0}",2026-08-12T06:44:29Z
exp3_writer,chained,record,2,measured,18,97,0.054134,831537362.1859643,,,"{""sum_rel_diff"": 0.0, ""log_entries"": 4, ""n_results"": 2, ""user_lock_acquisitions"": 0}",2026-08-12T06:44:29Z
exp3_writer,chained,writer,2,measured,4,98,0.056392,831537362.1859643,,,"{""sum_rel_diff"": 0.0, ""log_entries"": 4, ""n_results"": 2, ""user_lock_acquisitions"": 0}",2026-08-12T06:44:29Z
exp3_writer,chained,lock,2,measured,29,99,0.053730,831537362.1859643,,,"{""sum_rel_diff"": 0.0, ""log_entries"": 4, ""n_results"": 2, ""user_lock_acquisitions"": 2}",2026-08-12T06:44:29Z
exp3_writer,chained,writer,2,measured,5,100,0.056232,831537362.1859643,,,"{""sum_rel_diff"": 0.0, ""log_entries"": 4, ""n_results"": 2, ""user_lock_acquisitions"": 0}",2026-08-12T06:44:29Z
exp3_writer,chained,indexed,2,measured,6,101,0.054644,831537362.1859643,,,"{""sum_rel_diff"": 0.0, ""log_entries"": 4, ""n_results"": 2, ""user_lock_acquisitions"": 0}",2026-08-12T06:44:29Z
exp3_writer,chained,writer,2,measured,10,102,0.048522,831537362.1859643,,,"{""sum_rel_diff"": 0.0, ""log_entries"": 4, ""n_results"": 2, ""user_lock_acquisitions"": 0}",2026-08-12T06:44:29Z
exp3_writer,chained,record,2,measured,13,103,0.055604,831537362.1859643,,,"{""sum_rel_diff"": 0.0, ""log_entries"": 4, ""n_results"": 2, ""user_lock_acquisitions"": 0}",2026-08-12T06:44:29Z
exp3_writer,chained,writer,2,measured,24,104,0.053655,831537362.1859643,,,"{""sum_rel_diff"": 0.0, ""log_entries"": 4, ""n_results"": 2, ""user_lock_acquisitions"": 0}",2026-08-12T06:44:29Z
exp3_writer,chained,lock,2,measured,10,105,0.054750,831537362.1859643,,,"{""sum_rel_diff"": 0.0, ""log_entries"": 4, ""n_results"": 2, ""user_lock_acquisitions"": 2}",2026-08-12T06:44:29Z
exp3_writer,chained,lock,2,measured,19,106,0.054257,831537362.1859643,,,"{""sum_rel_diff"": 0.0, ""log_entries"": 4, ""n_results"": 2, ""user_lock_acquisitions"": 2}",2026-08-12T06:44:29Z
exp3_writer,chained,indexed,2,measured,11,107,0.054531,831537362.1859643,,,"{""sum_rel_diff"": 0.0, ""log_entries"": 4, ""n_results"": 2, ""user_lock_acquisitions"": 0}",2026-08-12T06:44:30Z
exp3_writer,chained,indexed,2,measured,18,108,0.054960,831537362.1859643,,,"{""sum_rel_diff"": 0.0, ""log_entries"": 4, ""n_results"": 2, ""user_lock_acquisitions"": 0}",2026-08-12T06:44:30Z
exp3_writer,chained,record,2,measured,2,109,0.056036,831537362.1859643,,,"{""sum_rel_diff"": 0.0, ""log_entries"": 4, ""n_results"": 2, ""user_lock_acquisitions"": 0}",2026-08-12T06:44:30Z
exp3_writer,chained,writer,2,measured,0,110,0.055086,831537362.1859643,,,"{""sum_rel_diff"": 0.0, ""log_entries"": 4, ""n_results"": 2, ""user_lock_acquisitions"": 0}",2026-08-12T06:44:30Z
exp3_writer,chained,indexed,2,measured,21,111,0.056291,831537362.1859643,,,"{""sum_rel_diff"": 0.0, ""log_entries"": 4, ""n_results"": 2, ""user_lock_acquisitions"": 0}",2026-08-12T06:44:30Z
exp3_writer,chained,indexed,2,measured,9,112,0.054554,831537362.1859643,,,"{""sum_rel_diff"": 0.0, ""log_entries"": 4, ""n_results"": 2, ""user_lock_acquisitions"": 0}",2026-08-12T06:44:30Z
exp3_writer,chained,writer,2,measured,11,113,0.046921,831537362.1859643,,,"{""sum_rel_diff"": 0.0, ""log_entries"": 4, ""n_results"": 2, ""user_lock_acquisitions"": 0}",2026-08-12T06:44:30Z
exp3_writer,chained,writer,2,measured,20,114,0.055217,831537362.1859643,,,"{""sum_rel_diff"": 0.0, ""log_entries"": 4, ""n_results"": 2, ""user_lock_acquisitions"": 0}",2026-08-12T06:44:30Z
exp3_writer,chained,lock,2,measured,12,115,0.049026,831537362.1859643,,,"{""sum_rel_diff"": 0.0, ""log_entries"": 4, ""n_results"": 2, ""user_lock_acquisitions"": 2}",2026-08-12T06:44:30Z
exp3_writer,chained,indexed,2,measured,0,116,0.055848,831537362.1859643,,,"{""sum_rel_diff"": 0.0, ""log_entries"": 4, ""n_results"": 2, ""user_lock_acquisitions"": 0}",2026-08-12T06:44:30Z
exp3_writer,chained,indexed,2,measured,5,117,0.055929,831537362.1859643,,,"{""sum_rel_diff"": 0.0, ""log_entries"": 4, ""n_results"": 2, ""user_lock_acquisitions"": 0}",2026-08-12T06:44:30Z
exp3_writer,chained,indexed,2,measured,8,118,0.054321,831537362.1859643,,,"{""sum_rel_diff"": 0.0, ""log_entries"": 4, ""n_results"": 2, ""user_lock_acquisitions"": 0}",2026-08-12T06:44:30Z
exp3_writer,chained,lock,2,measured,27,119,0.052916,831537362.1859643,,,"{""sum_rel_diff"": 0.0, ""log_entries"": 4, ""n_results"": 2, ""user_lock_acquisitions"": 2}",2026-08-12T06:44:30Z
exp3_writer,chained,indexed,2,measured,12,120,0.055463,831537362.1859643,,,"{""sum_rel_diff"": 0.0, ""log_entries"": 4, ""n_results"": 2, ""user_lock_acquisitions"": 0}",2026-08-12T06:44:30Z
exp3_writer,chained,indexed,2,measured,28,121,0.054770,831537362.1859643,,,"{""sum_rel_diff"": 0.0, ""log_entries"": 4, ""n_results"": 2, ""user_lock_acquisitions"": 0}",2026-08-12T06:44:30Z
exp3_writer,chained,lock,2,measured,8,122,0.054227,831537362.1859643,,,"{""sum_rel_diff"": 0.0, ""log_entries"": 4, ""n_results"": 2, ""user_lock_acquisitions"": 2}",2026-08-12T06:44:30Z
exp3_writer,chained,writer,2,measured,1,123,0.055582,831537362.1859643,,,"{""sum_rel_diff"": 0.0, ""log_entries"": 4, ""n_results"": 2, ""user_lock_acquisitions"": 0}",2026-08-12T06:44:30Z
exp3_writer,chained,record,2,measured,27,124,0.055032,831537362.1859643,,,"{""sum_rel_diff"": 0.0, ""log_entries"": 4, ""n_results"": 2, ""user_lock_acquisitions"": 0}",2026-08-12T06:44:30Z
exp3_writer,chained,record,2,measured,29,125,0.048549,831537362.1859643,,,"{""sum_rel_diff"": 0.0, ""log_entries"": 4, ""n_results"": 2, ""user_lock_acquisitions"": 0}",2026-08-12T06:44:31Z
exp3_writer,chained,lock,2,measured,18,126,0.056333,831537362.1859643,,,"{""sum_rel_diff"": 0.0, ""log_entries"": 4, ""n_results"": 2, ""user_lock_acquisitions"": 2}",2026-08-12T06:44:31Z
exp3_writer,chained,record,2,measured,12,127,0.054978,831537362.1859643,,,"{""sum_rel_diff"": 0.0, ""log_entries"": 4, ""n_results"": 2, ""user_lock_acquisitions"": 0}",2026-08-12T06:44:31Z
exp3_writer,chained,indexed,2,measured,16,128,0.055535,831537362.1859643,,,"{""sum_rel_diff"": 0.0, ""log_entries"": 4, ""n_results"": 2, ""user_lock_acquisitions"": 0}",2026-08-12T06:44:31Z
exp3_writer,chained,lock,2,measured,3,129,0.055235,831537362.1859643,,,"{""sum_rel_diff"": 0.0, ""log_entries"": 4, ""n_results"": 2, ""user_lock_acquisitions"": 2}",2026-08-12T06:44:31Z
exp3_writer,chained,record,2,measured,26,130,0.054219,831537362.1859643,,,"{""sum_rel_diff"": 0.0, ""log_entries"": 4, ""n_results"": 2, ""user_lock_acquisitions"": 0}",2026-08-12T06:44:31Z
exp3_writer,chained,lock,2,measured,16,131,0.055348,831537362.1859643,,,"{""sum_rel_diff"": 0.0, ""log_entries"": 4, ""n_results"": 2, ""user_lock_acquisitions"": 2}",2026-08-12T06:44:31Z
exp3_writer,chained,indexed,4,warmup,1,0,0.031441,831537362.1859643,,,"{""sum_rel_diff"": 0.0, ""log_entries"": 8, ""n_results"": 4, ""user_lock_acquisitions"": 0}",2026-08-12T06:44:31Z
exp3_writer,chained,record,4,warmup,2,1,0.028144,831537362.1859643,,,"{""sum_rel_diff"": 0.0, ""log_entries"": 8, ""n_results"": 4, ""user_lock_acquisitions"": 0}",2026-08-12T06:44:31Z
exp3_writer,chained,record,4,warmup,0,2,0.029824,831537362.1859643,,,"{""sum_rel_diff"": 0.0, ""log_entries"": 8, ""n_results"": 4, ""user_lock_acquisitions"": 0}",2026-08-12T06:44:31Z
exp3_writer,chained,lock,4,warmup,1,3,0.028155,831537362.1859643,,,"{""sum_rel_diff"": 0.0, ""log_entries"": 8, ""n_results"": 4, ""user_lock_acquisitions"": 4}",2026-08-12T06:44:31Z
exp3_writer,chained,writer,4,warmup,1,4,0.029249,831537362.1859643,,,"{""sum_rel_diff"": 0.0, ""log_entries"": 8, ""n_results"": 4, ""user_lock_acquisitions"": 0}",2026-08-12T06:44:31Z
exp3_writer,chained,indexed,4,warmup,2,5,0.029409,831537362.1859643,,,"{""sum_rel_diff"": 0.0, ""log_entries"": 8, ""n_results"": 4, ""user_lock_acquisitions"": 0}",2026-08-12T06:44:31Z
exp3_writer,chained,lock,4,warmup,2,6,0.028930,831537362.1859643,,,"{""sum_rel_diff"": 0.0, ""log_entries"": 8, ""n_results"": 4, ""user_lock_acquisitions"": 4}",2026-08-12T06:44:31Z
exp3_writer,chained,indexed,4,warmup,0,7,0.027973,831537362.1859643,,,"{""sum_rel_diff"": 0.0, ""log_entries"": 8, ""n_results"": 4, ""user_lock_acquisitions"": 0}",2026-08-12T06:44:31Z
exp3_writer,chained,writer,4,warmup,2,8,0.029189,831537362.1859643,,,"{""sum_rel_diff"": 0.0, ""log_entries"": 8, ""n_results"": 4, ""user_lock_acquisitions"": 0}",2026-08-12T06:44:31Z
exp3_writer,chained,writer,4,warmup,0,9,0.029940,831537362.1859643,,,"{""sum_rel_diff"": 0.0, ""log_entries"": 8, ""n_results"": 4, ""user_lock_acquisitions"": 0}",2026-08-12T06:44:31Z
exp3_writer,chained,record,4,warmup,1,10,0.030480,831537362.1859643,,,"{""sum_rel_diff"": 0.0, ""log_entries"": 8, ""n_results"": 4, ""user_lock_acquisitions"": 0}",2026-08-12T06:44:31Z
exp3_writer,chained,lock,4,warmup,0,11,0.030184,831537362.1859643,,,"{""sum_rel_diff"": 0.0, ""log_entries"": 8, ""n_results"": 4, ""user_lock_acquisitions"": 4}",2026-08-12T06:44:31Z
exp3_writer,chained,writer,4,measured,26,12,0.029053,831537362.1859643,,,"{""sum_rel_diff"": 0.0, ""log_entries"": 8, ""n_results"": 4, ""user_lock_acquisitions"": 0}",2026-08-12T06:44:31Z
exp3_writer,chained,indexed,4,measured,18,13,0.029642,831537362.1859643,,,"{""sum_rel_diff"": 0.0, ""log_entries"": 8, ""n_results"": 4, ""user_lock_acquisitions"": 0}",2026-08-12T06:44:31Z
exp3_writer,chained,writer,4,measured,22,14,0.029621,831537362.1859643,,,"{""sum_rel_diff"": 0.0, ""log_entries"": 8, ""n_results"": 4, ""user_lock_acquisitions"": 0}",2026-08-12T06:44:31Z
exp3_writer,chained,record,4,measured,5,15,0.029604,831537362.1859643,,,"{""sum_rel_diff"": 0.0, ""log_entries"": 8, ""n_results"": 4, ""user_lock_acquisitions"": 0}",2026-08-12T06:44:31Z
exp3_writer,chained,indexed,4,measured,9,16,0.029452,831537362.1859643,,,"{""sum_rel_diff"": 0.0, ""log_entries"": 8, ""n_results"": 4, ""user_lock_acquisitions"": 0}",2026-08-12T06:44:31Z
exp3_writer,chained,lock,4,measured,9,17,0.029642,831537362.1859643,,,"{""sum_rel_diff"": 0.0, ""log_entries"": 8, ""n_results"": 4, ""user_lock_acquisitions"": 4}",2026-08-12T06:44:31Z
exp3_writer,chained,record,4,measured,10,18,0.027897,831537362.1859643,,,"{""sum_rel_diff"": 0.0, ""log_entries"": 8, ""n_results"": 4, ""user_lock_acquisitions"": 0}",2026-08-12T06:44:31Z
exp3_writer,chained,lock,4,measured,21,19,0.029223,831537362.1859643,,,"{""sum_rel_diff"": 0.0, ""log_entries"": 8, ""n_results"": 4, ""user_lock_acquisitions"": 4}",2026-08-12T06:44:31Z
exp3_writer,chained,indexed,4,measured,1,20,0.029921,831537362.1859643,,,"{""sum_rel_diff"": 0.0, ""log_entries"": 8, ""n_results"": 4, ""user_lock_acquisitions"": 0}",2026-08-12T06:44:31Z
exp3_writer,chained,record,4,measured,9,21,0.028040,831537362.1859643,,,"{""sum_rel_diff"": 0.0, ""log_entries"": 8, ""n_results"": 4, ""user_lock_acquisitions"": 0}",2026-08-12T06:44:31Z
exp3_writer,chained,lock,4,measured,17,22,0.028309,831537362.1859643,,,"{""sum_rel_diff"": 0.0, ""log_entries"": 8, ""n_results"": 4, ""user_lock_acquisitions"": 4}",2026-08-12T06:44:32Z
exp3_writer,chained,record,4,measured,21,23,0.024848,831537362.1859643,,,"{""sum_rel_diff"": 0.0, ""log_entries"": 8, ""n_results"": 4, ""user_lock_acquisitions"": 0}",2026-08-12T06:44:32Z
exp3_writer,chained,record,4,measured,11,24,0.028982,831537362.1859643,,,"{""sum_rel_diff"": 0.0, ""log_entries"": 8, ""n_results"": 4, ""user_lock_acquisitions"": 0}",2026-08-12T06:44:32Z
exp3_writer,chained,indexed,4,measured,21,25,0.029034,831537362.1859643,,,"{""sum_rel_diff"": 0.0, ""log_entries"": 8, ""n_results"": 4, ""user_lock_acquisitions"": 0}",2026-08-12T06:44:32Z
exp3_writer,chained,record,4,measured,4,26,0.027874,831537362.1859643,,,"{""sum_rel_diff"": 0.0, ""log_entries"": 8, ""n_results"": 4, ""user_lock_acquisitions"": 0}",2026-08-12T06:44:32Z
exp3_writer,chained,writer,4,measured,3,27,0.029198,831537362.1859643,,,"{""sum_rel_diff"": 0.0, ""log_entries"": 8, ""n_results"": 4, ""user_lock_acquisitions"": 0}",2026-08-12T06:44:32Z
exp3_writer,chained,indexed,4,measured,14,28,0.028886,831537362.1859643,,,"{""sum_rel_diff"": 0.0, ""log_entries"": 8, ""n_results"": 4, ""user_lock_acquisitions"": 0}",2026-08-12T06:44:32Z
exp3_writer,chained,writer,4,measured,23,29,0.029258,831537362.1859643,,,"{""sum_rel_diff"": 0.0, ""log_entries"": 8, ""n_results"": 4, ""user_lock_acquisitions"": 0}",2026-08-12T06:44:32Z
exp3_writer,chained,writer,4,measured,8,30,0.029778,831537362.1859643,,,"{""sum_rel_diff"": 0.0, ""log_entries"": 8, ""n_results"": 4, ""user_lock_acquisitions"": 0}",2026-08-12T06:44:32Z
exp3_writer,chained,writer,4,measured,0,31,0.027725,831537362.1859643,,,"{""sum_rel_diff"": 0.0, ""log_entries"": 8, ""n_results"": 4, ""user_lock_acquisitions"": 0}",2026-08-12T06:44:32Z
exp3_writer,chained,writer,4,measured,9,32,0.029652,831537362.1859643,,,"{""sum_rel_diff"": 0.0, ""log_entries"": 8, ""n_results"": 4, ""user_lock_acquisitions"": 0}",2026-08-12T06:44:32Z
exp3_writer,chained,record,4,measured,1,33,0.028792,831537362.1859643,,,"{""sum_rel_diff"": 0.0, ""log_entries"": 8, ""n_results"": 4, ""user_lock_acquisitions"": 0}",2026-08-12T06:44:32Z
exp3_writer,chained,indexed,4,measured,16,34,0.030370,831537362.1859643,,,"{""sum_rel_diff"": 0.0, ""log_entries"": 8, ""n_results"": 4, ""user_lock_acquisitions"": 0}",2026-08-12T06:44:32Z
exp3_writer,chained,lock,4,measured,22,35,0.028681,831537362.1859643,,,"{""sum_rel_diff"": 0.0, ""log_entries"": 8, ""n_results"": 4, ""user_lock_acquisitions"": 4}",2026-08-12T06:44:32Z
exp3_writer,chained,record,4,measured,15,36,0.029261,831537362.1859643,,,"{""sum_rel_diff"": 0.0, ""log_entries"": 8, ""n_results"": 4, ""user_lock_acquisitions"": 0}",2026-08-12T06:44:32Z
exp3_writer,chained,record,4,measured,6,37,0.028823,831537362.1859643,,,"{""sum_rel_diff"": 0.0, ""log_entries"": 8, ""n_results"": 4, ""user_lock_acquisitions"": 0}",2026-08-12T06:44:32Z
exp3_writer,chained,lock,4,measured,3,38,0.027306,831537362.1859643,,,"{""sum_rel_diff"": 0.0, ""log_entries"": 8, ""n_results"": 4, ""user_lock_acquisitions"": 4}",2026-08-12T06:44:32Z
exp3_writer,chained,lock,4,measured,14,39,0.025825,831537362.1859643,,,"{""sum_rel_diff"": 0.0, ""log_entries"": 8, ""n_results"": 4, ""user_lock_acquisitions"": 4}",2026-08-12T06:44:32Z
exp3_writer,chained,lock,4,measured,0,40,0.029894,831537362.1859643,,,"{""sum_rel_diff"": 0.0, ""log_entries"": 8, ""n_results"": 4, ""user_lock_acquisitions"": 4}",2026-08-12T06:44:32Z
exp3_writer,chained,lock,4,measured,28,41,0.024560,831537362.1859643,,,"{""sum_rel_diff"": 0.0, ""log_entries"": 8, ""n_results"": 4, ""user_lock_acquisitions"": 4}",2026-08-12T06:44:32Z
exp3_writer,chained,writer,4,measured,17,42,0.029197,831537362.1859643,,,"{""sum_rel_diff"": 0.0, ""log_entries"": 8, ""n_results"": 4, ""user_lock_acquisitions"": 0}",2026-08-12T06:44:32Z
exp3_writer,chained,record,4,measured,7,43,0.025508,831537362.1859643,,,"{""sum_rel_diff"": 0.0, ""log_entries"": 8, ""n_results"": 4, ""user_lock_acquisitions"": 0}",2026-08-12T06:44:32Z
exp3_writer,chained,writer,4,measured,20,44,0.027961,831537362.1859643,,,"{""sum_rel_diff"": 0.0, ""log_entries"": 8, ""n_results"": 4, ""user_lock_acquisitions"": 0}",2026-08-12T06:44:32Z
exp3_writer,chained,writer,4,measured,5,45,0.028638,831537362.1859643,,,"{""sum_rel_diff"": 0.0, ""log_entries"": 8, ""n_results"": 4, ""user_lock_acquisitions"": 0}",2026-08-12T06:44:32Z
exp3_writer,chained,lock,4,measured,12,46,0.029093,831537362.1859643,,,"{""sum_rel_diff"": 0.0, ""log_entries"": 8, ""n_results"": 4, ""user_lock_acquisitions"": 4}",2026-08-12T06:44:32Z
exp3_writer,chained,indexed,4,measured,8,47,0.029582,831537362.1859643,,,"{""sum_rel_diff"": 0.0, ""log_entries"": 8, ""n_results"": 4, ""user_lock_acquisitions"": 0}",2026-08-12T06:44:32Z
exp3_writer,chained,lock,4,measured,6,48,0.028689,831537362.1859643,,,"{""sum_rel_diff"": 0.0, ""log_entries"": 8, ""n_results"": 4, ""user_lock_acquisitions"": 4}",2026-08-12T06:44:32Z
exp3_writer,chained,writer,4,measured,15,49,0.029120,831537362.1859643,,,"{""sum_rel_diff"": 0.0, ""log_entries"": 8, ""n_results"": 4, ""user_lock_acquisitions"": 0}",2026-08-12T06:44:32Z
exp3_writer,chained,writer,4,measured,16,50,0.029371,831537362.1859643,,,"{""sum_rel_diff"": 0.0, ""log_entries"": 8, ""n_results"": 4, ""user_lock_acquisitions"": 0}",2026-08-12T06:44:32Z
exp3_writer,chained,indexed,4,measured,24,51,0.027014,831537362.1859643,,,"{""sum_rel_diff"": 0.0, ""log_entries"": 8, ""n_results"": 4, ""user_lock_acquisitions"": 0}",2026-08-12T06:44:32Z
exp3_writer,chained,indexed,4,measured,22,52,0.029022,831537362.1859643,,,"{""sum_rel_diff"": 0.0, ""log_entries"": 8, ""n_results"": 4, ""user_lock_acquisitions"": 0}",2026-08-12T06:44:32Z
exp3_writer,chained,indexed,4,measured,5,53,0.028728,831537362.1859643,,,"{""sum_rel_diff"": 0.0, ""log_entries"": 8, ""n_results"": 4, ""user_lock_acquisitions"": 0}",2026-08-12T06:44:32Z
exp3_writer,chained,indexed,4,measured,15,54,0.029071,831537362.1859643,,,"{""sum_rel_diff"": 0.0, ""log_entries"": 8, ""n_results"": 4, ""user_lock_acquisitions"": 0}",2026-08-12T06:44:32Z
exp3_writer,chained,writer,4,measured,29,55,0.028682,831537362.1859643,,,"{""sum_rel_diff"": 0.0, ""log_entries"": 8, ""n_results"": 4, ""user_lock_acquisitions"": 0}",2026-08-12T06:44:32Z
exp3_writer,chained,record,4,measured,23,56,0.025416,831537362.1859643,,,"{""sum_rel_diff"": 0.0, ""log_entries"": 8, ""n_results"": 4, ""user_lock_acquisitions"": 0}",2026-08-12T06:44:32Z
exp3_writer,chained,record,4,measured,24,57,0.029466,831537362.1859643,,,"{""sum_rel_diff"": 0.0, ""log_entries"": 8, ""n_results"": 4, ""user_lock_acquisitions"": 0}",2026-08-12T06:44:33Z
exp3_writer,chained,lock,4,measured,26,58,0.028118,831537362.1859643,,,"{""sum_rel_diff"": 0.0, ""log_entries"": 8, ""n_results"": 4, ""user_lock_acquisitions"": 4}",2026-08-12T06:44:33Z
exp3_writer,chained,writer,4,measured,21,59,0.029209,831537362.1859643,,,"{""sum_rel_diff"": 0.0, ""log_entries"": 8, ""n_results"": 4, ""user_lock_acquisitions"": 0}",2026-08-12T06:44:33Z
exp3_writer,chained,indexed,4,measured,13,60,0.026720,831537362.1859643,,,"{""sum_rel_diff"": 0.0, ""log_entries"": 8, ""n_results"": 4, ""user_lock_acquisitions"": 0}",2026-08-12T06:44:33Z
exp3_writer,chained,indexed,4,measured,25,61,0.029170,831537362.1859643,,,"{""sum_rel_diff"": 0.0, ""log_entries"": 8, ""n_results"": 4, ""user_lock_acquisitions"": 0}",2026-08-12T06:44:33Z
exp3_writer,chained,writer,4,measured,18,62,0.029857,831537362.1859643,,,"{""sum_rel_diff"": 0.0, ""log_entries"": 8, ""n_results"": 4, ""user_lock_acquisitions"": 0}",2026-08-12T06:44:33Z
exp3_writer,chained,indexed,4,measured,26,63,0.028414,831537362.1859643,,,"{""sum_rel_diff"": 0.0, ""log_entries"": 8, ""n_results"": 4, ""user_lock_acquisitions"": 0}",2026-08-12T06:44:33Z
exp3_writer,chained,writer,4,measured,19,64,0.029350,831537362.1859643,,,"{""sum_rel_diff"": 0.0, ""log_entries"": 8, ""n_results"": 4, ""user_lock_acquisitions"": 0}",2026-08-12T06:44:33Z
exp3_writer,chained,lock,4,measured,2,65,0.028977,831537362.1859643,,,"{""sum_rel_diff"": 0.0, ""log_entries"": 8, ""n_results"": 4, ""user_lock_acquisitions"": 4}",2026-08-12T06:44:33Z
exp3_writer,chained,indexed,4,measured,0,66,0.029896,831537362.1859643,,,"{""sum_rel_diff"": 0.0, ""log_entries"": 8, ""n_results"": 4, ""user_lock_acquisitions"": 0}",2026-08-12T06:44:33Z
exp3_writer,chained,writer,4,measured,27,67,0.028388,831537362.1859643,,,"{""sum_rel_diff"": 0.0, ""log_entries"": 8, ""n_results"": 4, ""user_lock_acquisitions"": 0}",2026-08-12T06:44:33Z
exp3_writer,chained,indexed,4,measured,17,68,0.029432,831537362.1859643,,,"{""sum_rel_diff"": 0.0, ""log_entries"": 8, ""n_results"": 4, ""user_lock_acquisitions"": 0}",2026-08-12T06:44:33Z
exp3_writer,chained,record,4,measured,12,69,0.029002,831537362.1859643,,,"{""sum_rel_diff"": 0.0, ""log_entries"": 8, ""n_results"": 4, ""user_lock_acquisitions"": 0}",2026-08-12T06:44:33Z
exp3_writer,chained,record,4,measured,26,70,0.029366,831537362.1859643,,,"{""sum_rel_diff"": 0.0, ""log_entries"": 8, ""n_results"": 4, ""user_lock_acquisitions"": 0}",2026-08-12T06:44:33Z
exp3_writer,chained,indexed,4,measured,12,71,0.028874,831537362.1859643,,,"{""sum_rel_diff"": 0.0, ""log_entries"": 8, ""n_results"": 4, ""user_lock_acquisitions"": 0}",2026-08-12T06:44:33Z
exp3_writer,chained,record,4,measured,22,72,0.029275,831537362.1859643,,,"{""sum_rel_diff"": 0.0, ""log_entries"": 8, ""n_results"": 4, ""user_lock_acquisitions"": 0}",2026-08-12T06:44:33Z
exp3_writer,chained,record,4,measured,2,73,0.028949,831537362.1859643,,,"{""sum_rel_diff"": 0.0, ""log_entries"": 8, ""n_results"": 4, ""user_lock_acquisitions"": 0}",2026-08-12T06:44:33Z
exp3_writer,chained,lock,4,measured,13,74,0.028512,831537362.1859643,,,"{""sum_rel_diff"": 0.0, ""log_entries"": 8, ""n_results"": 4, ""user_lock_acquisitions"": 4}",2026-08-12T06:44:33Z
exp3_writer,chained,record,4,measured,14,75,0.029852,831537362.1859643,,,"{""sum_rel_diff"": 0.0, ""log_entries"": 8, ""n_results"": 4, ""user_lock_acquisitions"": 0}",2026-08-12T06:44:33Z
exp3_writer,chained,writer,4,measured,28,76,0.029405,831537362.1859643,,,"{""sum_rel_diff"": 0.0, ""log_entries"": 8, ""n_results"": 4, ""user_lock_acquisitions"": 0}",2026-08-12T06:44:33Z
exp3_writer,chained,lock,4,measured,24,77,0.029071,831537362.1859643,,,"{""sum_rel_diff"": 0.0, ""log_entries"": 8, ""n_results"": 4, ""user_lock_acquisitions"": 4}",2026-08-12T06:44:33Z
exp3_writer,chained,record,4,measured,8,78,0.028946,831537362.1859643,,,"{""sum_rel_diff"": 0.0, ""log_entries"": 8, ""n_results"": 4, ""user_lock_acquisitions"": 0}",2026-08-12T06:44:33Z
exp3_writer,chained,record,4,measured,19,79,0.028505,831537362.1859643,,,"{""sum_rel_diff"": 0.0, ""log_entries"": 8, ""n_results"": 4, ""user_lock_acquisitions"": 0}",2026-08-12T06:44:33Z
exp3_writer,chained,lock,4,measured,27,80,0.029711,831537362.1859643,,,"{""sum_rel_diff"": 0.0, ""log_entries"": 8, ""n_results"": 4, ""user_lock_acquisitions"": 4}",2026-08-12T06:44:33Z
exp3_writer,chained,writer,4,measured,4,81,0.028836,831537362.1859643,,,"{""sum_rel_diff"": 0.0, ""log_entries"": 8, ""n_results"": 4, ""user_lock_acquisitions"": 0}",2026-08-12T06:44:33Z
exp3_writer,chained,indexed,4,measured,23,82,0.029360,831537362.1859643,,,"{""sum_rel_diff"": 0.0, ""log_entries"": 8, ""n_results"": 4, ""user_lock_acquisitions"": 0}",2026-08-12T06:44:33Z
exp3_writer,chained,indexed,4,measured,28,83,0.028493,831537362.1859643,,,"{""sum_rel_diff"": 0.0, ""log_entries"": 8, ""n_results"": 4, ""user_lock_acquisitions"": 0}",2026-08-12T06:44:33Z
exp3_writer,chained,lock,4,measured,25,84,0.030213,831537362.1859643,,,"{""sum_rel_diff"": 0.0, ""log_entries"": 8, ""n_results"": 4, ""user_lock_acquisitions"": 4}",2026-08-12T06:44:33Z
exp3_writer,chained,writer,4,measured,14,85,0.028099,831537362.1859643,,,"{""sum_rel_diff"": 0.0, ""log_entries"": 8, ""n_results"": 4, ""user_lock_acquisitions"": 0}",2026-08-12T06:44:33Z
exp3_writer,chained,indexed,4,measured,7,86,0.029356,831537362.1859643,,,"{""sum_rel_diff"": 0.0, ""log_entries"": 8, ""n_results"": 4, ""user_lock_acquisitions"": 0}",2026-08-12T06:44:33Z
exp3_writer,chained,record,4,measured,3,87,0.029105,831537362.1859643,,,"{""sum_rel_diff"": 0.0, ""log_entries"": 8, ""n_results"": 4, ""user_lock_acquisitions"": 0}",2026-08-12T06:44:33Z
exp3_writer,chained,lock,4,measured,16,88,0.028403,831537362.1859643,,,"{""sum_rel_diff"": 0.0, ""log_entries"": 8, ""n_results"": 4, ""user_lock_acquisitions"": 4}",2026-08-12T06:44:33Z
exp3_writer,chained,indexed,4,measured,11,89,0.028625,831537362.1859643,,,"{""sum_rel_diff"": 0.0, ""log_entries"": 8, ""n_results"": 4, ""user_lock_acquisitions"": 0}",2026-08-12T06:44:33Z
exp3_writer,chained,lock,4,measured,8,90,0.028824,831537362.1859643,,,"{""sum_rel_diff"": 0.0, ""log_entries"": 8, ""n_results"": 4, ""user_lock_acquisitions"": 4}",2026-08-12T06:44:33Z
exp3_writer,chained,indexed,4,measured,29,91,0.030210,831537362.1859643,,,"{""sum_rel_diff"": 0.0, ""log_entries"": 8, ""n_results"": 4, ""user_lock_acquisitions"": 0}",2026-08-12T06:44:34Z
exp3_writer,chained,writer,4,measured,6,92,0.029486,831537362.1859643,,,"{""sum_rel_diff"": 0.0, ""log_entries"": 8, ""n_results"": 4, ""user_lock_acquisitions"": 0}",2026-08-12T06:44:34Z
exp3_writer,chained,record,4,measured,13,93,0.028855,831537362.1859643,,,"{""sum_rel_diff"": 0.0, ""log_entries"": 8, ""n_results"": 4, ""user_lock_acquisitions"": 0}",2026-08-12T06:44:34Z
exp3_writer,chained,lock,4,measured,15,94,0.029290,831537362.1859643,,,"{""sum_rel_diff"": 0.0, ""log_entries"": 8, ""n_results"": 4, ""user_lock_acquisitions"": 4}",2026-08-12T06:44:34Z
exp3_writer,chained,indexed,4,measured,3,95,0.029711,831537362.1859643,,,"{""sum_rel_diff"": 0.0, ""log_entries"": 8, ""n_results"": 4, ""user_lock_acquisitions"": 0}",2026-08-12T06:44:34Z
exp3_writer,chained,writer,4,measured,2,96,0.029483,831537362.1859643,,,"{""sum_rel_diff"": 0.0, ""log_entries"": 8, ""n_results"": 4, ""user_lock_acquisitions"": 0}",2026-08-12T06:44:34Z
exp3_writer,chained,lock,4,measured,7,97,0.029265,831537362.1859643,,,"{""sum_rel_diff"": 0.0, ""log_entries"": 8, ""n_results"": 4, ""user_lock_acquisitions"": 4}",2026-08-12T06:44:34Z
exp3_writer,chained,indexed,4,measured,20,98,0.028869,831537362.1859643,,,"{""sum_rel_diff"": 0.0, ""log_entries"": 8, ""n_results"": 4, ""user_lock_acquisitions"": 0}",2026-08-12T06:44:34Z
exp3_writer,chained,writer,4,measured,12,99,0.028676,831537362.1859643,,,"{""sum_rel_diff"": 0.0, ""log_entries"": 8, ""n_results"": 4, ""user_lock_acquisitions"": 0}",2026-08-12T06:44:34Z
exp3_writer,chained,record,4,measured,16,100,0.029100,831537362.1859643,,,"{""sum_rel_diff"": 0.0, ""log_entries"": 8, ""n_results"": 4, ""user_lock_acquisitions"": 0}",2026-08-12T06:44:34Z
exp3_writer,chained,lock,4,measured,4,101,0.030191,831537362.1859643,,,"{""sum_rel_diff"": 0.0, ""log_entries"": 8, ""n_results"": 4, ""user_lock_acquisitions"": 4}",2026-08-12T06:44:34Z
exp3_writer,chained,record,4,measured,29,102,0.028498,831537362.1859643,,,"{""sum_rel_diff"": 0.0, ""log_entries"": 8, ""n_results"": 4, ""user_lock_acquisitions"": 0}",2026-08-12T06:44:34Z
exp3_writer,chained,indexed,4,measured,27,103,0.029051,831537362.1859643,,,"{""sum_rel_diff"": 0.0, ""log_entries"": 8, ""n_results"": 4, ""user_lock_acquisitions"": 0}",2026-08-12T06:44:34Z
exp3_writer,chained,indexed,4,measured,4,104,0.029950,831537362.1859643,,,"{""sum_rel_diff"": 0.0, ""log_entries"": 8, ""n_results"": 4, ""user_lock_acquisitions"": 0}",2026-08-12T06:44:34Z
exp3_writer,chained,record,4,measured,28,105,0.029316,831537362.1859643,,,"{""sum_rel_diff"": 0.0, ""log_entries"": 8, ""n_results"": 4, ""user_lock_acquisitions"": 0}",2026-08-12T06:44:34Z
exp3_writer,chained,lock,4,measured,1,106,0.028442,831537362.1859643,,,"{""sum_rel_diff"": 0.0, ""log_entries"": 8, ""n_results"": 4, ""user_lock_acquisitions"": 4}",2026-08-12T06:44:34Z
exp3_writer,chained,indexed,4,measured,10,107,0.029194,831537362.1859643,,,"{""sum_rel_diff"": 0.0, ""log_entries"": 8, ""n_results"": 4, ""user_lock_acquisitions"": 0}",2026-08-12T06:44:34Z
exp3_writer,chained,lock,4,measured,5,108,0.028717,831537362.1859643,,,"{""sum_rel_diff"": 0.0, ""log_entries"": 8, ""n_results"": 4, ""user_lock_acquisitions"": 4}",2026-08-12T06:44:34Z
exp3_writer,chained,lock,4,measured,29,109,0.029159,831537362.1859643,,,"{""sum_rel_diff"": 0.0, ""log_entries"": 8, ""n_results"": 4, ""user_lock_acquisitions"": 4}",2026-08-12T06:44:34Z
exp3_writer,chained,writer,4,measured,25,110,0.028793,831537362.1859643,,,"{""sum_rel_diff"": 0.0, ""log_entries"": 8, ""n_results"": 4, ""user_lock_acquisitions"": 0}",2026-08-12T06:44:34Z
exp3_writer,chained,record,4,measured,0,111,0.029407,831537362.1859643,,,"{""sum_rel_diff"": 0.0, ""log_entries"": 8, ""n_results"": 4, ""user_lock_acquisitions"": 0}",2026-08-12T06:44:34Z
exp3_writer,chained,lock,4,measured,18,112,0.029701,831537362.1859643,,,"{""sum_rel_diff"": 0.0, ""log_entries"": 8, ""n_results"": 4, ""user_lock_acquisitions"": 4}",2026-08-12T06:44:34Z
exp3_writer,chained,indexed,4,measured,2,113,0.028610,831537362.1859643,,,"{""sum_rel_diff"": 0.0, ""log_entries"": 8, ""n_results"": 4, ""user_lock_acquisitions"": 0}",2026-08-12T06:44:34Z
exp3_writer,chained,indexed,4,measured,19,114,0.029894,831537362.1859643,,,"{""sum_rel_diff"": 0.0, ""log_entries"": 8, ""n_results"": 4, ""user_lock_acquisitions"": 0}",2026-08-12T06:44:34Z
exp3_writer,chained,writer,4,measured,11,115,0.029182,831537362.1859643,,,"{""sum_rel_diff"": 0.0, ""log_entries"": 8, ""n_results"": 4, ""user_lock_acquisitions"": 0}",2026-08-12T06:44:34Z
exp3_writer,chained,writer,4,measured,13,116,0.029052,831537362.1859643,,,"{""sum_rel_diff"": 0.0, ""log_entries"": 8, ""n_results"": 4, ""user_lock_acquisitions"": 0}",2026-08-12T06:44:34Z
exp3_writer,chained,record,4,measured,17,117,0.028609,831537362.1859643,,,"{""sum_rel_diff"": 0.0, ""log_entries"": 8, ""n_results"": 4, ""user_lock_acquisitions"": 0}",2026-08-12T06:44:34Z
exp3_writer,chained,record,4,measured,20,118,0.029157,831537362.1859643,,,"{""sum_rel_diff"": 0.0, ""log_entries"": 8, ""n_results"": 4, ""user_lock_acquisitions"": 0}",2026-08-12T06:44:34Z
exp3_writer,chained,writer,4,measured,1,119,0.029659,831537362.1859643,,,"{""sum_rel_diff"": 0.0, ""log_entries"": 8, ""n_results"": 4, ""user_lock_acquisitions"": 0}",2026-08-12T06:44:34Z
exp3_writer,chained,lock,4,measured,19,120,0.028528,831537362.1859643,,,"{""sum_rel_diff"": 0.0, ""log_entries"": 8, ""n_results"": 4, ""user_lock_acquisitions"": 4}",2026-08-12T06:44:34Z
exp3_writer,chained,indexed,4,measured,6,121,0.029463,831537362.1859643,,,"{""sum_rel_diff"": 0.0, ""log_entries"": 8, ""n_results"": 4, ""user_lock_acquisitions"": 0}",2026-08-12T06:44:34Z
exp3_writer,chained,lock,4,measured,20,122,0.028627,831537362.1859643,,,"{""sum_rel_diff"": 0.0, ""log_entries"": 8, ""n_results"": 4, ""user_lock_acquisitions"": 4}",2026-08-12T06:44:34Z
exp3_writer,chained,lock,4,measured,11,123,0.028866,831537362.1859643,,,"{""sum_rel_diff"": 0.0, ""log_entries"": 8, ""n_results"": 4, ""user_lock_acquisitions"": 4}",2026-08-12T06:44:34Z
exp3_writer,chained,lock,4,measured,23,124,0.025904,831537362.1859643,,,"{""sum_rel_diff"": 0.0, ""log_entries"": 8, ""n_results"": 4, ""user_lock_acquisitions"": 4}",2026-08-12T06:44:34Z
exp3_writer,chained,lock,4,measured,10,125,0.025683,831537362.1859643,,,"{""sum_rel_diff"": 0.0, ""log_entries"": 8, ""n_results"": 4, ""user_lock_acquisitions"": 4}",2026-08-12T06:44:35Z
exp3_writer,chained,record,4,measured,18,126,0.029061,831537362.1859643,,,"{""sum_rel_diff"": 0.0, ""log_entries"": 8, ""n_results"": 4, ""user_lock_acquisitions"": 0}",2026-08-12T06:44:35Z
exp3_writer,chained,writer,4,measured,24,127,0.029840,831537362.1859643,,,"{""sum_rel_diff"": 0.0, ""log_entries"": 8, ""n_results"": 4, ""user_lock_acquisitions"": 0}",2026-08-12T06:44:35Z
exp3_writer,chained,record,4,measured,27,128,0.029233,831537362.1859643,,,"{""sum_rel_diff"": 0.0, ""log_entries"": 8, ""n_results"": 4, ""user_lock_acquisitions"": 0}",2026-08-12T06:44:35Z
exp3_writer,chained,record,4,measured,25,129,0.028930,831537362.1859643,,,"{""sum_rel_diff"": 0.0, ""log_entries"": 8, ""n_results"": 4, ""user_lock_acquisitions"": 0}",2026-08-12T06:44:35Z
exp3_writer,chained,writer,4,measured,10,130,0.025947,831537362.1859643,,,"{""sum_rel_diff"": 0.0, ""log_entries"": 8, ""n_results"": 4, ""user_lock_acquisitions"": 0}",2026-08-12T06:44:35Z
exp3_writer,chained,writer,4,measured,7,131,0.028799,831537362.1859643,,,"{""sum_rel_diff"": 0.0, ""log_entries"": 8, ""n_results"": 4, ""user_lock_acquisitions"": 0}",2026-08-12T06:44:35Z
exp3_writer,chained,record,6,warmup,1,0,0.021927,831537362.1859643,,,"{""sum_rel_diff"": 0.0, ""log_entries"": 12, ""n_results"": 6, ""user_lock_acquisitions"": 0}",2026-08-12T06:44:35Z
exp3_writer,chained,writer,6,warmup,2,1,0.020288,831537362.1859643,,,"{""sum_rel_diff"": 0.0, ""log_entries"": 12, ""n_results"": 6, ""user_lock_acquisitions"": 0}",2026-08-12T06:44:35Z
exp3_writer,chained,lock,6,warmup,1,2,0.018244,831537362.1859643,,,"{""sum_rel_diff"": 0.0, ""log_entries"": 12, ""n_results"": 6, ""user_lock_acquisitions"": 6}",2026-08-12T06:44:35Z
exp3_writer,chained,indexed,6,warmup,1,3,0.021409,831537362.1859643,,,"{""sum_rel_diff"": 0.0, ""log_entries"": 12, ""n_results"": 6, ""user_lock_acquisitions"": 0}",2026-08-12T06:44:35Z
exp3_writer,chained,indexed,6,warmup,0,4,0.022839,831537362.1859643,,,"{""sum_rel_diff"": 0.0, ""log_entries"": 12, ""n_results"": 6, ""user_lock_acquisitions"": 0}",2026-08-12T06:44:35Z
exp3_writer,chained,lock,6,warmup,0,5,0.020610,831537362.1859643,,,"{""sum_rel_diff"": 0.0, ""log_entries"": 12, ""n_results"": 6, ""user_lock_acquisitions"": 6}",2026-08-12T06:44:35Z
exp3_writer,chained,writer,6,warmup,1,6,0.020337,831537362.1859643,,,"{""sum_rel_diff"": 0.0, ""log_entries"": 12, ""n_results"": 6, ""user_lock_acquisitions"": 0}",2026-08-12T06:44:35Z
exp3_writer,chained,writer,6,warmup,0,7,0.021333,831537362.1859643,,,"{""sum_rel_diff"": 0.0, ""log_entries"": 12, ""n_results"": 6, ""user_lock_acquisitions"": 0}",2026-08-12T06:44:35Z
exp3_writer,chained,record,6,warmup,0,8,0.019795,831537362.1859643,,,"{""sum_rel_diff"": 0.0, ""log_entries"": 12, ""n_results"": 6, ""user_lock_acquisitions"": 0}",2026-08-12T06:44:35Z
exp3_writer,chained,indexed,6,warmup,2,9,0.019934,831537362.1859643,,,"{""sum_rel_diff"": 0.0, ""log_entries"": 12, ""n_results"": 6, ""user_lock_acquisitions"": 0}",2026-08-12T06:44:35Z
exp3_writer,chained,record,6,warmup,2,10,0.020902,831537362.1859643,,,"{""sum_rel_diff"": 0.0, ""log_entries"": 12, ""n_results"": 6, ""user_lock_acquisitions"": 0}",2026-08-12T06:44:35Z
exp3_writer,chained,lock,6,warmup,2,11,0.018915,831537362.1859643,,,"{""sum_rel_diff"": 0.0, ""log_entries"": 12, ""n_results"": 6, ""user_lock_acquisitions"": 6}",2026-08-12T06:44:35Z
exp3_writer,chained,record,6,measured,28,12,0.018998,831537362.1859643,,,"{""sum_rel_diff"": 0.0, ""log_entries"": 12, ""n_results"": 6, ""user_lock_acquisitions"": 0}",2026-08-12T06:44:35Z
exp3_writer,chained,writer,6,measured,15,13,0.020910,831537362.1859643,,,"{""sum_rel_diff"": 0.0, ""log_entries"": 12, ""n_results"": 6, ""user_lock_acquisitions"": 0}",2026-08-12T06:44:35Z
exp3_writer,chained,writer,6,measured,21,14,0.020810,831537362.1859643,,,"{""sum_rel_diff"": 0.0, ""log_entries"": 12, ""n_results"": 6, ""user_lock_acquisitions"": 0}",2026-08-12T06:44:35Z
exp3_writer,chained,writer,6,measured,7,15,0.021222,831537362.1859643,,,"{""sum_rel_diff"": 0.0, ""log_entries"": 12, ""n_results"": 6, ""user_lock_acquisitions"": 0}",2026-08-12T06:44:35Z
exp3_writer,chained,lock,6,measured,23,16,0.021779,831537362.1859643,,,"{""sum_rel_diff"": 0.0, ""log_entries"": 12, ""n_results"": 6, ""user_lock_acquisitions"": 6}",2026-08-12T06:44:35Z
exp3_writer,chained,writer,6,measured,17,17,0.021118,831537362.1859643,,,"{""sum_rel_diff"": 0.0, ""log_entries"": 12, ""n_results"": 6, ""user_lock_acquisitions"": 0}",2026-08-12T06:44:35Z
exp3_writer,chained,lock,6,measured,9,18,0.020962,831537362.1859643,,,"{""sum_rel_diff"": 0.0, ""log_entries"": 12, ""n_results"": 6, ""user_lock_acquisitions"": 6}",2026-08-12T06:44:35Z
exp3_writer,chained,record,6,measured,22,19,0.020050,831537362.1859643,,,"{""sum_rel_diff"": 0.0, ""log_entries"": 12, ""n_results"": 6, ""user_lock_acquisitions"": 0}",2026-08-12T06:44:35Z
exp3_writer,chained,lock,6,measured,8,20,0.020850,831537362.1859643,,,"{""sum_rel_diff"": 0.0, ""log_entries"": 12, ""n_results"": 6, ""user_lock_acquisitions"": 6}",2026-08-12T06:44:35Z
exp3_writer,chained,indexed,6,measured,10,21,0.017841,831537362.1859643,,,"{""sum_rel_diff"": 0.0, ""log_entries"": 12, ""n_results"": 6, ""user_lock_acquisitions"": 0}",2026-08-12T06:44:35Z
exp3_writer,chained,lock,6,measured,3,22,0.021073,831537362.1859643,,,"{""sum_rel_diff"": 0.0, ""log_entries"": 12, ""n_results"": 6, ""user_lock_acquisitions"": 6}",2026-08-12T06:44:35Z
exp3_writer,chained,lock,6,measured,25,23,0.020183,831537362.1859643,,,"{""sum_rel_diff"": 0.0, ""log_entries"": 12, ""n_results"": 6, ""user_lock_acquisitions"": 6}",2026-08-12T06:44:35Z
exp3_writer,chained,record,6,measured,24,24,0.020242,831537362.1859643,,,"{""sum_rel_diff"": 0.0, ""log_entries"": 12, ""n_results"": 6, ""user_lock_acquisitions"": 0}",2026-08-12T06:44:35Z
exp3_writer,chained,record,6,measured,26,25,0.021773,831537362.1859643,,,"{""sum_rel_diff"": 0.0, ""log_entries"": 12, ""n_results"": 6, ""user_lock_acquisitions"": 0}",2026-08-12T06:44:35Z
exp3_writer,chained,lock,6,measured,20,26,0.020932,831537362.1859643,,,"{""sum_rel_diff"": 0.0, ""log_entries"": 12, ""n_results"": 6, ""user_lock_acquisitions"": 6}",2026-08-12T06:44:35Z
exp3_writer,chained,record,6,measured,3,27,0.022165,831537362.1859643,,,"{""sum_rel_diff"": 0.0, ""log_entries"": 12, ""n_results"": 6, ""user_lock_acquisitions"": 0}",2026-08-12T06:44:35Z
exp3_writer,chained,record,6,measured,7,28,0.022054,831537362.1859643,,,"{""sum_rel_diff"": 0.0, ""log_entries"": 12, ""n_results"": 6, ""user_lock_acquisitions"": 0}",2026-08-12T06:44:35Z
exp3_writer,chained,record,6,measured,8,29,0.021238,831537362.1859643,,,"{""sum_rel_diff"": 0.0, ""log_entries"": 12, ""n_results"": 6, ""user_lock_acquisitions"": 0}",2026-08-12T06:44:35Z
exp3_writer,chained,writer,6,measured,0,30,0.019911,831537362.1859643,,,"{""sum_rel_diff"": 0.0, ""log_entries"": 12, ""n_results"": 6, ""user_lock_acquisitions"": 0}",2026-08-12T06:44:35Z
exp3_writer,chained,indexed,6,measured,7,31,0.020837,831537362.1859643,,,"{""sum_rel_diff"": 0.0, ""log_entries"": 12, ""n_results"": 6, ""user_lock_acquisitions"": 0}",2026-08-12T06:44:35Z
exp3_writer,chained,record,6,measured,4,32,0.018902,831537362.1859643,,,"{""sum_rel_diff"": 0.0, ""log_entries"": 12, ""n_results"": 6, ""user_lock_acquisitions"": 0}",2026-08-12T06:44:35Z
exp3_writer,chained,writer,6,measured,24,33,0.020340,831537362.1859643,,,"{""sum_rel_diff"": 0.0, ""log_entries"": 12, ""n_results"": 6, ""user_lock_acquisitions"": 0}",2026-08-12T06:44:35Z
exp3_writer,chained,record,6,measured,9,34,0.021411,831537362.1859643,,,"{""sum_rel_diff"": 0.0, ""log_entries"": 12, ""n_results"": 6, ""user_lock_acquisitions"": 0}",2026-08-12T06:44:35Z
exp3_writer,chained,lock,6,measured,2,35,0.020498,831537362.1859643,,,"{""sum_rel_diff"": 0.0, ""log_entries"": 12, ""n_results"": 6, ""user_lock_acquisitions"": 6}",2026-08-12T06:44:35Z
exp3_writer,chained,record,6,measured,21,36,0.020384,831537362.1859643,,,"{""sum_rel_diff"": 0.0, ""log_entries"": 12, ""n_results"": 6, ""user_lock_acquisitions"": 0}",2026-08-12T06:44:35Z
exp3_writer,chained,indexed,6,measured,8,37,0.018398,831537362.1859643,,,"{""sum_rel_diff"": 0.0, ""log_entries"": 12, ""n_results"": 6, ""user_lock_acquisitions"": 0}",2026-08-12T06:44:35Z
exp3_writer,chained,indexed,6,measured,28,38,0.018940,831537362.1859643,,,"{""sum_rel_diff"": 0.0, ""log_entries"": 12, ""n_results"": 6, ""user_lock_acquisitions"": 0}",2026-08-12T06:44:35Z
exp3_writer,chained,writer,6,measured,27,39,0.019249,831537362.1859643,,,"{""sum_rel_diff"": 0.0, ""log_entries"": 12, ""n_results"": 6, ""user_lock_acquisitions"": 0}",2026-08-12T06:44:35Z
exp3_writer,chained,record,6,measured,17,40,0.019187,831537362.1859643,,,"{""sum_rel_diff"": 0.0, ""log_entries"": 12, ""n_results"": 6, ""user_lock_acquisitions"": 0}",2026-08-12T06:44:36Z
exp3_writer,chained,indexed,6,measured,15,41,0.022059,831537362.1859643,,,"{""sum_rel_diff"": 0.0, ""log_entries"": 12, ""n_results"": 6, ""user_lock_acquisitions"": 0}",2026-08-12T06:44:36Z
exp3_writer,chained,lock,6,measured,10,42,0.021280,831537362.1859643,,,"{""sum_rel_diff"": 0.0, ""log_entries"": 12, ""n_results"": 6, ""user_lock_acquisitions"": 6}",2026-08-12T06:44:36Z
exp3_writer,chained,writer,6,measured,9,43,0.019522,831537362.1859643,,,"{""sum_rel_diff"": 0.0, ""log_entries"": 12, ""n_results"": 6, ""user_lock_acquisitions"": 0}",2026-08-12T06:44:36Z
exp3_writer,chained,indexed,6,measured,27,44,0.019076,831537362.1859643,,,"{""sum_rel_diff"": 0.0, ""log_entries"": 12, ""n_results"": 6, ""user_lock_acquisitions"": 0}",2026-08-12T06:44:36Z
exp3_writer,chained,lock,6,measured,14,45,0.021108,831537362.1859643,,,"{""sum_rel_diff"": 0.0, ""log_entries"": 12, ""n_results"": 6, ""user_lock_acquisitions"": 6}",2026-08-12T06:44:36Z
exp3_writer,chained,record,6,measured,2,46,0.020713,831537362.1859643,,,"{""sum_rel_diff"": 0.0, ""log_entries"": 12, ""n_results"": 6, ""user_lock_acquisitions"": 0}",2026-08-12T06:44:36Z
exp3_writer,chained,record,6,measured,20,47,0.019896,831537362.1859643,,,"{""sum_rel_diff"": 0.0, ""log_entries"": 12, ""n_results"": 6, ""user_lock_acquisitions"": 0}",2026-08-12T06:44:36Z
exp3_writer,chained,indexed,6,measured,1,48,0.018572,831537362.1859643,,,"{""sum_rel_diff"": 0.0, ""log_entries"": 12, ""n_results"": 6, ""user_lock_acquisitions"": 0}",2026-08-12T06:44:36Z
exp3_writer,chained,writer,6,measured,6,49,0.018341,831537362.1859643,,,"{""sum_rel_diff"": 0.0, ""log_entries"": 12, ""n_results"": 6, ""user_lock_acquisitions"": 0}",2026-08-12T06:44:36Z
exp3_writer,chained,record,6,measured,18,50,0.020894,831537362.1859643,,,"{""sum_rel_diff"": 0.0, ""log_entries"": 12, ""n_results"": 6, ""user_lock_acquisitions"": 0}",2026-08-12T06:44:36Z
exp3_writer,chained,lock,6,measured,29,51,0.019650,831537362.1859643,,,"{""sum_rel_diff"": 0.0, ""log_entries"": 12, ""n_results"": 6, ""user_lock_acquisitions"": 6}",2026-08-12T06:44:36Z
exp3_writer,chained,lock,6,measured,0,52,0.022284,831537362.1859643,,,"{""sum_rel_diff"": 0.0, ""log_entries"": 12, ""n_results"": 6, ""user_lock_acquisitions"": 6}",2026-08-12T06:44:36Z
exp3_writer,chained,writer,6,measured,11,53,0.020670,831537362.1859643,,,"{""sum_rel_diff"": 0.0, ""log_entries"": 12, ""n_results"": 6, ""user_lock_acquisitions"": 0}",2026-08-12T06:44:36Z
exp3_writer,chained,indexed,6,measured,23,54,0.020939,831537362.1859643,,,"{""sum_rel_diff"": 0.0, ""log_entries"": 12, ""n_results"": 6, ""user_lock_acquisitions"": 0}",2026-08-12T06:44:36Z
exp3_writer,chained,indexed,6,measured,20,55,0.022046,831537362.1859643,,,"{""sum_rel_diff"": 0.0, ""log_entries"": 12, ""n_results"": 6, ""user_lock_acquisitions"": 0}",2026-08-12T06:44:36Z
exp3_writer,chained,indexed,6,measured,16,56,0.022327,831537362.1859643,,,"{""sum_rel_diff"": 0.0, ""log_entries"": 12, ""n_results"": 6, ""user_lock_acquisitions"": 0}",2026-08-12T06:44:36Z
exp3_writer,chained,indexed,6,measured,13,57,0.020097,831537362.1859643,,,"{""sum_rel_diff"": 0.0, ""log_entries"": 12, ""n_results"": 6, ""user_lock_acquisitions"": 0}",2026-08-12T06:44:36Z
exp3_writer,chained,lock,6,measured,1,58,0.021485,831537362.1859643,,,"{""sum_rel_diff"": 0.0, ""log_entries"": 12, ""n_results"": 6, ""user_lock_acquisitions"": 6}",2026-08-12T06:44:36Z
exp3_writer,chained,writer,6,measured,2,59,0.019670,831537362.1859643,,,"{""sum_rel_diff"": 0.0, ""log_entries"": 12, ""n_results"": 6, ""user_lock_acquisitions"": 0}",2026-08-12T06:44:36Z
exp3_writer,chained,writer,6,measured,22,60,0.020722,831537362.1859643,,,"{""sum_rel_diff"": 0.0, ""log_entries"": 12, ""n_results"": 6, ""user_lock_acquisitions"": 0}",2026-08-12T06:44:36Z
exp3_writer,chained,writer,6,measured,16,61,0.020915,831537362.1859643,,,"{""sum_rel_diff"": 0.0, ""log_entries"": 12, ""n_results"": 6, ""user_lock_acquisitions"": 0}",2026-08-12T06:44:36Z
exp3_writer,chained,indexed,6,measured,6,62,0.020595,831537362.1859643,,,"{""sum_rel_diff"": 0.0, ""log_entries"": 12, ""n_results"": 6, ""user_lock_acquisitions"": 0}",2026-08-12T06:44:36Z
exp3_writer,chained,writer,6,measured,12,63,0.022162,831537362.1859643,,,"{""sum_rel_diff"": 0.0, ""log_entries"": 12, ""n_results"": 6, ""user_lock_acquisitions"": 0}",2026-08-12T06:44:36Z
exp3_writer,chained,record,6,measured,19,64,0.020383,831537362.1859643,,,"{""sum_rel_diff"": 0.0, ""log_entries"": 12, ""n_results"": 6, ""user_lock_acquisitions"": 0}",2026-08-12T06:44:36Z
exp3_writer,chained,indexed,6,measured,19,65,0.019903,831537362.1859643,,,"{""sum_rel_diff"": 0.0, ""log_entries"": 12, ""n_results"": 6, ""user_lock_acquisitions"": 0}",2026-08-12T06:44:36Z
exp3_writer,chained,writer,6,measured,23,66,0.020280,831537362.1859643,,,"{""sum_rel_diff"": 0.0, ""log_entries"": 12, ""n_results"": 6, ""user_lock_acquisitions"": 0}",2026-08-12T06:44:36Z
exp3_writer,chained,writer,6,measured,5,67,0.020915,831537362.1859643,,,"{""sum_rel_diff"": 0.0, ""log_entries"": 12, ""n_results"": 6, ""user_lock_acquisitions"": 0}",2026-08-12T06:44:36Z
exp3_writer,chained,record,6,measured,29,68,0.022023,831537362.1859643,,,"{""sum_rel_diff"": 0.0, ""log_entries"": 12, ""n_results"": 6, ""user_lock_acquisitions"": 0}",2026-08-12T06:44:36Z
exp3_writer,chained,record,6,measured,12,69,0.020511,831537362.1859643,,,"{""sum_rel_diff"": 0.0, ""log_entries"": 12, ""n_results"": 6, ""user_lock_acquisitions"": 0}",2026-08-12T06:44:36Z
exp3_writer,chained,indexed,6,measured,3,70,0.019386,831537362.1859643,,,"{""sum_rel_diff"": 0.0, ""log_entries"": 12, ""n_results"": 6, ""user_lock_acquisitions"": 0}",2026-08-12T06:44:36Z
exp3_writer,chained,lock,6,measured,7,71,0.019429,831537362.1859643,,,"{""sum_rel_diff"": 0.0, ""log_entries"": 12, ""n_results"": 6, ""user_lock_acquisitions"": 6}",2026-08-12T06:44:36Z
exp3_writer,chained,indexed,6,measured,11,72,0.020130,831537362.1859643,,,"{""sum_rel_diff"": 0.0, ""log_entries"": 12, ""n_results"": 6, ""user_lock_acquisitions"": 0}",2026-08-12T06:44:36Z
exp3_writer,chained,indexed,6,measured,25,73,0.019802,831537362.1859643,,,"{""sum_rel_diff"": 0.0, ""log_entries"": 12, ""n_results"": 6, ""user_lock_acquisitions"": 0}",2026-08-12T06:44:36Z
exp3_writer,chained,lock,6,measured,28,74,0.017931,831537362.1859643,,,"{""sum_rel_diff"": 0.0, ""log_entries"": 12, ""n_results"": 6, ""user_lock_acquisitions"": 6}",2026-08-12T06:44:36Z
exp3_writer,chained,writer,6,measured,29,75,0.019474,831537362.1859643,,,"{""sum_rel_diff"": 0.0, ""log_entries"": 12, ""n_results"": 6, ""user_lock_acquisitions"": 0}",2026-08-12T06:44:36Z
exp3_writer,chained,writer,6,measured,26,76,0.020517,831537362.1859643,,,"{""sum_rel_diff"": 0.0, ""log_entries"": 12, ""n_results"": 6, ""user_lock_acquisitions"": 0}",2026-08-12T06:44:36Z
exp3_writer,chained,lock,6,measured,13,77,0.020175,831537362.1859643,,,"{""sum_rel_diff"": 0.0, ""log_entries"": 12, ""n_results"": 6, ""user_lock_acquisitions"": 6}",2026-08-12T06:44:36Z
exp3_writer,chained,lock,6,measured,5,78,0.021584,831537362.1859643,,,"{""sum_rel_diff"": 0.0, ""log_entries"": 12, ""n_results"": 6, ""user_lock_acquisitions"": 6}",2026-08-12T06:44:36Z
exp3_writer,chained,indexed,6,measured,26,79,0.021491,831537362.1859643,,,"{""sum_rel_diff"": 0.0, ""log_entries"": 12, ""n_results"": 6, ""user_lock_acquisitions"": 0}",2026-08-12T06:44:36Z
exp3_writer,chained,indexed,6,measured,5,80,0.020857,831537362.1859643,,,"{""sum_rel_diff"": 0.0, ""log_entries"": 12, ""n_results"": 6, ""user_lock_acquisitions"": 0}",2026-08-12T06:44:36Z
exp3_writer,chained,record,6,measured,6,81,0.021498,831537362.1859643,,,"{""sum_rel_diff"": 0.0, ""log_entries"": 12, ""n_results"": 6, ""user_lock_acquisitions"": 0}",2026-08-12T06:44:36Z
exp3_writer,chained,lock,6,measured,18,82,0.018692,831537362.1859643,,,"{""sum_rel_diff"": 0.0, ""log_entries"": 12, ""n_results"": 6, ""user_lock_acquisitions"": 6}",2026-08-12T06:44:36Z
exp3_writer,chained,record,6,measured,23,83,0.020445,831537362.1859643,,,"{""sum_rel_diff"": 0.0, ""log_entries"": 12, ""n_results"": 6, ""user_lock_acquisitions"": 0}",2026-08-12T06:44:36Z
exp3_writer,chained,writer,6,measured,4,84,0.020346,831537362.1859643,,,"{""sum_rel_diff"": 0.0, ""log_entries"": 12, ""n_results"": 6, ""user_lock_acquisitions"": 0}",2026-08-12T06:44:36Z
exp3_writer,chained,indexed,6,measured,2,85,0.019129,831537362.1859643,,,"{""sum_rel_diff"": 0.0, ""log_entries"": 12, ""n_results"": 6, ""user_lock_acquisitions"": 0}",2026-08-12T06:44:36Z
exp3_writer,chained,record,6,measured,16,86,0.018439,831537362.1859643,,,"{""sum_rel_diff"": 0.0, ""log_entries"": 12, ""n_results"": 6, ""user_lock_acquisitions"": 0}",2026-08-12T06:44:36Z
exp3_writer,chained,indexed,6,measured,21,87,0.021597,831537362.1859643,,,"{""sum_rel_diff"": 0.0, ""log_entries"": 12, ""n_results"": 6, ""user_lock_acquisitions"": 0}",2026-08-12T06:44:36Z
exp3_writer,chained,indexed,6,measured,29,88,0.018381,831537362.1859643,,,"{""sum_rel_diff"": 0.0, ""log_entries"": 12, ""n_results"": 6, ""user_lock_acquisitions"": 0}",2026-08-12T06:44:37Z
exp3_writer,chained,record,6,measured,25,89,0.019888,831537362.1859643,,,"{""sum_rel_diff"": 0.0, ""log_entries"": 12, ""n_results"": 6, ""user_lock_acquisitions"": 0}",2026-08-12T06:44:37Z
exp3_writer,chained,writer,6,measured,10,90,0.019715,831537362.1859643,,,"{""sum_rel_diff"": 0.0, ""log_entries"": 12, ""n_results"": 6, ""user_lock_acquisitions"": 0}",2026-08-12T06:44:37Z
exp3_writer,chained,lock,6,measured,12,91,0.019080,831537362.1859643,,,"{""sum_rel_diff"": 0.0, ""log_entries"": 12, ""n_results"": 6, ""user_lock_acquisitions"": 6}",2026-08-12T06:44:37Z
exp3_writer,chained,indexed,6,measured,24,92,0.020676,831537362.1859643,,,"{""sum_rel_diff"": 0.0, ""log_entries"": 12, ""n_results"": 6, ""user_lock_acquisitions"": 0}",2026-08-12T06:44:37Z
exp3_writer,chained,indexed,6,measured,18,93,0.017991,831537362.1859643,,,"{""sum_rel_diff"": 0.0, ""log_entries"": 12, ""n_results"": 6, ""user_lock_acquisitions"": 0}",2026-08-12T06:44:37Z
exp3_writer,chained,lock,6,measured,17,94,0.020551,831537362.1859643,,,"{""sum_rel_diff"": 0.0, ""log_entries"": 12, ""n_results"": 6, ""user_lock_acquisitions"": 6}",2026-08-12T06:44:37Z
exp3_writer,chained,record,6,measured,14,95,0.020121,831537362.1859643,,,"{""sum_rel_diff"": 0.0, ""log_entries"": 12, ""n_results"": 6, ""user_lock_acquisitions"": 0}",2026-08-12T06:44:37Z
exp3_writer,chained,lock,6,measured,27,96,0.020398,831537362.1859643,,,"{""sum_rel_diff"": 0.0, ""log_entries"": 12, ""n_results"": 6, ""user_lock_acquisitions"": 6}",2026-08-12T06:44:37Z
exp3_writer,chained,lock,6,measured,22,97,0.021782,831537362.1859643,,,"{""sum_rel_diff"": 0.0, ""log_entries"": 12, ""n_results"": 6, ""user_lock_acquisitions"": 6}",2026-08-12T06:44:37Z
exp3_writer,chained,indexed,6,measured,14,98,0.021173,831537362.1859643,,,"{""sum_rel_diff"": 0.0, ""log_entries"": 12, ""n_results"": 6, ""user_lock_acquisitions"": 0}",2026-08-12T06:44:37Z
exp3_writer,chained,record,6,measured,13,99,0.021051,831537362.1859643,,,"{""sum_rel_diff"": 0.0, ""log_entries"": 12, ""n_results"": 6, ""user_lock_acquisitions"": 0}",2026-08-12T06:44:37Z
exp3_writer,chained,writer,6,measured,18,100,0.019473,831537362.1859643,,,"{""sum_rel_diff"": 0.0, ""log_entries"": 12, ""n_results"": 6, ""user_lock_acquisitions"": 0}",2026-08-12T06:44:37Z
exp3_writer,chained,lock,6,measured,4,101,0.018959,831537362.1859643,,,"{""sum_rel_diff"": 0.0, ""log_entries"": 12, ""n_results"": 6, ""user_lock_acquisitions"": 6}",2026-08-12T06:44:37Z
exp3_writer,chained,indexed,6,measured,9,102,0.020736,831537362.1859643,,,"{""sum_rel_diff"": 0.0, ""log_entries"": 12, ""n_results"": 6, ""user_lock_acquisitions"": 0}",2026-08-12T06:44:37Z
exp3_writer,chained,indexed,6,measured,17,103,0.020778,831537362.1859643,,,"{""sum_rel_diff"": 0.0, ""log_entries"": 12, ""n_results"": 6, ""user_lock_acquisitions"": 0}",2026-08-12T06:44:37Z
exp3_writer,chained,lock,6,measured,11,104,0.021421,831537362.1859643,,,"{""sum_rel_diff"": 0.0, ""log_entries"": 12, ""n_results"": 6, ""user_lock_acquisitions"": 6}",2026-08-12T06:44:37Z
exp3_writer,chained,record,6,measured,15,105,0.017957,831537362.1859643,,,"{""sum_rel_diff"": 0.0, ""log_entries"": 12, ""n_results"": 6, ""user_lock_acquisitions"": 0}",2026-08-12T06:44:37Z
exp3_writer,chained,lock,6,measured,24,106,0.021459,831537362.1859643,,,"{""sum_rel_diff"": 0.0, ""log_entries"": 12, ""n_results"": 6, ""user_lock_acquisitions"": 6}",2026-08-12T06:44:37Z
exp3_writer,chained,writer,6,measured,13,107,0.020619,831537362.1859643,,,"{""sum_rel_diff"": 0.0, ""log_entries"": 12, ""n_results"": 6, ""user_lock_acquisitions"": 0}",2026-08-12T06:44:37Z
exp3_writer,chained,indexed,6,measured,0,108,0.019988,831537362.1859643,,,"{""sum_rel_diff"": 0.0, ""log_entries"": 12, ""n_results"": 6, ""user_lock_acquisitions"": 0}",2026-08-12T06:44:37Z
exp3_writer,chained,writer,6,measured,8,109,0.020345,831537362.1859643,,,"{""sum_rel_diff"": 0.0, ""log_entries"": 12, ""n_results"": 6, ""user_lock_acquisitions"": 0}",2026-08-12T06:44:37Z
exp3_writer,chained,lock,6,measured,19,110,0.021681,831537362.1859643,,,"{""sum_rel_diff"": 0.0, ""log_entries"": 12, ""n_results"": 6, ""user_lock_acquisitions"": 6}",2026-08-12T06:44:37Z
exp3_writer,chained,writer,6,measured,1,111,0.022312,831537362.1859643,,,"{""sum_rel_diff"": 0.0, ""log_entries"": 12, ""n_results"": 6, ""user_lock_acquisitions"": 0}",2026-08-12T06:44:37Z
exp3_writer,chained,record,6,measured,0,112,0.020541,831537362.1859643,,,"{""sum_rel_diff"": 0.0, ""log_entries"": 12, ""n_results"": 6, ""user_lock_acquisitions"": 0}",2026-08-12T06:44:37Z
exp3_writer,chained,indexed,6,measured,22,113,0.019960,831537362.1859643,,,"{""sum_rel_diff"": 0.0, ""log_entries"": 12, ""n_results"": 6, ""user_lock_acquisitions"": 0}",2026-08-12T06:44:37Z
exp3_writer,chained,writer,6,measured,3,114,0.020855,831537362.1859643,,,"{""sum_rel_diff"": 0.0, ""log_entries"": 12, ""n_results"": 6, ""user_lock_acquisitions"": 0}",2026-08-12T06:44:37Z
exp3_writer,chained,record,6,measured,11,115,0.021665,831537362.1859643,,,"{""sum_rel_diff"": 0.0, ""log_entries"": 12, ""n_results"": 6, ""user_lock_acquisitions"": 0}",2026-08-12T06:44:37Z
exp3_writer,chained,writer,6,measured,14,116,0.021028,831537362.1859643,,,"{""sum_rel_diff"": 0.0, ""log_entries"": 12, ""n_results"": 6, ""user_lock_acquisitions"": 0}",2026-08-12T06:44:37Z
exp3_writer,chained,writer,6,measured,28,117,0.019018,831537362.1859643,,,"{""sum_rel_diff"": 0.0, ""log_entries"": 12, ""n_results"": 6, ""user_lock_acquisitions"": 0}",2026-08-12T06:44:37Z
exp3_writer,chained,lock,6,measured,26,118,0.020465,831537362.1859643,,,"{""sum_rel_diff"": 0.0, ""log_entries"": 12, ""n_results"": 6, ""user_lock_acquisitions"": 6}",2026-08-12T06:44:37Z
exp3_writer,chained,record,6,measured,27,119,0.022154,831537362.1859643,,,"{""sum_rel_diff"": 0.0, ""log_entries"": 12, ""n_results"": 6, ""user_lock_acquisitions"": 0}",2026-08-12T06:44:37Z
exp3_writer,chained,record,6,measured,10,120,0.020554,831537362.1859643,,,"{""sum_rel_diff"": 0.0, ""log_entries"": 12, ""n_results"": 6, ""user_lock_acquisitions"": 0}",2026-08-12T06:44:37Z
exp3_writer,chained,record,6,measured,1,121,0.021181,831537362.1859643,,,"{""sum_rel_diff"": 0.0, ""log_entries"": 12, ""n_results"": 6, ""user_lock_acquisitions"": 0}",2026-08-12T06:44:37Z
exp3_writer,chained,indexed,6,measured,12,122,0.019750,831537362.1859643,,,"{""sum_rel_diff"": 0.0, ""log_entries"": 12, ""n_results"": 6, ""user_lock_acquisitions"": 0}",2026-08-12T06:44:37Z
exp3_writer,chained,writer,6,measured,20,123,0.020024,831537362.1859643,,,"{""sum_rel_diff"": 0.0, ""log_entries"": 12, ""n_results"": 6, ""user_lock_acquisitions"": 0}",2026-08-12T06:44:37Z
exp3_writer,chained,lock,6,measured,15,124,0.021094,831537362.1859643,,,"{""sum_rel_diff"": 0.0, ""log_entries"": 12, ""n_results"": 6, ""user_lock_acquisitions"": 6}",2026-08-12T06:44:37Z
exp3_writer,chained,lock,6,measured,21,125,0.020935,831537362.1859643,,,"{""sum_rel_diff"": 0.0, ""log_entries"": 12, ""n_results"": 6, ""user_lock_acquisitions"": 6}",2026-08-12T06:44:37Z
exp3_writer,chained,writer,6,measured,19,126,0.020018,831537362.1859643,,,"{""sum_rel_diff"": 0.0, ""log_entries"": 12, ""n_results"": 6, ""user_lock_acquisitions"": 0}",2026-08-12T06:44:37Z
exp3_writer,chained,writer,6,measured,25,127,0.018301,831537362.1859643,,,"{""sum_rel_diff"": 0.0, ""log_entries"": 12, ""n_results"": 6, ""user_lock_acquisitions"": 0}",2026-08-12T06:44:37Z
exp3_writer,chained,indexed,6,measured,4,128,0.021561,831537362.1859643,,,"{""sum_rel_diff"": 0.0, ""log_entries"": 12, ""n_results"": 6, ""user_lock_acquisitions"": 0}",2026-08-12T06:44:37Z
exp3_writer,chained,record,6,measured,5,129,0.021747,831537362.1859643,,,"{""sum_rel_diff"": 0.0, ""log_entries"": 12, ""n_results"": 6, ""user_lock_acquisitions"": 0}",2026-08-12T06:44:37Z
exp3_writer,chained,lock,6,measured,6,130,0.020209,831537362.1859643,,,"{""sum_rel_diff"": 0.0, ""log_entries"": 12, ""n_results"": 6, ""user_lock_acquisitions"": 6}",2026-08-12T06:44:37Z
exp3_writer,chained,lock,6,measured,16,131,0.020367,831537362.1859643,,,"{""sum_rel_diff"": 0.0, ""log_entries"": 12, ""n_results"": 6, ""user_lock_acquisitions"": 6}",2026-08-12T06:44:37Z
exp3_writer,chained,lock,8,warmup,1,0,0.016615,831537362.1859643,,,"{""sum_rel_diff"": 0.0, ""log_entries"": 16, ""n_results"": 8, ""user_lock_acquisitions"": 8}",2026-08-12T06:44:37Z
exp3_writer,chained,indexed,8,warmup,2,1,0.017163,831537362.1859643,,,"{""sum_rel_diff"": 0.0, ""log_entries"": 16, ""n_results"": 8, ""user_lock_acquisitions"": 0}",2026-08-12T06:44:37Z
exp3_writer,chained,record,8,warmup,0,2,0.014881,831537362.1859643,,,"{""sum_rel_diff"": 0.0, ""log_entries"": 16, ""n_results"": 8, ""user_lock_acquisitions"": 0}",2026-08-12T06:44:37Z
exp3_writer,chained,lock,8,warmup,0,3,0.016452,831537362.1859643,,,"{""sum_rel_diff"": 0.0, ""log_entries"": 16, ""n_results"": 8, ""user_lock_acquisitions"": 8}",2026-08-12T06:44:37Z
exp3_writer,chained,lock,8,warmup,2,4,0.015539,831537362.1859643,,,"{""sum_rel_diff"": 0.0, ""log_entries"": 16, ""n_results"": 8, ""user_lock_acquisitions"": 8}",2026-08-12T06:44:37Z
exp3_writer,chained,indexed,8,warmup,0,5,0.015384,831537362.1859643,,,"{""sum_rel_diff"": 0.0, ""log_entries"": 16, ""n_results"": 8, ""user_lock_acquisitions"": 0}",2026-08-12T06:44:37Z
exp3_writer,chained,record,8,warmup,2,6,0.015095,831537362.1859643,,,"{""sum_rel_diff"": 0.0, ""log_entries"": 16, ""n_results"": 8, ""user_lock_acquisitions"": 0}",2026-08-12T06:44:38Z
exp3_writer,chained,record,8,warmup,1,7,0.015604,831537362.1859643,,,"{""sum_rel_diff"": 0.0, ""log_entries"": 16, ""n_results"": 8, ""user_lock_acquisitions"": 0}",2026-08-12T06:44:38Z
exp3_writer,chained,writer,8,warmup,1,8,0.015977,831537362.1859643,,,"{""sum_rel_diff"": 0.0, ""log_entries"": 16, ""n_results"": 8, ""user_lock_acquisitions"": 0}",2026-08-12T06:44:38Z
exp3_writer,chained,writer,8,warmup,0,9,0.014614,831537362.1859643,,,"{""sum_rel_diff"": 0.0, ""log_entries"": 16, ""n_results"": 8, ""user_lock_acquisitions"": 0}",2026-08-12T06:44:38Z
exp3_writer,chained,writer,8,warmup,2,10,0.014841,831537362.1859643,,,"{""sum_rel_diff"": 0.0, ""log_entries"": 16, ""n_results"": 8, ""user_lock_acquisitions"": 0}",2026-08-12T06:44:38Z
exp3_writer,chained,indexed,8,warmup,1,11,0.014027,831537362.1859643,,,"{""sum_rel_diff"": 0.0, ""log_entries"": 16, ""n_results"": 8, ""user_lock_acquisitions"": 0}",2026-08-12T06:44:38Z
exp3_writer,chained,writer,8,measured,29,12,0.015667,831537362.1859643,,,"{""sum_rel_diff"": 0.0, ""log_entries"": 16, ""n_results"": 8, ""user_lock_acquisitions"": 0}",2026-08-12T06:44:38Z
exp3_writer,chained,writer,8,measured,21,13,0.015416,831537362.1859643,,,"{""sum_rel_diff"": 0.0, ""log_entries"": 16, ""n_results"": 8, ""user_lock_acquisitions"": 0}",2026-08-12T06:44:38Z
exp3_writer,chained,lock,8,measured,11,14,0.016333,831537362.1859643,,,"{""sum_rel_diff"": 0.0, ""log_entries"": 16, ""n_results"": 8, ""user_lock_acquisitions"": 8}",2026-08-12T06:44:38Z
exp3_writer,chained,writer,8,measured,9,15,0.013592,831537362.1859643,,,"{""sum_rel_diff"": 0.0, ""log_entries"": 16, ""n_results"": 8, ""user_lock_acquisitions"": 0}",2026-08-12T06:44:38Z
exp3_writer,chained,writer,8,measured,8,16,0.014327,831537362.1859643,,,"{""sum_rel_diff"": 0.0, ""log_entries"": 16, ""n_results"": 8, ""user_lock_acquisitions"": 0}",2026-08-12T06:44:38Z
exp3_writer,chained,record,8,measured,15,17,0.015672,831537362.1859643,,,"{""sum_rel_diff"": 0.0, ""log_entries"": 16, ""n_results"": 8, ""user_lock_acquisitions"": 0}",2026-08-12T06:44:38Z
exp3_writer,chained,writer,8,measured,2,18,0.015926,831537362.1859643,,,"{""sum_rel_diff"": 0.0, ""log_entries"": 16, ""n_results"": 8, ""user_lock_acquisitions"": 0}",2026-08-12T06:44:38Z
exp3_writer,chained,lock,8,measured,17,19,0.016554,831537362.1859643,,,"{""sum_rel_diff"": 0.0, ""log_entries"": 16, ""n_results"": 8, ""user_lock_acquisitions"": 8}",2026-08-12T06:44:38Z
exp3_writer,chained,lock,8,measured,12,20,0.016177,831537362.1859643,,,"{""sum_rel_diff"": 0.0, ""log_entries"": 16, ""n_results"": 8, ""user_lock_acquisitions"": 8}",2026-08-12T06:44:38Z
exp3_writer,chained,record,8,measured,5,21,0.018239,831537362.1859643,,,"{""sum_rel_diff"": 0.0, ""log_entries"": 16, ""n_results"": 8, ""user_lock_acquisitions"": 0}",2026-08-12T06:44:38Z
exp3_writer,chained,lock,8,measured,21,22,0.015994,831537362.1859643,,,"{""sum_rel_diff"": 0.0, ""log_entries"": 16, ""n_results"": 8, ""user_lock_acquisitions"": 8}",2026-08-12T06:44:38Z
exp3_writer,chained,indexed,8,measured,5,23,0.014836,831537362.1859643,,,"{""sum_rel_diff"": 0.0, ""log_entries"": 16, ""n_results"": 8, ""user_lock_acquisitions"": 0}",2026-08-12T06:44:38Z
exp3_writer,chained,indexed,8,measured,0,24,0.015002,831537362.1859643,,,"{""sum_rel_diff"": 0.0, ""log_entries"": 16, ""n_results"": 8, ""user_lock_acquisitions"": 0}",2026-08-12T06:44:38Z
exp3_writer,chained,writer,8,measured,12,25,0.016224,831537362.1859643,,,"{""sum_rel_diff"": 0.0, ""log_entries"": 16, ""n_results"": 8, ""user_lock_acquisitions"": 0}",2026-08-12T06:44:38Z
exp3_writer,chained,lock,8,measured,28,26,0.015114,831537362.1859643,,,"{""sum_rel_diff"": 0.0, ""log_entries"": 16, ""n_results"": 8, ""user_lock_acquisitions"": 8}",2026-08-12T06:44:38Z
exp3_writer,chained,lock,8,measured,15,27,0.015366,831537362.1859643,,,"{""sum_rel_diff"": 0.0, ""log_entries"": 16, ""n_results"": 8, ""user_lock_acquisitions"": 8}",2026-08-12T06:44:38Z
exp3_writer,chained,writer,8,measured,26,28,0.014641,831537362.1859643,,,"{""sum_rel_diff"": 0.0, ""log_entries"": 16, ""n_results"": 8, ""user_lock_acquisitions"": 0}",2026-08-12T06:44:38Z
exp3_writer,chained,lock,8,measured,14,29,0.016599,831537362.1859643,,,"{""sum_rel_diff"": 0.0, ""log_entries"": 16, ""n_results"": 8, ""user_lock_acquisitions"": 8}",2026-08-12T06:44:38Z
exp3_writer,chained,record,8,measured,7,30,0.014867,831537362.1859643,,,"{""sum_rel_diff"": 0.0, ""log_entries"": 16, ""n_results"": 8, ""user_lock_acquisitions"": 0}",2026-08-12T06:44:38Z
exp3_writer,chained,writer,8,measured,3,31,0.015023,831537362.1859643,,,"{""sum_rel_diff"": 0.0, ""log_entries"": 16, ""n_results"": 8, ""user_lock_acquisitions"": 0}",2026-08-12T06:44:38Z
exp3_writer,chained,lock,8,measured,29,32,0.014941,831537362.1859643,,,"{""sum_rel_diff"": 0.0, ""log_entries"": 16, ""n_results"": 8, ""user_lock_acquisitions"": 8}",2026-08-12T06:44:38Z
exp3_writer,chained,record,8,measured,17,33,0.014801,831537362.1859643,,,"{""sum_rel_diff"": 0.0, ""log_entries"": 16, ""n_results"": 8, ""user_lock_acquisitions"": 0}",2026-08-12T06:44:38Z
exp3_writer,chained,record,8,measured,9,34,0.015606,831537362.1859643,,,"{""sum_rel_diff"": 0.0, ""log_entries"": 16, ""n_results"": 8, ""user_lock_acquisitions"": 0}",2026-08-12T06:44:38Z
exp3_writer,chained,writer,8,measured,28,35,0.013898,831537362.1859643,,,"{""sum_rel_diff"": 0.0, ""log_entries"": 16, ""n_results"": 8, ""user_lock_acquisitions"": 0}",2026-08-12T06:44:38Z
exp3_writer,chained,record,8,measured,21,36,0.017026,831537362.1859643,,,"{""sum_rel_diff"": 0.0, ""log_entries"": 16, ""n_results"": 8, ""user_lock_acquisitions"": 0}",2026-08-12T06:44:38Z
exp3_writer,chained,record,8,measured,24,37,0.015327,831537362.1859643,,,"{""sum_rel_diff"": 0.0, ""log_entries"": 16, ""n_results"": 8, ""user_lock_acquisitions"": 0}",2026-08-12T06:44:38Z
exp3_writer,chained,indexed,8,measured,16,38,0.015774,831537362.1859643,,,"{""sum_rel_diff"": 0.0, ""log_entries"": 16, ""n_results"": 8, ""user_lock_acquisitions"": 0}",2026-08-12T06:44:38Z
exp3_writer,chained,indexed,8,measured,20,39,0.015188,831537362.1859643,,,"{""sum_rel_diff"": 0.0, ""log_entries"": 16, ""n_results"": 8, ""user_lock_acquisitions"": 0}",2026-08-12T06:44:38Z
exp3_writer,chained,record,8,measured,6,40,0.016921,831537362.1859643,,,"{""sum_rel_diff"": 0.0, ""log_entries"": 16, ""n_results"": 8, ""user_lock_acquisitions"": 0}",2026-08-12T06:44:38Z
exp3_writer,chained,indexed,8,measured,22,41,0.014510,831537362.1859643,,,"{""sum_rel_diff"": 0.0, ""log_entries"": 16, ""n_results"": 8, ""user_lock_acquisitions"": 0}",2026-08-12T06:44:38Z
exp3_writer,chained,indexed,8,measured,8,42,0.014498,831537362.1859643,,,"{""sum_rel_diff"": 0.0, ""log_entries"": 16, ""n_results"": 8, ""user_lock_acquisitions"": 0}",2026-08-12T06:44:38Z
exp3_writer,chained,writer,8,measured,0,43,0.014917,831537362.1859643,,,"{""sum_rel_diff"": 0.0, ""log_entries"": 16, ""n_results"": 8, ""user_lock_acquisitions"": 0}",2026-08-12T06:44:38Z
exp3_writer,chained,lock,8,measured,10,44,0.015231,831537362.1859643,,,"{""sum_rel_diff"": 0.0, ""log_entries"": 16, ""n_results"": 8, ""user_lock_acquisitions"": 8}",2026-08-12T06:44:38Z
exp3_writer,chained,lock,8,measured,20,45,0.015858,831537362.1859643,,,"{""sum_rel_diff"": 0.0, ""log_entries"": 16, ""n_results"": 8, ""user_lock_acquisitions"": 8}",2026-08-12T06:44:38Z
exp3_writer,chained,record,8,measured,29,46,0.014427,831537362.1859643,,,"{""sum_rel_diff"": 0.0, ""log_entries"": 16, ""n_results"": 8, ""user_lock_acquisitions"": 0}",2026-08-12T06:44:38Z
exp3_writer,chained,lock,8,measured,5,47,0.014022,831537362.1859643,,,"{""sum_rel_diff"": 0.0, ""log_entries"": 16, ""n_results"": 8, ""user_lock_acquisitions"": 8}",2026-08-12T06:44:38Z
exp3_writer,chained,record,8,measured,10,48,0.014720,831537362.1859643,,,"{""sum_rel_diff"": 0.0, ""log_entries"": 16, ""n_results"": 8, ""user_lock_acquisitions"": 0}",2026-08-12T06:44:38Z
exp3_writer,chained,lock,8,measured,6,49,0.014945,831537362.1859643,,,"{""sum_rel_diff"": 0.0, ""log_entries"": 16, ""n_results"": 8, ""user_lock_acquisitions"": 8}",2026-08-12T06:44:38Z
exp3_writer,chained,record,8,measured,2,50,0.014998,831537362.1859643,,,"{""sum_rel_diff"": 0.0, ""log_entries"": 16, ""n_results"": 8, ""user_lock_acquisitions"": 0}",2026-08-12T06:44:38Z
exp3_writer,chained,lock,8,measured,9,51,0.014854,831537362.1859643,,,"{""sum_rel_diff"": 0.0, ""log_entries"": 16, ""n_results"": 8, ""user_lock_acquisitions"": 8}",2026-08-12T06:44:38Z
exp3_writer,chained,indexed,8,measured,15,52,0.014723,831537362.1859643,,,"{""sum_rel_diff"": 0.0, ""log_entries"": 16, ""n_results"": 8, ""user_lock_acquisitions"": 0}",2026-08-12T06:44:38Z
exp3_writer,chained,writer,8,measured,11,53,0.015744,831537362.1859643,,,"{""sum_rel_diff"": 0.0, ""log_entries"": 16, ""n_results"": 8, ""user_lock_acquisitions"": 0}",2026-08-12T06:44:38Z
exp3_writer,chained,lock,8,measured,7,54,0.015965,831537362.1859643,,,"{""sum_rel_diff"": 0.0, ""log_entries"": 16, ""n_results"": 8, ""user_lock_acquisitions"": 8}",2026-08-12T06:44:38Z
exp3_writer,chained,record,8,measured,13,55,0.017433,831537362.1859643,,,"{""sum_rel_diff"": 0.0, ""log_entries"": 16, ""n_results"": 8, ""user_lock_acquisitions"": 0}",2026-08-12T06:44:38Z
exp3_writer,chained,record,8,measured,16,56,0.015582,831537362.1859643,,,"{""sum_rel_diff"": 0.0, ""log_entries"": 16, ""n_results"": 8, ""user_lock_acquisitions"": 0}",2026-08-12T06:44:38Z
exp3_writer,chained,writer,8,measured,22,57,0.015322,831537362.1859643,,,"{""sum_rel_diff"": 0.0, ""log_entries"": 16, ""n_results"": 8, ""user_lock_acquisitions"": 0}",2026-08-12T06:44:38Z
exp3_writer,chained,indexed,8,measured,28,58,0.015359,831537362.1859643,,,"{""sum_rel_diff"": 0.0, ""log_entries"": 16, ""n_results"": 8, ""user_lock_acquisitions"": 0}",2026-08-12T06:44:38Z
exp3_writer,chained,indexed,8,measured,14,59,0.014459,831537362.1859643,,,"{""sum_rel_diff"": 0.0, ""log_entries"": 16, ""n_results"": 8, ""user_lock_acquisitions"": 0}",2026-08-12T06:44:38Z
exp3_writer,chained,writer,8,measured,16,60,0.016343,831537362.1859643,,,"{""sum_rel_diff"": 0.0, ""log_entries"": 16, ""n_results"": 8, ""user_lock_acquisitions"": 0}",2026-08-12T06:44:38Z
exp3_writer,chained,writer,8,measured,20,61,0.015610,831537362.1859643,,,"{""sum_rel_diff"": 0.0, ""log_entries"": 16, ""n_results"": 8, ""user_lock_acquisitions"": 0}",2026-08-12T06:44:38Z
exp3_writer,chained,indexed,8,measured,7,62,0.014091,831537362.1859643,,,"{""sum_rel_diff"": 0.0, ""log_entries"": 16, ""n_results"": 8, ""user_lock_acquisitions"": 0}",2026-08-12T06:44:38Z
exp3_writer,chained,writer,8,measured,27,63,0.014632,831537362.1859643,,,"{""sum_rel_diff"": 0.0, ""log_entries"": 16, ""n_results"": 8, ""user_lock_acquisitions"": 0}",2026-08-12T06:44:38Z
exp3_writer,chained,record,8,measured,4,64,0.014031,831537362.1859643,,,"{""sum_rel_diff"": 0.0, ""log_entries"": 16, ""n_results"": 8, ""user_lock_acquisitions"": 0}",2026-08-12T06:44:38Z
exp3_writer,chained,lock,8,measured,13,65,0.015085,831537362.1859643,,,"{""sum_rel_diff"": 0.0, ""log_entries"": 16, ""n_results"": 8, ""user_lock_acquisitions"": 8}",2026-08-12T06:44:38Z
exp3_writer,chained,writer,8,measured,1,66,0.013700,831537362.1859643,,,"{""sum_rel_diff"": 0.0, ""log_entries"": 16, ""n_results"": 8, ""user_lock_acquisitions"": 0}",2026-08-12T06:44:38Z
exp3_writer,chained,indexed,8,measured,11,67,0.016374,831537362.1859643,,,"{""sum_rel_diff"": 0.0, ""log_entries"": 16, ""n_results"": 8, ""user_lock_acquisitions"": 0}",2026-08-12T06:44:38Z
exp3_writer,chained,indexed,8,measured,18,68,0.015321,831537362.1859643,,,"{""sum_rel_diff"": 0.0, ""log_entries"": 16, ""n_results"": 8, ""user_lock_acquisitions"": 0}",2026-08-12T06:44:38Z
exp3_writer,chained,indexed,8,measured,17,69,0.017393,831537362.1859643,,,"{""sum_rel_diff"": 0.0, ""log_entries"": 16, ""n_results"": 8, ""user_lock_acquisitions"": 0}",2026-08-12T06:44:38Z
exp3_writer,chained,record,8,measured,8,70,0.015458,831537362.1859643,,,"{""sum_rel_diff"": 0.0, ""log_entries"": 16, ""n_results"": 8, ""user_lock_acquisitions"": 0}",2026-08-12T06:44:38Z
exp3_writer,chained,record,8,measured,11,71,0.017256,831537362.1859643,,,"{""sum_rel_diff"": 0.0, ""log_entries"": 16, ""n_results"": 8, ""user_lock_acquisitions"": 0}",2026-08-12T06:44:39Z
exp3_writer,chained,lock,8,measured,8,72,0.016884,831537362.1859643,,,"{""sum_rel_diff"": 0.0, ""log_entries"": 16, ""n_results"": 8, ""user_lock_acquisitions"": 8}",2026-08-12T06:44:39Z
exp3_writer,chained,writer,8,measured,15,73,0.016937,831537362.1859643,,,"{""sum_rel_diff"": 0.0, ""log_entries"": 16, ""n_results"": 8, ""user_lock_acquisitions"": 0}",2026-08-12T06:44:39Z
exp3_writer,chained,record,8,measured,25,74,0.015855,831537362.1859643,,,"{""sum_rel_diff"": 0.0, ""log_entries"": 16, ""n_results"": 8, ""user_lock_acquisitions"": 0}",2026-08-12T06:44:39Z
exp3_writer,chained,record,8,measured,18,75,0.013827,831537362.1859643,,,"{""sum_rel_diff"": 0.0, ""log_entries"": 16, ""n_results"": 8, ""user_lock_acquisitions"": 0}",2026-08-12T06:44:39Z
exp3_writer,chained,record,8,measured,3,76,0.016151,831537362.1859643,,,"{""sum_rel_diff"": 0.0, ""log_entries"": 16, ""n_results"": 8, ""user_lock_acquisitions"": 0}",2026-08-12T06:44:39Z
exp3_writer,chained,indexed,8,measured,24,77,0.014399,831537362.1859643,,,"{""sum_rel_diff"": 0.0, ""log_entries"": 16, ""n_results"": 8, ""user_lock_acquisitions"": 0}",2026-08-12T06:44:39Z
exp3_writer,chained,lock,8,measured,16,78,0.015939,831537362.1859643,,,"{""sum_rel_diff"": 0.0, ""log_entries"": 16, ""n_results"": 8, ""user_lock_acquisitions"": 8}",2026-08-12T06:44:39Z
exp3_writer,chained,lock,8,measured,24,79,0.014628,831537362.1859643,,,"{""sum_rel_diff"": 0.0, ""log_entries"": 16, ""n_results"": 8, ""user_lock_acquisitions"": 8}",2026-08-12T06:44:39Z
exp3_writer,chained,writer,8,measured,25,80,0.014938,831537362.1859643,,,"{""sum_rel_diff"": 0.0, ""log_entries"": 16, ""n_results"": 8, ""user_lock_acquisitions"": 0}",2026-08-12T06:44:39Z
exp3_writer,chained,indexed,8,measured,27,81,0.014483,831537362.1859643,,,"{""sum_rel_diff"": 0.0, ""log_entries"": 16, ""n_results"": 8, ""user_lock_acquisitions"": 0}",2026-08-12T06:44:39Z
exp3_writer,chained,indexed,8,measured,6,82,0.015258,831537362.1859643,,,"{""sum_rel_diff"": 0.0, ""log_entries"": 16, ""n_results"": 8, ""user_lock_acquisitions"": 0}",2026-08-12T06:44:39Z
exp3_writer,chained,record,8,measured,19,83,0.016896,831537362.1859643,,,"{""sum_rel_diff"": 0.0, ""log_entries"": 16, ""n_results"": 8, ""user_lock_acquisitions"": 0}",2026-08-12T06:44:39Z
exp3_writer,chained,indexed,8,measured,29,84,0.017165,831537362.1859643,,,"{""sum_rel_diff"": 0.0, ""log_entries"": 16, ""n_results"": 8, ""user_lock_acquisitions"": 0}",2026-08-12T06:44:39Z
exp3_writer,chained,lock,8,measured,18,85,0.015592,831537362.1859643,,,"{""sum_rel_diff"": 0.0, ""log_entries"": 16, ""n_results"": 8, ""user_lock_acquisitions"": 8}",2026-08-12T06:44:39Z
exp3_writer,chained,writer,8,measured,19,86,0.014394,831537362.1859643,,,"{""sum_rel_diff"": 0.0, ""log_entries"": 16, ""n_results"": 8, ""user_lock_acquisitions"": 0}",2026-08-12T06:44:39Z
exp3_writer,chained,writer,8,measured,6,87,0.015762,831537362.1859643,,,"{""sum_rel_diff"": 0.0, ""log_entries"": 16, ""n_results"": 8, ""user_lock_acquisitions"": 0}",2026-08-12T06:44:39Z
exp3_writer,chained,writer,8,measured,10,88,0.015413,831537362.1859643,,,"{""sum_rel_diff"": 0.0, ""log_entries"": 16, ""n_results"": 8, ""user_lock_acquisitions"": 0}",2026-08-12T06:44:39Z
exp3_writer,chained,writer,8,measured,4,89,0.014944,831537362.1859643,,,"{""sum_rel_diff"": 0.0, ""log_entries"": 16, ""n_results"": 8, ""user_lock_acquisitions"": 0}",2026-08-12T06:44:39Z
exp3_writer,chained,record,8,measured,14,90,0.014894,831537362.1859643,,,"{""sum_rel_diff"": 0.0, ""log_entries"": 16, ""n_results"": 8, ""user_lock_acquisitions"": 0}",2026-08-12T06:44:39Z
exp3_writer,chained,indexed,8,measured,23,91,0.014894,831537362.1859643,,,"{""sum_rel_diff"": 0.0, ""log_entries"": 16, ""n_results"": 8, ""user_lock_acquisitions"": 0}",2026-08-12T06:44:39Z
exp3_writer,chained,lock,8,measured,25,92,0.016666,831537362.1859643,,,"{""sum_rel_diff"": 0.0, ""log_entries"": 16, ""n_results"": 8, ""user_lock_acquisitions"": 8}",2026-08-12T06:44:39Z
exp3_writer,chained,record,8,measured,22,93,0.015627,831537362.1859643,,,"{""sum_rel_diff"": 0.0, ""log_entries"": 16, ""n_results"": 8, ""user_lock_acquisitions"": 0}",2026-08-12T06:44:39Z
exp3_writer,chained,indexed,8,measured,4,94,0.016397,831537362.1859643,,,"{""sum_rel_diff"": 0.0, ""log_entries"": 16, ""n_results"": 8, ""user_lock_acquisitions"": 0}",2026-08-12T06:44:39Z
exp3_writer,chained,writer,8,measured,18,95,0.014118,831537362.1859643,,,"{""sum_rel_diff"": 0.0, ""log_entries"": 16, ""n_results"": 8, ""user_lock_acquisitions"": 0}",2026-08-12T06:44:39Z
exp3_writer,chained,indexed,8,measured,2,96,0.016849,831537362.1859643,,,"{""sum_rel_diff"": 0.0, ""log_entries"": 16, ""n_results"": 8, ""user_lock_acquisitions"": 0}",2026-08-12T06:44:39Z
exp3_writer,chained,indexed,8,measured,12,97,0.014277,831537362.1859643,,,"{""sum_rel_diff"": 0.0, ""log_entries"": 16, ""n_results"": 8, ""user_lock_acquisitions"": 0}",2026-08-12T06:44:39Z
exp3_writer,chained,indexed,8,measured,25,98,0.014215,831537362.1859643,,,"{""sum_rel_diff"": 0.0, ""log_entries"": 16, ""n_results"": 8, ""user_lock_acquisitions"": 0}",2026-08-12T06:44:39Z
exp3_writer,chained,indexed,8,measured,13,99,0.014887,831537362.1859643,,,"{""sum_rel_diff"": 0.0, ""log_entries"": 16, ""n_results"": 8, ""user_lock_acquisitions"": 0}",2026-08-12T06:44:39Z
exp3_writer,chained,lock,8,measured,1,100,0.016460,831537362.1859643,,,"{""sum_rel_diff"": 0.0, ""log_entries"": 16, ""n_results"": 8, ""user_lock_acquisitions"": 8}",2026-08-12T06:44:39Z
exp3_writer,chained,lock,8,measured,26,101,0.016560,831537362.1859643,,,"{""sum_rel_diff"": 0.0, ""log_entries"": 16, ""n_results"": 8, ""user_lock_acquisitions"": 8}",2026-08-12T06:44:39Z
exp3_writer,chained,writer,8,measured,23,102,0.015427,831537362.1859643,,,"{""sum_rel_diff"": 0.0, ""log_entries"": 16, ""n_results"": 8, ""user_lock_acquisitions"": 0}",2026-08-12T06:44:39Z
exp3_writer,chained,writer,8,measured,7,103,0.016068,831537362.1859643,,,"{""sum_rel_diff"": 0.0, ""log_entries"": 16, ""n_results"": 8, ""user_lock_acquisitions"": 0}",2026-08-12T06:44:39Z
exp3_writer,chained,writer,8,measured,17,104,0.015423,831537362.1859643,,,"{""sum_rel_diff"": 0.0, ""log_entries"": 16, ""n_results"": 8, ""user_lock_acquisitions"": 0}",2026-08-12T06:44:39Z
exp3_writer,chained,lock,8,measured,19,105,0.015783,831537362.1859643,,,"{""sum_rel_diff"": 0.0, ""log_entries"": 16, ""n_results"": 8, ""user_lock_acquisitions"": 8}",2026-08-12T06:44:39Z
exp3_writer,chained,record,8,measured,1,106,0.015174,831537362.1859643,,,"{""sum_rel_diff"": 0.0, ""log_entries"": 16, ""n_results"": 8, ""user_lock_acquisitions"": 0}",2026-08-12T06:44:39Z
exp3_writer,chained,record,8,measured,23,107,0.016154,831537362.1859643,,,"{""sum_rel_diff"": 0.0, ""log_entries"": 16, ""n_results"": 8, ""user_lock_acquisitions"": 0}",2026-08-12T06:44:39Z
exp3_writer,chained,indexed,8,measured,1,108,0.016121,831537362.1859643,,,"{""sum_rel_diff"": 0.0, ""log_entries"": 16, ""n_results"": 8, ""user_lock_acquisitions"": 0}",2026-08-12T06:44:39Z
exp3_writer,chained,record,8,measured,0,109,0.014147,831537362.1859643,,,"{""sum_rel_diff"": 0.0, ""log_entries"": 16, ""n_results"": 8, ""user_lock_acquisitions"": 0}",2026-08-12T06:44:39Z
exp3_writer,chained,indexed,8,measured,3,110,0.014942,831537362.1859643,,,"{""sum_rel_diff"": 0.0, ""log_entries"": 16, ""n_results"": 8, ""user_lock_acquisitions"": 0}",2026-08-12T06:44:39Z
exp3_writer,chained,lock,8,measured,4,111,0.015510,831537362.1859643,,,"{""sum_rel_diff"": 0.0, ""log_entries"": 16, ""n_results"": 8, ""user_lock_acquisitions"": 8}",2026-08-12T06:44:39Z
exp3_writer,chained,indexed,8,measured,10,112,0.015704,831537362.1859643,,,"{""sum_rel_diff"": 0.0, ""log_entries"": 16, ""n_results"": 8, ""user_lock_acquisitions"": 0}",2026-08-12T06:44:39Z
exp3_writer,chained,lock,8,measured,3,113,0.016554,831537362.1859643,,,"{""sum_rel_diff"": 0.0, ""log_entries"": 16, ""n_results"": 8, ""user_lock_acquisitions"": 8}",2026-08-12T06:44:39Z
exp3_writer,chained,indexed,8,measured,19,114,0.014853,831537362.1859643,,,"{""sum_rel_diff"": 0.0, ""log_entries"": 16, ""n_results"": 8, ""user_lock_acquisitions"": 0}",2026-08-12T06:44:39Z
exp3_writer,chained,writer,8,measured,13,115,0.015198,831537362.1859643,,,"{""sum_rel_diff"": 0.0, ""log_entries"": 16, ""n_results"": 8, ""user_lock_acquisitions"": 0}",2026-08-12T06:44:39Z
exp3_writer,chained,record,8,measured,26,116,0.015350,831537362.1859643,,,"{""sum_rel_diff"": 0.0, ""log_entries"": 16, ""n_results"": 8, ""user_lock_acquisitions"": 0}",2026-08-12T06:44:39Z
exp3_writer,chained,writer,8,measured,14,117,0.014432,831537362.1859643,,,"{""sum_rel_diff"": 0.0, ""log_entries"": 16, ""n_results"": 8, ""user_lock_acquisitions"": 0}",2026-08-12T06:44:39Z
exp3_writer,chained,lock,8,measured,22,118,0.014947,831537362.1859643,,,"{""sum_rel_diff"": 0.0, ""log_entries"": 16, ""n_results"": 8, ""user_lock_acquisitions"": 8}",2026-08-12T06:44:39Z
exp3_writer,chained,indexed,8,measured,26,119,0.016758,831537362.1859643,,,"{""sum_rel_diff"": 0.0, ""log_entries"": 16, ""n_results"": 8, ""user_lock_acquisitions"": 0}",2026-08-12T06:44:39Z
exp3_writer,chained,indexed,8,measured,21,120,0.014095,831537362.1859643,,,"{""sum_rel_diff"": 0.0, ""log_entries"": 16, ""n_results"": 8, ""user_lock_acquisitions"": 0}",2026-08-12T06:44:39Z
exp3_writer,chained,writer,8,measured,24,121,0.014641,831537362.1859643,,,"{""sum_rel_diff"": 0.0, ""log_entries"": 16, ""n_results"": 8, ""user_lock_acquisitions"": 0}",2026-08-12T06:44:39Z
exp3_writer,chained,record,8,measured,28,122,0.015298,831537362.1859643,,,"{""sum_rel_diff"": 0.0, ""log_entries"": 16, ""n_results"": 8, ""user_lock_acquisitions"": 0}",2026-08-12T06:44:39Z
exp3_writer,chained,lock,8,measured,2,123,0.017261,831537362.1859643,,,"{""sum_rel_diff"": 0.0, ""log_entries"": 16, ""n_results"": 8, ""user_lock_acquisitions"": 8}",2026-08-12T06:44:39Z
exp3_writer,chained,record,8,measured,20,124,0.015710,831537362.1859643,,,"{""sum_rel_diff"": 0.0, ""log_entries"": 16, ""n_results"": 8, ""user_lock_acquisitions"": 0}",2026-08-12T06:44:39Z
exp3_writer,chained,writer,8,measured,5,125,0.016995,831537362.1859643,,,"{""sum_rel_diff"": 0.0, ""log_entries"": 16, ""n_results"": 8, ""user_lock_acquisitions"": 0}",2026-08-12T06:44:39Z
exp3_writer,chained,lock,8,measured,27,126,0.018180,831537362.1859643,,,"{""sum_rel_diff"": 0.0, ""log_entries"": 16, ""n_results"": 8, ""user_lock_acquisitions"": 8}",2026-08-12T06:44:39Z
exp3_writer,chained,lock,8,measured,23,127,0.017275,831537362.1859643,,,"{""sum_rel_diff"": 0.0, ""log_entries"": 16, ""n_results"": 8, ""user_lock_acquisitions"": 8}",2026-08-12T06:44:39Z
exp3_writer,chained,record,8,measured,27,128,0.016097,831537362.1859643,,,"{""sum_rel_diff"": 0.0, ""log_entries"": 16, ""n_results"": 8, ""user_lock_acquisitions"": 0}",2026-08-12T06:44:39Z
exp3_writer,chained,indexed,8,measured,9,129,0.014639,831537362.1859643,,,"{""sum_rel_diff"": 0.0, ""log_entries"": 16, ""n_results"": 8, ""user_lock_acquisitions"": 0}",2026-08-12T06:44:39Z
exp3_writer,chained,lock,8,measured,0,130,0.015158,831537362.1859643,,,"{""sum_rel_diff"": 0.0, ""log_entries"": 16, ""n_results"": 8, ""user_lock_acquisitions"": 8}",2026-08-12T06:44:39Z
exp3_writer,chained,record,8,measured,12,131,0.015384,831537362.1859643,,,"{""sum_rel_diff"": 0.0, ""log_entries"": 16, ""n_results"": 8, ""user_lock_acquisitions"": 0}",2026-08-12T06:44:39Z
exp3_writer,chained,lock,10,warmup,1,0,0.014194,831537362.1859643,,,"{""sum_rel_diff"": 0.0, ""log_entries"": 20, ""n_results"": 10, ""user_lock_acquisitions"": 10}",2026-08-12T06:44:39Z
exp3_writer,chained,indexed,10,warmup,1,1,0.013381,831537362.1859643,,,"{""sum_rel_diff"": 0.0, ""log_entries"": 20, ""n_results"": 10, ""user_lock_acquisitions"": 0}",2026-08-12T06:44:39Z
exp3_writer,chained,indexed,10,warmup,0,2,0.014226,831537362.1859643,,,"{""sum_rel_diff"": 0.0, ""log_entries"": 20, ""n_results"": 10, ""user_lock_acquisitions"": 0}",2026-08-12T06:44:39Z
exp3_writer,chained,writer,10,warmup,1,3,0.013808,831537362.1859643,,,"{""sum_rel_diff"": 0.0, ""log_entries"": 20, ""n_results"": 10, ""user_lock_acquisitions"": 0}",2026-08-12T06:44:40Z
exp3_writer,chained,record,10,warmup,2,4,0.012352,831537362.1859643,,,"{""sum_rel_diff"": 0.0, ""log_entries"": 20, ""n_results"": 10, ""user_lock_acquisitions"": 0}",2026-08-12T06:44:40Z
exp3_writer,chained,indexed,10,warmup,2,5,0.011925,831537362.1859643,,,"{""sum_rel_diff"": 0.0, ""log_entries"": 20, ""n_results"": 10, ""user_lock_acquisitions"": 0}",2026-08-12T06:44:40Z
exp3_writer,chained,writer,10,warmup,2,6,0.014892,831537362.1859643,,,"{""sum_rel_diff"": 0.0, ""log_entries"": 20, ""n_results"": 10, ""user_lock_acquisitions"": 0}",2026-08-12T06:44:40Z
exp3_writer,chained,record,10,warmup,0,7,0.015386,831537362.1859643,,,"{""sum_rel_diff"": 0.0, ""log_entries"": 20, ""n_results"": 10, ""user_lock_acquisitions"": 0}",2026-08-12T06:44:40Z
exp3_writer,chained,writer,10,warmup,0,8,0.012606,831537362.1859643,,,"{""sum_rel_diff"": 0.0, ""log_entries"": 20, ""n_results"": 10, ""user_lock_acquisitions"": 0}",2026-08-12T06:44:40Z
exp3_writer,chained,lock,10,warmup,0,9,0.012807,831537362.1859643,,,"{""sum_rel_diff"": 0.0, ""log_entries"": 20, ""n_results"": 10, ""user_lock_acquisitions"": 10}",2026-08-12T06:44:40Z
exp3_writer,chained,record,10,warmup,1,10,0.012394,831537362.1859643,,,"{""sum_rel_diff"": 0.0, ""log_entries"": 20, ""n_results"": 10, ""user_lock_acquisitions"": 0}",2026-08-12T06:44:40Z
exp3_writer,chained,lock,10,warmup,2,11,0.012625,831537362.1859643,,,"{""sum_rel_diff"": 0.0, ""log_entries"": 20, ""n_results"": 10, ""user_lock_acquisitions"": 10}",2026-08-12T06:44:40Z
exp3_writer,chained,indexed,10,measured,21,12,0.012808,831537362.1859643,,,"{""sum_rel_diff"": 0.0, ""log_entries"": 20, ""n_results"": 10, ""user_lock_acquisitions"": 0}",2026-08-12T06:44:40Z
exp3_writer,chained,writer,10,measured,1,13,0.013575,831537362.1859643,,,"{""sum_rel_diff"": 0.0, ""log_entries"": 20, ""n_results"": 10, ""user_lock_acquisitions"": 0}",2026-08-12T06:44:40Z
exp3_writer,chained,indexed,10,measured,2,14,0.012978,831537362.1859643,,,"{""sum_rel_diff"": 0.0, ""log_entries"": 20, ""n_results"": 10, ""user_lock_acquisitions"": 0}",2026-08-12T06:44:40Z
exp3_writer,chained,indexed,10,measured,14,15,0.012489,831537362.1859643,,,"{""sum_rel_diff"": 0.0, ""log_entries"": 20, ""n_results"": 10, ""user_lock_acquisitions"": 0}",2026-08-12T06:44:40Z
exp3_writer,chained,lock,10,measured,14,16,0.012775,831537362.1859643,,,"{""sum_rel_diff"": 0.0, ""log_entries"": 20, ""n_results"": 10, ""user_lock_acquisitions"": 10}",2026-08-12T06:44:40Z
exp3_writer,chained,writer,10,measured,6,17,0.012369,831537362.1859643,,,"{""sum_rel_diff"": 0.0, ""log_entries"": 20, ""n_results"": 10, ""user_lock_acquisitions"": 0}",2026-08-12T06:44:40Z
exp3_writer,chained,record,10,measured,9,18,0.012847,831537362.1859643,,,"{""sum_rel_diff"": 0.0, ""log_entries"": 20, ""n_results"": 10, ""user_lock_acquisitions"": 0}",2026-08-12T06:44:40Z
exp3_writer,chained,lock,10,measured,9,19,0.013159,831537362.1859643,,,"{""sum_rel_diff"": 0.0, ""log_entries"": 20, ""n_results"": 10, ""user_lock_acquisitions"": 10}",2026-08-12T06:44:40Z
exp3_writer,chained,lock,10,measured,12,20,0.012682,831537362.1859643,,,"{""sum_rel_diff"": 0.0, ""log_entries"": 20, ""n_results"": 10, ""user_lock_acquisitions"": 10}",2026-08-12T06:44:40Z
exp3_writer,chained,indexed,10,measured,5,21,0.012879,831537362.1859643,,,"{""sum_rel_diff"": 0.0, ""log_entries"": 20, ""n_results"": 10, ""user_lock_acquisitions"": 0}",2026-08-12T06:44:40Z
exp3_writer,chained,writer,10,measured,16,22,0.012589,831537362.1859643,,,"{""sum_rel_diff"": 0.0, ""log_entries"": 20, ""n_results"": 10, ""user_lock_acquisitions"": 0}",2026-08-12T06:44:40Z
exp3_writer,chained,writer,10,measured,20,23,0.011815,831537362.1859643,,,"{""sum_rel_diff"": 0.0, ""log_entries"": 20, ""n_results"": 10, ""user_lock_acquisitions"": 0}",2026-08-12T06:44:40Z
exp3_writer,chained,lock,10,measured,22,24,0.012070,831537362.1859643,,,"{""sum_rel_diff"": 0.0, ""log_entries"": 20, ""n_results"": 10, ""user_lock_acquisitions"": 10}",2026-08-12T06:44:40Z
exp3_writer,chained,lock,10,measured,28,25,0.012303,831537362.1859643,,,"{""sum_rel_diff"": 0.0, ""log_entries"": 20, ""n_results"": 10, ""user_lock_acquisitions"": 10}",2026-08-12T06:44:40Z
exp3_writer,chained,lock,10,measured,11,26,0.013597,831537362.1859643,,,"{""sum_rel_diff"": 0.0, ""log_entries"": 20, ""n_results"": 10, ""user_lock_acquisitions"": 10}",2026-08-12T06:44:40Z
exp3_writer,chained,record,10,measured,10,27,0.013029,831537362.1859643,,,"{""sum_rel_diff"": 0.0, ""log_entries"": 20, ""n_results"": 10, ""user_lock_acquisitions"": 0}",2026-08-12T06:44:40Z
exp3_writer,chained,indexed,10,measured,26,28,0.012659,831537362.1859643,,,"{""sum_rel_diff"": 0.0, ""log_entries"": 20, ""n_results"": 10, ""user_lock_acquisitions"": 0}",2026-08-12T06:44:40Z
exp3_writer,chained,record,10,measured,4,29,0.012472,831537362.1859643,,,"{""sum_rel_diff"": 0.0, ""log_entries"": 20, ""n_results"": 10, ""user_lock_acquisitions"": 0}",2026-08-12T06:44:40Z
exp3_writer,chained,lock,10,measured,0,30,0.011978,831537362.1859643,,,"{""sum_rel_diff"": 0.0, ""log_entries"": 20, ""n_results"": 10, ""user_lock_acquisitions"": 10}",2026-08-12T06:44:40Z
exp3_writer,chained,writer,10,measured,2,31,0.012801,831537362.1859643,,,"{""sum_rel_diff"": 0.0, ""log_entries"": 20, ""n_results"": 10, ""user_lock_acquisitions"": 0}",2026-08-12T06:44:40Z
exp3_writer,chained,writer,10,measured,0,32,0.012765,831537362.1859643,,,"{""sum_rel_diff"": 0.0, ""log_entries"": 20, ""n_results"": 10, ""user_lock_acquisitions"": 0}",2026-08-12T06:44:40Z
exp3_writer,chained,indexed,10,measured,23,33,0.012119,831537362.1859643,,,"{""sum_rel_diff"": 0.0, ""log_entries"": 20, ""n_results"": 10, ""user_lock_acquisitions"": 0}",2026-08-12T06:44:40Z
exp3_writer,chained,record,10,measured,13,34,0.011707,831537362.1859643,,,"{""sum_rel_diff"": 0.0, ""log_entries"": 20, ""n_results"": 10, ""user_lock_acquisitions"": 0}",2026-08-12T06:44:40Z
exp3_writer,chained,indexed,10,measured,17,35,0.012333,831537362.1859643,,,"{""sum_rel_diff"": 0.0, ""log_entries"": 20, ""n_results"": 10, ""user_lock_acquisitions"": 0}",2026-08-12T06:44:40Z
exp3_writer,chained,writer,10,measured,18,36,0.011633,831537362.1859643,,,"{""sum_rel_diff"": 0.0, ""log_entries"": 20, ""n_results"": 10, ""user_lock_acquisitions"": 0}",2026-08-12T06:44:40Z
exp3_writer,chained,indexed,10,measured,29,37,0.012598,831537362.1859643,,,"{""sum_rel_diff"": 0.0, ""log_entries"": 20, ""n_results"": 10, ""user_lock_acquisitions"": 0}",2026-08-12T06:44:40Z
exp3_writer,chained,lock,10,measured,13,38,0.011591,831537362.1859643,,,"{""sum_rel_diff"": 0.0, ""log_entries"": 20, ""n_results"": 10, ""user_lock_acquisitions"": 10}",2026-08-12T06:44:40Z
exp3_writer,chained,record,10,measured,24,39,0.012417,831537362.1859643,,,"{""sum_rel_diff"": 0.0, ""log_entries"": 20, ""n_results"": 10, ""user_lock_acquisitions"": 0}",2026-08-12T06:44:40Z
exp3_writer,chained,lock,10,measured,1,40,0.011981,831537362.1859643,,,"{""sum_rel_diff"": 0.0, ""log_entries"": 20, ""n_results"": 10, ""user_lock_acquisitions"": 10}",2026-08-12T06:44:40Z
exp3_writer,chained,lock,10,measured,3,41,0.013140,831537362.1859643,,,"{""sum_rel_diff"": 0.0, ""log_entries"": 20, ""n_results"": 10, ""user_lock_acquisitions"": 10}",2026-08-12T06:44:40Z
exp3_writer,chained,lock,10,measured,2,42,0.013428,831537362.1859643,,,"{""sum_rel_diff"": 0.0, ""log_entries"": 20, ""n_results"": 10, ""user_lock_acquisitions"": 10}",2026-08-12T06:44:40Z
exp3_writer,chained,indexed,10,measured,13,43,0.013028,831537362.1859643,,,"{""sum_rel_diff"": 0.0, ""log_entries"": 20, ""n_results"": 10, ""user_lock_acquisitions"": 0}",2026-08-12T06:44:40Z
exp3_writer,chained,record,10,measured,21,44,0.013358,831537362.1859643,,,"{""sum_rel_diff"": 0.0, ""log_entries"": 20, ""n_results"": 10, ""user_lock_acquisitions"": 0}",2026-08-12T06:44:40Z
exp3_writer,chained,indexed,10,measured,27,45,0.013093,831537362.1859643,,,"{""sum_rel_diff"": 0.0, ""log_entries"": 20, ""n_results"": 10, ""user_lock_acquisitions"": 0}",2026-08-12T06:44:40Z
exp3_writer,chained,indexed,10,measured,4,46,0.012993,831537362.1859643,,,"{""sum_rel_diff"": 0.0, ""log_entries"": 20, ""n_results"": 10, ""user_lock_acquisitions"": 0}",2026-08-12T06:44:40Z
exp3_writer,chained,lock,10,measured,20,47,0.014759,831537362.1859643,,,"{""sum_rel_diff"": 0.0, ""log_entries"": 20, ""n_results"": 10, ""user_lock_acquisitions"": 10}",2026-08-12T06:44:40Z
exp3_writer,chained,indexed,10,measured,22,48,0.013021,831537362.1859643,,,"{""sum_rel_diff"": 0.0, ""log_entries"": 20, ""n_results"": 10, ""user_lock_acquisitions"": 0}",2026-08-12T06:44:40Z
exp3_writer,chained,lock,10,measured,27,49,0.012236,831537362.1859643,,,"{""sum_rel_diff"": 0.0, ""log_entries"": 20, ""n_results"": 10, ""user_lock_acquisitions"": 10}",2026-08-12T06:44:40Z
exp3_writer,chained,lock,10,measured,8,50,0.012872,831537362.1859643,,,"{""sum_rel_diff"": 0.0, ""log_entries"": 20, ""n_results"": 10, ""user_lock_acquisitions"": 10}",2026-08-12T06:44:40Z
exp3_writer,chained,lock,10,measured,10,51,0.013435,831537362.1859643,,,"{""sum_rel_diff"": 0.0, ""log_entries"": 20, ""n_results"": 10, ""user_lock_acquisitions"": 10}",2026-08-12T06:44:40Z
exp3_writer,chained,indexed,10,measured,11,52,0.011901,831537362.1859643,,,"{""sum_rel_diff"": 0.0, ""log_entries"": 20, ""n_results"": 10, ""user_lock_acquisitions"": 0}",2026-08-12T06:44:40Z
exp3_writer,chained,record,10,measured,16,53,0.012546,831537362.1859643,,,"{""sum_rel_diff"": 0.0, ""log_entries"": 20, ""n_results"": 10, ""user_lock_acquisitions"": 0}",2026-08-12T06:44:40Z
exp3_writer,chained,indexed,10,measured,1,54,0.013165,831537362.1859643,,,"{""sum_rel_diff"": 0.0, ""log_entries"": 20, ""n_results"": 10, ""user_lock_acquisitions"": 0}",2026-08-12T06:44:40Z
exp3_writer,chained,writer,10,measured,26,55,0.012862,831537362.1859643,,,"{""sum_rel_diff"": 0.0, ""log_entries"": 20, ""n_results"": 10, ""user_lock_acquisitions"": 0}",2026-08-12T06:44:40Z
exp3_writer,chained,lock,10,measured,7,56,0.012630,831537362.1859643,,,"{""sum_rel_diff"": 0.0, ""log_entries"": 20, ""n_results"": 10, ""user_lock_acquisitions"": 10}",2026-08-12T06:44:40Z
exp3_writer,chained,writer,10,measured,5,57,0.012907,831537362.1859643,,,"{""sum_rel_diff"": 0.0, ""log_entries"": 20, ""n_results"": 10, ""user_lock_acquisitions"": 0}",2026-08-12T06:44:40Z
exp3_writer,chained,lock,10,measured,24,58,0.013652,831537362.1859643,,,"{""sum_rel_diff"": 0.0, ""log_entries"": 20, ""n_results"": 10, ""user_lock_acquisitions"": 10}",2026-08-12T06:44:40Z
exp3_writer,chained,lock,10,measured,16,59,0.011941,831537362.1859643,,,"{""sum_rel_diff"": 0.0, ""log_entries"": 20, ""n_results"": 10, ""user_lock_acquisitions"": 10}",2026-08-12T06:44:40Z
exp3_writer,chained,writer,10,measured,27,60,0.011830,831537362.1859643,,,"{""sum_rel_diff"": 0.0, ""log_entries"": 20, ""n_results"": 10, ""user_lock_acquisitions"": 0}",2026-08-12T06:44:40Z
exp3_writer,chained,writer,10,measured,3,61,0.012370,831537362.1859643,,,"{""sum_rel_diff"": 0.0, ""log_entries"": 20, ""n_results"": 10, ""user_lock_acquisitions"": 0}",2026-08-12T06:44:40Z
exp3_writer,chained,indexed,10,measured,16,62,0.012342,831537362.1859643,,,"{""sum_rel_diff"": 0.0, ""log_entries"": 20, ""n_results"": 10, ""user_lock_acquisitions"": 0}",2026-08-12T06:44:40Z
exp3_writer,chained,lock,10,measured,25,63,0.014982,831537362.1859643,,,"{""sum_rel_diff"": 0.0, ""log_entries"": 20, ""n_results"": 10, ""user_lock_acquisitions"": 10}",2026-08-12T06:44:40Z
exp3_writer,chained,indexed,10,measured,3,64,0.013328,831537362.1859643,,,"{""sum_rel_diff"": 0.0, ""log_entries"": 20, ""n_results"": 10, ""user_lock_acquisitions"": 0}",2026-08-12T06:44:40Z
exp3_writer,chained,record,10,measured,28,65,0.015409,831537362.1859643,,,"{""sum_rel_diff"": 0.0, ""log_entries"": 20, ""n_results"": 10, ""user_lock_acquisitions"": 0}",2026-08-12T06:44:40Z
exp3_writer,chained,record,10,measured,6,66,0.013699,831537362.1859643,,,"{""sum_rel_diff"": 0.0, ""log_entries"": 20, ""n_results"": 10, ""user_lock_acquisitions"": 0}",2026-08-12T06:44:40Z
exp3_writer,chained,record,10,measured,29,67,0.013525,831537362.1859643,,,"{""sum_rel_diff"": 0.0, ""log_entries"": 20, ""n_results"": 10, ""user_lock_acquisitions"": 0}",2026-08-12T06:44:40Z
exp3_writer,chained,lock,10,measured,19,68,0.012011,831537362.1859643,,,"{""sum_rel_diff"": 0.0, ""log_entries"": 20, ""n_results"": 10, ""user_lock_acquisitions"": 10}",2026-08-12T06:44:40Z
exp3_writer,chained,indexed,10,measured,25,69,0.013550,831537362.1859643,,,"{""sum_rel_diff"": 0.0, ""log_entries"": 20, ""n_results"": 10, ""user_lock_acquisitions"": 0}",2026-08-12T06:44:40Z
exp3_writer,chained,record,10,measured,1,70,0.013955,831537362.1859643,,,"{""sum_rel_diff"": 0.0, ""log_entries"": 20, ""n_results"": 10, ""user_lock_acquisitions"": 0}",2026-08-12T06:44:40Z
exp3_writer,chained,record,10,measured,20,71,0.012645,831537362.1859643,,,"{""sum_rel_diff"": 0.0, ""log_entries"": 20, ""n_results"": 10, ""user_lock_acquisitions"": 0}",2026-08-12T06:44:40Z
exp3_writer,chained,indexed,10,measured,19,72,0.012636,831537362.1859643,,,"{""sum_rel_diff"": 0.0, ""log_entries"": 20, ""n_results"": 10, ""user_lock_acquisitions"": 0}",2026-08-12T06:44:40Z
exp3_writer,chained,indexed,10,measured,15,73,0.013547,831537362.1859643,,,"{""sum_rel_diff"": 0.0, ""log_entries"": 20, ""n_results"": 10, ""user_lock_acquisitions"": 0}",2026-08-12T06:44:40Z
exp3_writer,chained,writer,10,measured,25,74,0.012674,831537362.1859643,,,"{""sum_rel_diff"": 0.0, ""log_entries"": 20, ""n_results"": 10, ""user_lock_acquisitions"": 0}",2026-08-12T06:44:40Z
exp3_writer,chained,writer,10,measured,14,75,0.012921,831537362.1859643,,,"{""sum_rel_diff"": 0.0, ""log_entries"": 20, ""n_results"": 10, ""user_lock_acquisitions"": 0}",2026-08-12T06:44:40Z
exp3_writer,chained,indexed,10,measured,7,76,0.012958,831537362.1859643,,,"{""sum_rel_diff"": 0.0, ""log_entries"": 20, ""n_results"": 10, ""user_lock_acquisitions"": 0}",2026-08-12T06:44:40Z
exp3_writer,chained,record,10,measured,8,77,0.013925,831537362.1859643,,,"{""sum_rel_diff"": 0.0, ""log_entries"": 20, ""n_results"": 10, ""user_lock_acquisitions"": 0}",2026-08-12T06:44:40Z
exp3_writer,chained,record,10,measured,5,78,0.014327,831537362.1859643,,,"{""sum_rel_diff"": 0.0, ""log_entries"": 20, ""n_results"": 10, ""user_lock_acquisitions"": 0}",2026-08-12T06:44:40Z
exp3_writer,chained,record,10,measured,15,79,0.013255,831537362.1859643,,,"{""sum_rel_diff"": 0.0, ""log_entries"": 20, ""n_results"": 10, ""user_lock_acquisitions"": 0}",2026-08-12T06:44:41Z
exp3_writer,chained,writer,10,measured,4,80,0.013770,831537362.1859643,,,"{""sum_rel_diff"": 0.0, ""log_entries"": 20, ""n_results"": 10, ""user_lock_acquisitions"": 0}",2026-08-12T06:44:41Z
exp3_writer,chained,record,10,measured,27,81,0.012750,831537362.1859643,,,"{""sum_rel_diff"": 0.0, ""log_entries"": 20, ""n_results"": 10, ""user_lock_acquisitions"": 0}",2026-08-12T06:44:41Z
exp3_writer,chained,writer,10,measured,12,82,0.013577,831537362.1859643,,,"{""sum_rel_diff"": 0.0, ""log_entries"": 20, ""n_results"": 10, ""user_lock_acquisitions"": 0}",2026-08-12T06:44:41Z
exp3_writer,chained,record,10,measured,26,83,0.012325,831537362.1859643,,,"{""sum_rel_diff"": 0.0, ""log_entries"": 20, ""n_results"": 10, ""user_lock_acquisitions"": 0}",2026-08-12T06:44:41Z
exp3_writer,chained,record,10,measured,7,84,0.013013,831537362.1859643,,,"{""sum_rel_diff"": 0.0, ""log_entries"": 20, ""n_results"": 10, ""user_lock_acquisitions"": 0}",2026-08-12T06:44:41Z
exp3_writer,chained,writer,10,measured,7,85,0.014663,831537362.1859643,,,"{""sum_rel_diff"": 0.0, ""log_entries"": 20, ""n_results"": 10, ""user_lock_acquisitions"": 0}",2026-08-12T06:44:41Z
exp3_writer,chained,lock,10,measured,18,86,0.013267,831537362.1859643,,,"{""sum_rel_diff"": 0.0, ""log_entries"": 20, ""n_results"": 10, ""user_lock_acquisitions"": 10}",2026-08-12T06:44:41Z
exp3_writer,chained,record,10,measured,11,87,0.014763,831537362.1859643,,,"{""sum_rel_diff"": 0.0, ""log_entries"": 20, ""n_results"": 10, ""user_lock_acquisitions"": 0}",2026-08-12T06:44:41Z
exp3_writer,chained,lock,10,measured,21,88,0.012579,831537362.1859643,,,"{""sum_rel_diff"": 0.0, ""log_entries"": 20, ""n_results"": 10, ""user_lock_acquisitions"": 10}",2026-08-12T06:44:41Z
exp3_writer,chained,record,10,measured,17,89,0.014206,831537362.1859643,,,"{""sum_rel_diff"": 0.0, ""log_entries"": 20, ""n_results"": 10, ""user_lock_acquisitions"": 0}",2026-08-12T06:44:41Z
exp3_writer,chained,lock,10,measured,17,90,0.013469,831537362.1859643,,,"{""sum_rel_diff"": 0.0, ""log_entries"": 20, ""n_results"": 10, ""user_lock_acquisitions"": 10}",2026-08-12T06:44:41Z
exp3_writer,chained,record,10,measured,19,91,0.012863,831537362.1859643,,,"{""sum_rel_diff"": 0.0, ""log_entries"": 20, ""n_results"": 10, ""user_lock_acquisitions"": 0}",2026-08-12T06:44:41Z
exp3_writer,chained,writer,10,measured,13,92,0.012543,831537362.1859643,,,"{""sum_rel_diff"": 0.0, ""log_entries"": 20, ""n_results"": 10, ""user_lock_acquisitions"": 0}",2026-08-12T06:44:41Z
exp3_writer,chained,writer,10,measured,17,93,0.013170,831537362.1859643,,,"{""sum_rel_diff"": 0.0, ""log_entries"": 20, ""n_results"": 10, ""user_lock_acquisitions"": 0}",2026-08-12T06:44:41Z
exp3_writer,chained,writer,10,measured,23,94,0.012399,831537362.1859643,,,"{""sum_rel_diff"": 0.0, ""log_entries"": 20, ""n_results"": 10, ""user_lock_acquisitions"": 0}",2026-08-12T06:44:41Z
exp3_writer,chained,writer,10,measured,29,95,0.013458,831537362.1859643,,,"{""sum_rel_diff"": 0.0, ""log_entries"": 20, ""n_results"": 10, ""user_lock_acquisitions"": 0}",2026-08-12T06:44:41Z
exp3_writer,chained,writer,10,measured,24,96,0.013548,831537362.1859643,,,"{""sum_rel_diff"": 0.0, ""log_entries"": 20, ""n_results"": 10, ""user_lock_acquisitions"": 0}",2026-08-12T06:44:41Z
exp3_writer,chained,indexed,10,measured,24,97,0.013557,831537362.1859643,,,"{""sum_rel_diff"": 0.0, ""log_entries"": 20, ""n_results"": 10, ""user_lock_acquisitions"": 0}",2026-08-12T06:44:41Z
exp3_writer,chained,writer,10,measured,9,98,0.012474,831537362.1859643,,,"{""sum_rel_diff"": 0.0, ""log_entries"": 20, ""n_results"": 10, ""user_lock_acquisitions"": 0}",2026-08-12T06:44:41Z
exp3_writer,chained,writer,10,measured,11,99,0.013374,831537362.1859643,,,"{""sum_rel_diff"": 0.0, ""log_entries"": 20, ""n_results"": 10, ""user_lock_acquisitions"": 0}",2026-08-12T06:44:41Z
exp3_writer,chained,indexed,10,measured,18,100,0.012175,831537362.1859643,,,"{""sum_rel_diff"": 0.0, ""log_entries"": 20, ""n_results"": 10, ""user_lock_acquisitions"": 0}",2026-08-12T06:44:41Z
exp3_writer,chained,indexed,10,measured,6,101,0.013012,831537362.1859643,,,"{""sum_rel_diff"": 0.0, ""log_entries"": 20, ""n_results"": 10, ""user_lock_acquisitions"": 0}",2026-08-12T06:44:41Z
exp3_writer,chained,indexed,10,measured,10,102,0.012437,831537362.1859643,,,"{""sum_rel_diff"": 0.0, ""log_entries"": 20, ""n_results"": 10, ""user_lock_acquisitions"": 0}",2026-08-12T06:44:41Z
exp3_writer,chained,indexed,10,measured,9,103,0.013253,831537362.1859643,,,"{""sum_rel_diff"": 0.0, ""log_entries"": 20, ""n_results"": 10, ""user_lock_acquisitions"": 0}",2026-08-12T06:44:41Z
exp3_writer,chained,record,10,measured,2,104,0.012882,831537362.1859643,,,"{""sum_rel_diff"": 0.0, ""log_entries"": 20, ""n_results"": 10, ""user_lock_acquisitions"": 0}",2026-08-12T06:44:41Z
exp3_writer,chained,indexed,10,measured,28,105,0.012312,831537362.1859643,,,"{""sum_rel_diff"": 0.0, ""log_entries"": 20, ""n_results"": 10, ""user_lock_acquisitions"": 0}",2026-08-12T06:44:41Z
exp3_writer,chained,indexed,10,measured,8,106,0.012051,831537362.1859643,,,"{""sum_rel_diff"": 0.0, ""log_entries"": 20, ""n_results"": 10, ""user_lock_acquisitions"": 0}",2026-08-12T06:44:41Z
exp3_writer,chained,record,10,measured,25,107,0.013806,831537362.1859643,,,"{""sum_rel_diff"": 0.0, ""log_entries"": 20, ""n_results"": 10, ""user_lock_acquisitions"": 0}",2026-08-12T06:44:41Z
exp3_writer,chained,record,10,measured,3,108,0.013620,831537362.1859643,,,"{""sum_rel_diff"": 0.0, ""log_entries"": 20, ""n_results"": 10, ""user_lock_acquisitions"": 0}",2026-08-12T06:44:41Z
exp3_writer,chained,writer,10,measured,22,109,0.014581,831537362.1859643,,,"{""sum_rel_diff"": 0.0, ""log_entries"": 20, ""n_results"": 10, ""user_lock_acquisitions"": 0}",2026-08-12T06:44:41Z
exp3_writer,chained,lock,10,measured,26,110,0.013033,831537362.1859643,,,"{""sum_rel_diff"": 0.0, ""log_entries"": 20, ""n_results"": 10, ""user_lock_acquisitions"": 10}",2026-08-12T06:44:41Z
exp3_writer,chained,lock,10,measured,5,111,0.013319,831537362.1859643,,,"{""sum_rel_diff"": 0.0, ""log_entries"": 20, ""n_results"": 10, ""user_lock_acquisitions"": 10}",2026-08-12T06:44:41Z
exp3_writer,chained,writer,10,measured,19,112,0.013099,831537362.1859643,,,"{""sum_rel_diff"": 0.0, ""log_entries"": 20, ""n_results"": 10, ""user_lock_acquisitions"": 0}",2026-08-12T06:44:41Z
exp3_writer,chained,writer,10,measured,8,113,0.014103,831537362.1859643,,,"{""sum_rel_diff"": 0.0, ""log_entries"": 20, ""n_results"": 10, ""user_lock_acquisitions"": 0}",2026-08-12T06:44:41Z
exp3_writer,chained,record,10,measured,22,114,0.012782,831537362.1859643,,,"{""sum_rel_diff"": 0.0, ""log_entries"": 20, ""n_results"": 10, ""user_lock_acquisitions"": 0}",2026-08-12T06:44:41Z
exp3_writer,chained,indexed,10,measured,12,115,0.014059,831537362.1859643,,,"{""sum_rel_diff"": 0.0, ""log_entries"": 20, ""n_results"": 10, ""user_lock_acquisitions"": 0}",2026-08-12T06:44:41Z
exp3_writer,chained,record,10,measured,14,116,0.012663,831537362.1859643,,,"{""sum_rel_diff"": 0.0, ""log_entries"": 20, ""n_results"": 10, ""user_lock_acquisitions"": 0}",2026-08-12T06:44:41Z
exp3_writer,chained,lock,10,measured,4,117,0.013108,831537362.1859643,,,"{""sum_rel_diff"": 0.0, ""log_entries"": 20, ""n_results"": 10, ""user_lock_acquisitions"": 10}",2026-08-12T06:44:41Z
exp3_writer,chained,record,10,measured,18,118,0.013801,831537362.1859643,,,"{""sum_rel_diff"": 0.0, ""log_entries"": 20, ""n_results"": 10, ""user_lock_acquisitions"": 0}",2026-08-12T06:44:41Z
exp3_writer,chained,writer,10,measured,10,119,0.013446,831537362.1859643,,,"{""sum_rel_diff"": 0.0, ""log_entries"": 20, ""n_results"": 10, ""user_lock_acquisitions"": 0}",2026-08-12T06:44:41Z
exp3_writer,chained,record,10,measured,23,120,0.013491,831537362.1859643,,,"{""sum_rel_diff"": 0.0, ""log_entries"": 20, ""n_results"": 10, ""user_lock_acquisitions"": 0}",2026-08-12T06:44:41Z
exp3_writer,chained,indexed,10,measured,20,121,0.012554,831537362.1859643,,,"{""sum_rel_diff"": 0.0, ""log_entries"": 20, ""n_results"": 10, ""user_lock_acquisitions"": 0}",2026-08-12T06:44:41Z
exp3_writer,chained,writer,10,measured,28,122,0.013246,831537362.1859643,,,"{""sum_rel_diff"": 0.0, ""log_entries"": 20, ""n_results"": 10, ""user_lock_acquisitions"": 0}",2026-08-12T06:44:41Z
exp3_writer,chained,record,10,measured,12,123,0.013173,831537362.1859643,,,"{""sum_rel_diff"": 0.0, ""log_entries"": 20, ""n_results"": 10, ""user_lock_acquisitions"": 0}",2026-08-12T06:44:41Z
exp3_writer,chained,record,10,measured,0,124,0.012321,831537362.1859643,,,"{""sum_rel_diff"": 0.0, ""log_entries"": 20, ""n_results"": 10, ""user_lock_acquisitions"": 0}",2026-08-12T06:44:41Z
exp3_writer,chained,indexed,10,measured,0,125,0.012502,831537362.1859643,,,"{""sum_rel_diff"": 0.0, ""log_entries"": 20, ""n_results"": 10, ""user_lock_acquisitions"": 0}",2026-08-12T06:44:41Z
exp3_writer,chained,writer,10,measured,21,126,0.015248,831537362.1859643,,,"{""sum_rel_diff"": 0.0, ""log_entries"": 20, ""n_results"": 10, ""user_lock_acquisitions"": 0}",2026-08-12T06:44:41Z
exp3_writer,chained,lock,10,measured,15,127,0.012575,831537362.1859643,,,"{""sum_rel_diff"": 0.0, ""log_entries"": 20, ""n_results"": 10, ""user_lock_acquisitions"": 10}",2026-08-12T06:44:41Z
exp3_writer,chained,lock,10,measured,29,128,0.012387,831537362.1859643,,,"{""sum_rel_diff"": 0.0, ""log_entries"": 20, ""n_results"": 10, ""user_lock_acquisitions"": 10}",2026-08-12T06:44:41Z
exp3_writer,chained,lock,10,measured,23,129,0.012773,831537362.1859643,,,"{""sum_rel_diff"": 0.0, ""log_entries"": 20, ""n_results"": 10, ""user_lock_acquisitions"": 10}",2026-08-12T06:44:41Z
exp3_writer,chained,lock,10,measured,6,130,0.012837,831537362.1859643,,,"{""sum_rel_diff"": 0.0, ""log_entries"": 20, ""n_results"": 10, ""user_lock_acquisitions"": 10}",2026-08-12T06:44:41Z
exp3_writer,chained,writer,10,measured,15,131,0.012577,831537362.1859643,,,"{""sum_rel_diff"": 0.0, ""log_entries"": 20, ""n_results"": 10, ""user_lock_acquisitions"": 0}",2026-08-12T06:44:41Z
exp3_writer,chained,writer,12,warmup,0,0,0.012781,831537362.1859645,,,"{""sum_rel_diff"": 1.4336011221119537e-16, ""log_entries"": 24, ""n_results"": 12, ""user_lock_acquisitions"": 0}",2026-08-12T06:44:41Z
exp3_writer,chained,indexed,12,warmup,1,1,0.013214,831537362.1859645,,,"{""sum_rel_diff"": 1.4336011221119537e-16, ""log_entries"": 24, ""n_results"": 12, ""user_lock_acquisitions"": 0}",2026-08-12T06:44:41Z
exp3_writer,chained,record,12,warmup,0,2,0.012812,831537362.1859645,,,"{""sum_rel_diff"": 1.4336011221119537e-16, ""log_entries"": 24, ""n_results"": 12, ""user_lock_acquisitions"": 0}",2026-08-12T06:44:41Z
exp3_writer,chained,lock,12,warmup,1,3,0.012177,831537362.1859645,,,"{""sum_rel_diff"": 1.4336011221119537e-16, ""log_entries"": 24, ""n_results"": 12, ""user_lock_acquisitions"": 12}",2026-08-12T06:44:41Z
exp3_writer,chained,writer,12,warmup,2,4,0.012503,831537362.1859645,,,"{""sum_rel_diff"": 1.4336011221119537e-16, ""log_entries"": 24, ""n_results"": 12, ""user_lock_acquisitions"": 0}",2026-08-12T06:44:41Z
exp3_writer,chained,writer,12,warmup,1,5,0.012296,831537362.1859645,,,"{""sum_rel_diff"": 1.4336011221119537e-16, ""log_entries"": 24, ""n_results"": 12, ""user_lock_acquisitions"": 0}",2026-08-12T06:44:41Z
exp3_writer,chained,record,12,warmup,1,6,0.012157,831537362.1859645,,,"{""sum_rel_diff"": 1.4336011221119537e-16, ""log_entries"": 24, ""n_results"": 12, ""user_lock_acquisitions"": 0}",2026-08-12T06:44:41Z
exp3_writer,chained,lock,12,warmup,2,7,0.011269,831537362.1859645,,,"{""sum_rel_diff"": 1.4336011221119537e-16, ""log_entries"": 24, ""n_results"": 12, ""user_lock_acquisitions"": 12}",2026-08-12T06:44:41Z
exp3_writer,chained,record,12,warmup,2,8,0.011624,831537362.1859645,,,"{""sum_rel_diff"": 1.4336011221119537e-16, ""log_entries"": 24, ""n_results"": 12, ""user_lock_acquisitions"": 0}",2026-08-12T06:44:41Z
exp3_writer,chained,lock,12,warmup,0,9,0.011283,831537362.1859645,,,"{""sum_rel_diff"": 1.4336011221119537e-16, ""log_entries"": 24, ""n_results"": 12, ""user_lock_acquisitions"": 12}",2026-08-12T06:44:41Z
exp3_writer,chained,indexed,12,warmup,0,10,0.011679,831537362.1859645,,,"{""sum_rel_diff"": 1.4336011221119537e-16, ""log_entries"": 24, ""n_results"": 12, ""user_lock_acquisitions"": 0}",2026-08-12T06:44:41Z
exp3_writer,chained,indexed,12,warmup,2,11,0.013843,831537362.1859645,,,"{""sum_rel_diff"": 1.4336011221119537e-16, ""log_entries"": 24, ""n_results"": 12, ""user_lock_acquisitions"": 0}",2026-08-12T06:44:41Z
exp3_writer,chained,indexed,12,measured,6,12,0.012344,831537362.1859645,,,"{""sum_rel_diff"": 1.4336011221119537e-16, ""log_entries"": 24, ""n_results"": 12, ""user_lock_acquisitions"": 0}",2026-08-12T06:44:41Z
exp3_writer,chained,indexed,12,measured,17,13,0.012826,831537362.1859645,,,"{""sum_rel_diff"": 1.4336011221119537e-16, ""log_entries"": 24, ""n_results"": 12, ""user_lock_acquisitions"": 0}",2026-08-12T06:44:41Z
exp3_writer,chained,indexed,12,measured,23,14,0.011624,831537362.1859645,,,"{""sum_rel_diff"": 1.4336011221119537e-16, ""log_entries"": 24, ""n_results"": 12, ""user_lock_acquisitions"": 0}",2026-08-12T06:44:41Z
exp3_writer,chained,indexed,12,measured,21,15,0.011640,831537362.1859645,,,"{""sum_rel_diff"": 1.4336011221119537e-16, ""log_entries"": 24, ""n_results"": 12, ""user_lock_acquisitions"": 0}",2026-08-12T06:44:41Z
exp3_writer,chained,record,12,measured,27,16,0.011923,831537362.1859645,,,"{""sum_rel_diff"": 1.4336011221119537e-16, ""log_entries"": 24, ""n_results"": 12, ""user_lock_acquisitions"": 0}",2026-08-12T06:44:41Z
exp3_writer,chained,indexed,12,measured,27,17,0.011477,831537362.1859645,,,"{""sum_rel_diff"": 1.4336011221119537e-16, ""log_entries"": 24, ""n_results"": 12, ""user_lock_acquisitions"": 0}",2026-08-12T06:44:41Z
exp3_writer,chained,record,12,measured,3,18,0.011375,831537362.1859645,,,"{""sum_rel_diff"": 1.4336011221119537e-16, ""log_entries"": 24, ""n_results"": 12, ""user_lock_acquisitions"": 0}",2026-08-12T06:44:41Z
exp3_writer,chained,lock,12,measured,13,19,0.012204,831537362.1859645,,,"{""sum_rel_diff"": 1.4336011221119537e-16, ""log_entries"": 24, ""n_results"": 12, ""user_lock_acquisitions"": 12}",2026-08-12T06:44:41Z
exp3_writer,chained,lock,12,measured,20,20,0.012293,831537362.1859645,,,"{""sum_rel_diff"": 1.4336011221119537e-16, ""log_entries"": 24, ""n_results"": 12, ""user_lock_acquisitions"": 12}",2026-08-12T06:44:41Z
exp3_writer,chained,lock,12,measured,0,21,0.012327,831537362.1859645,,,"{""sum_rel_diff"": 1.4336011221119537e-16, ""log_entries"": 24, ""n_results"": 12, ""user_lock_acquisitions"": 12}",2026-08-12T06:44:41Z
exp3_writer,chained,indexed,12,measured,26,22,0.012269,831537362.1859645,,,"{""sum_rel_diff"": 1.4336011221119537e-16, ""log_entries"": 24, ""n_results"": 12, ""user_lock_acquisitions"": 0}",2026-08-12T06:44:41Z
exp3_writer,chained,writer,12,measured,12,23,0.011221,831537362.1859645,,,"{""sum_rel_diff"": 1.4336011221119537e-16, ""log_entries"": 24, ""n_results"": 12, ""user_lock_acquisitions"": 0}",2026-08-12T06:44:41Z
exp3_writer,chained,lock,12,measured,26,24,0.011210,831537362.1859645,,,"{""sum_rel_diff"": 1.4336011221119537e-16, ""log_entries"": 24, ""n_results"": 12, ""user_lock_acquisitions"": 12}",2026-08-12T06:44:42Z
exp3_writer,chained,writer,12,measured,28,25,0.010904,831537362.1859645,,,"{""sum_rel_diff"": 1.4336011221119537e-16, ""log_entries"": 24, ""n_results"": 12, ""user_lock_acquisitions"": 0}",2026-08-12T06:44:42Z
exp3_writer,chained,writer,12,measured,13,26,0.011478,831537362.1859645,,,"{""sum_rel_diff"": 1.4336011221119537e-16, ""log_entries"": 24, ""n_results"": 12, ""user_lock_acquisitions"": 0}",2026-08-12T06:44:42Z
exp3_writer,chained,indexed,12,measured,0,27,0.012322,831537362.1859645,,,"{""sum_rel_diff"": 1.4336011221119537e-16, ""log_entries"": 24, ""n_results"": 12, ""user_lock_acquisitions"": 0}",2026-08-12T06:44:42Z
exp3_writer,chained,record,12,measured,0,28,0.010906,831537362.1859645,,,"{""sum_rel_diff"": 1.4336011221119537e-16, ""log_entries"": 24, ""n_results"": 12, ""user_lock_acquisitions"": 0}",2026-08-12T06:44:42Z
exp3_writer,chained,record,12,measured,20,29,0.012265,831537362.1859645,,,"{""sum_rel_diff"": 1.4336011221119537e-16, ""log_entries"": 24, ""n_results"": 12, ""user_lock_acquisitions"": 0}",2026-08-12T06:44:42Z
exp3_writer,chained,indexed,12,measured,2,30,0.012859,831537362.1859645,,,"{""sum_rel_diff"": 1.4336011221119537e-16, ""log_entries"": 24, ""n_results"": 12, ""user_lock_acquisitions"": 0}",2026-08-12T06:44:42Z
exp3_writer,chained,lock,12,measured,28,31,0.011387,831537362.1859645,,,"{""sum_rel_diff"": 1.4336011221119537e-16, ""log_entries"": 24, ""n_results"": 12, ""user_lock_acquisitions"": 12}",2026-08-12T06:44:42Z
exp3_writer,chained,lock,12,measured,6,32,0.012643,831537362.1859645,,,"{""sum_rel_diff"": 1.4336011221119537e-16, ""log_entries"": 24, ""n_results"": 12, ""user_lock_acquisitions"": 12}",2026-08-12T06:44:42Z
exp3_writer,chained,record,12,measured,17,33,0.012080,831537362.1859645,,,"{""sum_rel_diff"": 1.4336011221119537e-16, ""log_entries"": 24, ""n_results"": 12, ""user_lock_acquisitions"": 0}",2026-08-12T06:44:42Z
exp3_writer,chained,lock,12,measured,11,34,0.012416,831537362.1859645,,,"{""sum_rel_diff"": 1.4336011221119537e-16, ""log_entries"": 24, ""n_results"": 12, ""user_lock_acquisitions"": 12}",2026-08-12T06:44:42Z
exp3_writer,chained,writer,12,measured,15,35,0.011545,831537362.1859645,,,"{""sum_rel_diff"": 1.4336011221119537e-16, ""log_entries"": 24, ""n_results"": 12, ""user_lock_acquisitions"": 0}",2026-08-12T06:44:42Z
exp3_writer,chained,writer,12,measured,6,36,0.012746,831537362.1859645,,,"{""sum_rel_diff"": 1.4336011221119537e-16, ""log_entries"": 24, ""n_results"": 12, ""user_lock_acquisitions"": 0}",2026-08-12T06:44:42Z
exp3_writer,chained,indexed,12,measured,20,37,0.011460,831537362.1859645,,,"{""sum_rel_diff"": 1.4336011221119537e-16, ""log_entries"": 24, ""n_results"": 12, ""user_lock_acquisitions"": 0}",2026-08-12T06:44:42Z
exp3_writer,chained,writer,12,measured,26,38,0.011791,831537362.1859645,,,"{""sum_rel_diff"": 1.4336011221119537e-16, ""log_entries"": 24, ""n_results"": 12, ""user_lock_acquisitions"": 0}",2026-08-12T06:44:42Z
exp3_writer,chained,record,12,measured,23,39,0.012095,831537362.1859645,,,"{""sum_rel_diff"": 1.4336011221119537e-16, ""log_entries"": 24, ""n_results"": 12, ""user_lock_acquisitions"": 0}",2026-08-12T06:44:42Z
exp3_writer,chained,writer,12,measured,19,40,0.011952,831537362.1859645,,,"{""sum_rel_diff"": 1.4336011221119537e-16, ""log_entries"": 24, ""n_results"": 12, ""user_lock_acquisitions"": 0}",2026-08-12T06:44:42Z
exp3_writer,chained,record,12,measured,26,41,0.010656,831537362.1859645,,,"{""sum_rel_diff"": 1.4336011221119537e-16, ""log_entries"": 24, ""n_results"": 12, ""user_lock_acquisitions"": 0}",2026-08-12T06:44:42Z
exp3_writer,chained,record,12,measured,9,42,0.011387,831537362.1859645,,,"{""sum_rel_diff"": 1.4336011221119537e-16, ""log_entries"": 24, ""n_results"": 12, ""user_lock_acquisitions"": 0}",2026-08-12T06:44:42Z
exp3_writer,chained,writer,12,measured,20,43,0.012337,831537362.1859645,,,"{""sum_rel_diff"": 1.4336011221119537e-16, ""log_entries"": 24, ""n_results"": 12, ""user_lock_acquisitions"": 0}",2026-08-12T06:44:42Z
exp3_writer,chained,writer,12,measured,21,44,0.011893,831537362.1859645,,,"{""sum_rel_diff"": 1.4336011221119537e-16, ""log_entries"": 24, ""n_results"": 12, ""user_lock_acquisitions"": 0}",2026-08-12T06:44:42Z
exp3_writer,chained,lock,12,measured,17,45,0.011190,831537362.1859645,,,"{""sum_rel_diff"": 1.4336011221119537e-16, ""log_entries"": 24, ""n_results"": 12, ""user_lock_acquisitions"": 12}",2026-08-12T06:44:42Z
exp3_writer,chained,lock,12,measured,24,46,0.010551,831537362.1859645,,,"{""sum_rel_diff"": 1.4336011221119537e-16, ""log_entries"": 24, ""n_results"": 12, ""user_lock_acquisitions"": 12}",2026-08-12T06:44:42Z
exp3_writer,chained,record,12,measured,8,47,0.011272,831537362.1859645,,,"{""sum_rel_diff"": 1.4336011221119537e-16, ""log_entries"": 24, ""n_results"": 12, ""user_lock_acquisitions"": 0}",2026-08-12T06:44:42Z
exp3_writer,chained,lock,12,measured,27,48,0.010553,831537362.1859645,,,"{""sum_rel_diff"": 1.4336011221119537e-16, ""log_entries"": 24, ""n_results"": 12, ""user_lock_acquisitions"": 12}",2026-08-12T06:44:42Z
exp3_writer,chained,writer,12,measured,24,49,0.011909,831537362.1859645,,,"{""sum_rel_diff"": 1.4336011221119537e-16, ""log_entries"": 24, ""n_results"": 12, ""user_lock_acquisitions"": 0}",2026-08-12T06:44:42Z
exp3_writer,chained,lock,12,measured,9,50,0.010930,831537362.1859645,,,"{""sum_rel_diff"": 1.4336011221119537e-16, ""log_entries"": 24, ""n_results"": 12, ""user_lock_acquisitions"": 12}",2026-08-12T06:44:42Z
exp3_writer,chained,lock,12,measured,14,51,0.010713,831537362.1859645,,,"{""sum_rel_diff"": 1.4336011221119537e-16, ""log_entries"": 24, ""n_results"": 12, ""user_lock_acquisitions"": 12}",2026-08-12T06:44:42Z
exp3_writer,chained,writer,12,measured,1,52,0.011016,831537362.1859645,,,"{""sum_rel_diff"": 1.4336011221119537e-16, ""log_entries"": 24, ""n_results"": 12, ""user_lock_acquisitions"": 0}",2026-08-12T06:44:42Z
exp3_writer,chained,indexed,12,measured,25,53,0.012217,831537362.1859645,,,"{""sum_rel_diff"": 1.4336011221119537e-16, ""log_entries"": 24, ""n_results"": 12, ""user_lock_acquisitions"": 0}",2026-08-12T06:44:42Z
exp3_writer,chained,indexed,12,measured,29,54,0.012707,831537362.1859645,,,"{""sum_rel_diff"": 1.4336011221119537e-16, ""log_entries"": 24, ""n_results"": 12, ""user_lock_acquisitions"": 0}",2026-08-12T06:44:42Z
exp3_writer,chained,indexed,12,measured,4,55,0.011743,831537362.1859645,,,"{""sum_rel_diff"": 1.4336011221119537e-16, ""log_entries"": 24, ""n_results"": 12, ""user_lock_acquisitions"": 0}",2026-08-12T06:44:42Z
exp3_writer,chained,record,12,measured,29,56,0.011759,831537362.1859645,,,"{""sum_rel_diff"": 1.4336011221119537e-16, ""log_entries"": 24, ""n_results"": 12, ""user_lock_acquisitions"": 0}",2026-08-12T06:44:42Z
exp3_writer,chained,writer,12,measured,29,57,0.011988,831537362.1859645,,,"{""sum_rel_diff"": 1.4336011221119537e-16, ""log_entries"": 24, ""n_results"": 12, ""user_lock_acquisitions"": 0}",2026-08-12T06:44:42Z
exp3_writer,chained,indexed,12,measured,12,58,0.011161,831537362.1859645,,,"{""sum_rel_diff"": 1.4336011221119537e-16, ""log_entries"": 24, ""n_results"": 12, ""user_lock_acquisitions"": 0}",2026-08-12T06:44:42Z
exp3_writer,chained,lock,12,measured,15,59,0.012228,831537362.1859645,,,"{""sum_rel_diff"": 1.4336011221119537e-16, ""log_entries"": 24, ""n_results"": 12, ""user_lock_acquisitions"": 12}",2026-08-12T06:44:42Z
exp3_writer,chained,record,12,measured,13,60,0.011732,831537362.1859645,,,"{""sum_rel_diff"": 1.4336011221119537e-16, ""log_entries"": 24, ""n_results"": 12, ""user_lock_acquisitions"": 0}",2026-08-12T06:44:42Z
exp3_writer,chained,lock,12,measured,10,61,0.013322,831537362.1859645,,,"{""sum_rel_diff"": 1.4336011221119537e-16, ""log_entries"": 24, ""n_results"": 12, ""user_lock_acquisitions"": 12}",2026-08-12T06:44:42Z
exp3_writer,chained,lock,12,measured,2,62,0.013257,831537362.1859645,,,"{""sum_rel_diff"": 1.4336011221119537e-16, ""log_entries"": 24, ""n_results"": 12, ""user_lock_acquisitions"": 12}",2026-08-12T06:44:42Z
exp3_writer,chained,writer,12,measured,10,63,0.013459,831537362.1859645,,,"{""sum_rel_diff"": 1.4336011221119537e-16, ""log_entries"": 24, ""n_results"": 12, ""user_lock_acquisitions"": 0}",2026-08-12T06:44:42Z
exp3_writer,chained,writer,12,measured,9,64,0.011725,831537362.1859645,,,"{""sum_rel_diff"": 1.4336011221119537e-16, ""log_entries"": 24, ""n_results"": 12, ""user_lock_acquisitions"": 0}",2026-08-12T06:44:42Z
exp3_writer,chained,indexed,12,measured,16,65,0.011417,831537362.1859645,,,"{""sum_rel_diff"": 1.4336011221119537e-16, ""log_entries"": 24, ""n_results"": 12, ""user_lock_acquisitions"": 0}",2026-08-12T06:44:42Z
exp3_writer,chained,lock,12,measured,22,66,0.012432,831537362.1859645,,,"{""sum_rel_diff"": 1.4336011221119537e-16, ""log_entries"": 24, ""n_results"": 12, ""user_lock_acquisitions"": 12}",2026-08-12T06:44:42Z
exp3_writer,chained,writer,12,measured,17,67,0.012153,831537362.1859645,,,"{""sum_rel_diff"": 1.4336011221119537e-16, ""log_entries"": 24, ""n_results"": 12, ""user_lock_acquisitions"": 0}",2026-08-12T06:44:42Z
exp3_writer,chained,record,12,measured,7,68,0.011875,831537362.1859645,,,"{""sum_rel_diff"": 1.4336011221119537e-16, ""log_entries"": 24, ""n_results"": 12, ""user_lock_acquisitions"": 0}",2026-08-12T06:44:42Z
exp3_writer,chained,record,12,measured,6,69,0.012675,831537362.1859645,,,"{""sum_rel_diff"": 1.4336011221119537e-16, ""log_entries"": 24, ""n_results"": 12, ""user_lock_acquisitions"": 0}",2026-08-12T06:44:42Z
exp3_writer,chained,indexed,12,measured,3,70,0.012290,831537362.1859645,,,"{""sum_rel_diff"": 1.4336011221119537e-16, ""log_entries"": 24, ""n_results"": 12, ""user_lock_acquisitions"": 0}",2026-08-12T06:44:42Z
exp3_writer,chained,indexed,12,measured,10,71,0.013401,831537362.1859645,,,"{""sum_rel_diff"": 1.4336011221119537e-16, ""log_entries"": 24, ""n_results"": 12, ""user_lock_acquisitions"": 0}",2026-08-12T06:44:42Z
exp3_writer,chained,record,12,measured,28,72,0.012865,831537362.1859645,,,"{""sum_rel_diff"": 1.4336011221119537e-16, ""log_entries"": 24, ""n_results"": 12, ""user_lock_acquisitions"": 0}",2026-08-12T06:44:42Z
exp3_writer,chained,lock,12,measured,3,73,0.011866,831537362.1859645,,,"{""sum_rel_diff"": 1.4336011221119537e-16, ""log_entries"": 24, ""n_results"": 12, ""user_lock_acquisitions"": 12}",2026-08-12T06:44:42Z
exp3_writer,chained,lock,12,measured,7,74,0.012097,831537362.1859645,,,"{""sum_rel_diff"": 1.4336011221119537e-16, ""log_entries"": 24, ""n_results"": 12, ""user_lock_acquisitions"": 12}",2026-08-12T06:44:42Z
exp3_writer,chained,writer,12,measured,4,75,0.012047,831537362.1859645,,,"{""sum_rel_diff"": 1.4336011221119537e-16, ""log_entries"": 24, ""n_results"": 12, ""user_lock_acquisitions"": 0}",2026-08-12T06:44:42Z
exp3_writer,chained,writer,12,measured,0,76,0.011503,831537362.1859645,,,"{""sum_rel_diff"": 1.4336011221119537e-16, ""log_entries"": 24, ""n_results"": 12, ""user_lock_acquisitions"": 0}",2026-08-12T06:44:42Z
exp3_writer,chained,lock,12,measured,5,77,0.013139,831537362.1859645,,,"{""sum_rel_diff"": 1.4336011221119537e-16, ""log_entries"": 24, ""n_results"": 12, ""user_lock_acquisitions"": 12}",2026-08-12T06:44:42Z
exp3_writer,chained,indexed,12,measured,5,78,0.012272,831537362.1859645,,,"{""sum_rel_diff"": 1.4336011221119537e-16, ""log_entries"": 24, ""n_results"": 12, ""user_lock_acquisitions"": 0}",2026-08-12T06:44:42Z
exp3_writer,chained,lock,12,measured,4,79,0.012734,831537362.1859645,,,"{""sum_rel_diff"": 1.4336011221119537e-16, ""log_entries"": 24, ""n_results"": 12, ""user_lock_acquisitions"": 12}",2026-08-12T06:44:42Z
exp3_writer,chained,lock,12,measured,16,80,0.010553,831537362.1859645,,,"{""sum_rel_diff"": 1.4336011221119537e-16, ""log_entries"": 24, ""n_results"": 12, ""user_lock_acquisitions"": 12}",2026-08-12T06:44:42Z
exp3_writer,chained,record,12,measured,25,81,0.011685,831537362.1859645,,,"{""sum_rel_diff"": 1.4336011221119537e-16, ""log_entries"": 24, ""n_results"": 12, ""user_lock_acquisitions"": 0}",2026-08-12T06:44:42Z
exp3_writer,chained,indexed,12,measured,13,82,0.011688,831537362.1859645,,,"{""sum_rel_diff"": 1.4336011221119537e-16, ""log_entries"": 24, ""n_results"": 12, ""user_lock_acquisitions"": 0}",2026-08-12T06:44:42Z
exp3_writer,chained,writer,12,measured,7,83,0.012850,831537362.1859645,,,"{""sum_rel_diff"": 1.4336011221119537e-16, ""log_entries"": 24, ""n_results"": 12, ""user_lock_acquisitions"": 0}",2026-08-12T06:44:42Z
exp3_writer,chained,writer,12,measured,16,84,0.012135,831537362.1859645,,,"{""sum_rel_diff"": 1.4336011221119537e-16, ""log_entries"": 24, ""n_results"": 12, ""user_lock_acquisitions"": 0}",2026-08-12T06:44:42Z
exp3_writer,chained,writer,12,measured,2,85,0.012121,831537362.1859645,,,"{""sum_rel_diff"": 1.4336011221119537e-16, ""log_entries"": 24, ""n_results"": 12, ""user_lock_acquisitions"": 0}",2026-08-12T06:44:42Z
exp3_writer,chained,lock,12,measured,29,86,0.011929,831537362.1859645,,,"{""sum_rel_diff"": 1.4336011221119537e-16, ""log_entries"": 24, ""n_results"": 12, ""user_lock_acquisitions"": 12}",2026-08-12T06:44:42Z
exp3_writer,chained,record,12,measured,11,87,0.012306,831537362.1859645,,,"{""sum_rel_diff"": 1.4336011221119537e-16, ""log_entries"": 24, ""n_results"": 12, ""user_lock_acquisitions"": 0}",2026-08-12T06:44:42Z
exp3_writer,chained,lock,12,measured,8,88,0.011310,831537362.1859645,,,"{""sum_rel_diff"": 1.4336011221119537e-16, ""log_entries"": 24, ""n_results"": 12, ""user_lock_acquisitions"": 12}",2026-08-12T06:44:42Z
exp3_writer,chained,indexed,12,measured,9,89,0.012286,831537362.1859645,,,"{""sum_rel_diff"": 1.4336011221119537e-16, ""log_entries"": 24, ""n_results"": 12, ""user_lock_acquisitions"": 0}",2026-08-12T06:44:42Z
exp3_writer,chained,writer,12,measured,23,90,0.011688,831537362.1859645,,,"{""sum_rel_diff"": 1.4336011221119537e-16, ""log_entries"": 24, ""n_results"": 12, ""user_lock_acquisitions"": 0}",2026-08-12T06:44:42Z
exp3_writer,chained,record,12,measured,24,91,0.013050,831537362.1859645,,,"{""sum_rel_diff"": 1.4336011221119537e-16, ""log_entries"": 24, ""n_results"": 12, ""user_lock_acquisitions"": 0}",2026-08-12T06:44:42Z
exp3_writer,chained,record,12,measured,21,92,0.012379,831537362.1859645,,,"{""sum_rel_diff"": 1.4336011221119537e-16, ""log_entries"": 24, ""n_results"": 12, ""user_lock_acquisitions"": 0}",2026-08-12T06:44:42Z
exp3_writer,chained,record,12,measured,15,93,0.013149,831537362.1859645,,,"{""sum_rel_diff"": 1.4336011221119537e-16, ""log_entries"": 24, ""n_results"": 12, ""user_lock_acquisitions"": 0}",2026-08-12T06:44:42Z
exp3_writer,chained,record,12,measured,22,94,0.011886,831537362.1859645,,,"{""sum_rel_diff"": 1.4336011221119537e-16, ""log_entries"": 24, ""n_results"": 12, ""user_lock_acquisitions"": 0}",2026-08-12T06:44:42Z
exp3_writer,chained,lock,12,measured,1,95,0.011017,831537362.1859645,,,"{""sum_rel_diff"": 1.4336011221119537e-16, ""log_entries"": 24, ""n_results"": 12, ""user_lock_acquisitions"": 12}",2026-08-12T06:44:42Z
exp3_writer,chained,indexed,12,measured,24,96,0.011822,831537362.1859645,,,"{""sum_rel_diff"": 1.4336011221119537e-16, ""log_entries"": 24, ""n_results"": 12, ""user_lock_acquisitions"": 0}",2026-08-12T06:44:42Z
exp3_writer,chained,lock,12,measured,12,97,0.012025,831537362.1859645,,,"{""sum_rel_diff"": 1.4336011221119537e-16, ""log_entries"": 24, ""n_results"": 12, ""user_lock_acquisitions"": 12}",2026-08-12T06:44:42Z
exp3_writer,chained,record,12,measured,5,98,0.012519,831537362.1859645,,,"{""sum_rel_diff"": 1.4336011221119537e-16, ""log_entries"": 24, ""n_results"": 12, ""user_lock_acquisitions"": 0}",2026-08-12T06:44:42Z
exp3_writer,chained,lock,12,measured,19,99,0.011648,831537362.1859645,,,"{""sum_rel_diff"": 1.4336011221119537e-16, ""log_entries"": 24, ""n_results"": 12, ""user_lock_acquisitions"": 12}",2026-08-12T06:44:42Z
exp3_writer,chained,record,12,measured,14,100,0.012993,831537362.1859645,,,"{""sum_rel_diff"": 1.4336011221119537e-16, ""log_entries"": 24, ""n_results"": 12, ""user_lock_acquisitions"": 0}",2026-08-12T06:44:42Z
exp3_writer,chained,lock,12,measured,23,101,0.013290,831537362.1859645,,,"{""sum_rel_diff"": 1.4336011221119537e-16, ""log_entries"": 24, ""n_results"": 12, ""user_lock_acquisitions"": 12}",2026-08-12T06:44:42Z
exp3_writer,chained,writer,12,measured,3,102,0.011506,831537362.1859645,,,"{""sum_rel_diff"": 1.4336011221119537e-16, ""log_entries"": 24, ""n_results"": 12, ""user_lock_acquisitions"": 0}",2026-08-12T06:44:42Z
exp3_writer,chained,writer,12,measured,25,103,0.013119,831537362.1859645,,,"{""sum_rel_diff"": 1.4336011221119537e-16, ""log_entries"": 24, ""n_results"": 12, ""user_lock_acquisitions"": 0}",2026-08-12T06:44:42Z
exp3_writer,chained,indexed,12,measured,8,104,0.011949,831537362.1859645,,,"{""sum_rel_diff"": 1.4336011221119537e-16, ""log_entries"": 24, ""n_results"": 12, ""user_lock_acquisitions"": 0}",2026-08-12T06:44:42Z
exp3_writer,chained,writer,12,measured,27,105,0.012070,831537362.1859645,,,"{""sum_rel_diff"": 1.4336011221119537e-16, ""log_entries"": 24, ""n_results"": 12, ""user_lock_acquisitions"": 0}",2026-08-12T06:44:42Z
exp3_writer,chained,writer,12,measured,8,106,0.011808,831537362.1859645,,,"{""sum_rel_diff"": 1.4336011221119537e-16, ""log_entries"": 24, ""n_results"": 12, ""user_lock_acquisitions"": 0}",2026-08-12T06:44:42Z
exp3_writer,chained,record,12,measured,4,107,0.011983,831537362.1859645,,,"{""sum_rel_diff"": 1.4336011221119537e-16, ""log_entries"": 24, ""n_results"": 12, ""user_lock_acquisitions"": 0}",2026-08-12T06:44:43Z
exp3_writer,chained,indexed,12,measured,19,108,0.010823,831537362.1859645,,,"{""sum_rel_diff"": 1.4336011221119537e-16, ""log_entries"": 24, ""n_results"": 12, ""user_lock_acquisitions"": 0}",2026-08-12T06:44:43Z
exp3_writer,chained,indexed,12,measured,11,109,0.012507,831537362.1859645,,,"{""sum_rel_diff"": 1.4336011221119537e-16, ""log_entries"": 24, ""n_results"": 12, ""user_lock_acquisitions"": 0}",2026-08-12T06:44:43Z
exp3_writer,chained,indexed,12,measured,1,110,0.011992,831537362.1859645,,,"{""sum_rel_diff"": 1.4336011221119537e-16, ""log_entries"": 24, ""n_results"": 12, ""user_lock_acquisitions"": 0}",2026-08-12T06:44:43Z
exp3_writer,chained,record,12,measured,1,111,0.012035,831537362.1859645,,,"{""sum_rel_diff"": 1.4336011221119537e-16, ""log_entries"": 24, ""n_results"": 12, ""user_lock_acquisitions"": 0}",2026-08-12T06:44:43Z
exp3_writer,chained,indexed,12,measured,22,112,0.011254,831537362.1859645,,,"{""sum_rel_diff"": 1.4336011221119537e-16, ""log_entries"": 24, ""n_results"": 12, ""user_lock_acquisitions"": 0}",2026-08-12T06:44:43Z
exp3_writer,chained,indexed,12,measured,18,113,0.010750,831537362.1859645,,,"{""sum_rel_diff"": 1.4336011221119537e-16, ""log_entries"": 24, ""n_results"": 12, ""user_lock_acquisitions"": 0}",2026-08-12T06:44:43Z
exp3_writer,chained,writer,12,measured,11,114,0.011409,831537362.1859645,,,"{""sum_rel_diff"": 1.4336011221119537e-16, ""log_entries"": 24, ""n_results"": 12, ""user_lock_acquisitions"": 0}",2026-08-12T06:44:43Z
exp3_writer,chained,indexed,12,measured,15,115,0.013060,831537362.1859645,,,"{""sum_rel_diff"": 1.4336011221119537e-16, ""log_entries"": 24, ""n_results"": 12, ""user_lock_acquisitions"": 0}",2026-08-12T06:44:43Z
exp3_writer,chained,record,12,measured,19,116,0.012385,831537362.1859645,,,"{""sum_rel_diff"": 1.4336011221119537e-16, ""log_entries"": 24, ""n_results"": 12, ""user_lock_acquisitions"": 0}",2026-08-12T06:44:43Z
exp3_writer,chained,indexed,12,measured,28,117,0.011732,831537362.1859645,,,"{""sum_rel_diff"": 1.4336011221119537e-16, ""log_entries"": 24, ""n_results"": 12, ""user_lock_acquisitions"": 0}",2026-08-12T06:44:43Z
exp3_writer,chained,record,12,measured,10,118,0.011816,831537362.1859645,,,"{""sum_rel_diff"": 1.4336011221119537e-16, ""log_entries"": 24, ""n_results"": 12, ""user_lock_acquisitions"": 0}",2026-08-12T06:44:43Z
exp3_writer,chained,writer,12,measured,14,119,0.011221,831537362.1859645,,,"{""sum_rel_diff"": 1.4336011221119537e-16, ""log_entries"": 24, ""n_results"": 12, ""user_lock_acquisitions"": 0}",2026-08-12T06:44:43Z
exp3_writer,chained,lock,12,measured,25,120,0.011887,831537362.1859645,,,"{""sum_rel_diff"": 1.4336011221119537e-16, ""log_entries"": 24, ""n_results"": 12, ""user_lock_acquisitions"": 12}",2026-08-12T06:44:43Z
exp3_writer,chained,record,12,measured,18,121,0.011483,831537362.1859645,,,"{""sum_rel_diff"": 1.4336011221119537e-16, ""log_entries"": 24, ""n_results"": 12, ""user_lock_acquisitions"": 0}",2026-08-12T06:44:43Z
exp3_writer,chained,writer,12,measured,22,122,0.011454,831537362.1859645,,,"{""sum_rel_diff"": 1.4336011221119537e-16, ""log_entries"": 24, ""n_results"": 12, ""user_lock_acquisitions"": 0}",2026-08-12T06:44:43Z
exp3_writer,chained,lock,12,measured,18,123,0.010787,831537362.1859645,,,"{""sum_rel_diff"": 1.4336011221119537e-16, ""log_entries"": 24, ""n_results"": 12, ""user_lock_acquisitions"": 12}",2026-08-12T06:44:43Z
exp3_writer,chained,record,12,measured,12,124,0.010723,831537362.1859645,,,"{""sum_rel_diff"": 1.4336011221119537e-16, ""log_entries"": 24, ""n_results"": 12, ""user_lock_acquisitions"": 0}",2026-08-12T06:44:43Z
exp3_writer,chained,record,12,measured,16,125,0.011385,831537362.1859645,,,"{""sum_rel_diff"": 1.4336011221119537e-16, ""log_entries"": 24, ""n_results"": 12, ""user_lock_acquisitions"": 0}",2026-08-12T06:44:43Z
exp3_writer,chained,indexed,12,measured,7,126,0.012073,831537362.1859645,,,"{""sum_rel_diff"": 1.4336011221119537e-16, ""log_entries"": 24, ""n_results"": 12, ""user_lock_acquisitions"": 0}",2026-08-12T06:44:43Z
exp3_writer,chained,writer,12,measured,18,127,0.013225,831537362.1859645,,,"{""sum_rel_diff"": 1.4336011221119537e-16, ""log_entries"": 24, ""n_results"": 12, ""user_lock_acquisitions"": 0}",2026-08-12T06:44:43Z
exp3_writer,chained,lock,12,measured,21,128,0.012129,831537362.1859645,,,"{""sum_rel_diff"": 1.4336011221119537e-16, ""log_entries"": 24, ""n_results"": 12, ""user_lock_acquisitions"": 12}",2026-08-12T06:44:43Z
exp3_writer,chained,record,12,measured,2,129,0.011473,831537362.1859645,,,"{""sum_rel_diff"": 1.4336011221119537e-16, ""log_entries"": 24, ""n_results"": 12, ""user_lock_acquisitions"": 0}",2026-08-12T06:44:43Z
exp3_writer,chained,writer,12,measured,5,130,0.013104,831537362.1859645,,,"{""sum_rel_diff"": 1.4336011221119537e-16, ""log_entries"": 24, ""n_results"": 12, ""user_lock_acquisitions"": 0}",2026-08-12T06:44:43Z
exp3_writer,chained,indexed,12,measured,14,131,0.012441,831537362.1859645,,,"{""sum_rel_diff"": 1.4336011221119537e-16, ""log_entries"": 24, ""n_results"": 12, ""user_lock_acquisitions"": 0}",2026-08-12T06:44:43Z
exp3_writer,chained,lock,14,warmup,1,0,0.012087,831537362.1859643,,,"{""sum_rel_diff"": 0.0, ""log_entries"": 28, ""n_results"": 14, ""user_lock_acquisitions"": 14}",2026-08-12T06:44:43Z
exp3_writer,chained,indexed,14,warmup,0,1,0.011358,831537362.1859643,,,"{""sum_rel_diff"": 0.0, ""log_entries"": 28, ""n_results"": 14, ""user_lock_acquisitions"": 0}",2026-08-12T06:44:43Z
exp3_writer,chained,writer,14,warmup,1,2,0.011376,831537362.1859643,,,"{""sum_rel_diff"": 0.0, ""log_entries"": 28, ""n_results"": 14, ""user_lock_acquisitions"": 0}",2026-08-12T06:44:43Z
exp3_writer,chained,lock,14,warmup,0,3,0.010617,831537362.1859643,,,"{""sum_rel_diff"": 0.0, ""log_entries"": 28, ""n_results"": 14, ""user_lock_acquisitions"": 14}",2026-08-12T06:44:43Z
exp3_writer,chained,indexed,14,warmup,2,4,0.011553,831537362.1859643,,,"{""sum_rel_diff"": 0.0, ""log_entries"": 28, ""n_results"": 14, ""user_lock_acquisitions"": 0}",2026-08-12T06:44:43Z
exp3_writer,chained,record,14,warmup,1,5,0.010593,831537362.1859643,,,"{""sum_rel_diff"": 0.0, ""log_entries"": 28, ""n_results"": 14, ""user_lock_acquisitions"": 0}",2026-08-12T06:44:43Z
exp3_writer,chained,record,14,warmup,0,6,0.011075,831537362.1859643,,,"{""sum_rel_diff"": 0.0, ""log_entries"": 28, ""n_results"": 14, ""user_lock_acquisitions"": 0}",2026-08-12T06:44:43Z
exp3_writer,chained,indexed,14,warmup,1,7,0.010834,831537362.1859643,,,"{""sum_rel_diff"": 0.0, ""log_entries"": 28, ""n_results"": 14, ""user_lock_acquisitions"": 0}",2026-08-12T06:44:43Z
exp3_writer,chained,record,14,warmup,2,8,0.011243,831537362.1859643,,,"{""sum_rel_diff"": 0.0, ""log_entries"": 28, ""n_results"": 14, ""user_lock_acquisitions"": 0}",2026-08-12T06:44:43Z
exp3_writer,chained,writer,14,warmup,0,9,0.012205,831537362.1859643,,,"{""sum_rel_diff"": 0.0, ""log_entries"": 28, ""n_results"": 14, ""user_lock_acquisitions"": 0}",2026-08-12T06:44:43Z
exp3_writer,chained,lock,14,warmup,2,10,0.011659,831537362.1859643,,,"{""sum_rel_diff"": 0.0, ""log_entries"": 28, ""n_results"": 14, ""user_lock_acquisitions"": 14}",2026-08-12T06:44:43Z
exp3_writer,chained,writer,14,warmup,2,11,0.011613,831537362.1859643,,,"{""sum_rel_diff"": 0.0, ""log_entries"": 28, ""n_results"": 14, ""user_lock_acquisitions"": 0}",2026-08-12T06:44:43Z
exp3_writer,chained,lock,14,measured,26,12,0.011763,831537362.1859643,,,"{""sum_rel_diff"": 0.0, ""log_entries"": 28, ""n_results"": 14, ""user_lock_acquisitions"": 14}",2026-08-12T06:44:43Z
exp3_writer,chained,record,14,measured,2,13,0.011963,831537362.1859643,,,"{""sum_rel_diff"": 0.0, ""log_entries"": 28, ""n_results"": 14, ""user_lock_acquisitions"": 0}",2026-08-12T06:44:43Z
exp3_writer,chained,writer,14,measured,16,14,0.013617,831537362.1859643,,,"{""sum_rel_diff"": 0.0, ""log_entries"": 28, ""n_results"": 14, ""user_lock_acquisitions"": 0}",2026-08-12T06:44:43Z
exp3_writer,chained,indexed,14,measured,18,15,0.012414,831537362.1859643,,,"{""sum_rel_diff"": 0.0, ""log_entries"": 28, ""n_results"": 14, ""user_lock_acquisitions"": 0}",2026-08-12T06:44:43Z
exp3_writer,chained,indexed,14,measured,28,16,0.012500,831537362.1859643,,,"{""sum_rel_diff"": 0.0, ""log_entries"": 28, ""n_results"": 14, ""user_lock_acquisitions"": 0}",2026-08-12T06:44:43Z
exp3_writer,chained,indexed,14,measured,24,17,0.012117,831537362.1859643,,,"{""sum_rel_diff"": 0.0, ""log_entries"": 28, ""n_results"": 14, ""user_lock_acquisitions"": 0}",2026-08-12T06:44:43Z
exp3_writer,chained,record,14,measured,17,18,0.011766,831537362.1859643,,,"{""sum_rel_diff"": 0.0, ""log_entries"": 28, ""n_results"": 14, ""user_lock_acquisitions"": 0}",2026-08-12T06:44:43Z
exp3_writer,chained,indexed,14,measured,23,19,0.010255,831537362.1859643,,,"{""sum_rel_diff"": 0.0, ""log_entries"": 28, ""n_results"": 14, ""user_lock_acquisitions"": 0}",2026-08-12T06:44:43Z
exp3_writer,chained,lock,14,measured,19,20,0.010774,831537362.1859643,,,"{""sum_rel_diff"": 0.0, ""log_entries"": 28, ""n_results"": 14, ""user_lock_acquisitions"": 14}",2026-08-12T06:44:43Z
exp3_writer,chained,writer,14,measured,1,21,0.010970,831537362.1859643,,,"{""sum_rel_diff"": 0.0, ""log_entries"": 28, ""n_results"": 14, ""user_lock_acquisitions"": 0}",2026-08-12T06:44:43Z
exp3_writer,chained,record,14,measured,5,22,0.011918,831537362.1859643,,,"{""sum_rel_diff"": 0.0, ""log_entries"": 28, ""n_results"": 14, ""user_lock_acquisitions"": 0}",2026-08-12T06:44:43Z
exp3_writer,chained,lock,14,measured,17,23,0.011920,831537362.1859643,,,"{""sum_rel_diff"": 0.0, ""log_entries"": 28, ""n_results"": 14, ""user_lock_acquisitions"": 14}",2026-08-12T06:44:43Z
exp3_writer,chained,indexed,14,measured,1,24,0.011050,831537362.1859643,,,"{""sum_rel_diff"": 0.0, ""log_entries"": 28, ""n_results"": 14, ""user_lock_acquisitions"": 0}",2026-08-12T06:44:43Z
exp3_writer,chained,lock,14,measured,14,25,0.011829,831537362.1859643,,,"{""sum_rel_diff"": 0.0, ""log_entries"": 28, ""n_results"": 14, ""user_lock_acquisitions"": 14}",2026-08-12T06:44:43Z
exp3_writer,chained,indexed,14,measured,13,26,0.012048,831537362.1859643,,,"{""sum_rel_diff"": 0.0, ""log_entries"": 28, ""n_results"": 14, ""user_lock_acquisitions"": 0}",2026-08-12T06:44:43Z
exp3_writer,chained,writer,14,measured,28,27,0.012099,831537362.1859643,,,"{""sum_rel_diff"": 0.0, ""log_entries"": 28, ""n_results"": 14, ""user_lock_acquisitions"": 0}",2026-08-12T06:44:43Z
exp3_writer,chained,indexed,14,measured,20,28,0.011220,831537362.1859643,,,"{""sum_rel_diff"": 0.0, ""log_entries"": 28, ""n_results"": 14, ""user_lock_acquisitions"": 0}",2026-08-12T06:44:43Z
exp3_writer,chained,writer,14,measured,6,29,0.010973,831537362.1859643,,,"{""sum_rel_diff"": 0.0, ""log_entries"": 28, ""n_results"": 14, ""user_lock_acquisitions"": 0}",2026-08-12T06:44:43Z
exp3_writer,chained,indexed,14,measured,11,30,0.011444,831537362.1859643,,,"{""sum_rel_diff"": 0.0, ""log_entries"": 28, ""n_results"": 14, ""user_lock_acquisitions"": 0}",2026-08-12T06:44:43Z
exp3_writer,chained,writer,14,measured,22,31,0.011414,831537362.1859643,,,"{""sum_rel_diff"": 0.0, ""log_entries"": 28, ""n_results"": 14, ""user_lock_acquisitions"": 0}",2026-08-12T06:44:43Z
exp3_writer,chained,writer,14,measured,9,32,0.012022,831537362.1859643,,,"{""sum_rel_diff"": 0.0, ""log_entries"": 28, ""n_results"": 14, ""user_lock_acquisitions"": 0}",2026-08-12T06:44:43Z
exp3_writer,chained,record,14,measured,10,33,0.012359,831537362.1859643,,,"{""sum_rel_diff"": 0.0, ""log_entries"": 28, ""n_results"": 14, ""user_lock_acquisitions"": 0}",2026-08-12T06:44:43Z
exp3_writer,chained,indexed,14,measured,4,34,0.011405,831537362.1859643,,,"{""sum_rel_diff"": 0.0, ""log_entries"": 28, ""n_results"": 14, ""user_lock_acquisitions"": 0}",2026-08-12T06:44:43Z
exp3_writer,chained,lock,14,measured,1,35,0.010788,831537362.1859643,,,"{""sum_rel_diff"": 0.0, ""log_entries"": 28, ""n_results"": 14, ""user_lock_acquisitions"": 14}",2026-08-12T06:44:43Z
exp3_writer,chained,lock,14,measured,12,36,0.011792,831537362.1859643,,,"{""sum_rel_diff"": 0.0, ""log_entries"": 28, ""n_results"": 14, ""user_lock_acquisitions"": 14}",2026-08-12T06:44:43Z
exp3_writer,chained,record,14,measured,6,37,0.011568,831537362.1859643,,,"{""sum_rel_diff"": 0.0, ""log_entries"": 28, ""n_results"": 14, ""user_lock_acquisitions"": 0}",2026-08-12T06:44:43Z
exp3_writer,chained,record,14,measured,25,38,0.012640,831537362.1859643,,,"{""sum_rel_diff"": 0.0, ""log_entries"": 28, ""n_results"": 14, ""user_lock_acquisitions"": 0}",2026-08-12T06:44:43Z
exp3_writer,chained,lock,14,measured,5,39,0.012633,831537362.1859643,,,"{""sum_rel_diff"": 0.0, ""log_entries"": 28, ""n_results"": 14, ""user_lock_acquisitions"": 14}",2026-08-12T06:44:43Z
exp3_writer,chained,lock,14,measured,16,40,0.012094,831537362.1859643,,,"{""sum_rel_diff"": 0.0, ""log_entries"": 28, ""n_results"": 14, ""user_lock_acquisitions"": 14}",2026-08-12T06:44:43Z
exp3_writer,chained,writer,14,measured,24,41,0.012560,831537362.1859643,,,"{""sum_rel_diff"": 0.0, ""log_entries"": 28, ""n_results"": 14, ""user_lock_acquisitions"": 0}",2026-08-12T06:44:43Z
exp3_writer,chained,writer,14,measured,7,42,0.012259,831537362.1859643,,,"{""sum_rel_diff"": 0.0, ""log_entries"": 28, ""n_results"": 14, ""user_lock_acquisitions"": 0}",2026-08-12T06:44:43Z
exp3_writer,chained,record,14,measured,27,43,0.011576,831537362.1859643,,,"{""sum_rel_diff"": 0.0, ""log_entries"": 28, ""n_results"": 14, ""user_lock_acquisitions"": 0}",2026-08-12T06:44:43Z
exp3_writer,chained,lock,14,measured,0,44,0.011010,831537362.1859643,,,"{""sum_rel_diff"": 0.0, ""log_entries"": 28, ""n_results"": 14, ""user_lock_acquisitions"": 14}",2026-08-12T06:44:43Z
exp3_writer,chained,indexed,14,measured,2,45,0.011245,831537362.1859643,,,"{""sum_rel_diff"": 0.0, ""log_entries"": 28, ""n_results"": 14, ""user_lock_acquisitions"": 0}",2026-08-12T06:44:43Z
exp3_writer,chained,indexed,14,measured,10,46,0.011240,831537362.1859643,,,"{""sum_rel_diff"": 0.0, ""log_entries"": 28, ""n_results"": 14, ""user_lock_acquisitions"": 0}",2026-08-12T06:44:43Z
exp3_writer,chained,lock,14,measured,21,47,0.010687,831537362.1859643,,,"{""sum_rel_diff"": 0.0, ""log_entries"": 28, ""n_results"": 14, ""user_lock_acquisitions"": 14}",2026-08-12T06:44:43Z
exp3_writer,chained,lock,14,measured,29,48,0.011760,831537362.1859643,,,"{""sum_rel_diff"": 0.0, ""log_entries"": 28, ""n_results"": 14, ""user_lock_acquisitions"": 14}",2026-08-12T06:44:43Z
exp3_writer,chained,lock,14,measured,11,49,0.010652,831537362.1859643,,,"{""sum_rel_diff"": 0.0, ""log_entries"": 28, ""n_results"": 14, ""user_lock_acquisitions"": 14}",2026-08-12T06:44:43Z
exp3_writer,chained,record,14,measured,29,50,0.011729,831537362.1859643,,,"{""sum_rel_diff"": 0.0, ""log_entries"": 28, ""n_results"": 14, ""user_lock_acquisitions"": 0}",2026-08-12T06:44:43Z
exp3_writer,chained,record,14,measured,20,51,0.011667,831537362.1859643,,,"{""sum_rel_diff"": 0.0, ""log_entries"": 28, ""n_results"": 14, ""user_lock_acquisitions"": 0}",2026-08-12T06:44:43Z
exp3_writer,chained,indexed,14,measured,26,52,0.011479,831537362.1859643,,,"{""sum_rel_diff"": 0.0, ""log_entries"": 28, ""n_results"": 14, ""user_lock_acquisitions"": 0}",2026-08-12T06:44:43Z
exp3_writer,chained,lock,14,measured,4,53,0.011398,831537362.1859643,,,"{""sum_rel_diff"": 0.0, ""log_entries"": 28, ""n_results"": 14, ""user_lock_acquisitions"": 14}",2026-08-12T06:44:43Z
exp3_writer,chained,indexed,14,measured,19,54,0.011549,831537362.1859643,,,"{""sum_rel_diff"": 0.0, ""log_entries"": 28, ""n_results"": 14, ""user_lock_acquisitions"": 0}",2026-08-12T06:44:43Z
exp3_writer,chained,record,14,measured,9,55,0.011457,831537362.1859643,,,"{""sum_rel_diff"": 0.0, ""log_entries"": 28, ""n_results"": 14, ""user_lock_acquisitions"": 0}",2026-08-12T06:44:43Z
exp3_writer,chained,record,14,measured,12,56,0.011577,831537362.1859643,,,"{""sum_rel_diff"": 0.0, ""log_entries"": 28, ""n_results"": 14, ""user_lock_acquisitions"": 0}",2026-08-12T06:44:43Z
exp3_writer,chained,writer,14,measured,21,57,0.011556,831537362.1859643,,,"{""sum_rel_diff"": 0.0, ""log_entries"": 28, ""n_results"": 14, ""user_lock_acquisitions"": 0}",2026-08-12T06:44:43Z
exp3_writer,chained,writer,14,measured,3,58,0.011193,831537362.1859643,,,"{""sum_rel_diff"": 0.0, ""log_entries"": 28, ""n_results"": 14, ""user_lock_acquisitions"": 0}",2026-08-12T06:44:43Z
exp3_writer,chained,writer,14,measured,11,59,0.010190,831537362.1859643,,,"{""sum_rel_diff"": 0.0, ""log_entries"": 28, ""n_results"": 14, ""user_lock_acquisitions"": 0}",2026-08-12T06:44:44Z
exp3_writer,chained,record,14,measured,19,60,0.011038,831537362.1859643,,,"{""sum_rel_diff"": 0.0, ""log_entries"": 28, ""n_results"": 14, ""user_lock_acquisitions"": 0}",2026-08-12T06:44:44Z
exp3_writer,chained,lock,14,measured,24,61,0.011128,831537362.1859643,,,"{""sum_rel_diff"": 0.0, ""log_entries"": 28, ""n_results"": 14, ""user_lock_acquisitions"": 14}",2026-08-12T06:44:44Z
exp3_writer,chained,record,14,measured,24,62,0.010273,831537362.1859643,,,"{""sum_rel_diff"": 0.0, ""log_entries"": 28, ""n_results"": 14, ""user_lock_acquisitions"": 0}",2026-08-12T06:44:44Z
exp3_writer,chained,writer,14,measured,13,63,0.011387,831537362.1859643,,,"{""sum_rel_diff"": 0.0, ""log_entries"": 28, ""n_results"": 14, ""user_lock_acquisitions"": 0}",2026-08-12T06:44:44Z
exp3_writer,chained,writer,14,measured,12,64,0.011733,831537362.1859643,,,"{""sum_rel_diff"": 0.0, ""log_entries"": 28, ""n_results"": 14, ""user_lock_acquisitions"": 0}",2026-08-12T06:44:44Z
exp3_writer,chained,writer,14,measured,8,65,0.011002,831537362.1859643,,,"{""sum_rel_diff"": 0.0, ""log_entries"": 28, ""n_results"": 14, ""user_lock_acquisitions"": 0}",2026-08-12T06:44:44Z
exp3_writer,chained,indexed,14,measured,16,66,0.013321,831537362.1859643,,,"{""sum_rel_diff"": 0.0, ""log_entries"": 28, ""n_results"": 14, ""user_lock_acquisitions"": 0}",2026-08-12T06:44:44Z
exp3_writer,chained,lock,14,measured,3,67,0.010520,831537362.1859643,,,"{""sum_rel_diff"": 0.0, ""log_entries"": 28, ""n_results"": 14, ""user_lock_acquisitions"": 14}",2026-08-12T06:44:44Z
exp3_writer,chained,lock,14,measured,25,68,0.011047,831537362.1859643,,,"{""sum_rel_diff"": 0.0, ""log_entries"": 28, ""n_results"": 14, ""user_lock_acquisitions"": 14}",2026-08-12T06:44:44Z
exp3_writer,chained,indexed,14,measured,5,69,0.010435,831537362.1859643,,,"{""sum_rel_diff"": 0.0, ""log_entries"": 28, ""n_results"": 14, ""user_lock_acquisitions"": 0}",2026-08-12T06:44:44Z
exp3_writer,chained,lock,14,measured,7,70,0.011719,831537362.1859643,,,"{""sum_rel_diff"": 0.0, ""log_entries"": 28, ""n_results"": 14, ""user_lock_acquisitions"": 14}",2026-08-12T06:44:44Z
exp3_writer,chained,indexed,14,measured,3,71,0.010843,831537362.1859643,,,"{""sum_rel_diff"": 0.0, ""log_entries"": 28, ""n_results"": 14, ""user_lock_acquisitions"": 0}",2026-08-12T06:44:44Z
exp3_writer,chained,writer,14,measured,26,72,0.011228,831537362.1859643,,,"{""sum_rel_diff"": 0.0, ""log_entries"": 28, ""n_results"": 14, ""user_lock_acquisitions"": 0}",2026-08-12T06:44:44Z
exp3_writer,chained,record,14,measured,28,73,0.010976,831537362.1859643,,,"{""sum_rel_diff"": 0.0, ""log_entries"": 28, ""n_results"": 14, ""user_lock_acquisitions"": 0}",2026-08-12T06:44:44Z
exp3_writer,chained,record,14,measured,26,74,0.010367,831537362.1859643,,,"{""sum_rel_diff"": 0.0, ""log_entries"": 28, ""n_results"": 14, ""user_lock_acquisitions"": 0}",2026-08-12T06:44:44Z
exp3_writer,chained,writer,14,measured,5,75,0.010260,831537362.1859643,,,"{""sum_rel_diff"": 0.0, ""log_entries"": 28, ""n_results"": 14, ""user_lock_acquisitions"": 0}",2026-08-12T06:44:44Z
exp3_writer,chained,indexed,14,measured,22,76,0.009999,831537362.1859643,,,"{""sum_rel_diff"": 0.0, ""log_entries"": 28, ""n_results"": 14, ""user_lock_acquisitions"": 0}",2026-08-12T06:44:44Z
exp3_writer,chained,indexed,14,measured,9,77,0.010307,831537362.1859643,,,"{""sum_rel_diff"": 0.0, ""log_entries"": 28, ""n_results"": 14, ""user_lock_acquisitions"": 0}",2026-08-12T06:44:44Z
exp3_writer,chained,lock,14,measured,18,78,0.010230,831537362.1859643,,,"{""sum_rel_diff"": 0.0, ""log_entries"": 28, ""n_results"": 14, ""user_lock_acquisitions"": 14}",2026-08-12T06:44:44Z
exp3_writer,chained,record,14,measured,7,79,0.011636,831537362.1859643,,,"{""sum_rel_diff"": 0.0, ""log_entries"": 28, ""n_results"": 14, ""user_lock_acquisitions"": 0}",2026-08-12T06:44:44Z
exp3_writer,chained,writer,14,measured,20,80,0.011014,831537362.1859643,,,"{""sum_rel_diff"": 0.0, ""log_entries"": 28, ""n_results"": 14, ""user_lock_acquisitions"": 0}",2026-08-12T06:44:44Z
exp3_writer,chained,writer,14,measured,18,81,0.011515,831537362.1859643,,,"{""sum_rel_diff"": 0.0, ""log_entries"": 28, ""n_results"": 14, ""user_lock_acquisitions"": 0}",2026-08-12T06:44:44Z
exp3_writer,chained,record,14,measured,15,82,0.010764,831537362.1859643,,,"{""sum_rel_diff"": 0.0, ""log_entries"": 28, ""n_results"": 14, ""user_lock_acquisitions"": 0}",2026-08-12T06:44:44Z
exp3_writer,chained,writer,14,measured,0,83,0.012451,831537362.1859643,,,"{""sum_rel_diff"": 0.0, ""log_entries"": 28, ""n_results"": 14, ""user_lock_acquisitions"": 0}",2026-08-12T06:44:44Z
exp3_writer,chained,indexed,14,measured,6,84,0.011310,831537362.1859643,,,"{""sum_rel_diff"": 0.0, ""log_entries"": 28, ""n_results"": 14, ""user_lock_acquisitions"": 0}",2026-08-12T06:44:44Z
exp3_writer,chained,lock,14,measured,2,85,0.010363,831537362.1859643,,,"{""sum_rel_diff"": 0.0, ""log_entries"": 28, ""n_results"": 14, ""user_lock_acquisitions"": 14}",2026-08-12T06:44:44Z
exp3_writer,chained,writer,14,measured,25,86,0.011231,831537362.1859643,,,"{""sum_rel_diff"": 0.0, ""log_entries"": 28, ""n_results"": 14, ""user_lock_acquisitions"": 0}",2026-08-12T06:44:44Z
exp3_writer,chained,indexed,14,measured,0,87,0.010982,831537362.1859643,,,"{""sum_rel_diff"": 0.0, ""log_entries"": 28, ""n_results"": 14, ""user_lock_acquisitions"": 0}",2026-08-12T06:44:44Z
exp3_writer,chained,lock,14,measured,28,88,0.011168,831537362.1859643,,,"{""sum_rel_diff"": 0.0, ""log_entries"": 28, ""n_results"": 14, ""user_lock_acquisitions"": 14}",2026-08-12T06:44:44Z
exp3_writer,chained,record,14,measured,21,89,0.010684,831537362.1859643,,,"{""sum_rel_diff"": 0.0, ""log_entries"": 28, ""n_results"": 14, ""user_lock_acquisitions"": 0}",2026-08-12T06:44:44Z
exp3_writer,chained,writer,14,measured,14,90,0.011379,831537362.1859643,,,"{""sum_rel_diff"": 0.0, ""log_entries"": 28, ""n_results"": 14, ""user_lock_acquisitions"": 0}",2026-08-12T06:44:44Z
exp3_writer,chained,indexed,14,measured,25,91,0.011115,831537362.1859643,,,"{""sum_rel_diff"": 0.0, ""log_entries"": 28, ""n_results"": 14, ""user_lock_acquisitions"": 0}",2026-08-12T06:44:44Z
exp3_writer,chained,lock,14,measured,27,92,0.011634,831537362.1859643,,,"{""sum_rel_diff"": 0.0, ""log_entries"": 28, ""n_results"": 14, ""user_lock_acquisitions"": 14}",2026-08-12T06:44:44Z
exp3_writer,chained,writer,14,measured,2,93,0.010908,831537362.1859643,,,"{""sum_rel_diff"": 0.0, ""log_entries"": 28, ""n_results"": 14, ""user_lock_acquisitions"": 0}",2026-08-12T06:44:44Z
exp3_writer,chained,record,14,measured,14,94,0.011414,831537362.1859643,,,"{""sum_rel_diff"": 0.0, ""log_entries"": 28, ""n_results"": 14, ""user_lock_acquisitions"": 0}",2026-08-12T06:44:44Z
exp3_writer,chained,record,14,measured,18,95,0.010542,831537362.1859643,,,"{""sum_rel_diff"": 0.0, ""log_entries"": 28, ""n_results"": 14, ""user_lock_acquisitions"": 0}",2026-08-12T06:44:44Z
exp3_writer,chained,record,14,measured,23,96,0.012370,831537362.1859643,,,"{""sum_rel_diff"": 0.0, ""log_entries"": 28, ""n_results"": 14, ""user_lock_acquisitions"": 0}",2026-08-12T06:44:44Z
exp3_writer,chained,lock,14,measured,23,97,0.013071,831537362.1859643,,,"{""sum_rel_diff"": 0.0, ""log_entries"": 28, ""n_results"": 14, ""user_lock_acquisitions"": 14}",2026-08-12T06:44:44Z
exp3_writer,chained,lock,14,measured,22,98,0.010481,831537362.1859643,,,"{""sum_rel_diff"": 0.0, ""log_entries"": 28, ""n_results"": 14, ""user_lock_acquisitions"": 14}",2026-08-12T06:44:44Z
exp3_writer,chained,indexed,14,measured,14,99,0.012063,831537362.1859643,,,"{""sum_rel_diff"": 0.0, ""log_entries"": 28, ""n_results"": 14, ""user_lock_acquisitions"": 0}",2026-08-12T06:44:44Z
exp3_writer,chained,record,14,measured,13,100,0.011865,831537362.1859643,,,"{""sum_rel_diff"": 0.0, ""log_entries"": 28, ""n_results"": 14, ""user_lock_acquisitions"": 0}",2026-08-12T06:44:44Z
exp3_writer,chained,writer,14,measured,4,101,0.011697,831537362.1859643,,,"{""sum_rel_diff"": 0.0, ""log_entries"": 28, ""n_results"": 14, ""user_lock_acquisitions"": 0}",2026-08-12T06:44:44Z
exp3_writer,chained,lock,14,measured,10,102,0.010265,831537362.1859643,,,"{""sum_rel_diff"": 0.0, ""log_entries"": 28, ""n_results"": 14, ""user_lock_acquisitions"": 14}",2026-08-12T06:44:44Z
exp3_writer,chained,lock,14,measured,20,103,0.009860,831537362.1859643,,,"{""sum_rel_diff"": 0.0, ""log_entries"": 28, ""n_results"": 14, ""user_lock_acquisitions"": 14}",2026-08-12T06:44:44Z
exp3_writer,chained,record,14,measured,8,104,0.010359,831537362.1859643,,,"{""sum_rel_diff"": 0.0, ""log_entries"": 28, ""n_results"": 14, ""user_lock_acquisitions"": 0}",2026-08-12T06:44:44Z
exp3_writer,chained,record,14,measured,3,105,0.012895,831537362.1859643,,,"{""sum_rel_diff"": 0.0, ""log_entries"": 28, ""n_results"": 14, ""user_lock_acquisitions"": 0}",2026-08-12T06:44:44Z
exp3_writer,chained,lock,14,measured,13,106,0.010997,831537362.1859643,,,"{""sum_rel_diff"": 0.0, ""log_entries"": 28, ""n_results"": 14, ""user_lock_acquisitions"": 14}",2026-08-12T06:44:44Z
exp3_writer,chained,record,14,measured,16,107,0.011871,831537362.1859643,,,"{""sum_rel_diff"": 0.0, ""log_entries"": 28, ""n_results"": 14, ""user_lock_acquisitions"": 0}",2026-08-12T06:44:44Z
exp3_writer,chained,writer,14,measured,27,108,0.011876,831537362.1859643,,,"{""sum_rel_diff"": 0.0, ""log_entries"": 28, ""n_results"": 14, ""user_lock_acquisitions"": 0}",2026-08-12T06:44:44Z
exp3_writer,chained,record,14,measured,1,109,0.012361,831537362.1859643,,,"{""sum_rel_diff"": 0.0, ""log_entries"": 28, ""n_results"": 14, ""user_lock_acquisitions"": 0}",2026-08-12T06:44:44Z
exp3_writer,chained,indexed,14,measured,7,110,0.012291,831537362.1859643,,,"{""sum_rel_diff"": 0.0, ""log_entries"": 28, ""n_results"": 14, ""user_lock_acquisitions"": 0}",2026-08-12T06:44:44Z
exp3_writer,chained,writer,14,measured,17,111,0.011786,831537362.1859643,,,"{""sum_rel_diff"": 0.0, ""log_entries"": 28, ""n_results"": 14, ""user_lock_acquisitions"": 0}",2026-08-12T06:44:44Z
exp3_writer,chained,lock,14,measured,6,112,0.012168,831537362.1859643,,,"{""sum_rel_diff"": 0.0, ""log_entries"": 28, ""n_results"": 14, ""user_lock_acquisitions"": 14}",2026-08-12T06:44:44Z
exp3_writer,chained,record,14,measured,22,113,0.011254,831537362.1859643,,,"{""sum_rel_diff"": 0.0, ""log_entries"": 28, ""n_results"": 14, ""user_lock_acquisitions"": 0}",2026-08-12T06:44:44Z
exp3_writer,chained,writer,14,measured,23,114,0.010973,831537362.1859643,,,"{""sum_rel_diff"": 0.0, ""log_entries"": 28, ""n_results"": 14, ""user_lock_acquisitions"": 0}",2026-08-12T06:44:44Z
exp3_writer,chained,indexed,14,measured,17,115,0.011401,831537362.1859643,,,"{""sum_rel_diff"": 0.0, ""log_entries"": 28, ""n_results"": 14, ""user_lock_acquisitions"": 0}",2026-08-12T06:44:44Z
exp3_writer,chained,indexed,14,measured,27,116,0.011300,831537362.1859643,,,"{""sum_rel_diff"": 0.0, ""log_entries"": 28, ""n_results"": 14, ""user_lock_acquisitions"": 0}",2026-08-12T06:44:44Z
exp3_writer,chained,writer,14,measured,19,117,0.010411,831537362.1859643,,,"{""sum_rel_diff"": 0.0, ""log_entries"": 28, ""n_results"": 14, ""user_lock_acquisitions"": 0}",2026-08-12T06:44:44Z
exp3_writer,chained,indexed,14,measured,8,118,0.011200,831537362.1859643,,,"{""sum_rel_diff"": 0.0, ""log_entries"": 28, ""n_results"": 14, ""user_lock_acquisitions"": 0}",2026-08-12T06:44:44Z
exp3_writer,chained,writer,14,measured,15,119,0.011204,831537362.1859643,,,"{""sum_rel_diff"": 0.0, ""log_entries"": 28, ""n_results"": 14, ""user_lock_acquisitions"": 0}",2026-08-12T06:44:44Z
exp3_writer,chained,indexed,14,measured,29,120,0.011619,831537362.1859643,,,"{""sum_rel_diff"": 0.0, ""log_entries"": 28, ""n_results"": 14, ""user_lock_acquisitions"": 0}",2026-08-12T06:44:44Z
exp3_writer,chained,record,14,measured,4,121,0.012556,831537362.1859643,,,"{""sum_rel_diff"": 0.0, ""log_entries"": 28, ""n_results"": 14, ""user_lock_acquisitions"": 0}",2026-08-12T06:44:44Z
exp3_writer,chained,writer,14,measured,10,122,0.011137,831537362.1859643,,,"{""sum_rel_diff"": 0.0, ""log_entries"": 28, ""n_results"": 14, ""user_lock_acquisitions"": 0}",2026-08-12T06:44:44Z
exp3_writer,chained,indexed,14,measured,12,123,0.010818,831537362.1859643,,,"{""sum_rel_diff"": 0.0, ""log_entries"": 28, ""n_results"": 14, ""user_lock_acquisitions"": 0}",2026-08-12T06:44:44Z
exp3_writer,chained,record,14,measured,0,124,0.010818,831537362.1859643,,,"{""sum_rel_diff"": 0.0, ""log_entries"": 28, ""n_results"": 14, ""user_lock_acquisitions"": 0}",2026-08-12T06:44:44Z
exp3_writer,chained,lock,14,measured,8,125,0.011005,831537362.1859643,,,"{""sum_rel_diff"": 0.0, ""log_entries"": 28, ""n_results"": 14, ""user_lock_acquisitions"": 14}",2026-08-12T06:44:44Z
exp3_writer,chained,lock,14,measured,15,126,0.010630,831537362.1859643,,,"{""sum_rel_diff"": 0.0, ""log_entries"": 28, ""n_results"": 14, ""user_lock_acquisitions"": 14}",2026-08-12T06:44:44Z
exp3_writer,chained,indexed,14,measured,15,127,0.012305,831537362.1859643,,,"{""sum_rel_diff"": 0.0, ""log_entries"": 28, ""n_results"": 14, ""user_lock_acquisitions"": 0}",2026-08-12T06:44:44Z
exp3_writer,chained,record,14,measured,11,128,0.010873,831537362.1859643,,,"{""sum_rel_diff"": 0.0, ""log_entries"": 28, ""n_results"": 14, ""user_lock_acquisitions"": 0}",2026-08-12T06:44:44Z
exp3_writer,chained,lock,14,measured,9,129,0.009946,831537362.1859643,,,"{""sum_rel_diff"": 0.0, ""log_entries"": 28, ""n_results"": 14, ""user_lock_acquisitions"": 14}",2026-08-12T06:44:44Z
exp3_writer,chained,writer,14,measured,29,130,0.010847,831537362.1859643,,,"{""sum_rel_diff"": 0.0, ""log_entries"": 28, ""n_results"": 14, ""user_lock_acquisitions"": 0}",2026-08-12T06:44:44Z
exp3_writer,chained,indexed,14,measured,21,131,0.010770,831537362.1859643,,,"{""sum_rel_diff"": 0.0, ""log_entries"": 28, ""n_results"": 14, ""user_lock_acquisitions"": 0}",2026-08-12T06:44:44Z
exp3_writer,chained,indexed,16,warmup,2,0,0.011110,831537362.1859643,,,"{""sum_rel_diff"": 0.0, ""log_entries"": 32, ""n_results"": 16, ""user_lock_acquisitions"": 0}",2026-08-12T06:44:44Z
exp3_writer,chained,writer,16,warmup,0,1,0.010584,831537362.1859643,,,"{""sum_rel_diff"": 0.0, ""log_entries"": 32, ""n_results"": 16, ""user_lock_acquisitions"": 0}",2026-08-12T06:44:44Z
exp3_writer,chained,lock,16,warmup,1,2,0.010643,831537362.1859643,,,"{""sum_rel_diff"": 0.0, ""log_entries"": 32, ""n_results"": 16, ""user_lock_acquisitions"": 16}",2026-08-12T06:44:44Z
exp3_writer,chained,writer,16,warmup,2,3,0.010604,831537362.1859643,,,"{""sum_rel_diff"": 0.0, ""log_entries"": 32, ""n_results"": 16, ""user_lock_acquisitions"": 0}",2026-08-12T06:44:44Z
exp3_writer,chained,record,16,warmup,2,4,0.010541,831537362.1859643,,,"{""sum_rel_diff"": 0.0, ""log_entries"": 32, ""n_results"": 16, ""user_lock_acquisitions"": 0}",2026-08-12T06:44:44Z
exp3_writer,chained,record,16,warmup,1,5,0.010732,831537362.1859643,,,"{""sum_rel_diff"": 0.0, ""log_entries"": 32, ""n_results"": 16, ""user_lock_acquisitions"": 0}",2026-08-12T06:44:44Z
exp3_writer,chained,lock,16,warmup,0,6,0.009815,831537362.1859643,,,"{""sum_rel_diff"": 0.0, ""log_entries"": 32, ""n_results"": 16, ""user_lock_acquisitions"": 16}",2026-08-12T06:44:44Z
exp3_writer,chained,lock,16,warmup,2,7,0.010673,831537362.1859643,,,"{""sum_rel_diff"": 0.0, ""log_entries"": 32, ""n_results"": 16, ""user_lock_acquisitions"": 16}",2026-08-12T06:44:44Z
exp3_writer,chained,record,16,warmup,0,8,0.011418,831537362.1859643,,,"{""sum_rel_diff"": 0.0, ""log_entries"": 32, ""n_results"": 16, ""user_lock_acquisitions"": 0}",2026-08-12T06:44:44Z
exp3_writer,chained,indexed,16,warmup,0,9,0.010766,831537362.1859643,,,"{""sum_rel_diff"": 0.0, ""log_entries"": 32, ""n_results"": 16, ""user_lock_acquisitions"": 0}",2026-08-12T06:44:44Z
exp3_writer,chained,indexed,16,warmup,1,10,0.010539,831537362.1859643,,,"{""sum_rel_diff"": 0.0, ""log_entries"": 32, ""n_results"": 16, ""user_lock_acquisitions"": 0}",2026-08-12T06:44:44Z
exp3_writer,chained,writer,16,warmup,1,11,0.010154,831537362.1859643,,,"{""sum_rel_diff"": 0.0, ""log_entries"": 32, ""n_results"": 16, ""user_lock_acquisitions"": 0}",2026-08-12T06:44:44Z
exp3_writer,chained,indexed,16,measured,22,12,0.009691,831537362.1859643,,,"{""sum_rel_diff"": 0.0, ""log_entries"": 32, ""n_results"": 16, ""user_lock_acquisitions"": 0}",2026-08-12T06:44:44Z
exp3_writer,chained,record,16,measured,1,13,0.011478,831537362.1859643,,,"{""sum_rel_diff"": 0.0, ""log_entries"": 32, ""n_results"": 16, ""user_lock_acquisitions"": 0}",2026-08-12T06:44:44Z
exp3_writer,chained,writer,16,measured,6,14,0.011013,831537362.1859643,,,"{""sum_rel_diff"": 0.0, ""log_entries"": 32, ""n_results"": 16, ""user_lock_acquisitions"": 0}",2026-08-12T06:44:44Z
exp3_writer,chained,writer,16,measured,3,15,0.010471,831537362.1859643,,,"{""sum_rel_diff"": 0.0, ""log_entries"": 32, ""n_results"": 16, ""user_lock_acquisitions"": 0}",2026-08-12T06:44:44Z
exp3_writer,chained,lock,16,measured,4,16,0.012663,831537362.1859643,,,"{""sum_rel_diff"": 0.0, ""log_entries"": 32, ""n_results"": 16, ""user_lock_acquisitions"": 16}",2026-08-12T06:44:45Z
exp3_writer,chained,indexed,16,measured,2,17,0.010587,831537362.1859643,,,"{""sum_rel_diff"": 0.0, ""log_entries"": 32, ""n_results"": 16, ""user_lock_acquisitions"": 0}",2026-08-12T06:44:45Z
exp3_writer,chained,indexed,16,measured,19,18,0.011277,831537362.1859643,,,"{""sum_rel_diff"": 0.0, ""log_entries"": 32, ""n_results"": 16, ""user_lock_acquisitions"": 0}",2026-08-12T06:44:45Z
exp3_writer,chained,indexed,16,measured,5,19,0.010926,831537362.1859643,,,"{""sum_rel_diff"": 0.0, ""log_entries"": 32, ""n_results"": 16, ""user_lock_acquisitions"": 0}",2026-08-12T06:44:45Z
exp3_writer,chained,writer,16,measured,29,20,0.015324,831537362.1859643,,,"{""sum_rel_diff"": 0.0, ""log_entries"": 32, ""n_results"": 16, ""user_lock_acquisitions"": 0}",2026-08-12T06:44:45Z
exp3_writer,chained,indexed,16,measured,29,21,0.010101,831537362.1859643,,,"{""sum_rel_diff"": 0.0, ""log_entries"": 32, ""n_results"": 16, ""user_lock_acquisitions"": 0}",2026-08-12T06:44:45Z
exp3_writer,chained,record,16,measured,20,22,0.010843,831537362.1859643,,,"{""sum_rel_diff"": 0.0, ""log_entries"": 32, ""n_results"": 16, ""user_lock_acquisitions"": 0}",2026-08-12T06:44:45Z
exp3_writer,chained,indexed,16,measured,17,23,0.011630,831537362.1859643,,,"{""sum_rel_diff"": 0.0, ""log_entries"": 32, ""n_results"": 16, ""user_lock_acquisitions"": 0}",2026-08-12T06:44:45Z
exp3_writer,chained,lock,16,measured,8,24,0.011049,831537362.1859643,,,"{""sum_rel_diff"": 0.0, ""log_entries"": 32, ""n_results"": 16, ""user_lock_acquisitions"": 16}",2026-08-12T06:44:45Z
exp3_writer,chained,indexed,16,measured,7,25,0.010491,831537362.1859643,,,"{""sum_rel_diff"": 0.0, ""log_entries"": 32, ""n_results"": 16, ""user_lock_acquisitions"": 0}",2026-08-12T06:44:45Z
exp3_writer,chained,record,16,measured,28,26,0.011727,831537362.1859643,,,"{""sum_rel_diff"": 0.0, ""log_entries"": 32, ""n_results"": 16, ""user_lock_acquisitions"": 0}",2026-08-12T06:44:45Z
exp3_writer,chained,indexed,16,measured,6,27,0.011225,831537362.1859643,,,"{""sum_rel_diff"": 0.0, ""log_entries"": 32, ""n_results"": 16, ""user_lock_acquisitions"": 0}",2026-08-12T06:44:45Z
exp3_writer,chained,record,16,measured,13,28,0.011240,831537362.1859643,,,"{""sum_rel_diff"": 0.0, ""log_entries"": 32, ""n_results"": 16, ""user_lock_acquisitions"": 0}",2026-08-12T06:44:45Z
exp3_writer,chained,indexed,16,measured,25,29,0.010632,831537362.1859643,,,"{""sum_rel_diff"": 0.0, ""log_entries"": 32, ""n_results"": 16, ""user_lock_acquisitions"": 0}",2026-08-12T06:44:45Z
exp3_writer,chained,record,16,measured,25,30,0.010651,831537362.1859643,,,"{""sum_rel_diff"": 0.0, ""log_entries"": 32, ""n_results"": 16, ""user_lock_acquisitions"": 0}",2026-08-12T06:44:45Z
exp3_writer,chained,indexed,16,measured,3,31,0.010707,831537362.1859643,,,"{""sum_rel_diff"": 0.0, ""log_entries"": 32, ""n_results"": 16, ""user_lock_acquisitions"": 0}",2026-08-12T06:44:45Z
exp3_writer,chained,writer,16,measured,0,32,0.012039,831537362.1859643,,,"{""sum_rel_diff"": 0.0, ""log_entries"": 32, ""n_results"": 16, ""user_lock_acquisitions"": 0}",2026-08-12T06:44:45Z
exp3_writer,chained,writer,16,measured,24,33,0.010926,831537362.1859643,,,"{""sum_rel_diff"": 0.0, ""log_entries"": 32, ""n_results"": 16, ""user_lock_acquisitions"": 0}",2026-08-12T06:44:45Z
exp3_writer,chained,lock,16,measured,21,34,0.011297,831537362.1859643,,,"{""sum_rel_diff"": 0.0, ""log_entries"": 32, ""n_results"": 16, ""user_lock_acquisitions"": 16}",2026-08-12T06:44:45Z
exp3_writer,chained,writer,16,measured,19,35,0.010933,831537362.1859643,,,"{""sum_rel_diff"": 0.0, ""log_entries"": 32, ""n_results"": 16, ""user_lock_acquisitions"": 0}",2026-08-12T06:44:45Z
exp3_writer,chained,lock,16,measured,10,36,0.010934,831537362.1859643,,,"{""sum_rel_diff"": 0.0, ""log_entries"": 32, ""n_results"": 16, ""user_lock_acquisitions"": 16}",2026-08-12T06:44:45Z
exp3_writer,chained,record,16,measured,5,37,0.009940,831537362.1859643,,,"{""sum_rel_diff"": 0.0, ""log_entries"": 32, ""n_results"": 16, ""user_lock_acquisitions"": 0}",2026-08-12T06:44:45Z
exp3_writer,chained,writer,16,measured,21,38,0.011030,831537362.1859643,,,"{""sum_rel_diff"": 0.0, ""log_entries"": 32, ""n_results"": 16, ""user_lock_acquisitions"": 0}",2026-08-12T06:44:45Z
exp3_writer,chained,writer,16,measured,14,39,0.011235,831537362.1859643,,,"{""sum_rel_diff"": 0.0, ""log_entries"": 32, ""n_results"": 16, ""user_lock_acquisitions"": 0}",2026-08-12T06:44:45Z
exp3_writer,chained,record,16,measured,11,40,0.011078,831537362.1859643,,,"{""sum_rel_diff"": 0.0, ""log_entries"": 32, ""n_results"": 16, ""user_lock_acquisitions"": 0}",2026-08-12T06:44:45Z
exp3_writer,chained,writer,16,measured,10,41,0.010265,831537362.1859643,,,"{""sum_rel_diff"": 0.0, ""log_entries"": 32, ""n_results"": 16, ""user_lock_acquisitions"": 0}",2026-08-12T06:44:45Z
exp3_writer,chained,indexed,16,measured,21,42,0.010412,831537362.1859643,,,"{""sum_rel_diff"": 0.0, ""log_entries"": 32, ""n_results"": 16, ""user_lock_acquisitions"": 0}",2026-08-12T06:44:45Z
exp3_writer,chained,writer,16,measured,22,43,0.010992,831537362.1859643,,,"{""sum_rel_diff"": 0.0, ""log_entries"": 32, ""n_results"": 16, ""user_lock_acquisitions"": 0}",2026-08-12T06:44:45Z
exp3_writer,chained,lock,16,measured,17,44,0.010188,831537362.1859643,,,"{""sum_rel_diff"": 0.0, ""log_entries"": 32, ""n_results"": 16, ""user_lock_acquisitions"": 16}",2026-08-12T06:44:45Z
exp3_writer,chained,lock,16,measured,12,45,0.010938,831537362.1859643,,,"{""sum_rel_diff"": 0.0, ""log_entries"": 32, ""n_results"": 16, ""user_lock_acquisitions"": 16}",2026-08-12T06:44:45Z
exp3_writer,chained,lock,16,measured,6,46,0.011304,831537362.1859643,,,"{""sum_rel_diff"": 0.0, ""log_entries"": 32, ""n_results"": 16, ""user_lock_acquisitions"": 16}",2026-08-12T06:44:45Z
exp3_writer,chained,writer,16,measured,18,47,0.010036,831537362.1859643,,,"{""sum_rel_diff"": 0.0, ""log_entries"": 32, ""n_results"": 16, ""user_lock_acquisitions"": 0}",2026-08-12T06:44:45Z
exp3_writer,chained,record,16,measured,22,48,0.010043,831537362.1859643,,,"{""sum_rel_diff"": 0.0, ""log_entries"": 32, ""n_results"": 16, ""user_lock_acquisitions"": 0}",2026-08-12T06:44:45Z
exp3_writer,chained,writer,16,measured,8,49,0.010298,831537362.1859643,,,"{""sum_rel_diff"": 0.0, ""log_entries"": 32, ""n_results"": 16, ""user_lock_acquisitions"": 0}",2026-08-12T06:44:45Z
exp3_writer,chained,indexed,16,measured,11,50,0.011218,831537362.1859643,,,"{""sum_rel_diff"": 0.0, ""log_entries"": 32, ""n_results"": 16, ""user_lock_acquisitions"": 0}",2026-08-12T06:44:45Z
exp3_writer,chained,record,16,measured,2,51,0.010402,831537362.1859643,,,"{""sum_rel_diff"": 0.0, ""log_entries"": 32, ""n_results"": 16, ""user_lock_acquisitions"": 0}",2026-08-12T06:44:45Z
exp3_writer,chained,indexed,16,measured,15,52,0.010848,831537362.1859643,,,"{""sum_rel_diff"": 0.0, ""log_entries"": 32, ""n_results"": 16, ""user_lock_acquisitions"": 0}",2026-08-12T06:44:45Z
exp3_writer,chained,record,16,measured,6,53,0.011204,831537362.1859643,,,"{""sum_rel_diff"": 0.0, ""log_entries"": 32, ""n_results"": 16, ""user_lock_acquisitions"": 0}",2026-08-12T06:44:45Z
exp3_writer,chained,indexed,16,measured,12,54,0.011602,831537362.1859643,,,"{""sum_rel_diff"": 0.0, ""log_entries"": 32, ""n_results"": 16, ""user_lock_acquisitions"": 0}",2026-08-12T06:44:45Z
exp3_writer,chained,lock,16,measured,2,55,0.010743,831537362.1859643,,,"{""sum_rel_diff"": 0.0, ""log_entries"": 32, ""n_results"": 16, ""user_lock_acquisitions"": 16}",2026-08-12T06:44:45Z
exp3_writer,chained,record,16,measured,19,56,0.011014,831537362.1859643,,,"{""sum_rel_diff"": 0.0, ""log_entries"": 32, ""n_results"": 16, ""user_lock_acquisitions"": 0}",2026-08-12T06:44:45Z
exp3_writer,chained,writer,16,measured,11,57,0.010164,831537362.1859643,,,"{""sum_rel_diff"": 0.0, ""log_entries"": 32, ""n_results"": 16, ""user_lock_acquisitions"": 0}",2026-08-12T06:44:45Z
exp3_writer,chained,lock,16,measured,14,58,0.010586,831537362.1859643,,,"{""sum_rel_diff"": 0.0, ""log_entries"": 32, ""n_results"": 16, ""user_lock_acquisitions"": 16}",2026-08-12T06:44:45Z
exp3_writer,chained,lock,16,measured,11,59,0.010091,831537362.1859643,,,"{""sum_rel_diff"": 0.0, ""log_entries"": 32, ""n_results"": 16, ""user_lock_acquisitions"": 16}",2026-08-12T06:44:45Z
exp3_writer,chained,lock,16,measured,28,60,0.010859,831537362.1859643,,,"{""sum_rel_diff"": 0.0, ""log_entries"": 32, ""n_results"": 16, ""user_lock_acquisitions"": 16}",2026-08-12T06:44:45Z
exp3_writer,chained,writer,16,measured,12,61,0.011286,831537362.1859643,,,"{""sum_rel_diff"": 0.0, ""log_entries"": 32, ""n_results"": 16, ""user_lock_acquisitions"": 0}",2026-08-12T06:44:45Z
exp3_writer,chained,indexed,16,measured,18,62,0.010063,831537362.1859643,,,"{""sum_rel_diff"": 0.0, ""log_entries"": 32, ""n_results"": 16, ""user_lock_acquisitions"": 0}",2026-08-12T06:44:45Z
exp3_writer,chained,record,16,measured,9,63,0.009812,831537362.1859643,,,"{""sum_rel_diff"": 0.0, ""log_entries"": 32, ""n_results"": 16, ""user_lock_acquisitions"": 0}",2026-08-12T06:44:45Z
exp3_writer,chained,record,16,measured,8,64,0.009440,831537362.1859643,,,"{""sum_rel_diff"": 0.0, ""log_entries"": 32, ""n_results"": 16, ""user_lock_acquisitions"": 0}",2026-08-12T06:44:45Z
exp3_writer,chained,lock,16,measured,18,65,0.010124,831537362.1859643,,,"{""sum_rel_diff"": 0.0, ""log_entries"": 32, ""n_results"": 16, ""user_lock_acquisitions"": 16}",2026-08-12T06:44:45Z
exp3_writer,chained,lock,16,measured,5,66,0.010174,831537362.1859643,,,"{""sum_rel_diff"": 0.0, ""log_entries"": 32, ""n_results"": 16, ""user_lock_acquisitions"": 16}",2026-08-12T06:44:45Z
exp3_writer,chained,record,16,measured,3,67,0.009662,831537362.1859643,,,"{""sum_rel_diff"": 0.0, ""log_entries"": 32, ""n_results"": 16, ""user_lock_acquisitions"": 0}",2026-08-12T06:44:45Z
exp3_writer,chained,indexed,16,measured,23,68,0.010262,831537362.1859643,,,"{""sum_rel_diff"": 0.0, ""log_entries"": 32, ""n_results"": 16, ""user_lock_acquisitions"": 0}",2026-08-12T06:44:45Z
exp3_writer,chained,indexed,16,measured,28,69,0.010389,831537362.1859643,,,"{""sum_rel_diff"": 0.0, ""log_entries"": 32, ""n_results"": 16, ""user_lock_acquisitions"": 0}",2026-08-12T06:44:45Z
exp3_writer,chained,indexed,16,measured,9,70,0.010086,831537362.1859643,,,"{""sum_rel_diff"": 0.0, ""log_entries"": 32, ""n_results"": 16, ""user_lock_acquisitions"": 0}",2026-08-12T06:44:45Z
exp3_writer,chained,lock,16,measured,19,71,0.011177,831537362.1859643,,,"{""sum_rel_diff"": 0.0, ""log_entries"": 32, ""n_results"": 16, ""user_lock_acquisitions"": 16}",2026-08-12T06:44:45Z
exp3_writer,chained,writer,16,measured,1,72,0.011165,831537362.1859643,,,"{""sum_rel_diff"": 0.0, ""log_entries"": 32, ""n_results"": 16, ""user_lock_acquisitions"": 0}",2026-08-12T06:44:45Z
exp3_writer,chained,lock,16,measured,7,73,0.010932,831537362.1859643,,,"{""sum_rel_diff"": 0.0, ""log_entries"": 32, ""n_results"": 16, ""user_lock_acquisitions"": 16}",2026-08-12T06:44:45Z
exp3_writer,chained,indexed,16,measured,4,74,0.009984,831537362.1859643,,,"{""sum_rel_diff"": 0.0, ""log_entries"": 32, ""n_results"": 16, ""user_lock_acquisitions"": 0}",2026-08-12T06:44:45Z
exp3_writer,chained,record,16,measured,7,75,0.011098,831537362.1859643,,,"{""sum_rel_diff"": 0.0, ""log_entries"": 32, ""n_results"": 16, ""user_lock_acquisitions"": 0}",2026-08-12T06:44:45Z
exp3_writer,chained,record,16,measured,10,76,0.011002,831537362.1859643,,,"{""sum_rel_diff"": 0.0, ""log_entries"": 32, ""n_results"": 16, ""user_lock_acquisitions"": 0}",2026-08-12T06:44:45Z
exp3_writer,chained,record,16,measured,4,77,0.010413,831537362.1859643,,,"{""sum_rel_diff"": 0.0, ""log_entries"": 32, ""n_results"": 16, ""user_lock_acquisitions"": 0}",2026-08-12T06:44:45Z
exp3_writer,chained,writer,16,measured,4,78,0.010019,831537362.1859643,,,"{""sum_rel_diff"": 0.0, ""log_entries"": 32, ""n_results"": 16, ""user_lock_acquisitions"": 0}",2026-08-12T06:44:45Z
exp3_writer,chained,record,16,measured,23,79,0.009491,831537362.1859643,,,"{""sum_rel_diff"": 0.0, ""log_entries"": 32, ""n_results"": 16, ""user_lock_acquisitions"": 0}",2026-08-12T06:44:45Z
exp3_writer,chained,lock,16,measured,27,80,0.009691,831537362.1859643,,,"{""sum_rel_diff"": 0.0, ""log_entries"": 32, ""n_results"": 16, ""user_lock_acquisitions"": 16}",2026-08-12T06:44:45Z
exp3_writer,chained,record,16,measured,12,81,0.009654,831537362.1859643,,,"{""sum_rel_diff"": 0.0, ""log_entries"": 32, ""n_results"": 16, ""user_lock_acquisitions"": 0}",2026-08-12T06:44:45Z
exp3_writer,chained,indexed,16,measured,13,82,0.011025,831537362.1859643,,,"{""sum_rel_diff"": 0.0, ""log_entries"": 32, ""n_results"": 16, ""user_lock_acquisitions"": 0}",2026-08-12T06:44:45Z
exp3_writer,chained,record,16,measured,21,83,0.010535,831537362.1859643,,,"{""sum_rel_diff"": 0.0, ""log_entries"": 32, ""n_results"": 16, ""user_lock_acquisitions"": 0}",2026-08-12T06:44:45Z
exp3_writer,chained,record,16,measured,16,84,0.010610,831537362.1859643,,,"{""sum_rel_diff"": 0.0, ""log_entries"": 32, ""n_results"": 16, ""user_lock_acquisitions"": 0}",2026-08-12T06:44:45Z
exp3_writer,chained,lock,16,measured,9,85,0.010546,831537362.1859643,,,"{""sum_rel_diff"": 0.0, ""log_entries"": 32, ""n_results"": 16, ""user_lock_acquisitions"": 16}",2026-08-12T06:44:45Z
exp3_writer,chained,lock,16,measured,23,86,0.010043,831537362.1859643,,,"{""sum_rel_diff"": 0.0, ""log_entries"": 32, ""n_results"": 16, ""user_lock_acquisitions"": 16}",2026-08-12T06:44:45Z
exp3_writer,chained,writer,16,measured,20,87,0.010034,831537362.1859643,,,"{""sum_rel_diff"": 0.0, ""log_entries"": 32, ""n_results"": 16, ""user_lock_acquisitions"": 0}",2026-08-12T06:44:45Z
exp3_writer,chained,indexed,16,measured,20,88,0.012083,831537362.1859643,,,"{""sum_rel_diff"": 0.0, ""log_entries"": 32, ""n_results"": 16, ""user_lock_acquisitions"": 0}",2026-08-12T06:44:45Z
exp3_writer,chained,record,16,measured,27,89,0.010277,831537362.1859643,,,"{""sum_rel_diff"": 0.0, ""log_entries"": 32, ""n_results"": 16, ""user_lock_acquisitions"": 0}",2026-08-12T06:44:45Z
exp3_writer,chained,writer,16,measured,13,90,0.009889,831537362.1859643,,,"{""sum_rel_diff"": 0.0, ""log_entries"": 32, ""n_results"": 16, ""user_lock_acquisitions"": 0}",2026-08-12T06:44:45Z
exp3_writer,chained,lock,16,measured,0,91,0.009782,831537362.1859643,,,"{""sum_rel_diff"": 0.0, ""log_entries"": 32, ""n_results"": 16, ""user_lock_acquisitions"": 16}",2026-08-12T06:44:45Z
exp3_writer,chained,indexed,16,measured,24,92,0.009951,831537362.1859643,,,"{""sum_rel_diff"": 0.0, ""log_entries"": 32, ""n_results"": 16, ""user_lock_acquisitions"": 0}",2026-08-12T06:44:45Z
exp3_writer,chained,record,16,measured,15,93,0.011684,831537362.1859643,,,"{""sum_rel_diff"": 0.0, ""log_entries"": 32, ""n_results"": 16, ""user_lock_acquisitions"": 0}",2026-08-12T06:44:45Z
exp3_writer,chained,lock,16,measured,20,94,0.010155,831537362.1859643,,,"{""sum_rel_diff"": 0.0, ""log_entries"": 32, ""n_results"": 16, ""user_lock_acquisitions"": 16}",2026-08-12T06:44:45Z
exp3_writer,chained,writer,16,measured,26,95,0.010275,831537362.1859643,,,"{""sum_rel_diff"": 0.0, ""log_entries"": 32, ""n_results"": 16, ""user_lock_acquisitions"": 0}",2026-08-12T06:44:45Z
exp3_writer,chained,indexed,16,measured,1,96,0.009606,831537362.1859643,,,"{""sum_rel_diff"": 0.0, ""log_entries"": 32, ""n_results"": 16, ""user_lock_acquisitions"": 0}",2026-08-12T06:44:45Z
exp3_writer,chained,writer,16,measured,27,97,0.009624,831537362.1859643,,,"{""sum_rel_diff"": 0.0, ""log_entries"": 32, ""n_results"": 16, ""user_lock_acquisitions"": 0}",2026-08-12T06:44:45Z
exp3_writer,chained,record,16,measured,24,98,0.011421,831537362.1859643,,,"{""sum_rel_diff"": 0.0, ""log_entries"": 32, ""n_results"": 16, ""user_lock_acquisitions"": 0}",2026-08-12T06:44:45Z
exp3_writer,chained,writer,16,measured,23,99,0.011917,831537362.1859643,,,"{""sum_rel_diff"": 0.0, ""log_entries"": 32, ""n_results"": 16, ""user_lock_acquisitions"": 0}",2026-08-12T06:44:45Z
exp3_writer,chained,writer,16,measured,28,100,0.011640,831537362.1859643,,,"{""sum_rel_diff"": 0.0, ""log_entries"": 32, ""n_results"": 16, ""user_lock_acquisitions"": 0}",2026-08-12T06:44:45Z
exp3_writer,chained,record,16,measured,14,101,0.010997,831537362.1859643,,,"{""sum_rel_diff"": 0.0, ""log_entries"": 32, ""n_results"": 16, ""user_lock_acquisitions"": 0}",2026-08-12T06:44:45Z
exp3_writer,chained,lock,16,measured,26,102,0.011405,831537362.1859643,,,"{""sum_rel_diff"": 0.0, ""log_entries"": 32, ""n_results"": 16, ""user_lock_acquisitions"": 16}",2026-08-12T06:44:45Z
exp3_writer,chained,record,16,measured,0,103,0.010139,831537362.1859643,,,"{""sum_rel_diff"": 0.0, ""log_entries"": 32, ""n_results"": 16, ""user_lock_acquisitions"": 0}",2026-08-12T06:44:45Z
exp3_writer,chained,indexed,16,measured,14,104,0.009929,831537362.1859643,,,"{""sum_rel_diff"": 0.0, ""log_entries"": 32, ""n_results"": 16, ""user_lock_acquisitions"": 0}",2026-08-12T06:44:45Z
exp3_writer,chained,writer,16,measured,15,105,0.010683,831537362.1859643,,,"{""sum_rel_diff"": 0.0, ""log_entries"": 32, ""n_results"": 16, ""user_lock_acquisitions"": 0}",2026-08-12T06:44:45Z
exp3_writer,chained,lock,16,measured,13,106,0.010137,831537362.1859643,,,"{""sum_rel_diff"": 0.0, ""log_entries"": 32, ""n_results"": 16, ""user_lock_acquisitions"": 16}",2026-08-12T06:44:45Z
exp3_writer,chained,lock,16,measured,22,107,0.010790,831537362.1859643,,,"{""sum_rel_diff"": 0.0, ""log_entries"": 32, ""n_results"": 16, ""user_lock_acquisitions"": 16}",2026-08-12T06:44:45Z
exp3_writer,chained,lock,16,measured,15,108,0.009743,831537362.1859643,,,"{""sum_rel_diff"": 0.0, ""log_entries"": 32, ""n_results"": 16, ""user_lock_acquisitions"": 16}",2026-08-12T06:44:45Z
exp3_writer,chained,indexed,16,measured,16,109,0.009678,831537362.1859643,,,"{""sum_rel_diff"": 0.0, ""log_entries"": 32, ""n_results"": 16, ""user_lock_acquisitions"": 0}",2026-08-12T06:44:46Z
exp3_writer,chained,writer,16,measured,17,110,0.010088,831537362.1859643,,,"{""sum_rel_diff"": 0.0, ""log_entries"": 32, ""n_results"": 16, ""user_lock_acquisitions"": 0}",2026-08-12T06:44:46Z
exp3_writer,chained,record,16,measured,26,111,0.010956,831537362.1859643,,,"{""sum_rel_diff"": 0.0, ""log_entries"": 32, ""n_results"": 16, ""user_lock_acquisitions"": 0}",2026-08-12T06:44:46Z
exp3_writer,chained,indexed,16,measured,10,112,0.011325,831537362.1859643,,,"{""sum_rel_diff"": 0.0, ""log_entries"": 32, ""n_results"": 16, ""user_lock_acquisitions"": 0}",2026-08-12T06:44:46Z
exp3_writer,chained,indexed,16,measured,8,113,0.010287,831537362.1859643,,,"{""sum_rel_diff"": 0.0, ""log_entries"": 32, ""n_results"": 16, ""user_lock_acquisitions"": 0}",2026-08-12T06:44:46Z
exp3_writer,chained,writer,16,measured,9,114,0.011095,831537362.1859643,,,"{""sum_rel_diff"": 0.0, ""log_entries"": 32, ""n_results"": 16, ""user_lock_acquisitions"": 0}",2026-08-12T06:44:46Z
exp3_writer,chained,indexed,16,measured,0,115,0.009884,831537362.1859643,,,"{""sum_rel_diff"": 0.0, ""log_entries"": 32, ""n_results"": 16, ""user_lock_acquisitions"": 0}",2026-08-12T06:44:46Z
exp3_writer,chained,indexed,16,measured,27,116,0.010778,831537362.1859643,,,"{""sum_rel_diff"": 0.0, ""log_entries"": 32, ""n_results"": 16, ""user_lock_acquisitions"": 0}",2026-08-12T06:44:46Z
exp3_writer,chained,lock,16,measured,3,117,0.010434,831537362.1859643,,,"{""sum_rel_diff"": 0.0, ""log_entries"": 32, ""n_results"": 16, ""user_lock_acquisitions"": 16}",2026-08-12T06:44:46Z
exp3_writer,chained,lock,16,measured,24,118,0.010417,831537362.1859643,,,"{""sum_rel_diff"": 0.0, ""log_entries"": 32, ""n_results"": 16, ""user_lock_acquisitions"": 16}",2026-08-12T06:44:46Z
exp3_writer,chained,record,16,measured,18,119,0.010770,831537362.1859643,,,"{""sum_rel_diff"": 0.0, ""log_entries"": 32, ""n_results"": 16, ""user_lock_acquisitions"": 0}",2026-08-12T06:44:46Z
exp3_writer,chained,writer,16,measured,16,120,0.011883,831537362.1859643,,,"{""sum_rel_diff"": 0.0, ""log_entries"": 32, ""n_results"": 16, ""user_lock_acquisitions"": 0}",2026-08-12T06:44:46Z
exp3_writer,chained,record,16,measured,17,121,0.011547,831537362.1859643,,,"{""sum_rel_diff"": 0.0, ""log_entries"": 32, ""n_results"": 16, ""user_lock_acquisitions"": 0}",2026-08-12T06:44:46Z
exp3_writer,chained,record,16,measured,29,122,0.010703,831537362.1859643,,,"{""sum_rel_diff"": 0.0, ""log_entries"": 32, ""n_results"": 16, ""user_lock_acquisitions"": 0}",2026-08-12T06:44:46Z
exp3_writer,chained,lock,16,measured,1,123,0.011275,831537362.1859643,,,"{""sum_rel_diff"": 0.0, ""log_entries"": 32, ""n_results"": 16, ""user_lock_acquisitions"": 16}",2026-08-12T06:44:46Z
exp3_writer,chained,lock,16,measured,25,124,0.010773,831537362.1859643,,,"{""sum_rel_diff"": 0.0, ""log_entries"": 32, ""n_results"": 16, ""user_lock_acquisitions"": 16}",2026-08-12T06:44:46Z
exp3_writer,chained,lock,16,measured,29,125,0.009926,831537362.1859643,,,"{""sum_rel_diff"": 0.0, ""log_entries"": 32, ""n_results"": 16, ""user_lock_acquisitions"": 16}",2026-08-12T06:44:46Z
exp3_writer,chained,writer,16,measured,2,126,0.011243,831537362.1859643,,,"{""sum_rel_diff"": 0.0, ""log_entries"": 32, ""n_results"": 16, ""user_lock_acquisitions"": 0}",2026-08-12T06:44:46Z
exp3_writer,chained,lock,16,measured,16,127,0.011191,831537362.1859643,,,"{""sum_rel_diff"": 0.0, ""log_entries"": 32, ""n_results"": 16, ""user_lock_acquisitions"": 16}",2026-08-12T06:44:46Z
exp3_writer,chained,indexed,16,measured,26,128,0.011396,831537362.1859643,,,"{""sum_rel_diff"": 0.0, ""log_entries"": 32, ""n_results"": 16, ""user_lock_acquisitions"": 0}",2026-08-12T06:44:46Z
exp3_writer,chained,writer,16,measured,5,129,0.012492,831537362.1859643,,,"{""sum_rel_diff"": 0.0, ""log_entries"": 32, ""n_results"": 16, ""user_lock_acquisitions"": 0}",2026-08-12T06:44:46Z
exp3_writer,chained,writer,16,measured,25,130,0.012452,831537362.1859643,,,"{""sum_rel_diff"": 0.0, ""log_entries"": 32, ""n_results"": 16, ""user_lock_acquisitions"": 0}",2026-08-12T06:44:46Z
exp3_writer,chained,writer,16,measured,7,131,0.011251,831537362.1859643,,,"{""sum_rel_diff"": 0.0, ""log_entries"": 32, ""n_results"": 16, ""user_lock_acquisitions"": 0}",2026-08-12T06:44:46Z
exp3_writer,chained,lock,1,memory,0,0,0.548741,831537362.1859643,,,"{""sum_rel_diff"": 0.0, ""log_entries"": 2, ""n_results"": 1, ""user_lock_acquisitions"": 1, ""tracemalloc_peak_bytes"": 26416665}",2026-08-12T06:44:46Z
exp3_writer,chained,indexed,1,memory,0,1,0.517281,831537362.1859643,,,"{""sum_rel_diff"": 0.0, ""log_entries"": 2, ""n_results"": 1, ""user_lock_acquisitions"": 0, ""tracemalloc_peak_bytes"": 26416716}",2026-08-12T06:44:47Z
exp3_writer,chained,record,1,memory,0,2,0.492620,831537362.1859643,,,"{""sum_rel_diff"": 0.0, ""log_entries"": 2, ""n_results"": 1, ""user_lock_acquisitions"": 0, ""tracemalloc_peak_bytes"": 26416491}",2026-08-12T06:44:47Z
exp3_writer,chained,writer,1,memory,0,3,0.495124,831537362.1859643,,,"{""sum_rel_diff"": 0.0, ""log_entries"": 2, ""n_results"": 1, ""user_lock_acquisitions"": 0, ""tracemalloc_peak_bytes"": 26416691}",2026-08-12T06:44:48Z
exp3_writer,chained,lock,2,memory,0,0,0.648961,831537362.1859643,,,"{""sum_rel_diff"": 0.0, ""log_entries"": 4, ""n_results"": 2, ""user_lock_acquisitions"": 2, ""tracemalloc_peak_bytes"": 26084427}",2026-08-12T06:44:48Z
exp3_writer,chained,indexed,2,memory,0,1,0.606748,831537362.1859643,,,"{""sum_rel_diff"": 0.0, ""log_entries"": 4, ""n_results"": 2, ""user_lock_acquisitions"": 0, ""tracemalloc_peak_bytes"": 24634086}",2026-08-12T06:44:49Z
exp3_writer,chained,record,2,memory,0,2,0.622739,831537362.1859643,,,"{""sum_rel_diff"": 0.0, ""log_entries"": 4, ""n_results"": 2, ""user_lock_acquisitions"": 0, ""tracemalloc_peak_bytes"": 24526445}",2026-08-12T06:44:50Z
exp3_writer,chained,writer,2,memory,0,3,0.624892,831537362.1859643,,,"{""sum_rel_diff"": 0.0, ""log_entries"": 4, ""n_results"": 2, ""user_lock_acquisitions"": 0, ""tracemalloc_peak_bytes"": 24565149}",2026-08-12T06:44:50Z
exp3_writer,chained,lock,4,memory,0,0,0.938431,831537362.1859643,,,"{""sum_rel_diff"": 0.0, ""log_entries"": 8, ""n_results"": 4, ""user_lock_acquisitions"": 4, ""tracemalloc_peak_bytes"": 23850351}",2026-08-12T06:44:51Z
exp3_writer,chained,indexed,4,memory,0,1,0.920272,831537362.1859643,,,"{""sum_rel_diff"": 0.0, ""log_entries"": 8, ""n_results"": 4, ""user_lock_acquisitions"": 0, ""tracemalloc_peak_bytes"": 23722218}",2026-08-12T06:44:52Z
exp3_writer,chained,record,4,memory,0,2,0.944804,831537362.1859643,,,"{""sum_rel_diff"": 0.0, ""log_entries"": 8, ""n_results"": 4, ""user_lock_acquisitions"": 0, ""tracemalloc_peak_bytes"": 23697313}",2026-08-12T06:44:53Z
exp3_writer,chained,writer,4,memory,0,3,0.865136,831537362.1859643,,,"{""sum_rel_diff"": 0.0, ""log_entries"": 8, ""n_results"": 4, ""user_lock_acquisitions"": 0, ""tracemalloc_peak_bytes"": 23975905}",2026-08-12T06:44:54Z
exp3_writer,chained,lock,6,memory,0,0,1.140048,831537362.1859643,,,"{""sum_rel_diff"": 0.0, ""log_entries"": 12, ""n_results"": 6, ""user_lock_acquisitions"": 6, ""tracemalloc_peak_bytes"": 24022019}",2026-08-12T06:44:55Z
exp3_writer,chained,indexed,6,memory,0,1,1.179054,831537362.1859643,,,"{""sum_rel_diff"": 0.0, ""log_entries"": 12, ""n_results"": 6, ""user_lock_acquisitions"": 0, ""tracemalloc_peak_bytes"": 24249902}",2026-08-12T06:44:56Z
exp3_writer,chained,record,6,memory,0,2,1.146245,831537362.1859643,,,"{""sum_rel_diff"": 0.0, ""log_entries"": 12, ""n_results"": 6, ""user_lock_acquisitions"": 0, ""tracemalloc_peak_bytes"": 24496165}",2026-08-12T06:44:57Z
exp3_writer,chained,writer,6,memory,0,3,1.228766,831537362.1859643,,,"{""sum_rel_diff"": 0.0, ""log_entries"": 12, ""n_results"": 6, ""user_lock_acquisitions"": 0, ""tracemalloc_peak_bytes"": 23614037}",2026-08-12T06:44:59Z
exp3_writer,chained,lock,8,memory,0,0,1.423281,831537362.1859643,,,"{""sum_rel_diff"": 0.0, ""log_entries"": 16, ""n_results"": 8, ""user_lock_acquisitions"": 8, ""tracemalloc_peak_bytes"": 23998399}",2026-08-12T06:45:00Z
exp3_writer,chained,indexed,8,memory,0,1,1.397458,831537362.1859643,,,"{""sum_rel_diff"": 0.0, ""log_entries"": 16, ""n_results"": 8, ""user_lock_acquisitions"": 0, ""tracemalloc_peak_bytes"": 23771554}",2026-08-12T06:45:01Z
exp3_writer,chained,record,8,memory,0,2,1.408524,831537362.1859643,,,"{""sum_rel_diff"": 0.0, ""log_entries"": 16, ""n_results"": 8, ""user_lock_acquisitions"": 0, ""tracemalloc_peak_bytes"": 23958665}",2026-08-12T06:45:03Z
exp3_writer,chained,writer,8,memory,0,3,1.334103,831537362.1859643,,,"{""sum_rel_diff"": 0.0, ""log_entries"": 16, ""n_results"": 8, ""user_lock_acquisitions"": 0, ""tracemalloc_peak_bytes"": 24205321}",2026-08-12T06:45:04Z
exp3_writer,chained,lock,10,memory,0,0,1.758016,831537362.1859643,,,"{""sum_rel_diff"": 0.0, ""log_entries"": 20, ""n_results"": 10, ""user_lock_acquisitions"": 10, ""tracemalloc_peak_bytes"": 23460179}",2026-08-12T06:45:06Z
exp3_writer,chained,indexed,10,memory,0,1,1.827040,831537362.1859643,,,"{""sum_rel_diff"": 0.0, ""log_entries"": 20, ""n_results"": 10, ""user_lock_acquisitions"": 0, ""tracemalloc_peak_bytes"": 23492470}",2026-08-12T06:45:08Z
exp3_writer,chained,record,10,memory,0,2,1.760129,831537362.1859643,,,"{""sum_rel_diff"": 0.0, ""log_entries"": 20, ""n_results"": 10, ""user_lock_acquisitions"": 0, ""tracemalloc_peak_bytes"": 23182613}",2026-08-12T06:45:10Z
exp3_writer,chained,writer,10,memory,0,3,1.773734,831537362.1859643,,,"{""sum_rel_diff"": 0.0, ""log_entries"": 20, ""n_results"": 10, ""user_lock_acquisitions"": 0, ""tracemalloc_peak_bytes"": 23270909}",2026-08-12T06:45:11Z
exp3_writer,chained,lock,12,memory,0,0,2.189119,831537362.1859645,,,"{""sum_rel_diff"": 1.4336011221119537e-16, ""log_entries"": 24, ""n_results"": 12, ""user_lock_acquisitions"": 12, ""tracemalloc_peak_bytes"": 23239857}",2026-08-12T06:45:14Z
exp3_writer,chained,indexed,12,memory,0,1,2.073226,831537362.1859645,,,"{""sum_rel_diff"": 1.4336011221119537e-16, ""log_entries"": 24, ""n_results"": 12, ""user_lock_acquisitions"": 0, ""tracemalloc_peak_bytes"": 23727892}",2026-08-12T06:45:16Z
exp3_writer,chained,record,12,memory,0,2,2.014754,831537362.1859645,,,"{""sum_rel_diff"": 1.4336011221119537e-16, ""log_entries"": 24, ""n_results"": 12, ""user_lock_acquisitions"": 0, ""tracemalloc_peak_bytes"": 23747683}",2026-08-12T06:45:18Z
exp3_writer,chained,writer,12,memory,0,3,2.321585,831537362.1859645,,,"{""sum_rel_diff"": 1.4336011221119537e-16, ""log_entries"": 24, ""n_results"": 12, ""user_lock_acquisitions"": 0, ""tracemalloc_peak_bytes"": 23699915}",2026-08-12T06:45:20Z
exp3_writer,chained,lock,14,memory,0,0,2.875920,831537362.1859643,,,"{""sum_rel_diff"": 0.0, ""log_entries"": 28, ""n_results"": 14, ""user_lock_acquisitions"": 14, ""tracemalloc_peak_bytes"": 22846031}",2026-08-12T06:45:23Z
exp3_writer,chained,indexed,14,memory,0,1,2.819500,831537362.1859643,,,"{""sum_rel_diff"": 0.0, ""log_entries"": 28, ""n_results"": 14, ""user_lock_acquisitions"": 0, ""tracemalloc_peak_bytes"": 23072690}",2026-08-12T06:45:26Z
exp3_writer,chained,record,14,memory,0,2,2.859400,831537362.1859643,,,"{""sum_rel_diff"": 0.0, ""log_entries"": 28, ""n_results"": 14, ""user_lock_acquisitions"": 0, ""tracemalloc_peak_bytes"": 23341433}",2026-08-12T06:45:29Z
exp3_writer,chained,writer,14,memory,0,3,2.699229,831537362.1859643,,,"{""sum_rel_diff"": 0.0, ""log_entries"": 28, ""n_results"": 14, ""user_lock_acquisitions"": 0, ""tracemalloc_peak_bytes"": 23693793}",2026-08-12T06:45:31Z
exp3_writer,chained,lock,16,memory,0,0,3.534518,831537362.1859643,,,"{""sum_rel_diff"": 0.0, ""log_entries"": 32, ""n_results"": 16, ""user_lock_acquisitions"": 16, ""tracemalloc_peak_bytes"": 23888285}",2026-08-12T06:45:35Z
exp3_writer,chained,indexed,16,memory,0,1,3.849253,831537362.1859643,,,"{""sum_rel_diff"": 0.0, ""log_entries"": 32, ""n_results"": 16, ""user_lock_acquisitions"": 0, ""tracemalloc_peak_bytes"": 24318456}",2026-08-12T06:45:39Z
exp3_writer,chained,record,16,memory,0,2,3.780209,831537362.1859643,,,"{""sum_rel_diff"": 0.0, ""log_entries"": 32, ""n_results"": 16, ""user_lock_acquisitions"": 0, ""tracemalloc_peak_bytes"": 23335127}",2026-08-12T06:45:42Z
exp3_writer,chained,writer,16,memory,0,3,3.475234,831537362.1859643,,,"{""sum_rel_diff"": 0.0, ""log_entries"": 32, ""n_results"": 16, ""user_lock_acquisitions"": 0, ""tracemalloc_peak_bytes"": 23499935}",2026-08-12T06:45:46Z
