experiment,workload,condition,n_threads,phase,rep,order_idx,wall_s,result,expected,error_pct,aux,timestamp_utc
exp3_writer,single,writer,1,warmup,1,0,0.208317,831537362.1859643,,,"{""sum_rel_diff"": 0.0, ""log_entries"": 1, ""n_results"": 1, ""user_lock_acquisitions"": 0}",2026-08-12T06:42:38Z
exp3_writer,single,record,1,warmup,0,1,0.105263,831537362.1859643,,,"{""sum_rel_diff"": 0.0, ""log_entries"": 1, ""n_results"": 1, ""user_lock_acquisitions"": 0}",2026-08-12T06:42:38Z
exp3_writer,single,lock,1,warmup,1,2,0.092397,831537362.1859643,,,"{""sum_rel_diff"": 0.0, ""log_entries"": 1, ""n_results"": 1, ""user_lock_acquisitions"": 1}",2026-08-12T06:42:38Z
exp3_writer,single,indexed,1,warmup,0,3,0.091944,831537362.1859643,,,"{""sum_rel_diff"": 0.0, ""log_entries"": 1, ""n_results"": 1, ""user_lock_acquisitions"": 0}",2026-08-12T06:42:38Z
exp3_writer,single,indexed,1,warmup,2,4,0.093205,831537362.1859643,,,"{""sum_rel_diff"": 0.0, ""log_entries"": 1, ""n_results"": 1, ""user_lock_acquisitions"": 0}",2026-08-12T06:42:38Z
exp3_writer,single,indexed,1,warmup,1,5,0.092273,831537362.1859643,,,"{""sum_rel_diff"": 0.0, ""log_entries"": 1, ""n_results"": 1, ""user_lock_acquisitions"": 0}",2026-08-12T06:42:38Z
exp3_writer,single,record,1,warmup,2,6,0.092865,831537362.1859643,,,"{""sum_rel_diff"": 0.0, ""log_entries"": 1, ""n_results"": 1, ""user_lock_acquisitions"": 0}",2026-08-12T06:42:38Z
exp3_writer,single,writer,1,warmup,0,7,0.093635,831537362.1859643,,,"{""sum_rel_diff"": 0.0, ""log_entries"": 1, ""n_results"": 1, ""user_lock_acquisitions"": 0}",2026-08-12T06:42:38Z
exp3_writer,single,writer,1,warmup,2,8,0.092130,831537362.1859643,,,"{""sum_rel_diff"": 0.0, ""log_entries"": 1, ""n_results"": 1, ""user_lock_acquisitions"": 0}",2026-08-12T06:42:38Z
exp3_writer,single,record,1,warmup,1,9,0.092181,831537362.1859643,,,"{""sum_rel_diff"": 0.0, ""log_entries"": 1, ""n_results"": 1, ""user_lock_acquisitions"": 0}",2026-08-12T06:42:38Z
exp3_writer,single,lock,1,warmup,2,10,0.093572,831537362.1859643,,,"{""sum_rel_diff"": 0.0, ""log_entries"": 1, ""n_results"": 1, ""user_lock_acquisitions"": 1}",2026-08-12T06:42:38Z
exp3_writer,single,lock,1,warmup,0,11,0.092122,831537362.1859643,,,"{""sum_rel_diff"": 0.0, ""log_entries"": 1, ""n_results"": 1, ""user_lock_acquisitions"": 1}",2026-08-12T06:42:39Z
exp3_writer,single,lock,1,measured,7,12,0.093891,831537362.1859643,,,"{""sum_rel_diff"": 0.0, ""log_entries"": 1, ""n_results"": 1, ""user_lock_acquisitions"": 1}",2026-08-12T06:42:39Z
exp3_writer,single,indexed,1,measured,13,13,0.092140,831537362.1859643,,,"{""sum_rel_diff"": 0.0, ""log_entries"": 1, ""n_results"": 1, ""user_lock_acquisitions"": 0}",2026-08-12T06:42:39Z
exp3_writer,single,writer,1,measured,18,14,0.092709,831537362.1859643,,,"{""sum_rel_diff"": 0.0, ""log_entries"": 1, ""n_results"": 1, ""user_lock_acquisitions"": 0}",2026-08-12T06:42:39Z
exp3_writer,single,writer,1,measured,1,15,0.094604,831537362.1859643,,,"{""sum_rel_diff"": 0.0, ""log_entries"": 1, ""n_results"": 1, ""user_lock_acquisitions"": 0}",2026-08-12T06:42:39Z
exp3_writer,single,writer,1,measured,8,16,0.091880,831537362.1859643,,,"{""sum_rel_diff"": 0.0, ""log_entries"": 1, ""n_results"": 1, ""user_lock_acquisitions"": 0}",2026-08-12T06:42:39Z
exp3_writer,single,writer,1,measured,4,17,0.092365,831537362.1859643,,,"{""sum_rel_diff"": 0.0, ""log_entries"": 1, ""n_results"": 1, ""user_lock_acquisitions"": 0}",2026-08-12T06:42:39Z
exp3_writer,single,record,1,measured,21,18,0.093808,831537362.1859643,,,"{""sum_rel_diff"": 0.0, ""log_entries"": 1, ""n_results"": 1, ""user_lock_acquisitions"": 0}",2026-08-12T06:42:39Z
exp3_writer,single,lock,1,measured,16,19,0.092302,831537362.1859643,,,"{""sum_rel_diff"": 0.0, ""log_entries"": 1, ""n_results"": 1, ""user_lock_acquisitions"": 1}",2026-08-12T06:42:39Z
exp3_writer,single,indexed,1,measured,15,20,0.093374,831537362.1859643,,,"{""sum_rel_diff"": 0.0, ""log_entries"": 1, ""n_results"": 1, ""user_lock_acquisitions"": 0}",2026-08-12T06:42:39Z
exp3_writer,single,lock,1,measured,26,21,0.094786,831537362.1859643,,,"{""sum_rel_diff"": 0.0, ""log_entries"": 1, ""n_results"": 1, ""user_lock_acquisitions"": 1}",2026-08-12T06:42:39Z
exp3_writer,single,writer,1,measured,13,22,0.092025,831537362.1859643,,,"{""sum_rel_diff"": 0.0, ""log_entries"": 1, ""n_results"": 1, ""user_lock_acquisitions"": 0}",2026-08-12T06:42:40Z
exp3_writer,single,record,1,measured,28,23,0.093899,831537362.1859643,,,"{""sum_rel_diff"": 0.0, ""log_entries"": 1, ""n_results"": 1, ""user_lock_acquisitions"": 0}",2026-08-12T06:42:40Z
exp3_writer,single,writer,1,measured,29,24,0.095181,831537362.1859643,,,"{""sum_rel_diff"": 0.0, ""log_entries"": 1, ""n_results"": 1, ""user_lock_acquisitions"": 0}",2026-08-12T06:42:40Z
exp3_writer,single,lock,1,measured,20,25,0.092916,831537362.1859643,,,"{""sum_rel_diff"": 0.0, ""log_entries"": 1, ""n_results"": 1, ""user_lock_acquisitions"": 1}",2026-08-12T06:42:40Z
exp3_writer,single,lock,1,measured,25,26,0.092789,831537362.1859643,,,"{""sum_rel_diff"": 0.0, ""log_entries"": 1, ""n_results"": 1, ""user_lock_acquisitions"": 1}",2026-08-12T06:42:40Z
exp3_writer,single,writer,1,measured,11,27,0.093378,831537362.1859643,,,"{""sum_rel_diff"": 0.0, ""log_entries"": 1, ""n_results"": 1, ""user_lock_acquisitions"": 0}",2026-08-12T06:42:40Z
exp3_writer,single,writer,1,measured,21,28,0.092751,831537362.1859643,,,"{""sum_rel_diff"": 0.0, ""log_entries"": 1, ""n_results"": 1, ""user_lock_acquisitions"": 0}",2026-08-12T06:42:40Z
exp3_writer,single,writer,1,measured,3,29,0.092509,831537362.1859643,,,"{""sum_rel_diff"": 0.0, ""log_entries"": 1, ""n_results"": 1, ""user_lock_acquisitions"": 0}",2026-08-12T06:42:40Z
exp3_writer,single,indexed,1,measured,10,30,0.093788,831537362.1859643,,,"{""sum_rel_diff"": 0.0, ""log_entries"": 1, ""n_results"": 1, ""user_lock_acquisitions"": 0}",2026-08-12T06:42:40Z
exp3_writer,single,lock,1,measured,27,31,0.092588,831537362.1859643,,,"{""sum_rel_diff"": 0.0, ""log_entries"": 1, ""n_results"": 1, ""user_lock_acquisitions"": 1}",2026-08-12T06:42:40Z
exp3_writer,single,writer,1,measured,0,32,0.094064,831537362.1859643,,,"{""sum_rel_diff"": 0.0, ""log_entries"": 1, ""n_results"": 1, ""user_lock_acquisitions"": 0}",2026-08-12T06:42:41Z
exp3_writer,single,lock,1,measured,9,33,0.093261,831537362.1859643,,,"{""sum_rel_diff"": 0.0, ""log_entries"": 1, ""n_results"": 1, ""user_lock_acquisitions"": 1}",2026-08-12T06:42:41Z
exp3_writer,single,indexed,1,measured,21,34,0.092898,831537362.1859643,,,"{""sum_rel_diff"": 0.0, ""log_entries"": 1, ""n_results"": 1, ""user_lock_acquisitions"": 0}",2026-08-12T06:42:41Z
exp3_writer,single,record,1,measured,2,35,0.093740,831537362.1859643,,,"{""sum_rel_diff"": 0.0, ""log_entries"": 1, ""n_results"": 1, ""user_lock_acquisitions"": 0}",2026-08-12T06:42:41Z
exp3_writer,single,indexed,1,measured,28,36,0.092699,831537362.1859643,,,"{""sum_rel_diff"": 0.0, ""log_entries"": 1, ""n_results"": 1, ""user_lock_acquisitions"": 0}",2026-08-12T06:42:41Z
exp3_writer,single,lock,1,measured,17,37,0.093399,831537362.1859643,,,"{""sum_rel_diff"": 0.0, ""log_entries"": 1, ""n_results"": 1, ""user_lock_acquisitions"": 1}",2026-08-12T06:42:41Z
exp3_writer,single,lock,1,measured,5,38,0.091493,831537362.1859643,,,"{""sum_rel_diff"": 0.0, ""log_entries"": 1, ""n_results"": 1, ""user_lock_acquisitions"": 1}",2026-08-12T06:42:41Z
exp3_writer,single,writer,1,measured,22,39,0.091816,831537362.1859643,,,"{""sum_rel_diff"": 0.0, ""log_entries"": 1, ""n_results"": 1, ""user_lock_acquisitions"": 0}",2026-08-12T06:42:41Z
exp3_writer,single,record,1,measured,5,40,0.093866,831537362.1859643,,,"{""sum_rel_diff"": 0.0, ""log_entries"": 1, ""n_results"": 1, ""user_lock_acquisitions"": 0}",2026-08-12T06:42:41Z
exp3_writer,single,lock,1,measured,18,41,0.092134,831537362.1859643,,,"{""sum_rel_diff"": 0.0, ""log_entries"": 1, ""n_results"": 1, ""user_lock_acquisitions"": 1}",2026-08-12T06:42:41Z
exp3_writer,single,indexed,1,measured,9,42,0.092924,831537362.1859643,,,"{""sum_rel_diff"": 0.0, ""log_entries"": 1, ""n_results"": 1, ""user_lock_acquisitions"": 0}",2026-08-12T06:42:41Z
exp3_writer,single,record,1,measured,0,43,0.093204,831537362.1859643,,,"{""sum_rel_diff"": 0.0, ""log_entries"": 1, ""n_results"": 1, ""user_lock_acquisitions"": 0}",2026-08-12T06:42:42Z
exp3_writer,single,indexed,1,measured,11,44,0.091952,831537362.1859643,,,"{""sum_rel_diff"": 0.0, ""log_entries"": 1, ""n_results"": 1, ""user_lock_acquisitions"": 0}",2026-08-12T06:42:42Z
exp3_writer,single,indexed,1,measured,19,45,0.091819,831537362.1859643,,,"{""sum_rel_diff"": 0.0, ""log_entries"": 1, ""n_results"": 1, ""user_lock_acquisitions"": 0}",2026-08-12T06:42:42Z
exp3_writer,single,writer,1,measured,27,46,0.093538,831537362.1859643,,,"{""sum_rel_diff"": 0.0, ""log_entries"": 1, ""n_results"": 1, ""user_lock_acquisitions"": 0}",2026-08-12T06:42:42Z
exp3_writer,single,writer,1,measured,23,47,0.093417,831537362.1859643,,,"{""sum_rel_diff"": 0.0, ""log_entries"": 1, ""n_results"": 1, ""user_lock_acquisitions"": 0}",2026-08-12T06:42:42Z
exp3_writer,single,writer,1,measured,14,48,0.092311,831537362.1859643,,,"{""sum_rel_diff"": 0.0, ""log_entries"": 1, ""n_results"": 1, ""user_lock_acquisitions"": 0}",2026-08-12T06:42:42Z
exp3_writer,single,record,1,measured,13,49,0.093173,831537362.1859643,,,"{""sum_rel_diff"": 0.0, ""log_entries"": 1, ""n_results"": 1, ""user_lock_acquisitions"": 0}",2026-08-12T06:42:42Z
exp3_writer,single,lock,1,measured,8,50,0.091973,831537362.1859643,,,"{""sum_rel_diff"": 0.0, ""log_entries"": 1, ""n_results"": 1, ""user_lock_acquisitions"": 1}",2026-08-12T06:42:42Z
exp3_writer,single,lock,1,measured,21,51,0.091947,831537362.1859643,,,"{""sum_rel_diff"": 0.0, ""log_entries"": 1, ""n_results"": 1, ""user_lock_acquisitions"": 1}",2026-08-12T06:42:42Z
exp3_writer,single,writer,1,measured,7,52,0.094195,831537362.1859643,,,"{""sum_rel_diff"": 0.0, ""log_entries"": 1, ""n_results"": 1, ""user_lock_acquisitions"": 0}",2026-08-12T06:42:42Z
exp3_writer,single,indexed,1,measured,2,53,0.092580,831537362.1859643,,,"{""sum_rel_diff"": 0.0, ""log_entries"": 1, ""n_results"": 1, ""user_lock_acquisitions"": 0}",2026-08-12T06:42:42Z
exp3_writer,single,indexed,1,measured,7,54,0.093700,831537362.1859643,,,"{""sum_rel_diff"": 0.0, ""log_entries"": 1, ""n_results"": 1, ""user_lock_acquisitions"": 0}",2026-08-12T06:42:43Z
exp3_writer,single,record,1,measured,6,55,0.094681,831537362.1859643,,,"{""sum_rel_diff"": 0.0, ""log_entries"": 1, ""n_results"": 1, ""user_lock_acquisitions"": 0}",2026-08-12T06:42:43Z
exp3_writer,single,lock,1,measured,2,56,0.094046,831537362.1859643,,,"{""sum_rel_diff"": 0.0, ""log_entries"": 1, ""n_results"": 1, ""user_lock_acquisitions"": 1}",2026-08-12T06:42:43Z
exp3_writer,single,record,1,measured,19,57,0.093882,831537362.1859643,,,"{""sum_rel_diff"": 0.0, ""log_entries"": 1, ""n_results"": 1, ""user_lock_acquisitions"": 0}",2026-08-12T06:42:43Z
exp3_writer,single,record,1,measured,9,58,0.091779,831537362.1859643,,,"{""sum_rel_diff"": 0.0, ""log_entries"": 1, ""n_results"": 1, ""user_lock_acquisitions"": 0}",2026-08-12T06:42:43Z
exp3_writer,single,writer,1,measured,15,59,0.092678,831537362.1859643,,,"{""sum_rel_diff"": 0.0, ""log_entries"": 1, ""n_results"": 1, ""user_lock_acquisitions"": 0}",2026-08-12T06:42:43Z
exp3_writer,single,record,1,measured,26,60,0.095027,831537362.1859643,,,"{""sum_rel_diff"": 0.0, ""log_entries"": 1, ""n_results"": 1, ""user_lock_acquisitions"": 0}",2026-08-12T06:42:43Z
exp3_writer,single,record,1,measured,7,61,0.092477,831537362.1859643,,,"{""sum_rel_diff"": 0.0, ""log_entries"": 1, ""n_results"": 1, ""user_lock_acquisitions"": 0}",2026-08-12T06:42:43Z
exp3_writer,single,lock,1,measured,14,62,0.092359,831537362.1859643,,,"{""sum_rel_diff"": 0.0, ""log_entries"": 1, ""n_results"": 1, ""user_lock_acquisitions"": 1}",2026-08-12T06:42:43Z
exp3_writer,single,lock,1,measured,29,63,0.094280,831537362.1859643,,,"{""sum_rel_diff"": 0.0, ""log_entries"": 1, ""n_results"": 1, ""user_lock_acquisitions"": 1}",2026-08-12T06:42:43Z
exp3_writer,single,lock,1,measured,12,64,0.091618,831537362.1859643,,,"{""sum_rel_diff"": 0.0, ""log_entries"": 1, ""n_results"": 1, ""user_lock_acquisitions"": 1}",2026-08-12T06:42:43Z
exp3_writer,single,indexed,1,measured,1,65,0.092346,831537362.1859643,,,"{""sum_rel_diff"": 0.0, ""log_entries"": 1, ""n_results"": 1, ""user_lock_acquisitions"": 0}",2026-08-12T06:42:44Z
exp3_writer,single,indexed,1,measured,0,66,0.093830,831537362.1859643,,,"{""sum_rel_diff"": 0.0, ""log_entries"": 1, ""n_results"": 1, ""user_lock_acquisitions"": 0}",2026-08-12T06:42:44Z
exp3_writer,single,record,1,measured,25,67,0.092467,831537362.1859643,,,"{""sum_rel_diff"": 0.0, ""log_entries"": 1, ""n_results"": 1, ""user_lock_acquisitions"": 0}",2026-08-12T06:42:44Z
exp3_writer,single,indexed,1,measured,5,68,0.092306,831537362.1859643,,,"{""sum_rel_diff"": 0.0, ""log_entries"": 1, ""n_results"": 1, ""user_lock_acquisitions"": 0}",2026-08-12T06:42:44Z
exp3_writer,single,record,1,measured,4,69,0.093810,831537362.1859643,,,"{""sum_rel_diff"": 0.0, ""log_entries"": 1, ""n_results"": 1, ""user_lock_acquisitions"": 0}",2026-08-12T06:42:44Z
exp3_writer,single,writer,1,measured,9,70,0.092412,831537362.1859643,,,"{""sum_rel_diff"": 0.0, ""log_entries"": 1, ""n_results"": 1, ""user_lock_acquisitions"": 0}",2026-08-12T06:42:44Z
exp3_writer,single,record,1,measured,14,71,0.093614,831537362.1859643,,,"{""sum_rel_diff"": 0.0, ""log_entries"": 1, ""n_results"": 1, ""user_lock_acquisitions"": 0}",2026-08-12T06:42:44Z
exp3_writer,single,lock,1,measured,6,72,0.094793,831537362.1859643,,,"{""sum_rel_diff"": 0.0, ""log_entries"": 1, ""n_results"": 1, ""user_lock_acquisitions"": 1}",2026-08-12T06:42:44Z
exp3_writer,single,indexed,1,measured,26,73,0.092446,831537362.1859643,,,"{""sum_rel_diff"": 0.0, ""log_entries"": 1, ""n_results"": 1, ""user_lock_acquisitions"": 0}",2026-08-12T06:42:44Z
exp3_writer,single,writer,1,measured,5,74,0.092043,831537362.1859643,,,"{""sum_rel_diff"": 0.0, ""log_entries"": 1, ""n_results"": 1, ""user_lock_acquisitions"": 0}",2026-08-12T06:42:44Z
exp3_writer,single,record,1,measured,15,75,0.094717,831537362.1859643,,,"{""sum_rel_diff"": 0.0, ""log_entries"": 1, ""n_results"": 1, ""user_lock_acquisitions"": 0}",2026-08-12T06:42:45Z
exp3_writer,single,record,1,measured,12,76,0.093097,831537362.1859643,,,"{""sum_rel_diff"": 0.0, ""log_entries"": 1, ""n_results"": 1, ""user_lock_acquisitions"": 0}",2026-08-12T06:42:45Z
exp3_writer,single,writer,1,measured,12,77,0.094571,831537362.1859643,,,"{""sum_rel_diff"": 0.0, ""log_entries"": 1, ""n_results"": 1, ""user_lock_acquisitions"": 0}",2026-08-12T06:42:45Z
exp3_writer,single,record,1,measured,11,78,0.092813,831537362.1859643,,,"{""sum_rel_diff"": 0.0, ""log_entries"": 1, ""n_results"": 1, ""user_lock_acquisitions"": 0}",2026-08-12T06:42:45Z
exp3_writer,single,writer,1,measured,10,79,0.092443,831537362.1859643,,,"{""sum_rel_diff"": 0.0, ""log_entries"": 1, ""n_results"": 1, ""user_lock_acquisitions"": 0}",2026-08-12T06:42:45Z
exp3_writer,single,writer,1,measured,17,80,0.093997,831537362.1859643,,,"{""sum_rel_diff"": 0.0, ""log_entries"": 1, ""n_results"": 1, ""user_lock_acquisitions"": 0}",2026-08-12T06:42:45Z
exp3_writer,single,record,1,measured,8,81,0.091883,831537362.1859643,,,"{""sum_rel_diff"": 0.0, ""log_entries"": 1, ""n_results"": 1, ""user_lock_acquisitions"": 0}",2026-08-12T06:42:45Z
exp3_writer,single,lock,1,measured,10,82,0.092577,831537362.1859643,,,"{""sum_rel_diff"": 0.0, ""log_entries"": 1, ""n_results"": 1, ""user_lock_acquisitions"": 1}",2026-08-12T06:42:45Z
exp3_writer,single,record,1,measured,20,83,0.093372,831537362.1859643,,,"{""sum_rel_diff"": 0.0, ""log_entries"": 1, ""n_results"": 1, ""user_lock_acquisitions"": 0}",2026-08-12T06:42:45Z
exp3_writer,single,indexed,1,measured,20,84,0.093049,831537362.1859643,,,"{""sum_rel_diff"": 0.0, ""log_entries"": 1, ""n_results"": 1, ""user_lock_acquisitions"": 0}",2026-08-12T06:42:45Z
exp3_writer,single,writer,1,measured,28,85,0.093380,831537362.1859643,,,"{""sum_rel_diff"": 0.0, ""log_entries"": 1, ""n_results"": 1, ""user_lock_acquisitions"": 0}",2026-08-12T06:42:45Z
exp3_writer,single,indexed,1,measured,22,86,0.092944,831537362.1859643,,,"{""sum_rel_diff"": 0.0, ""log_entries"": 1, ""n_results"": 1, ""user_lock_acquisitions"": 0}",2026-08-12T06:42:46Z
exp3_writer,single,lock,1,measured,13,87,0.092032,831537362.1859643,,,"{""sum_rel_diff"": 0.0, ""log_entries"": 1, ""n_results"": 1, ""user_lock_acquisitions"": 1}",2026-08-12T06:42:46Z
exp3_writer,single,indexed,1,measured,3,88,0.094193,831537362.1859643,,,"{""sum_rel_diff"": 0.0, ""log_entries"": 1, ""n_results"": 1, ""user_lock_acquisitions"": 0}",2026-08-12T06:42:46Z
exp3_writer,single,indexed,1,measured,23,89,0.091899,831537362.1859643,,,"{""sum_rel_diff"": 0.0, ""log_entries"": 1, ""n_results"": 1, ""user_lock_acquisitions"": 0}",2026-08-12T06:42:46Z
exp3_writer,single,lock,1,measured,28,90,0.093229,831537362.1859643,,,"{""sum_rel_diff"": 0.0, ""log_entries"": 1, ""n_results"": 1, ""user_lock_acquisitions"": 1}",2026-08-12T06:42:46Z
exp3_writer,single,indexed,1,measured,18,91,0.093665,831537362.1859643,,,"{""sum_rel_diff"": 0.0, ""log_entries"": 1, ""n_results"": 1, ""user_lock_acquisitions"": 0}",2026-08-12T06:42:46Z
exp3_writer,single,record,1,measured,29,92,0.091592,831537362.1859643,,,"{""sum_rel_diff"": 0.0, ""log_entries"": 1, ""n_results"": 1, ""user_lock_acquisitions"": 0}",2026-08-12T06:42:46Z
exp3_writer,single,lock,1,measured,0,93,0.092092,831537362.1859643,,,"{""sum_rel_diff"": 0.0, ""log_entries"": 1, ""n_results"": 1, ""user_lock_acquisitions"": 1}",2026-08-12T06:42:46Z
exp3_writer,single,indexed,1,measured,4,94,0.093522,831537362.1859643,,,"{""sum_rel_diff"": 0.0, ""log_entries"": 1, ""n_results"": 1, ""user_lock_acquisitions"": 0}",2026-08-12T06:42:46Z
exp3_writer,single,record,1,measured,24,95,0.091905,831537362.1859643,,,"{""sum_rel_diff"": 0.0, ""log_entries"": 1, ""n_results"": 1, ""user_lock_acquisitions"": 0}",2026-08-12T06:42:46Z
exp3_writer,single,writer,1,measured,19,96,0.092881,831537362.1859643,,,"{""sum_rel_diff"": 0.0, ""log_entries"": 1, ""n_results"": 1, ""user_lock_acquisitions"": 0}",2026-08-12T06:42:46Z
exp3_writer,single,lock,1,measured,1,97,0.094747,831537362.1859643,,,"{""sum_rel_diff"": 0.0, ""log_entries"": 1, ""n_results"": 1, ""user_lock_acquisitions"": 1}",2026-08-12T06:42:47Z
exp3_writer,single,indexed,1,measured,6,98,0.092551,831537362.1859643,,,"{""sum_rel_diff"": 0.0, ""log_entries"": 1, ""n_results"": 1, ""user_lock_acquisitions"": 0}",2026-08-12T06:42:47Z
exp3_writer,single,lock,1,measured,11,99,0.092468,831537362.1859643,,,"{""sum_rel_diff"": 0.0, ""log_entries"": 1, ""n_results"": 1, ""user_lock_acquisitions"": 1}",2026-08-12T06:42:47Z
exp3_writer,single,record,1,measured,3,100,0.093810,831537362.1859643,,,"{""sum_rel_diff"": 0.0, ""log_entries"": 1, ""n_results"": 1, ""user_lock_acquisitions"": 0}",2026-08-12T06:42:47Z
exp3_writer,single,record,1,measured,27,101,0.092349,831537362.1859643,,,"{""sum_rel_diff"": 0.0, ""log_entries"": 1, ""n_results"": 1, ""user_lock_acquisitions"": 0}",2026-08-12T06:42:47Z
exp3_writer,single,lock,1,measured,4,102,0.093037,831537362.1859643,,,"{""sum_rel_diff"": 0.0, ""log_entries"": 1, ""n_results"": 1, ""user_lock_acquisitions"": 1}",2026-08-12T06:42:47Z
exp3_writer,single,record,1,measured,10,103,0.094065,831537362.1859643,,,"{""sum_rel_diff"": 0.0, ""log_entries"": 1, ""n_results"": 1, ""user_lock_acquisitions"": 0}",2026-08-12T06:42:47Z
exp3_writer,single,indexed,1,measured,12,104,0.092259,831537362.1859643,,,"{""sum_rel_diff"": 0.0, ""log_entries"": 1, ""n_results"": 1, ""user_lock_acquisitions"": 0}",2026-08-12T06:42:47Z
exp3_writer,single,writer,1,measured,25,105,0.094445,831537362.1859643,,,"{""sum_rel_diff"": 0.0, ""log_entries"": 1, ""n_results"": 1, ""user_lock_acquisitions"": 0}",2026-08-12T06:42:47Z
exp3_writer,single,writer,1,measured,6,106,0.094101,831537362.1859643,,,"{""sum_rel_diff"": 0.0, ""log_entries"": 1, ""n_results"": 1, ""user_lock_acquisitions"": 0}",2026-08-12T06:42:47Z
exp3_writer,single,lock,1,measured,23,107,0.092045,831537362.1859643,,,"{""sum_rel_diff"": 0.0, ""log_entries"": 1, ""n_results"": 1, ""user_lock_acquisitions"": 1}",2026-08-12T06:42:47Z
exp3_writer,single,indexed,1,measured,25,108,0.092875,831537362.1859643,,,"{""sum_rel_diff"": 0.0, ""log_entries"": 1, ""n_results"": 1, ""user_lock_acquisitions"": 0}",2026-08-12T06:42:48Z
exp3_writer,single,lock,1,measured,19,109,0.094114,831537362.1859643,,,"{""sum_rel_diff"": 0.0, ""log_entries"": 1, ""n_results"": 1, ""user_lock_acquisitions"": 1}",2026-08-12T06:42:48Z
exp3_writer,single,indexed,1,measured,17,110,0.091977,831537362.1859643,,,"{""sum_rel_diff"": 0.0, ""log_entries"": 1, ""n_results"": 1, ""user_lock_acquisitions"": 0}",2026-08-12T06:42:48Z
exp3_writer,single,writer,1,measured,2,111,0.092499,831537362.1859643,,,"{""sum_rel_diff"": 0.0, ""log_entries"": 1, ""n_results"": 1, ""user_lock_acquisitions"": 0}",2026-08-12T06:42:48Z
exp3_writer,single,record,1,measured,17,112,0.094453,831537362.1859643,,,"{""sum_rel_diff"": 0.0, ""log_entries"": 1, ""n_results"": 1, ""user_lock_acquisitions"": 0}",2026-08-12T06:42:48Z
exp3_writer,single,indexed,1,measured,14,113,0.092246,831537362.1859643,,,"{""sum_rel_diff"": 0.0, ""log_entries"": 1, ""n_results"": 1, ""user_lock_acquisitions"": 0}",2026-08-12T06:42:48Z
exp3_writer,single,indexed,1,measured,29,114,0.092880,831537362.1859643,,,"{""sum_rel_diff"": 0.0, ""log_entries"": 1, ""n_results"": 1, ""user_lock_acquisitions"": 0}",2026-08-12T06:42:48Z
exp3_writer,single,record,1,measured,16,115,0.093721,831537362.1859643,,,"{""sum_rel_diff"": 0.0, ""log_entries"": 1, ""n_results"": 1, ""user_lock_acquisitions"": 0}",2026-08-12T06:42:48Z
exp3_writer,single,record,1,measured,18,116,0.092114,831537362.1859643,,,"{""sum_rel_diff"": 0.0, ""log_entries"": 1, ""n_results"": 1, ""user_lock_acquisitions"": 0}",2026-08-12T06:42:48Z
exp3_writer,single,lock,1,measured,22,117,0.092831,831537362.1859643,,,"{""sum_rel_diff"": 0.0, ""log_entries"": 1, ""n_results"": 1, ""user_lock_acquisitions"": 1}",2026-08-12T06:42:48Z
exp3_writer,single,lock,1,measured,15,118,0.093914,831537362.1859643,,,"{""sum_rel_diff"": 0.0, ""log_entries"": 1, ""n_results"": 1, ""user_lock_acquisitions"": 1}",2026-08-12T06:42:49Z
exp3_writer,single,indexed,1,measured,24,119,0.091943,831537362.1859643,,,"{""sum_rel_diff"": 0.0, ""log_entries"": 1, ""n_results"": 1, ""user_lock_acquisitions"": 0}",2026-08-12T06:42:49Z
exp3_writer,single,writer,1,measured,20,120,0.093883,831537362.1859643,,,"{""sum_rel_diff"": 0.0, ""log_entries"": 1, ""n_results"": 1, ""user_lock_acquisitions"": 0}",2026-08-12T06:42:49Z
exp3_writer,single,writer,1,measured,16,121,0.093988,831537362.1859643,,,"{""sum_rel_diff"": 0.0, ""log_entries"": 1, ""n_results"": 1, ""user_lock_acquisitions"": 0}",2026-08-12T06:42:49Z
exp3_writer,single,writer,1,measured,24,122,0.097402,831537362.1859643,,,"{""sum_rel_diff"": 0.0, ""log_entries"": 1, ""n_results"": 1, ""user_lock_acquisitions"": 0}",2026-08-12T06:42:49Z
exp3_writer,single,indexed,1,measured,16,123,0.092518,831537362.1859643,,,"{""sum_rel_diff"": 0.0, ""log_entries"": 1, ""n_results"": 1, ""user_lock_acquisitions"": 0}",2026-08-12T06:42:49Z
exp3_writer,single,lock,1,measured,24,124,0.094798,831537362.1859643,,,"{""sum_rel_diff"": 0.0, ""log_entries"": 1, ""n_results"": 1, ""user_lock_acquisitions"": 1}",2026-08-12T06:42:49Z
exp3_writer,single,writer,1,measured,26,125,0.092502,831537362.1859643,,,"{""sum_rel_diff"": 0.0, ""log_entries"": 1, ""n_results"": 1, ""user_lock_acquisitions"": 0}",2026-08-12T06:42:49Z
exp3_writer,single,lock,1,measured,3,126,0.093371,831537362.1859643,,,"{""sum_rel_diff"": 0.0, ""log_entries"": 1, ""n_results"": 1, ""user_lock_acquisitions"": 1}",2026-08-12T06:42:49Z
exp3_writer,single,record,1,measured,22,127,0.093782,831537362.1859643,,,"{""sum_rel_diff"": 0.0, ""log_entries"": 1, ""n_results"": 1, ""user_lock_acquisitions"": 0}",2026-08-12T06:42:49Z
exp3_writer,single,indexed,1,measured,8,128,0.092482,831537362.1859643,,,"{""sum_rel_diff"": 0.0, ""log_entries"": 1, ""n_results"": 1, ""user_lock_acquisitions"": 0}",2026-08-12T06:42:49Z
exp3_writer,single,record,1,measured,23,129,0.092586,831537362.1859643,,,"{""sum_rel_diff"": 0.0, ""log_entries"": 1, ""n_results"": 1, ""user_lock_acquisitions"": 0}",2026-08-12T06:42:50Z
exp3_writer,single,indexed,1,measured,27,130,0.093806,831537362.1859643,,,"{""sum_rel_diff"": 0.0, ""log_entries"": 1, ""n_results"": 1, ""user_lock_acquisitions"": 0}",2026-08-12T06:42:50Z
exp3_writer,single,record,1,measured,1,131,0.092812,831537362.1859643,,,"{""sum_rel_diff"": 0.0, ""log_entries"": 1, ""n_results"": 1, ""user_lock_acquisitions"": 0}",2026-08-12T06:42:50Z
exp3_writer,single,writer,2,warmup,1,0,0.057839,831537362.1859643,,,"{""sum_rel_diff"": 0.0, ""log_entries"": 2, ""n_results"": 2, ""user_lock_acquisitions"": 0}",2026-08-12T06:42:50Z
exp3_writer,single,indexed,2,warmup,2,1,0.049528,831537362.1859643,,,"{""sum_rel_diff"": 0.0, ""log_entries"": 2, ""n_results"": 2, ""user_lock_acquisitions"": 0}",2026-08-12T06:42:50Z
exp3_writer,single,writer,2,warmup,2,2,0.050620,831537362.1859643,,,"{""sum_rel_diff"": 0.0, ""log_entries"": 2, ""n_results"": 2, ""user_lock_acquisitions"": 0}",2026-08-12T06:42:50Z
exp3_writer,single,record,2,warmup,2,3,0.049449,831537362.1859643,,,"{""sum_rel_diff"": 0.0, ""log_entries"": 2, ""n_results"": 2, ""user_lock_acquisitions"": 0}",2026-08-12T06:42:50Z
exp3_writer,single,lock,2,warmup,0,4,0.049241,831537362.1859643,,,"{""sum_rel_diff"": 0.0, ""log_entries"": 2, ""n_results"": 2, ""user_lock_acquisitions"": 2}",2026-08-12T06:42:50Z
exp3_writer,single,record,2,warmup,1,5,0.050496,831537362.1859643,,,"{""sum_rel_diff"": 0.0, ""log_entries"": 2, ""n_results"": 2, ""user_lock_acquisitions"": 0}",2026-08-12T06:42:50Z
exp3_writer,single,indexed,2,warmup,1,6,0.049920,831537362.1859643,,,"{""sum_rel_diff"": 0.0, ""log_entries"": 2, ""n_results"": 2, ""user_lock_acquisitions"": 0}",2026-08-12T06:42:50Z
exp3_writer,single,writer,2,warmup,0,7,0.048963,831537362.1859643,,,"{""sum_rel_diff"": 0.0, ""log_entries"": 2, ""n_results"": 2, ""user_lock_acquisitions"": 0}",2026-08-12T06:42:50Z
exp3_writer,single,indexed,2,warmup,0,8,0.049855,831537362.1859643,,,"{""sum_rel_diff"": 0.0, ""log_entries"": 2, ""n_results"": 2, ""user_lock_acquisitions"": 0}",2026-08-12T06:42:50Z
exp3_writer,single,lock,2,warmup,1,9,0.049704,831537362.1859643,,,"{""sum_rel_diff"": 0.0, ""log_entries"": 2, ""n_results"": 2, ""user_lock_acquisitions"": 2}",2026-08-12T06:42:50Z
exp3_writer,single,record,2,warmup,0,10,0.050104,831537362.1859643,,,"{""sum_rel_diff"": 0.0, ""log_entries"": 2, ""n_results"": 2, ""user_lock_acquisitions"": 0}",2026-08-12T06:42:50Z
exp3_writer,single,lock,2,warmup,2,11,0.049850,831537362.1859643,,,"{""sum_rel_diff"": 0.0, ""log_entries"": 2, ""n_results"": 2, ""user_lock_acquisitions"": 2}",2026-08-12T06:42:50Z
exp3_writer,single,lock,2,measured,10,12,0.049642,831537362.1859643,,,"{""sum_rel_diff"": 0.0, ""log_entries"": 2, ""n_results"": 2, ""user_lock_acquisitions"": 2}",2026-08-12T06:42:50Z
exp3_writer,single,writer,2,measured,2,13,0.050509,831537362.1859643,,,"{""sum_rel_diff"": 0.0, ""log_entries"": 2, ""n_results"": 2, ""user_lock_acquisitions"": 0}",2026-08-12T06:42:50Z
exp3_writer,single,writer,2,measured,18,14,0.049565,831537362.1859643,,,"{""sum_rel_diff"": 0.0, ""log_entries"": 2, ""n_results"": 2, ""user_lock_acquisitions"": 0}",2026-08-12T06:42:50Z
exp3_writer,single,writer,2,measured,22,15,0.050520,831537362.1859643,,,"{""sum_rel_diff"": 0.0, ""log_entries"": 2, ""n_results"": 2, ""user_lock_acquisitions"": 0}",2026-08-12T06:42:51Z
exp3_writer,single,lock,2,measured,0,16,0.049380,831537362.1859643,,,"{""sum_rel_diff"": 0.0, ""log_entries"": 2, ""n_results"": 2, ""user_lock_acquisitions"": 2}",2026-08-12T06:42:51Z
exp3_writer,single,record,2,measured,24,17,0.049371,831537362.1859643,,,"{""sum_rel_diff"": 0.0, ""log_entries"": 2, ""n_results"": 2, ""user_lock_acquisitions"": 0}",2026-08-12T06:42:51Z
exp3_writer,single,lock,2,measured,27,18,0.050333,831537362.1859643,,,"{""sum_rel_diff"": 0.0, ""log_entries"": 2, ""n_results"": 2, ""user_lock_acquisitions"": 2}",2026-08-12T06:42:51Z
exp3_writer,single,indexed,2,measured,10,19,0.049362,831537362.1859643,,,"{""sum_rel_diff"": 0.0, ""log_entries"": 2, ""n_results"": 2, ""user_lock_acquisitions"": 0}",2026-08-12T06:42:51Z
exp3_writer,single,lock,2,measured,20,20,0.049568,831537362.1859643,,,"{""sum_rel_diff"": 0.0, ""log_entries"": 2, ""n_results"": 2, ""user_lock_acquisitions"": 2}",2026-08-12T06:42:51Z
exp3_writer,single,lock,2,measured,13,21,0.049375,831537362.1859643,,,"{""sum_rel_diff"": 0.0, ""log_entries"": 2, ""n_results"": 2, ""user_lock_acquisitions"": 2}",2026-08-12T06:42:51Z
exp3_writer,single,lock,2,measured,11,22,0.049545,831537362.1859643,,,"{""sum_rel_diff"": 0.0, ""log_entries"": 2, ""n_results"": 2, ""user_lock_acquisitions"": 2}",2026-08-12T06:42:51Z
exp3_writer,single,record,2,measured,5,23,0.050509,831537362.1859643,,,"{""sum_rel_diff"": 0.0, ""log_entries"": 2, ""n_results"": 2, ""user_lock_acquisitions"": 0}",2026-08-12T06:42:51Z
exp3_writer,single,indexed,2,measured,1,24,0.049440,831537362.1859643,,,"{""sum_rel_diff"": 0.0, ""log_entries"": 2, ""n_results"": 2, ""user_lock_acquisitions"": 0}",2026-08-12T06:42:51Z
exp3_writer,single,writer,2,measured,17,25,0.050258,831537362.1859643,,,"{""sum_rel_diff"": 0.0, ""log_entries"": 2, ""n_results"": 2, ""user_lock_acquisitions"": 0}",2026-08-12T06:42:51Z
exp3_writer,single,writer,2,measured,7,26,0.049447,831537362.1859643,,,"{""sum_rel_diff"": 0.0, ""log_entries"": 2, ""n_results"": 2, ""user_lock_acquisitions"": 0}",2026-08-12T06:42:51Z
exp3_writer,single,indexed,2,measured,3,27,0.050315,831537362.1859643,,,"{""sum_rel_diff"": 0.0, ""log_entries"": 2, ""n_results"": 2, ""user_lock_acquisitions"": 0}",2026-08-12T06:42:51Z
exp3_writer,single,record,2,measured,6,28,0.049370,831537362.1859643,,,"{""sum_rel_diff"": 0.0, ""log_entries"": 2, ""n_results"": 2, ""user_lock_acquisitions"": 0}",2026-08-12T06:42:51Z
exp3_writer,single,lock,2,measured,6,29,0.049066,831537362.1859643,,,"{""sum_rel_diff"": 0.0, ""log_entries"": 2, ""n_results"": 2, ""user_lock_acquisitions"": 2}",2026-08-12T06:42:51Z
exp3_writer,single,lock,2,measured,7,30,0.050731,831537362.1859643,,,"{""sum_rel_diff"": 0.0, ""log_entries"": 2, ""n_results"": 2, ""user_lock_acquisitions"": 2}",2026-08-12T06:42:51Z
exp3_writer,single,lock,2,measured,9,31,0.049498,831537362.1859643,,,"{""sum_rel_diff"": 0.0, ""log_entries"": 2, ""n_results"": 2, ""user_lock_acquisitions"": 2}",2026-08-12T06:42:51Z
exp3_writer,single,writer,2,measured,0,32,0.050678,831537362.1859643,,,"{""sum_rel_diff"": 0.0, ""log_entries"": 2, ""n_results"": 2, ""user_lock_acquisitions"": 0}",2026-08-12T06:42:51Z
exp3_writer,single,lock,2,measured,14,33,0.049944,831537362.1859643,,,"{""sum_rel_diff"": 0.0, ""log_entries"": 2, ""n_results"": 2, ""user_lock_acquisitions"": 2}",2026-08-12T06:42:51Z
exp3_writer,single,indexed,2,measured,8,34,0.049963,831537362.1859643,,,"{""sum_rel_diff"": 0.0, ""log_entries"": 2, ""n_results"": 2, ""user_lock_acquisitions"": 0}",2026-08-12T06:42:51Z
exp3_writer,single,writer,2,measured,23,35,0.049590,831537362.1859643,,,"{""sum_rel_diff"": 0.0, ""log_entries"": 2, ""n_results"": 2, ""user_lock_acquisitions"": 0}",2026-08-12T06:42:52Z
exp3_writer,single,record,2,measured,17,36,0.049661,831537362.1859643,,,"{""sum_rel_diff"": 0.0, ""log_entries"": 2, ""n_results"": 2, ""user_lock_acquisitions"": 0}",2026-08-12T06:42:52Z
exp3_writer,single,writer,2,measured,11,37,0.049307,831537362.1859643,,,"{""sum_rel_diff"": 0.0, ""log_entries"": 2, ""n_results"": 2, ""user_lock_acquisitions"": 0}",2026-08-12T06:42:52Z
exp3_writer,single,record,2,measured,13,38,0.049866,831537362.1859643,,,"{""sum_rel_diff"": 0.0, ""log_entries"": 2, ""n_results"": 2, ""user_lock_acquisitions"": 0}",2026-08-12T06:42:52Z
exp3_writer,single,record,2,measured,20,39,0.050268,831537362.1859643,,,"{""sum_rel_diff"": 0.0, ""log_entries"": 2, ""n_results"": 2, ""user_lock_acquisitions"": 0}",2026-08-12T06:42:52Z
exp3_writer,single,lock,2,measured,15,40,0.049724,831537362.1859643,,,"{""sum_rel_diff"": 0.0, ""log_entries"": 2, ""n_results"": 2, ""user_lock_acquisitions"": 2}",2026-08-12T06:42:52Z
exp3_writer,single,lock,2,measured,16,41,0.049388,831537362.1859643,,,"{""sum_rel_diff"": 0.0, ""log_entries"": 2, ""n_results"": 2, ""user_lock_acquisitions"": 2}",2026-08-12T06:42:52Z
exp3_writer,single,indexed,2,measured,21,42,0.050416,831537362.1859643,,,"{""sum_rel_diff"": 0.0, ""log_entries"": 2, ""n_results"": 2, ""user_lock_acquisitions"": 0}",2026-08-12T06:42:52Z
exp3_writer,single,record,2,measured,16,43,0.050155,831537362.1859643,,,"{""sum_rel_diff"": 0.0, ""log_entries"": 2, ""n_results"": 2, ""user_lock_acquisitions"": 0}",2026-08-12T06:42:52Z
exp3_writer,single,writer,2,measured,26,44,0.050292,831537362.1859643,,,"{""sum_rel_diff"": 0.0, ""log_entries"": 2, ""n_results"": 2, ""user_lock_acquisitions"": 0}",2026-08-12T06:42:52Z
exp3_writer,single,lock,2,measured,25,45,0.049239,831537362.1859643,,,"{""sum_rel_diff"": 0.0, ""log_entries"": 2, ""n_results"": 2, ""user_lock_acquisitions"": 2}",2026-08-12T06:42:52Z
exp3_writer,single,record,2,measured,29,46,0.050495,831537362.1859643,,,"{""sum_rel_diff"": 0.0, ""log_entries"": 2, ""n_results"": 2, ""user_lock_acquisitions"": 0}",2026-08-12T06:42:52Z
exp3_writer,single,writer,2,measured,16,47,0.050532,831537362.1859643,,,"{""sum_rel_diff"": 0.0, ""log_entries"": 2, ""n_results"": 2, ""user_lock_acquisitions"": 0}",2026-08-12T06:42:52Z
exp3_writer,single,lock,2,measured,28,48,0.049715,831537362.1859643,,,"{""sum_rel_diff"": 0.0, ""log_entries"": 2, ""n_results"": 2, ""user_lock_acquisitions"": 2}",2026-08-12T06:42:52Z
exp3_writer,single,record,2,measured,4,49,0.049125,831537362.1859643,,,"{""sum_rel_diff"": 0.0, ""log_entries"": 2, ""n_results"": 2, ""user_lock_acquisitions"": 0}",2026-08-12T06:42:52Z
exp3_writer,single,indexed,2,measured,15,50,0.049890,831537362.1859643,,,"{""sum_rel_diff"": 0.0, ""log_entries"": 2, ""n_results"": 2, ""user_lock_acquisitions"": 0}",2026-08-12T06:42:52Z
exp3_writer,single,writer,2,measured,20,51,0.050362,831537362.1859643,,,"{""sum_rel_diff"": 0.0, ""log_entries"": 2, ""n_results"": 2, ""user_lock_acquisitions"": 0}",2026-08-12T06:42:52Z
exp3_writer,single,record,2,measured,27,52,0.049642,831537362.1859643,,,"{""sum_rel_diff"": 0.0, ""log_entries"": 2, ""n_results"": 2, ""user_lock_acquisitions"": 0}",2026-08-12T06:42:52Z
exp3_writer,single,indexed,2,measured,18,53,0.049365,831537362.1859643,,,"{""sum_rel_diff"": 0.0, ""log_entries"": 2, ""n_results"": 2, ""user_lock_acquisitions"": 0}",2026-08-12T06:42:52Z
exp3_writer,single,record,2,measured,23,54,0.050128,831537362.1859643,,,"{""sum_rel_diff"": 0.0, ""log_entries"": 2, ""n_results"": 2, ""user_lock_acquisitions"": 0}",2026-08-12T06:42:52Z
exp3_writer,single,indexed,2,measured,0,55,0.049552,831537362.1859643,,,"{""sum_rel_diff"": 0.0, ""log_entries"": 2, ""n_results"": 2, ""user_lock_acquisitions"": 0}",2026-08-12T06:42:53Z
exp3_writer,single,lock,2,measured,19,56,0.049871,831537362.1859643,,,"{""sum_rel_diff"": 0.0, ""log_entries"": 2, ""n_results"": 2, ""user_lock_acquisitions"": 2}",2026-08-12T06:42:53Z
exp3_writer,single,lock,2,measured,18,57,0.049659,831537362.1859643,,,"{""sum_rel_diff"": 0.0, ""log_entries"": 2, ""n_results"": 2, ""user_lock_acquisitions"": 2}",2026-08-12T06:42:53Z
exp3_writer,single,writer,2,measured,4,58,0.049785,831537362.1859643,,,"{""sum_rel_diff"": 0.0, ""log_entries"": 2, ""n_results"": 2, ""user_lock_acquisitions"": 0}",2026-08-12T06:42:53Z
exp3_writer,single,lock,2,measured,5,59,0.049800,831537362.1859643,,,"{""sum_rel_diff"": 0.0, ""log_entries"": 2, ""n_results"": 2, ""user_lock_acquisitions"": 2}",2026-08-12T06:42:53Z
exp3_writer,single,indexed,2,measured,2,60,0.049402,831537362.1859643,,,"{""sum_rel_diff"": 0.0, ""log_entries"": 2, ""n_results"": 2, ""user_lock_acquisitions"": 0}",2026-08-12T06:42:53Z
exp3_writer,single,indexed,2,measured,19,61,0.050855,831537362.1859643,,,"{""sum_rel_diff"": 0.0, ""log_entries"": 2, ""n_results"": 2, ""user_lock_acquisitions"": 0}",2026-08-12T06:42:53Z
exp3_writer,single,lock,2,measured,4,62,0.049143,831537362.1859643,,,"{""sum_rel_diff"": 0.0, ""log_entries"": 2, ""n_results"": 2, ""user_lock_acquisitions"": 2}",2026-08-12T06:42:53Z
exp3_writer,single,indexed,2,measured,27,63,0.049147,831537362.1859643,,,"{""sum_rel_diff"": 0.0, ""log_entries"": 2, ""n_results"": 2, ""user_lock_acquisitions"": 0}",2026-08-12T06:42:53Z
exp3_writer,single,record,2,measured,22,64,0.049291,831537362.1859643,,,"{""sum_rel_diff"": 0.0, ""log_entries"": 2, ""n_results"": 2, ""user_lock_acquisitions"": 0}",2026-08-12T06:42:53Z
exp3_writer,single,record,2,measured,19,65,0.048895,831537362.1859643,,,"{""sum_rel_diff"": 0.0, ""log_entries"": 2, ""n_results"": 2, ""user_lock_acquisitions"": 0}",2026-08-12T06:42:53Z
exp3_writer,single,writer,2,measured,14,66,0.049409,831537362.1859643,,,"{""sum_rel_diff"": 0.0, ""log_entries"": 2, ""n_results"": 2, ""user_lock_acquisitions"": 0}",2026-08-12T06:42:53Z
exp3_writer,single,writer,2,measured,25,67,0.049780,831537362.1859643,,,"{""sum_rel_diff"": 0.0, ""log_entries"": 2, ""n_results"": 2, ""user_lock_acquisitions"": 0}",2026-08-12T06:42:53Z
exp3_writer,single,record,2,measured,15,68,0.049563,831537362.1859643,,,"{""sum_rel_diff"": 0.0, ""log_entries"": 2, ""n_results"": 2, ""user_lock_acquisitions"": 0}",2026-08-12T06:42:53Z
exp3_writer,single,indexed,2,measured,16,69,0.049830,831537362.1859643,,,"{""sum_rel_diff"": 0.0, ""log_entries"": 2, ""n_results"": 2, ""user_lock_acquisitions"": 0}",2026-08-12T06:42:53Z
exp3_writer,single,writer,2,measured,28,70,0.049906,831537362.1859643,,,"{""sum_rel_diff"": 0.0, ""log_entries"": 2, ""n_results"": 2, ""user_lock_acquisitions"": 0}",2026-08-12T06:42:53Z
exp3_writer,single,indexed,2,measured,11,71,0.050376,831537362.1859643,,,"{""sum_rel_diff"": 0.0, ""log_entries"": 2, ""n_results"": 2, ""user_lock_acquisitions"": 0}",2026-08-12T06:42:53Z
exp3_writer,single,record,2,measured,12,72,0.049838,831537362.1859643,,,"{""sum_rel_diff"": 0.0, ""log_entries"": 2, ""n_results"": 2, ""user_lock_acquisitions"": 0}",2026-08-12T06:42:53Z
exp3_writer,single,writer,2,measured,24,73,0.049125,831537362.1859643,,,"{""sum_rel_diff"": 0.0, ""log_entries"": 2, ""n_results"": 2, ""user_lock_acquisitions"": 0}",2026-08-12T06:42:53Z
exp3_writer,single,lock,2,measured,8,74,0.049417,831537362.1859643,,,"{""sum_rel_diff"": 0.0, ""log_entries"": 2, ""n_results"": 2, ""user_lock_acquisitions"": 2}",2026-08-12T06:42:53Z
exp3_writer,single,record,2,measured,28,75,0.049842,831537362.1859643,,,"{""sum_rel_diff"": 0.0, ""log_entries"": 2, ""n_results"": 2, ""user_lock_acquisitions"": 0}",2026-08-12T06:42:54Z
exp3_writer,single,writer,2,measured,1,76,0.049713,831537362.1859643,,,"{""sum_rel_diff"": 0.0, ""log_entries"": 2, ""n_results"": 2, ""user_lock_acquisitions"": 0}",2026-08-12T06:42:54Z
exp3_writer,single,record,2,measured,11,77,0.049011,831537362.1859643,,,"{""sum_rel_diff"": 0.0, ""log_entries"": 2, ""n_results"": 2, ""user_lock_acquisitions"": 0}",2026-08-12T06:42:54Z
exp3_writer,single,indexed,2,measured,26,78,0.050068,831537362.1859643,,,"{""sum_rel_diff"": 0.0, ""log_entries"": 2, ""n_results"": 2, ""user_lock_acquisitions"": 0}",2026-08-12T06:42:54Z
exp3_writer,single,indexed,2,measured,6,79,0.049242,831537362.1859643,,,"{""sum_rel_diff"": 0.0, ""log_entries"": 2, ""n_results"": 2, ""user_lock_acquisitions"": 0}",2026-08-12T06:42:54Z
exp3_writer,single,record,2,measured,2,80,0.050334,831537362.1859643,,,"{""sum_rel_diff"": 0.0, ""log_entries"": 2, ""n_results"": 2, ""user_lock_acquisitions"": 0}",2026-08-12T06:42:54Z
exp3_writer,single,writer,2,measured,5,81,0.049631,831537362.1859643,,,"{""sum_rel_diff"": 0.0, ""log_entries"": 2, ""n_results"": 2, ""user_lock_acquisitions"": 0}",2026-08-12T06:42:54Z
exp3_writer,single,indexed,2,measured,5,82,0.049746,831537362.1859643,,,"{""sum_rel_diff"": 0.0, ""log_entries"": 2, ""n_results"": 2, ""user_lock_acquisitions"": 0}",2026-08-12T06:42:54Z
exp3_writer,single,indexed,2,measured,28,83,0.050069,831537362.1859643,,,"{""sum_rel_diff"": 0.0, ""log_entries"": 2, ""n_results"": 2, ""user_lock_acquisitions"": 0}",2026-08-12T06:42:54Z
exp3_writer,single,record,2,measured,1,84,0.049695,831537362.1859643,,,"{""sum_rel_diff"": 0.0, ""log_entries"": 2, ""n_results"": 2, ""user_lock_acquisitions"": 0}",2026-08-12T06:42:54Z
exp3_writer,single,writer,2,measured,8,85,0.049509,831537362.1859643,,,"{""sum_rel_diff"": 0.0, ""log_entries"": 2, ""n_results"": 2, ""user_lock_acquisitions"": 0}",2026-08-12T06:42:54Z
exp3_writer,single,writer,2,measured,9,86,0.049835,831537362.1859643,,,"{""sum_rel_diff"": 0.0, ""log_entries"": 2, ""n_results"": 2, ""user_lock_acquisitions"": 0}",2026-08-12T06:42:54Z
exp3_writer,single,lock,2,measured,23,87,0.049561,831537362.1859643,,,"{""sum_rel_diff"": 0.0, ""log_entries"": 2, ""n_results"": 2, ""user_lock_acquisitions"": 2}",2026-08-12T06:42:54Z
exp3_writer,single,record,2,measured,10,88,0.049372,831537362.1859643,,,"{""sum_rel_diff"": 0.0, ""log_entries"": 2, ""n_results"": 2, ""user_lock_acquisitions"": 0}",2026-08-12T06:42:54Z
exp3_writer,single,writer,2,measured,29,89,0.049594,831537362.1859643,,,"{""sum_rel_diff"": 0.0, ""log_entries"": 2, ""n_results"": 2, ""user_lock_acquisitions"": 0}",2026-08-12T06:42:54Z
exp3_writer,single,indexed,2,measured,22,90,0.051022,831537362.1859643,,,"{""sum_rel_diff"": 0.0, ""log_entries"": 2, ""n_results"": 2, ""user_lock_acquisitions"": 0}",2026-08-12T06:42:54Z
exp3_writer,single,indexed,2,measured,4,91,0.049504,831537362.1859643,,,"{""sum_rel_diff"": 0.0, ""log_entries"": 2, ""n_results"": 2, ""user_lock_acquisitions"": 0}",2026-08-12T06:42:54Z
exp3_writer,single,writer,2,measured,15,92,0.050811,831537362.1859643,,,"{""sum_rel_diff"": 0.0, ""log_entries"": 2, ""n_results"": 2, ""user_lock_acquisitions"": 0}",2026-08-12T06:42:54Z
exp3_writer,single,record,2,measured,7,93,0.049702,831537362.1859643,,,"{""sum_rel_diff"": 0.0, ""log_entries"": 2, ""n_results"": 2, ""user_lock_acquisitions"": 0}",2026-08-12T06:42:54Z
exp3_writer,single,indexed,2,measured,23,94,0.049510,831537362.1859643,,,"{""sum_rel_diff"": 0.0, ""log_entries"": 2, ""n_results"": 2, ""user_lock_acquisitions"": 0}",2026-08-12T06:42:54Z
exp3_writer,single,lock,2,measured,3,95,0.050444,831537362.1859643,,,"{""sum_rel_diff"": 0.0, ""log_entries"": 2, ""n_results"": 2, ""user_lock_acquisitions"": 2}",2026-08-12T06:42:55Z
exp3_writer,single,lock,2,measured,12,96,0.049449,831537362.1859643,,,"{""sum_rel_diff"": 0.0, ""log_entries"": 2, ""n_results"": 2, ""user_lock_acquisitions"": 2}",2026-08-12T06:42:55Z
exp3_writer,single,record,2,measured,21,97,0.049698,831537362.1859643,,,"{""sum_rel_diff"": 0.0, ""log_entries"": 2, ""n_results"": 2, ""user_lock_acquisitions"": 0}",2026-08-12T06:42:55Z
exp3_writer,single,record,2,measured,26,98,0.049796,831537362.1859643,,,"{""sum_rel_diff"": 0.0, ""log_entries"": 2, ""n_results"": 2, ""user_lock_acquisitions"": 0}",2026-08-12T06:42:55Z
exp3_writer,single,lock,2,measured,29,99,0.050303,831537362.1859643,,,"{""sum_rel_diff"": 0.0, ""log_entries"": 2, ""n_results"": 2, ""user_lock_acquisitions"": 2}",2026-08-12T06:42:55Z
exp3_writer,single,lock,2,measured,17,100,0.049461,831537362.1859643,,,"{""sum_rel_diff"": 0.0, ""log_entries"": 2, ""n_results"": 2, ""user_lock_acquisitions"": 2}",2026-08-12T06:42:55Z
exp3_writer,single,indexed,2,measured,17,101,0.049087,831537362.1859643,,,"{""sum_rel_diff"": 0.0, ""log_entries"": 2, ""n_results"": 2, ""user_lock_acquisitions"": 0}",2026-08-12T06:42:55Z
exp3_writer,single,indexed,2,measured,24,102,0.051148,831537362.1859643,,,"{""sum_rel_diff"": 0.0, ""log_entries"": 2, ""n_results"": 2, ""user_lock_acquisitions"": 0}",2026-08-12T06:42:55Z
exp3_writer,single,indexed,2,measured,13,103,0.049741,831537362.1859643,,,"{""sum_rel_diff"": 0.0, ""log_entries"": 2, ""n_results"": 2, ""user_lock_acquisitions"": 0}",2026-08-12T06:42:55Z
exp3_writer,single,writer,2,measured,10,104,0.049949,831537362.1859643,,,"{""sum_rel_diff"": 0.0, ""log_entries"": 2, ""n_results"": 2, ""user_lock_acquisitions"": 0}",2026-08-12T06:42:55Z
exp3_writer,single,indexed,2,measured,25,105,0.049427,831537362.1859643,,,"{""sum_rel_diff"": 0.0, ""log_entries"": 2, ""n_results"": 2, ""user_lock_acquisitions"": 0}",2026-08-12T06:42:55Z
exp3_writer,single,lock,2,measured,26,106,0.050764,831537362.1859643,,,"{""sum_rel_diff"": 0.0, ""log_entries"": 2, ""n_results"": 2, ""user_lock_acquisitions"": 2}",2026-08-12T06:42:55Z
exp3_writer,single,writer,2,measured,6,107,0.049842,831537362.1859643,,,"{""sum_rel_diff"": 0.0, ""log_entries"": 2, ""n_results"": 2, ""user_lock_acquisitions"": 0}",2026-08-12T06:42:55Z
exp3_writer,single,record,2,measured,3,108,0.049357,831537362.1859643,,,"{""sum_rel_diff"": 0.0, ""log_entries"": 2, ""n_results"": 2, ""user_lock_acquisitions"": 0}",2026-08-12T06:42:55Z
exp3_writer,single,record,2,measured,9,109,0.050111,831537362.1859643,,,"{""sum_rel_diff"": 0.0, ""log_entries"": 2, ""n_results"": 2, ""user_lock_acquisitions"": 0}",2026-08-12T06:42:55Z
exp3_writer,single,indexed,2,measured,29,110,0.049158,831537362.1859643,,,"{""sum_rel_diff"": 0.0, ""log_entries"": 2, ""n_results"": 2, ""user_lock_acquisitions"": 0}",2026-08-12T06:42:55Z
exp3_writer,single,record,2,measured,14,111,0.049915,831537362.1859643,,,"{""sum_rel_diff"": 0.0, ""log_entries"": 2, ""n_results"": 2, ""user_lock_acquisitions"": 0}",2026-08-12T06:42:55Z
exp3_writer,single,writer,2,measured,12,112,0.049752,831537362.1859643,,,"{""sum_rel_diff"": 0.0, ""log_entries"": 2, ""n_results"": 2, ""user_lock_acquisitions"": 0}",2026-08-12T06:42:55Z
exp3_writer,single,writer,2,measured,13,113,0.049079,831537362.1859643,,,"{""sum_rel_diff"": 0.0, ""log_entries"": 2, ""n_results"": 2, ""user_lock_acquisitions"": 0}",2026-08-12T06:42:55Z
exp3_writer,single,writer,2,measured,21,114,0.051080,831537362.1859643,,,"{""sum_rel_diff"": 0.0, ""log_entries"": 2, ""n_results"": 2, ""user_lock_acquisitions"": 0}",2026-08-12T06:42:55Z
exp3_writer,single,record,2,measured,18,115,0.050170,831537362.1859643,,,"{""sum_rel_diff"": 0.0, ""log_entries"": 2, ""n_results"": 2, ""user_lock_acquisitions"": 0}",2026-08-12T06:42:56Z
exp3_writer,single,lock,2,measured,22,116,0.049366,831537362.1859643,,,"{""sum_rel_diff"": 0.0, ""log_entries"": 2, ""n_results"": 2, ""user_lock_acquisitions"": 2}",2026-08-12T06:42:56Z
exp3_writer,single,indexed,2,measured,20,117,0.048868,831537362.1859643,,,"{""sum_rel_diff"": 0.0, ""log_entries"": 2, ""n_results"": 2, ""user_lock_acquisitions"": 0}",2026-08-12T06:42:56Z
exp3_writer,single,lock,2,measured,2,118,0.049787,831537362.1859643,,,"{""sum_rel_diff"": 0.0, ""log_entries"": 2, ""n_results"": 2, ""user_lock_acquisitions"": 2}",2026-08-12T06:42:56Z
exp3_writer,single,indexed,2,measured,14,119,0.050063,831537362.1859643,,,"{""sum_rel_diff"": 0.0, ""log_entries"": 2, ""n_results"": 2, ""user_lock_acquisitions"": 0}",2026-08-12T06:42:56Z
exp3_writer,single,writer,2,measured,27,120,0.049391,831537362.1859643,,,"{""sum_rel_diff"": 0.0, ""log_entries"": 2, ""n_results"": 2, ""user_lock_acquisitions"": 0}",2026-08-12T06:42:56Z
exp3_writer,single,lock,2,measured,24,121,0.049809,831537362.1859643,,,"{""sum_rel_diff"": 0.0, ""log_entries"": 2, ""n_results"": 2, ""user_lock_acquisitions"": 2}",2026-08-12T06:42:56Z
exp3_writer,single,indexed,2,measured,12,122,0.049599,831537362.1859643,,,"{""sum_rel_diff"": 0.0, ""log_entries"": 2, ""n_results"": 2, ""user_lock_acquisitions"": 0}",2026-08-12T06:42:56Z
exp3_writer,single,lock,2,measured,21,123,0.049252,831537362.1859643,,,"{""sum_rel_diff"": 0.0, ""log_entries"": 2, ""n_results"": 2, ""user_lock_acquisitions"": 2}",2026-08-12T06:42:56Z
exp3_writer,single,indexed,2,measured,9,124,0.049672,831537362.1859643,,,"{""sum_rel_diff"": 0.0, ""log_entries"": 2, ""n_results"": 2, ""user_lock_acquisitions"": 0}",2026-08-12T06:42:56Z
exp3_writer,single,record,2,measured,8,125,0.048947,831537362.1859643,,,"{""sum_rel_diff"": 0.0, ""log_entries"": 2, ""n_results"": 2, ""user_lock_acquisitions"": 0}",2026-08-12T06:42:56Z
exp3_writer,single,record,2,measured,25,126,0.050774,831537362.1859643,,,"{""sum_rel_diff"": 0.0, ""log_entries"": 2, ""n_results"": 2, ""user_lock_acquisitions"": 0}",2026-08-12T06:42:56Z
exp3_writer,single,lock,2,measured,1,127,0.048922,831537362.1859643,,,"{""sum_rel_diff"": 0.0, ""log_entries"": 2, ""n_results"": 2, ""user_lock_acquisitions"": 2}",2026-08-12T06:42:56Z
exp3_writer,single,writer,2,measured,3,128,0.051025,831537362.1859643,,,"{""sum_rel_diff"": 0.0, ""log_entries"": 2, ""n_results"": 2, ""user_lock_acquisitions"": 0}",2026-08-12T06:42:56Z
exp3_writer,single,record,2,measured,0,129,0.049257,831537362.1859643,,,"{""sum_rel_diff"": 0.0, ""log_entries"": 2, ""n_results"": 2, ""user_lock_acquisitions"": 0}",2026-08-12T06:42:56Z
exp3_writer,single,indexed,2,measured,7,130,0.050772,831537362.1859643,,,"{""sum_rel_diff"": 0.0, ""log_entries"": 2, ""n_results"": 2, ""user_lock_acquisitions"": 0}",2026-08-12T06:42:56Z
exp3_writer,single,writer,2,measured,19,131,0.049954,831537362.1859643,,,"{""sum_rel_diff"": 0.0, ""log_entries"": 2, ""n_results"": 2, ""user_lock_acquisitions"": 0}",2026-08-12T06:42:56Z
exp3_writer,single,indexed,4,warmup,1,0,0.028689,831537362.1859643,,,"{""sum_rel_diff"": 0.0, ""log_entries"": 4, ""n_results"": 4, ""user_lock_acquisitions"": 0}",2026-08-12T06:42:56Z
exp3_writer,single,writer,4,warmup,1,1,0.026147,831537362.1859643,,,"{""sum_rel_diff"": 0.0, ""log_entries"": 4, ""n_results"": 4, ""user_lock_acquisitions"": 0}",2026-08-12T06:42:56Z
exp3_writer,single,lock,4,warmup,2,2,0.026589,831537362.1859643,,,"{""sum_rel_diff"": 0.0, ""log_entries"": 4, ""n_results"": 4, ""user_lock_acquisitions"": 4}",2026-08-12T06:42:56Z
exp3_writer,single,writer,4,warmup,2,3,0.025442,831537362.1859643,,,"{""sum_rel_diff"": 0.0, ""log_entries"": 4, ""n_results"": 4, ""user_lock_acquisitions"": 0}",2026-08-12T06:42:56Z
exp3_writer,single,record,4,warmup,2,4,0.025685,831537362.1859643,,,"{""sum_rel_diff"": 0.0, ""log_entries"": 4, ""n_results"": 4, ""user_lock_acquisitions"": 0}",2026-08-12T06:42:56Z
exp3_writer,single,indexed,4,warmup,2,5,0.025705,831537362.1859643,,,"{""sum_rel_diff"": 0.0, ""log_entries"": 4, ""n_results"": 4, ""user_lock_acquisitions"": 0}",2026-08-12T06:42:57Z
exp3_writer,single,lock,4,warmup,0,6,0.025089,831537362.1859643,,,"{""sum_rel_diff"": 0.0, ""log_entries"": 4, ""n_results"": 4, ""user_lock_acquisitions"": 4}",2026-08-12T06:42:57Z
exp3_writer,single,record,4,warmup,0,7,0.026473,831537362.1859643,,,"{""sum_rel_diff"": 0.0, ""log_entries"": 4, ""n_results"": 4, ""user_lock_acquisitions"": 0}",2026-08-12T06:42:57Z
exp3_writer,single,indexed,4,warmup,0,8,0.025725,831537362.1859643,,,"{""sum_rel_diff"": 0.0, ""log_entries"": 4, ""n_results"": 4, ""user_lock_acquisitions"": 0}",2026-08-12T06:42:57Z
exp3_writer,single,lock,4,warmup,1,9,0.025790,831537362.1859643,,,"{""sum_rel_diff"": 0.0, ""log_entries"": 4, ""n_results"": 4, ""user_lock_acquisitions"": 4}",2026-08-12T06:42:57Z
exp3_writer,single,writer,4,warmup,0,10,0.025715,831537362.1859643,,,"{""sum_rel_diff"": 0.0, ""log_entries"": 4, ""n_results"": 4, ""user_lock_acquisitions"": 0}",2026-08-12T06:42:57Z
exp3_writer,single,record,4,warmup,1,11,0.025300,831537362.1859643,,,"{""sum_rel_diff"": 0.0, ""log_entries"": 4, ""n_results"": 4, ""user_lock_acquisitions"": 0}",2026-08-12T06:42:57Z
exp3_writer,single,indexed,4,measured,12,12,0.025540,831537362.1859643,,,"{""sum_rel_diff"": 0.0, ""log_entries"": 4, ""n_results"": 4, ""user_lock_acquisitions"": 0}",2026-08-12T06:42:57Z
exp3_writer,single,record,4,measured,5,13,0.026046,831537362.1859643,,,"{""sum_rel_diff"": 0.0, ""log_entries"": 4, ""n_results"": 4, ""user_lock_acquisitions"": 0}",2026-08-12T06:42:57Z
exp3_writer,single,record,4,measured,0,14,0.025456,831537362.1859643,,,"{""sum_rel_diff"": 0.0, ""log_entries"": 4, ""n_results"": 4, ""user_lock_acquisitions"": 0}",2026-08-12T06:42:57Z
exp3_writer,single,indexed,4,measured,22,15,0.026317,831537362.1859643,,,"{""sum_rel_diff"": 0.0, ""log_entries"": 4, ""n_results"": 4, ""user_lock_acquisitions"": 0}",2026-08-12T06:42:57Z
exp3_writer,single,record,4,measured,24,16,0.026158,831537362.1859643,,,"{""sum_rel_diff"": 0.0, ""log_entries"": 4, ""n_results"": 4, ""user_lock_acquisitions"": 0}",2026-08-12T06:42:57Z
exp3_writer,single,writer,4,measured,19,17,0.025823,831537362.1859643,,,"{""sum_rel_diff"": 0.0, ""log_entries"": 4, ""n_results"": 4, ""user_lock_acquisitions"": 0}",2026-08-12T06:42:57Z
exp3_writer,single,lock,4,measured,12,18,0.026156,831537362.1859643,,,"{""sum_rel_diff"": 0.0, ""log_entries"": 4, ""n_results"": 4, ""user_lock_acquisitions"": 4}",2026-08-12T06:42:57Z
exp3_writer,single,record,4,measured,12,19,0.024986,831537362.1859643,,,"{""sum_rel_diff"": 0.0, ""log_entries"": 4, ""n_results"": 4, ""user_lock_acquisitions"": 0}",2026-08-12T06:42:57Z
exp3_writer,single,indexed,4,measured,4,20,0.025230,831537362.1859643,,,"{""sum_rel_diff"": 0.0, ""log_entries"": 4, ""n_results"": 4, ""user_lock_acquisitions"": 0}",2026-08-12T06:42:57Z
exp3_writer,single,record,4,measured,21,21,0.025643,831537362.1859643,,,"{""sum_rel_diff"": 0.0, ""log_entries"": 4, ""n_results"": 4, ""user_lock_acquisitions"": 0}",2026-08-12T06:42:57Z
exp3_writer,single,indexed,4,measured,8,22,0.025593,831537362.1859643,,,"{""sum_rel_diff"": 0.0, ""log_entries"": 4, ""n_results"": 4, ""user_lock_acquisitions"": 0}",2026-08-12T06:42:57Z
exp3_writer,single,lock,4,measured,18,23,0.025820,831537362.1859643,,,"{""sum_rel_diff"": 0.0, ""log_entries"": 4, ""n_results"": 4, ""user_lock_acquisitions"": 4}",2026-08-12T06:42:57Z
exp3_writer,single,writer,4,measured,22,24,0.026092,831537362.1859643,,,"{""sum_rel_diff"": 0.0, ""log_entries"": 4, ""n_results"": 4, ""user_lock_acquisitions"": 0}",2026-08-12T06:42:57Z
exp3_writer,single,writer,4,measured,17,25,0.025587,831537362.1859643,,,"{""sum_rel_diff"": 0.0, ""log_entries"": 4, ""n_results"": 4, ""user_lock_acquisitions"": 0}",2026-08-12T06:42:57Z
exp3_writer,single,indexed,4,measured,21,26,0.025904,831537362.1859643,,,"{""sum_rel_diff"": 0.0, ""log_entries"": 4, ""n_results"": 4, ""user_lock_acquisitions"": 0}",2026-08-12T06:42:57Z
exp3_writer,single,lock,4,measured,0,27,0.026010,831537362.1859643,,,"{""sum_rel_diff"": 0.0, ""log_entries"": 4, ""n_results"": 4, ""user_lock_acquisitions"": 4}",2026-08-12T06:42:57Z
exp3_writer,single,writer,4,measured,28,28,0.025611,831537362.1859643,,,"{""sum_rel_diff"": 0.0, ""log_entries"": 4, ""n_results"": 4, ""user_lock_acquisitions"": 0}",2026-08-12T06:42:57Z
exp3_writer,single,lock,4,measured,9,29,0.025999,831537362.1859643,,,"{""sum_rel_diff"": 0.0, ""log_entries"": 4, ""n_results"": 4, ""user_lock_acquisitions"": 4}",2026-08-12T06:42:57Z
exp3_writer,single,record,4,measured,26,30,0.025706,831537362.1859643,,,"{""sum_rel_diff"": 0.0, ""log_entries"": 4, ""n_results"": 4, ""user_lock_acquisitions"": 0}",2026-08-12T06:42:57Z
exp3_writer,single,record,4,measured,28,31,0.025850,831537362.1859643,,,"{""sum_rel_diff"": 0.0, ""log_entries"": 4, ""n_results"": 4, ""user_lock_acquisitions"": 0}",2026-08-12T06:42:57Z
exp3_writer,single,indexed,4,measured,10,32,0.026591,831537362.1859643,,,"{""sum_rel_diff"": 0.0, ""log_entries"": 4, ""n_results"": 4, ""user_lock_acquisitions"": 0}",2026-08-12T06:42:57Z
exp3_writer,single,lock,4,measured,2,33,0.025653,831537362.1859643,,,"{""sum_rel_diff"": 0.0, ""log_entries"": 4, ""n_results"": 4, ""user_lock_acquisitions"": 4}",2026-08-12T06:42:57Z
exp3_writer,single,record,4,measured,15,34,0.025944,831537362.1859643,,,"{""sum_rel_diff"": 0.0, ""log_entries"": 4, ""n_results"": 4, ""user_lock_acquisitions"": 0}",2026-08-12T06:42:57Z
exp3_writer,single,writer,4,measured,21,35,0.025349,831537362.1859643,,,"{""sum_rel_diff"": 0.0, ""log_entries"": 4, ""n_results"": 4, ""user_lock_acquisitions"": 0}",2026-08-12T06:42:57Z
exp3_writer,single,writer,4,measured,13,36,0.025503,831537362.1859643,,,"{""sum_rel_diff"": 0.0, ""log_entries"": 4, ""n_results"": 4, ""user_lock_acquisitions"": 0}",2026-08-12T06:42:57Z
exp3_writer,single,indexed,4,measured,29,37,0.026376,831537362.1859643,,,"{""sum_rel_diff"": 0.0, ""log_entries"": 4, ""n_results"": 4, ""user_lock_acquisitions"": 0}",2026-08-12T06:42:57Z
exp3_writer,single,indexed,4,measured,2,38,0.025069,831537362.1859643,,,"{""sum_rel_diff"": 0.0, ""log_entries"": 4, ""n_results"": 4, ""user_lock_acquisitions"": 0}",2026-08-12T06:42:57Z
exp3_writer,single,writer,4,measured,3,39,0.025965,831537362.1859643,,,"{""sum_rel_diff"": 0.0, ""log_entries"": 4, ""n_results"": 4, ""user_lock_acquisitions"": 0}",2026-08-12T06:42:57Z
exp3_writer,single,writer,4,measured,24,40,0.026504,831537362.1859643,,,"{""sum_rel_diff"": 0.0, ""log_entries"": 4, ""n_results"": 4, ""user_lock_acquisitions"": 0}",2026-08-12T06:42:57Z
exp3_writer,single,record,4,measured,2,41,0.025541,831537362.1859643,,,"{""sum_rel_diff"": 0.0, ""log_entries"": 4, ""n_results"": 4, ""user_lock_acquisitions"": 0}",2026-08-12T06:42:57Z
exp3_writer,single,indexed,4,measured,15,42,0.026194,831537362.1859643,,,"{""sum_rel_diff"": 0.0, ""log_entries"": 4, ""n_results"": 4, ""user_lock_acquisitions"": 0}",2026-08-12T06:42:57Z
exp3_writer,single,lock,4,measured,4,43,0.025028,831537362.1859643,,,"{""sum_rel_diff"": 0.0, ""log_entries"": 4, ""n_results"": 4, ""user_lock_acquisitions"": 4}",2026-08-12T06:42:57Z
exp3_writer,single,indexed,4,measured,19,44,0.025468,831537362.1859643,,,"{""sum_rel_diff"": 0.0, ""log_entries"": 4, ""n_results"": 4, ""user_lock_acquisitions"": 0}",2026-08-12T06:42:58Z
exp3_writer,single,writer,4,measured,2,45,0.025840,831537362.1859643,,,"{""sum_rel_diff"": 0.0, ""log_entries"": 4, ""n_results"": 4, ""user_lock_acquisitions"": 0}",2026-08-12T06:42:58Z
exp3_writer,single,indexed,4,measured,18,46,0.025504,831537362.1859643,,,"{""sum_rel_diff"": 0.0, ""log_entries"": 4, ""n_results"": 4, ""user_lock_acquisitions"": 0}",2026-08-12T06:42:58Z
exp3_writer,single,lock,4,measured,17,47,0.025453,831537362.1859643,,,"{""sum_rel_diff"": 0.0, ""log_entries"": 4, ""n_results"": 4, ""user_lock_acquisitions"": 4}",2026-08-12T06:42:58Z
exp3_writer,single,lock,4,measured,14,48,0.026112,831537362.1859643,,,"{""sum_rel_diff"": 0.0, ""log_entries"": 4, ""n_results"": 4, ""user_lock_acquisitions"": 4}",2026-08-12T06:42:58Z
exp3_writer,single,indexed,4,measured,28,49,0.025475,831537362.1859643,,,"{""sum_rel_diff"": 0.0, ""log_entries"": 4, ""n_results"": 4, ""user_lock_acquisitions"": 0}",2026-08-12T06:42:58Z
exp3_writer,single,indexed,4,measured,11,50,0.026889,831537362.1859643,,,"{""sum_rel_diff"": 0.0, ""log_entries"": 4, ""n_results"": 4, ""user_lock_acquisitions"": 0}",2026-08-12T06:42:58Z
exp3_writer,single,record,4,measured,20,51,0.025676,831537362.1859643,,,"{""sum_rel_diff"": 0.0, ""log_entries"": 4, ""n_results"": 4, ""user_lock_acquisitions"": 0}",2026-08-12T06:42:58Z
exp3_writer,single,lock,4,measured,27,52,0.025611,831537362.1859643,,,"{""sum_rel_diff"": 0.0, ""log_entries"": 4, ""n_results"": 4, ""user_lock_acquisitions"": 4}",2026-08-12T06:42:58Z
exp3_writer,single,writer,4,measured,12,53,0.025757,831537362.1859643,,,"{""sum_rel_diff"": 0.0, ""log_entries"": 4, ""n_results"": 4, ""user_lock_acquisitions"": 0}",2026-08-12T06:42:58Z
exp3_writer,single,writer,4,measured,20,54,0.025126,831537362.1859643,,,"{""sum_rel_diff"": 0.0, ""log_entries"": 4, ""n_results"": 4, ""user_lock_acquisitions"": 0}",2026-08-12T06:42:58Z
exp3_writer,single,lock,4,measured,15,55,0.025440,831537362.1859643,,,"{""sum_rel_diff"": 0.0, ""log_entries"": 4, ""n_results"": 4, ""user_lock_acquisitions"": 4}",2026-08-12T06:42:58Z
exp3_writer,single,lock,4,measured,21,56,0.026795,831537362.1859643,,,"{""sum_rel_diff"": 0.0, ""log_entries"": 4, ""n_results"": 4, ""user_lock_acquisitions"": 4}",2026-08-12T06:42:58Z
exp3_writer,single,writer,4,measured,15,57,0.026027,831537362.1859643,,,"{""sum_rel_diff"": 0.0, ""log_entries"": 4, ""n_results"": 4, ""user_lock_acquisitions"": 0}",2026-08-12T06:42:58Z
exp3_writer,single,lock,4,measured,25,58,0.026681,831537362.1859643,,,"{""sum_rel_diff"": 0.0, ""log_entries"": 4, ""n_results"": 4, ""user_lock_acquisitions"": 4}",2026-08-12T06:42:58Z
exp3_writer,single,record,4,measured,14,59,0.025336,831537362.1859643,,,"{""sum_rel_diff"": 0.0, ""log_entries"": 4, ""n_results"": 4, ""user_lock_acquisitions"": 0}",2026-08-12T06:42:58Z
exp3_writer,single,lock,4,measured,11,60,0.025468,831537362.1859643,,,"{""sum_rel_diff"": 0.0, ""log_entries"": 4, ""n_results"": 4, ""user_lock_acquisitions"": 4}",2026-08-12T06:42:58Z
exp3_writer,single,writer,4,measured,11,61,0.025833,831537362.1859643,,,"{""sum_rel_diff"": 0.0, ""log_entries"": 4, ""n_results"": 4, ""user_lock_acquisitions"": 0}",2026-08-12T06:42:58Z
exp3_writer,single,lock,4,measured,7,62,0.025463,831537362.1859643,,,"{""sum_rel_diff"": 0.0, ""log_entries"": 4, ""n_results"": 4, ""user_lock_acquisitions"": 4}",2026-08-12T06:42:58Z
exp3_writer,single,record,4,measured,3,63,0.025521,831537362.1859643,,,"{""sum_rel_diff"": 0.0, ""log_entries"": 4, ""n_results"": 4, ""user_lock_acquisitions"": 0}",2026-08-12T06:42:58Z
exp3_writer,single,lock,4,measured,29,64,0.025495,831537362.1859643,,,"{""sum_rel_diff"": 0.0, ""log_entries"": 4, ""n_results"": 4, ""user_lock_acquisitions"": 4}",2026-08-12T06:42:58Z
exp3_writer,single,writer,4,measured,14,65,0.025640,831537362.1859643,,,"{""sum_rel_diff"": 0.0, ""log_entries"": 4, ""n_results"": 4, ""user_lock_acquisitions"": 0}",2026-08-12T06:42:58Z
exp3_writer,single,record,4,measured,18,66,0.025886,831537362.1859643,,,"{""sum_rel_diff"": 0.0, ""log_entries"": 4, ""n_results"": 4, ""user_lock_acquisitions"": 0}",2026-08-12T06:42:58Z
exp3_writer,single,indexed,4,measured,20,67,0.025244,831537362.1859643,,,"{""sum_rel_diff"": 0.0, ""log_entries"": 4, ""n_results"": 4, ""user_lock_acquisitions"": 0}",2026-08-12T06:42:58Z
exp3_writer,single,lock,4,measured,1,68,0.025144,831537362.1859643,,,"{""sum_rel_diff"": 0.0, ""log_entries"": 4, ""n_results"": 4, ""user_lock_acquisitions"": 4}",2026-08-12T06:42:58Z
exp3_writer,single,indexed,4,measured,7,69,0.025848,831537362.1859643,,,"{""sum_rel_diff"": 0.0, ""log_entries"": 4, ""n_results"": 4, ""user_lock_acquisitions"": 0}",2026-08-12T06:42:58Z
exp3_writer,single,indexed,4,measured,6,70,0.025480,831537362.1859643,,,"{""sum_rel_diff"": 0.0, ""log_entries"": 4, ""n_results"": 4, ""user_lock_acquisitions"": 0}",2026-08-12T06:42:58Z
exp3_writer,single,writer,4,measured,7,71,0.025880,831537362.1859643,,,"{""sum_rel_diff"": 0.0, ""log_entries"": 4, ""n_results"": 4, ""user_lock_acquisitions"": 0}",2026-08-12T06:42:58Z
exp3_writer,single,writer,4,measured,0,72,0.025848,831537362.1859643,,,"{""sum_rel_diff"": 0.0, ""log_entries"": 4, ""n_results"": 4, ""user_lock_acquisitions"": 0}",2026-08-12T06:42:58Z
exp3_writer,single,record,4,measured,19,73,0.025752,831537362.1859643,,,"{""sum_rel_diff"": 0.0, ""log_entries"": 4, ""n_results"": 4, ""user_lock_acquisitions"": 0}",2026-08-12T06:42:58Z
exp3_writer,single,indexed,4,measured,25,74,0.025836,831537362.1859643,,,"{""sum_rel_diff"": 0.0, ""log_entries"": 4, ""n_results"": 4, ""user_lock_acquisitions"": 0}",2026-08-12T06:42:58Z
exp3_writer,single,lock,4,measured,13,75,0.025332,831537362.1859643,,,"{""sum_rel_diff"": 0.0, ""log_entries"": 4, ""n_results"": 4, ""user_lock_acquisitions"": 4}",2026-08-12T06:42:58Z
exp3_writer,single,record,4,measured,7,76,0.025178,831537362.1859643,,,"{""sum_rel_diff"": 0.0, ""log_entries"": 4, ""n_results"": 4, ""user_lock_acquisitions"": 0}",2026-08-12T06:42:58Z
exp3_writer,single,record,4,measured,22,77,0.026246,831537362.1859643,,,"{""sum_rel_diff"": 0.0, ""log_entries"": 4, ""n_results"": 4, ""user_lock_acquisitions"": 0}",2026-08-12T06:42:58Z
exp3_writer,single,indexed,4,measured,5,78,0.025353,831537362.1859643,,,"{""sum_rel_diff"": 0.0, ""log_entries"": 4, ""n_results"": 4, ""user_lock_acquisitions"": 0}",2026-08-12T06:42:58Z
exp3_writer,single,record,4,measured,6,79,0.025447,831537362.1859643,,,"{""sum_rel_diff"": 0.0, ""log_entries"": 4, ""n_results"": 4, ""user_lock_acquisitions"": 0}",2026-08-12T06:42:58Z
exp3_writer,single,writer,4,measured,10,80,0.026411,831537362.1859643,,,"{""sum_rel_diff"": 0.0, ""log_entries"": 4, ""n_results"": 4, ""user_lock_acquisitions"": 0}",2026-08-12T06:42:58Z
exp3_writer,single,indexed,4,measured,1,81,0.025143,831537362.1859643,,,"{""sum_rel_diff"": 0.0, ""log_entries"": 4, ""n_results"": 4, ""user_lock_acquisitions"": 0}",2026-08-12T06:42:58Z
exp3_writer,single,record,4,measured,11,82,0.026436,831537362.1859643,,,"{""sum_rel_diff"": 0.0, ""log_entries"": 4, ""n_results"": 4, ""user_lock_acquisitions"": 0}",2026-08-12T06:42:58Z
exp3_writer,single,record,4,measured,25,83,0.026384,831537362.1859643,,,"{""sum_rel_diff"": 0.0, ""log_entries"": 4, ""n_results"": 4, ""user_lock_acquisitions"": 0}",2026-08-12T06:42:59Z
exp3_writer,single,lock,4,measured,10,84,0.025520,831537362.1859643,,,"{""sum_rel_diff"": 0.0, ""log_entries"": 4, ""n_results"": 4, ""user_lock_acquisitions"": 4}",2026-08-12T06:42:59Z
exp3_writer,single,writer,4,measured,29,85,0.026290,831537362.1859643,,,"{""sum_rel_diff"": 0.0, ""log_entries"": 4, ""n_results"": 4, ""user_lock_acquisitions"": 0}",2026-08-12T06:42:59Z
exp3_writer,single,lock,4,measured,28,86,0.025343,831537362.1859643,,,"{""sum_rel_diff"": 0.0, ""log_entries"": 4, ""n_results"": 4, ""user_lock_acquisitions"": 4}",2026-08-12T06:42:59Z
exp3_writer,single,indexed,4,measured,3,87,0.025227,831537362.1859643,,,"{""sum_rel_diff"": 0.0, ""log_entries"": 4, ""n_results"": 4, ""user_lock_acquisitions"": 0}",2026-08-12T06:42:59Z
exp3_writer,single,indexed,4,measured,27,88,0.026485,831537362.1859643,,,"{""sum_rel_diff"": 0.0, ""log_entries"": 4, ""n_results"": 4, ""user_lock_acquisitions"": 0}",2026-08-12T06:42:59Z
exp3_writer,single,writer,4,measured,23,89,0.025668,831537362.1859643,,,"{""sum_rel_diff"": 0.0, ""log_entries"": 4, ""n_results"": 4, ""user_lock_acquisitions"": 0}",2026-08-12T06:42:59Z
exp3_writer,single,record,4,measured,10,90,0.026033,831537362.1859643,,,"{""sum_rel_diff"": 0.0, ""log_entries"": 4, ""n_results"": 4, ""user_lock_acquisitions"": 0}",2026-08-12T06:42:59Z
exp3_writer,single,lock,4,measured,23,91,0.025422,831537362.1859643,,,"{""sum_rel_diff"": 0.0, ""log_entries"": 4, ""n_results"": 4, ""user_lock_acquisitions"": 4}",2026-08-12T06:42:59Z
exp3_writer,single,writer,4,measured,5,92,0.025132,831537362.1859643,,,"{""sum_rel_diff"": 0.0, ""log_entries"": 4, ""n_results"": 4, ""user_lock_acquisitions"": 0}",2026-08-12T06:42:59Z
exp3_writer,single,writer,4,measured,16,93,0.025402,831537362.1859643,,,"{""sum_rel_diff"": 0.0, ""log_entries"": 4, ""n_results"": 4, ""user_lock_acquisitions"": 0}",2026-08-12T06:42:59Z
exp3_writer,single,indexed,4,measured,0,94,0.024874,831537362.1859643,,,"{""sum_rel_diff"": 0.0, ""log_entries"": 4, ""n_results"": 4, ""user_lock_acquisitions"": 0}",2026-08-12T06:42:59Z
exp3_writer,single,record,4,measured,16,95,0.026202,831537362.1859643,,,"{""sum_rel_diff"": 0.0, ""log_entries"": 4, ""n_results"": 4, ""user_lock_acquisitions"": 0}",2026-08-12T06:42:59Z
exp3_writer,single,lock,4,measured,20,96,0.026155,831537362.1859643,,,"{""sum_rel_diff"": 0.0, ""log_entries"": 4, ""n_results"": 4, ""user_lock_acquisitions"": 4}",2026-08-12T06:42:59Z
exp3_writer,single,record,4,measured,17,97,0.025793,831537362.1859643,,,"{""sum_rel_diff"": 0.0, ""log_entries"": 4, ""n_results"": 4, ""user_lock_acquisitions"": 0}",2026-08-12T06:42:59Z
exp3_writer,single,indexed,4,measured,13,98,0.025621,831537362.1859643,,,"{""sum_rel_diff"": 0.0, ""log_entries"": 4, ""n_results"": 4, ""user_lock_acquisitions"": 0}",2026-08-12T06:42:59Z
exp3_writer,single,record,4,measured,4,99,0.025092,831537362.1859643,,,"{""sum_rel_diff"": 0.0, ""log_entries"": 4, ""n_results"": 4, ""user_lock_acquisitions"": 0}",2026-08-12T06:42:59Z
exp3_writer,single,lock,4,measured,6,100,0.025474,831537362.1859643,,,"{""sum_rel_diff"": 0.0, ""log_entries"": 4, ""n_results"": 4, ""user_lock_acquisitions"": 4}",2026-08-12T06:42:59Z
exp3_writer,single,writer,4,measured,1,101,0.025955,831537362.1859643,,,"{""sum_rel_diff"": 0.0, ""log_entries"": 4, ""n_results"": 4, ""user_lock_acquisitions"": 0}",2026-08-12T06:42:59Z
exp3_writer,single,indexed,4,measured,26,102,0.025526,831537362.1859643,,,"{""sum_rel_diff"": 0.0, ""log_entries"": 4, ""n_results"": 4, ""user_lock_acquisitions"": 0}",2026-08-12T06:42:59Z
exp3_writer,single,lock,4,measured,24,103,0.026252,831537362.1859643,,,"{""sum_rel_diff"": 0.0, ""log_entries"": 4, ""n_results"": 4, ""user_lock_acquisitions"": 4}",2026-08-12T06:42:59Z
exp3_writer,single,record,4,measured,9,104,0.025476,831537362.1859643,,,"{""sum_rel_diff"": 0.0, ""log_entries"": 4, ""n_results"": 4, ""user_lock_acquisitions"": 0}",2026-08-12T06:42:59Z
exp3_writer,single,indexed,4,measured,23,105,0.025245,831537362.1859643,,,"{""sum_rel_diff"": 0.0, ""log_entries"": 4, ""n_results"": 4, ""user_lock_acquisitions"": 0}",2026-08-12T06:42:59Z
exp3_writer,single,writer,4,measured,8,106,0.028332,831537362.1859643,,,"{""sum_rel_diff"": 0.0, ""log_entries"": 4, ""n_results"": 4, ""user_lock_acquisitions"": 0}",2026-08-12T06:42:59Z
exp3_writer,single,record,4,measured,8,107,0.026162,831537362.1859643,,,"{""sum_rel_diff"": 0.0, ""log_entries"": 4, ""n_results"": 4, ""user_lock_acquisitions"": 0}",2026-08-12T06:42:59Z
exp3_writer,single,record,4,measured,1,108,0.025357,831537362.1859643,,,"{""sum_rel_diff"": 0.0, ""log_entries"": 4, ""n_results"": 4, ""user_lock_acquisitions"": 0}",2026-08-12T06:42:59Z
exp3_writer,single,record,4,measured,29,109,0.025976,831537362.1859643,,,"{""sum_rel_diff"": 0.0, ""log_entries"": 4, ""n_results"": 4, ""user_lock_acquisitions"": 0}",2026-08-12T06:42:59Z
exp3_writer,single,writer,4,measured,4,110,0.025508,831537362.1859643,,,"{""sum_rel_diff"": 0.0, ""log_entries"": 4, ""n_results"": 4, ""user_lock_acquisitions"": 0}",2026-08-12T06:42:59Z
exp3_writer,single,indexed,4,measured,24,111,0.026667,831537362.1859643,,,"{""sum_rel_diff"": 0.0, ""log_entries"": 4, ""n_results"": 4, ""user_lock_acquisitions"": 0}",2026-08-12T06:42:59Z
exp3_writer,single,writer,4,measured,9,112,0.026114,831537362.1859643,,,"{""sum_rel_diff"": 0.0, ""log_entries"": 4, ""n_results"": 4, ""user_lock_acquisitions"": 0}",2026-08-12T06:42:59Z
exp3_writer,single,indexed,4,measured,16,113,0.025589,831537362.1859643,,,"{""sum_rel_diff"": 0.0, ""log_entries"": 4, ""n_results"": 4, ""user_lock_acquisitions"": 0}",2026-08-12T06:42:59Z
exp3_writer,single,record,4,measured,13,114,0.025786,831537362.1859643,,,"{""sum_rel_diff"": 0.0, ""log_entries"": 4, ""n_results"": 4, ""user_lock_acquisitions"": 0}",2026-08-12T06:42:59Z
exp3_writer,single,writer,4,measured,26,115,0.025516,831537362.1859643,,,"{""sum_rel_diff"": 0.0, ""log_entries"": 4, ""n_results"": 4, ""user_lock_acquisitions"": 0}",2026-08-12T06:42:59Z
exp3_writer,single,lock,4,measured,19,116,0.025159,831537362.1859643,,,"{""sum_rel_diff"": 0.0, ""log_entries"": 4, ""n_results"": 4, ""user_lock_acquisitions"": 4}",2026-08-12T06:42:59Z
exp3_writer,single,writer,4,measured,25,117,0.025749,831537362.1859643,,,"{""sum_rel_diff"": 0.0, ""log_entries"": 4, ""n_results"": 4, ""user_lock_acquisitions"": 0}",2026-08-12T06:42:59Z
exp3_writer,single,indexed,4,measured,9,118,0.025224,831537362.1859643,,,"{""sum_rel_diff"": 0.0, ""log_entries"": 4, ""n_results"": 4, ""user_lock_acquisitions"": 0}",2026-08-12T06:42:59Z
exp3_writer,single,lock,4,measured,3,119,0.025633,831537362.1859643,,,"{""sum_rel_diff"": 0.0, ""log_entries"": 4, ""n_results"": 4, ""user_lock_acquisitions"": 4}",2026-08-12T06:42:59Z
exp3_writer,single,lock,4,measured,16,120,0.025996,831537362.1859643,,,"{""sum_rel_diff"": 0.0, ""log_entries"": 4, ""n_results"": 4, ""user_lock_acquisitions"": 4}",2026-08-12T06:42:59Z
exp3_writer,single,writer,4,measured,6,121,0.025460,831537362.1859643,,,"{""sum_rel_diff"": 0.0, ""log_entries"": 4, ""n_results"": 4, ""user_lock_acquisitions"": 0}",2026-08-12T06:43:00Z
exp3_writer,single,record,4,measured,27,122,0.025827,831537362.1859643,,,"{""sum_rel_diff"": 0.0, ""log_entries"": 4, ""n_results"": 4, ""user_lock_acquisitions"": 0}",2026-08-12T06:43:00Z
exp3_writer,single,writer,4,measured,18,123,0.025261,831537362.1859643,,,"{""sum_rel_diff"": 0.0, ""log_entries"": 4, ""n_results"": 4, ""user_lock_acquisitions"": 0}",2026-08-12T06:43:00Z
exp3_writer,single,lock,4,measured,8,124,0.024921,831537362.1859643,,,"{""sum_rel_diff"": 0.0, ""log_entries"": 4, ""n_results"": 4, ""user_lock_acquisitions"": 4}",2026-08-12T06:43:00Z
exp3_writer,single,indexed,4,measured,14,125,0.025950,831537362.1859643,,,"{""sum_rel_diff"": 0.0, ""log_entries"": 4, ""n_results"": 4, ""user_lock_acquisitions"": 0}",2026-08-12T06:43:00Z
exp3_writer,single,lock,4,measured,5,126,0.025231,831537362.1859643,,,"{""sum_rel_diff"": 0.0, ""log_entries"": 4, ""n_results"": 4, ""user_lock_acquisitions"": 4}",2026-08-12T06:43:00Z
exp3_writer,single,lock,4,measured,22,127,0.026057,831537362.1859643,,,"{""sum_rel_diff"": 0.0, ""log_entries"": 4, ""n_results"": 4, ""user_lock_acquisitions"": 4}",2026-08-12T06:43:00Z
exp3_writer,single,indexed,4,measured,17,128,0.025118,831537362.1859643,,,"{""sum_rel_diff"": 0.0, ""log_entries"": 4, ""n_results"": 4, ""user_lock_acquisitions"": 0}",2026-08-12T06:43:00Z
exp3_writer,single,writer,4,measured,27,129,0.026124,831537362.1859643,,,"{""sum_rel_diff"": 0.0, ""log_entries"": 4, ""n_results"": 4, ""user_lock_acquisitions"": 0}",2026-08-12T06:43:00Z
exp3_writer,single,lock,4,measured,26,130,0.025304,831537362.1859643,,,"{""sum_rel_diff"": 0.0, ""log_entries"": 4, ""n_results"": 4, ""user_lock_acquisitions"": 4}",2026-08-12T06:43:00Z
exp3_writer,single,record,4,measured,23,131,0.024762,831537362.1859643,,,"{""sum_rel_diff"": 0.0, ""log_entries"": 4, ""n_results"": 4, ""user_lock_acquisitions"": 0}",2026-08-12T06:43:00Z
exp3_writer,single,writer,6,warmup,0,0,0.020883,831537362.1859643,,,"{""sum_rel_diff"": 0.0, ""log_entries"": 6, ""n_results"": 6, ""user_lock_acquisitions"": 0}",2026-08-12T06:43:00Z
exp3_writer,single,record,6,warmup,1,1,0.017830,831537362.1859643,,,"{""sum_rel_diff"": 0.0, ""log_entries"": 6, ""n_results"": 6, ""user_lock_acquisitions"": 0}",2026-08-12T06:43:00Z
exp3_writer,single,record,6,warmup,2,2,0.018012,831537362.1859643,,,"{""sum_rel_diff"": 0.0, ""log_entries"": 6, ""n_results"": 6, ""user_lock_acquisitions"": 0}",2026-08-12T06:43:00Z
exp3_writer,single,lock,6,warmup,2,3,0.018220,831537362.1859643,,,"{""sum_rel_diff"": 0.0, ""log_entries"": 6, ""n_results"": 6, ""user_lock_acquisitions"": 6}",2026-08-12T06:43:00Z
exp3_writer,single,record,6,warmup,0,4,0.017630,831537362.1859643,,,"{""sum_rel_diff"": 0.0, ""log_entries"": 6, ""n_results"": 6, ""user_lock_acquisitions"": 0}",2026-08-12T06:43:00Z
exp3_writer,single,writer,6,warmup,1,5,0.017936,831537362.1859643,,,"{""sum_rel_diff"": 0.0, ""log_entries"": 6, ""n_results"": 6, ""user_lock_acquisitions"": 0}",2026-08-12T06:43:00Z
exp3_writer,single,lock,6,warmup,1,6,0.018792,831537362.1859643,,,"{""sum_rel_diff"": 0.0, ""log_entries"": 6, ""n_results"": 6, ""user_lock_acquisitions"": 6}",2026-08-12T06:43:00Z
exp3_writer,single,indexed,6,warmup,0,7,0.018375,831537362.1859643,,,"{""sum_rel_diff"": 0.0, ""log_entries"": 6, ""n_results"": 6, ""user_lock_acquisitions"": 0}",2026-08-12T06:43:00Z
exp3_writer,single,indexed,6,warmup,1,8,0.018252,831537362.1859643,,,"{""sum_rel_diff"": 0.0, ""log_entries"": 6, ""n_results"": 6, ""user_lock_acquisitions"": 0}",2026-08-12T06:43:00Z
exp3_writer,single,lock,6,warmup,0,9,0.018560,831537362.1859643,,,"{""sum_rel_diff"": 0.0, ""log_entries"": 6, ""n_results"": 6, ""user_lock_acquisitions"": 6}",2026-08-12T06:43:00Z
exp3_writer,single,writer,6,warmup,2,10,0.017806,831537362.1859643,,,"{""sum_rel_diff"": 0.0, ""log_entries"": 6, ""n_results"": 6, ""user_lock_acquisitions"": 0}",2026-08-12T06:43:00Z
exp3_writer,single,indexed,6,warmup,2,11,0.018592,831537362.1859643,,,"{""sum_rel_diff"": 0.0, ""log_entries"": 6, ""n_results"": 6, ""user_lock_acquisitions"": 0}",2026-08-12T06:43:00Z
exp3_writer,single,record,6,measured,11,12,0.017701,831537362.1859643,,,"{""sum_rel_diff"": 0.0, ""log_entries"": 6, ""n_results"": 6, ""user_lock_acquisitions"": 0}",2026-08-12T06:43:00Z
exp3_writer,single,writer,6,measured,20,13,0.018693,831537362.1859643,,,"{""sum_rel_diff"": 0.0, ""log_entries"": 6, ""n_results"": 6, ""user_lock_acquisitions"": 0}",2026-08-12T06:43:00Z
exp3_writer,single,writer,6,measured,18,14,0.018217,831537362.1859643,,,"{""sum_rel_diff"": 0.0, ""log_entries"": 6, ""n_results"": 6, ""user_lock_acquisitions"": 0}",2026-08-12T06:43:00Z
exp3_writer,single,writer,6,measured,0,15,0.017855,831537362.1859643,,,"{""sum_rel_diff"": 0.0, ""log_entries"": 6, ""n_results"": 6, ""user_lock_acquisitions"": 0}",2026-08-12T06:43:00Z
exp3_writer,single,lock,6,measured,12,16,0.019455,831537362.1859643,,,"{""sum_rel_diff"": 0.0, ""log_entries"": 6, ""n_results"": 6, ""user_lock_acquisitions"": 6}",2026-08-12T06:43:00Z
exp3_writer,single,writer,6,measured,10,17,0.017721,831537362.1859643,,,"{""sum_rel_diff"": 0.0, ""log_entries"": 6, ""n_results"": 6, ""user_lock_acquisitions"": 0}",2026-08-12T06:43:00Z
exp3_writer,single,indexed,6,measured,12,18,0.017893,831537362.1859643,,,"{""sum_rel_diff"": 0.0, ""log_entries"": 6, ""n_results"": 6, ""user_lock_acquisitions"": 0}",2026-08-12T06:43:00Z
exp3_writer,single,writer,6,measured,28,19,0.016991,831537362.1859643,,,"{""sum_rel_diff"": 0.0, ""log_entries"": 6, ""n_results"": 6, ""user_lock_acquisitions"": 0}",2026-08-12T06:43:00Z
exp3_writer,single,indexed,6,measured,22,20,0.017918,831537362.1859643,,,"{""sum_rel_diff"": 0.0, ""log_entries"": 6, ""n_results"": 6, ""user_lock_acquisitions"": 0}",2026-08-12T06:43:00Z
exp3_writer,single,writer,6,measured,15,21,0.018795,831537362.1859643,,,"{""sum_rel_diff"": 0.0, ""log_entries"": 6, ""n_results"": 6, ""user_lock_acquisitions"": 0}",2026-08-12T06:43:00Z
exp3_writer,single,lock,6,measured,14,22,0.017828,831537362.1859643,,,"{""sum_rel_diff"": 0.0, ""log_entries"": 6, ""n_results"": 6, ""user_lock_acquisitions"": 6}",2026-08-12T06:43:00Z
exp3_writer,single,indexed,6,measured,6,23,0.017991,831537362.1859643,,,"{""sum_rel_diff"": 0.0, ""log_entries"": 6, ""n_results"": 6, ""user_lock_acquisitions"": 0}",2026-08-12T06:43:00Z
exp3_writer,single,lock,6,measured,5,24,0.018188,831537362.1859643,,,"{""sum_rel_diff"": 0.0, ""log_entries"": 6, ""n_results"": 6, ""user_lock_acquisitions"": 6}",2026-08-12T06:43:00Z
exp3_writer,single,indexed,6,measured,5,25,0.018831,831537362.1859643,,,"{""sum_rel_diff"": 0.0, ""log_entries"": 6, ""n_results"": 6, ""user_lock_acquisitions"": 0}",2026-08-12T06:43:00Z
exp3_writer,single,lock,6,measured,22,26,0.018278,831537362.1859643,,,"{""sum_rel_diff"": 0.0, ""log_entries"": 6, ""n_results"": 6, ""user_lock_acquisitions"": 6}",2026-08-12T06:43:00Z
exp3_writer,single,writer,6,measured,19,27,0.017922,831537362.1859643,,,"{""sum_rel_diff"": 0.0, ""log_entries"": 6, ""n_results"": 6, ""user_lock_acquisitions"": 0}",2026-08-12T06:43:00Z
exp3_writer,single,record,6,measured,3,28,0.018021,831537362.1859643,,,"{""sum_rel_diff"": 0.0, ""log_entries"": 6, ""n_results"": 6, ""user_lock_acquisitions"": 0}",2026-08-12T06:43:00Z
exp3_writer,single,writer,6,measured,29,29,0.017579,831537362.1859643,,,"{""sum_rel_diff"": 0.0, ""log_entries"": 6, ""n_results"": 6, ""user_lock_acquisitions"": 0}",2026-08-12T06:43:00Z
exp3_writer,single,lock,6,measured,10,30,0.018259,831537362.1859643,,,"{""sum_rel_diff"": 0.0, ""log_entries"": 6, ""n_results"": 6, ""user_lock_acquisitions"": 6}",2026-08-12T06:43:00Z
exp3_writer,single,indexed,6,measured,24,31,0.019325,831537362.1859643,,,"{""sum_rel_diff"": 0.0, ""log_entries"": 6, ""n_results"": 6, ""user_lock_acquisitions"": 0}",2026-08-12T06:43:00Z
exp3_writer,single,indexed,6,measured,11,32,0.018024,831537362.1859643,,,"{""sum_rel_diff"": 0.0, ""log_entries"": 6, ""n_results"": 6, ""user_lock_acquisitions"": 0}",2026-08-12T06:43:00Z
exp3_writer,single,record,6,measured,15,33,0.018314,831537362.1859643,,,"{""sum_rel_diff"": 0.0, ""log_entries"": 6, ""n_results"": 6, ""user_lock_acquisitions"": 0}",2026-08-12T06:43:00Z
exp3_writer,single,indexed,6,measured,21,34,0.018291,831537362.1859643,,,"{""sum_rel_diff"": 0.0, ""log_entries"": 6, ""n_results"": 6, ""user_lock_acquisitions"": 0}",2026-08-12T06:43:00Z
exp3_writer,single,writer,6,measured,5,35,0.017893,831537362.1859643,,,"{""sum_rel_diff"": 0.0, ""log_entries"": 6, ""n_results"": 6, ""user_lock_acquisitions"": 0}",2026-08-12T06:43:00Z
exp3_writer,single,indexed,6,measured,28,36,0.017864,831537362.1859643,,,"{""sum_rel_diff"": 0.0, ""log_entries"": 6, ""n_results"": 6, ""user_lock_acquisitions"": 0}",2026-08-12T06:43:00Z
exp3_writer,single,writer,6,measured,6,37,0.017622,831537362.1859643,,,"{""sum_rel_diff"": 0.0, ""log_entries"": 6, ""n_results"": 6, ""user_lock_acquisitions"": 0}",2026-08-12T06:43:00Z
exp3_writer,single,writer,6,measured,14,38,0.018624,831537362.1859643,,,"{""sum_rel_diff"": 0.0, ""log_entries"": 6, ""n_results"": 6, ""user_lock_acquisitions"": 0}",2026-08-12T06:43:00Z
exp3_writer,single,indexed,6,measured,10,39,0.017818,831537362.1859643,,,"{""sum_rel_diff"": 0.0, ""log_entries"": 6, ""n_results"": 6, ""user_lock_acquisitions"": 0}",2026-08-12T06:43:01Z
exp3_writer,single,indexed,6,measured,17,40,0.018793,831537362.1859643,,,"{""sum_rel_diff"": 0.0, ""log_entries"": 6, ""n_results"": 6, ""user_lock_acquisitions"": 0}",2026-08-12T06:43:01Z
exp3_writer,single,record,6,measured,26,41,0.019360,831537362.1859643,,,"{""sum_rel_diff"": 0.0, ""log_entries"": 6, ""n_results"": 6, ""user_lock_acquisitions"": 0}",2026-08-12T06:43:01Z
exp3_writer,single,record,6,measured,17,42,0.017742,831537362.1859643,,,"{""sum_rel_diff"": 0.0, ""log_entries"": 6, ""n_results"": 6, ""user_lock_acquisitions"": 0}",2026-08-12T06:43:01Z
exp3_writer,single,indexed,6,measured,29,43,0.017913,831537362.1859643,,,"{""sum_rel_diff"": 0.0, ""log_entries"": 6, ""n_results"": 6, ""user_lock_acquisitions"": 0}",2026-08-12T06:43:01Z
exp3_writer,single,writer,6,measured,7,44,0.017566,831537362.1859643,,,"{""sum_rel_diff"": 0.0, ""log_entries"": 6, ""n_results"": 6, ""user_lock_acquisitions"": 0}",2026-08-12T06:43:01Z
exp3_writer,single,record,6,measured,0,45,0.018162,831537362.1859643,,,"{""sum_rel_diff"": 0.0, ""log_entries"": 6, ""n_results"": 6, ""user_lock_acquisitions"": 0}",2026-08-12T06:43:01Z
exp3_writer,single,record,6,measured,2,46,0.018780,831537362.1859643,,,"{""sum_rel_diff"": 0.0, ""log_entries"": 6, ""n_results"": 6, ""user_lock_acquisitions"": 0}",2026-08-12T06:43:01Z
exp3_writer,single,indexed,6,measured,20,47,0.017984,831537362.1859643,,,"{""sum_rel_diff"": 0.0, ""log_entries"": 6, ""n_results"": 6, ""user_lock_acquisitions"": 0}",2026-08-12T06:43:01Z
exp3_writer,single,lock,6,measured,15,48,0.018381,831537362.1859643,,,"{""sum_rel_diff"": 0.0, ""log_entries"": 6, ""n_results"": 6, ""user_lock_acquisitions"": 6}",2026-08-12T06:43:01Z
exp3_writer,single,lock,6,measured,11,49,0.017875,831537362.1859643,,,"{""sum_rel_diff"": 0.0, ""log_entries"": 6, ""n_results"": 6, ""user_lock_acquisitions"": 6}",2026-08-12T06:43:01Z
exp3_writer,single,indexed,6,measured,18,50,0.018088,831537362.1859643,,,"{""sum_rel_diff"": 0.0, ""log_entries"": 6, ""n_results"": 6, ""user_lock_acquisitions"": 0}",2026-08-12T06:43:01Z
exp3_writer,single,lock,6,measured,27,51,0.019239,831537362.1859643,,,"{""sum_rel_diff"": 0.0, ""log_entries"": 6, ""n_results"": 6, ""user_lock_acquisitions"": 6}",2026-08-12T06:43:01Z
exp3_writer,single,writer,6,measured,13,52,0.018333,831537362.1859643,,,"{""sum_rel_diff"": 0.0, ""log_entries"": 6, ""n_results"": 6, ""user_lock_acquisitions"": 0}",2026-08-12T06:43:01Z
exp3_writer,single,lock,6,measured,3,53,0.018239,831537362.1859643,,,"{""sum_rel_diff"": 0.0, ""log_entries"": 6, ""n_results"": 6, ""user_lock_acquisitions"": 6}",2026-08-12T06:43:01Z
exp3_writer,single,lock,6,measured,21,54,0.018318,831537362.1859643,,,"{""sum_rel_diff"": 0.0, ""log_entries"": 6, ""n_results"": 6, ""user_lock_acquisitions"": 6}",2026-08-12T06:43:01Z
exp3_writer,single,indexed,6,measured,13,55,0.017687,831537362.1859643,,,"{""sum_rel_diff"": 0.0, ""log_entries"": 6, ""n_results"": 6, ""user_lock_acquisitions"": 0}",2026-08-12T06:43:01Z
exp3_writer,single,lock,6,measured,17,56,0.017877,831537362.1859643,,,"{""sum_rel_diff"": 0.0, ""log_entries"": 6, ""n_results"": 6, ""user_lock_acquisitions"": 6}",2026-08-12T06:43:01Z
exp3_writer,single,lock,6,measured,7,57,0.018300,831537362.1859643,,,"{""sum_rel_diff"": 0.0, ""log_entries"": 6, ""n_results"": 6, ""user_lock_acquisitions"": 6}",2026-08-12T06:43:01Z
exp3_writer,single,writer,6,measured,9,58,0.017229,831537362.1859643,,,"{""sum_rel_diff"": 0.0, ""log_entries"": 6, ""n_results"": 6, ""user_lock_acquisitions"": 0}",2026-08-12T06:43:01Z
exp3_writer,single,indexed,6,measured,2,59,0.018037,831537362.1859643,,,"{""sum_rel_diff"": 0.0, ""log_entries"": 6, ""n_results"": 6, ""user_lock_acquisitions"": 0}",2026-08-12T06:43:01Z
exp3_writer,single,writer,6,measured,12,60,0.018571,831537362.1859643,,,"{""sum_rel_diff"": 0.0, ""log_entries"": 6, ""n_results"": 6, ""user_lock_acquisitions"": 0}",2026-08-12T06:43:01Z
exp3_writer,single,record,6,measured,29,61,0.018343,831537362.1859643,,,"{""sum_rel_diff"": 0.0, ""log_entries"": 6, ""n_results"": 6, ""user_lock_acquisitions"": 0}",2026-08-12T06:43:01Z
exp3_writer,single,record,6,measured,24,62,0.018580,831537362.1859643,,,"{""sum_rel_diff"": 0.0, ""log_entries"": 6, ""n_results"": 6, ""user_lock_acquisitions"": 0}",2026-08-12T06:43:01Z
exp3_writer,single,record,6,measured,13,63,0.018889,831537362.1859643,,,"{""sum_rel_diff"": 0.0, ""log_entries"": 6, ""n_results"": 6, ""user_lock_acquisitions"": 0}",2026-08-12T06:43:01Z
exp3_writer,single,indexed,6,measured,16,64,0.017854,831537362.1859643,,,"{""sum_rel_diff"": 0.0, ""log_entries"": 6, ""n_results"": 6, ""user_lock_acquisitions"": 0}",2026-08-12T06:43:01Z
exp3_writer,single,lock,6,measured,25,65,0.019300,831537362.1859643,,,"{""sum_rel_diff"": 0.0, ""log_entries"": 6, ""n_results"": 6, ""user_lock_acquisitions"": 6}",2026-08-12T06:43:01Z
exp3_writer,single,record,6,measured,1,66,0.018879,831537362.1859643,,,"{""sum_rel_diff"": 0.0, ""log_entries"": 6, ""n_results"": 6, ""user_lock_acquisitions"": 0}",2026-08-12T06:43:01Z
exp3_writer,single,lock,6,measured,23,67,0.017486,831537362.1859643,,,"{""sum_rel_diff"": 0.0, ""log_entries"": 6, ""n_results"": 6, ""user_lock_acquisitions"": 6}",2026-08-12T06:43:01Z
exp3_writer,single,indexed,6,measured,1,68,0.017761,831537362.1859643,,,"{""sum_rel_diff"": 0.0, ""log_entries"": 6, ""n_results"": 6, ""user_lock_acquisitions"": 0}",2026-08-12T06:43:01Z
exp3_writer,single,writer,6,measured,2,69,0.017980,831537362.1859643,,,"{""sum_rel_diff"": 0.0, ""log_entries"": 6, ""n_results"": 6, ""user_lock_acquisitions"": 0}",2026-08-12T06:43:01Z
exp3_writer,single,indexed,6,measured,23,70,0.018602,831537362.1859643,,,"{""sum_rel_diff"": 0.0, ""log_entries"": 6, ""n_results"": 6, ""user_lock_acquisitions"": 0}",2026-08-12T06:43:01Z
exp3_writer,single,indexed,6,measured,19,71,0.019024,831537362.1859643,,,"{""sum_rel_diff"": 0.0, ""log_entries"": 6, ""n_results"": 6, ""user_lock_acquisitions"": 0}",2026-08-12T06:43:01Z
exp3_writer,single,record,6,measured,7,72,0.017972,831537362.1859643,,,"{""sum_rel_diff"": 0.0, ""log_entries"": 6, ""n_results"": 6, ""user_lock_acquisitions"": 0}",2026-08-12T06:43:01Z
exp3_writer,single,indexed,6,measured,14,73,0.017936,831537362.1859643,,,"{""sum_rel_diff"": 0.0, ""log_entries"": 6, ""n_results"": 6, ""user_lock_acquisitions"": 0}",2026-08-12T06:43:01Z
exp3_writer,single,writer,6,measured,24,74,0.018164,831537362.1859643,,,"{""sum_rel_diff"": 0.0, ""log_entries"": 6, ""n_results"": 6, ""user_lock_acquisitions"": 0}",2026-08-12T06:43:01Z
exp3_writer,single,lock,6,measured,13,75,0.018333,831537362.1859643,,,"{""sum_rel_diff"": 0.0, ""log_entries"": 6, ""n_results"": 6, ""user_lock_acquisitions"": 6}",2026-08-12T06:43:01Z
exp3_writer,single,writer,6,measured,25,76,0.018870,831537362.1859643,,,"{""sum_rel_diff"": 0.0, ""log_entries"": 6, ""n_results"": 6, ""user_lock_acquisitions"": 0}",2026-08-12T06:43:01Z
exp3_writer,single,lock,6,measured,16,77,0.018042,831537362.1859643,,,"{""sum_rel_diff"": 0.0, ""log_entries"": 6, ""n_results"": 6, ""user_lock_acquisitions"": 6}",2026-08-12T06:43:01Z
exp3_writer,single,indexed,6,measured,25,78,0.018331,831537362.1859643,,,"{""sum_rel_diff"": 0.0, ""log_entries"": 6, ""n_results"": 6, ""user_lock_acquisitions"": 0}",2026-08-12T06:43:01Z
exp3_writer,single,lock,6,measured,6,79,0.018098,831537362.1859643,,,"{""sum_rel_diff"": 0.0, ""log_entries"": 6, ""n_results"": 6, ""user_lock_acquisitions"": 6}",2026-08-12T06:43:01Z
exp3_writer,single,writer,6,measured,11,80,0.017626,831537362.1859643,,,"{""sum_rel_diff"": 0.0, ""log_entries"": 6, ""n_results"": 6, ""user_lock_acquisitions"": 0}",2026-08-12T06:43:01Z
exp3_writer,single,record,6,measured,6,81,0.017955,831537362.1859643,,,"{""sum_rel_diff"": 0.0, ""log_entries"": 6, ""n_results"": 6, ""user_lock_acquisitions"": 0}",2026-08-12T06:43:01Z
exp3_writer,single,record,6,measured,8,82,0.017762,831537362.1859643,,,"{""sum_rel_diff"": 0.0, ""log_entries"": 6, ""n_results"": 6, ""user_lock_acquisitions"": 0}",2026-08-12T06:43:01Z
exp3_writer,single,writer,6,measured,23,83,0.017935,831537362.1859643,,,"{""sum_rel_diff"": 0.0, ""log_entries"": 6, ""n_results"": 6, ""user_lock_acquisitions"": 0}",2026-08-12T06:43:01Z
exp3_writer,single,lock,6,measured,24,84,0.017992,831537362.1859643,,,"{""sum_rel_diff"": 0.0, ""log_entries"": 6, ""n_results"": 6, ""user_lock_acquisitions"": 6}",2026-08-12T06:43:01Z
exp3_writer,single,lock,6,measured,28,85,0.018276,831537362.1859643,,,"{""sum_rel_diff"": 0.0, ""log_entries"": 6, ""n_results"": 6, ""user_lock_acquisitions"": 6}",2026-08-12T06:43:01Z
exp3_writer,single,lock,6,measured,29,86,0.018140,831537362.1859643,,,"{""sum_rel_diff"": 0.0, ""log_entries"": 6, ""n_results"": 6, ""user_lock_acquisitions"": 6}",2026-08-12T06:43:01Z
exp3_writer,single,indexed,6,measured,15,87,0.017747,831537362.1859643,,,"{""sum_rel_diff"": 0.0, ""log_entries"": 6, ""n_results"": 6, ""user_lock_acquisitions"": 0}",2026-08-12T06:43:01Z
exp3_writer,single,record,6,measured,16,88,0.017727,831537362.1859643,,,"{""sum_rel_diff"": 0.0, ""log_entries"": 6, ""n_results"": 6, ""user_lock_acquisitions"": 0}",2026-08-12T06:43:01Z
exp3_writer,single,lock,6,measured,18,89,0.018199,831537362.1859643,,,"{""sum_rel_diff"": 0.0, ""log_entries"": 6, ""n_results"": 6, ""user_lock_acquisitions"": 6}",2026-08-12T06:43:01Z
exp3_writer,single,record,6,measured,10,90,0.018176,831537362.1859643,,,"{""sum_rel_diff"": 0.0, ""log_entries"": 6, ""n_results"": 6, ""user_lock_acquisitions"": 0}",2026-08-12T06:43:01Z
exp3_writer,single,record,6,measured,22,91,0.018395,831537362.1859643,,,"{""sum_rel_diff"": 0.0, ""log_entries"": 6, ""n_results"": 6, ""user_lock_acquisitions"": 0}",2026-08-12T06:43:01Z
exp3_writer,single,record,6,measured,18,92,0.018255,831537362.1859643,,,"{""sum_rel_diff"": 0.0, ""log_entries"": 6, ""n_results"": 6, ""user_lock_acquisitions"": 0}",2026-08-12T06:43:01Z
exp3_writer,single,indexed,6,measured,7,93,0.018708,831537362.1859643,,,"{""sum_rel_diff"": 0.0, ""log_entries"": 6, ""n_results"": 6, ""user_lock_acquisitions"": 0}",2026-08-12T06:43:01Z
exp3_writer,single,writer,6,measured,3,94,0.018578,831537362.1859643,,,"{""sum_rel_diff"": 0.0, ""log_entries"": 6, ""n_results"": 6, ""user_lock_acquisitions"": 0}",2026-08-12T06:43:02Z
exp3_writer,single,writer,6,measured,27,95,0.018066,831537362.1859643,,,"{""sum_rel_diff"": 0.0, ""log_entries"": 6, ""n_results"": 6, ""user_lock_acquisitions"": 0}",2026-08-12T06:43:02Z
exp3_writer,single,lock,6,measured,4,96,0.018825,831537362.1859643,,,"{""sum_rel_diff"": 0.0, ""log_entries"": 6, ""n_results"": 6, ""user_lock_acquisitions"": 6}",2026-08-12T06:43:02Z
exp3_writer,single,record,6,measured,14,97,0.017646,831537362.1859643,,,"{""sum_rel_diff"": 0.0, ""log_entries"": 6, ""n_results"": 6, ""user_lock_acquisitions"": 0}",2026-08-12T06:43:02Z
exp3_writer,single,record,6,measured,21,98,0.018322,831537362.1859643,,,"{""sum_rel_diff"": 0.0, ""log_entries"": 6, ""n_results"": 6, ""user_lock_acquisitions"": 0}",2026-08-12T06:43:02Z
exp3_writer,single,record,6,measured,28,99,0.017775,831537362.1859643,,,"{""sum_rel_diff"": 0.0, ""log_entries"": 6, ""n_results"": 6, ""user_lock_acquisitions"": 0}",2026-08-12T06:43:02Z
exp3_writer,single,lock,6,measured,8,100,0.017557,831537362.1859643,,,"{""sum_rel_diff"": 0.0, ""log_entries"": 6, ""n_results"": 6, ""user_lock_acquisitions"": 6}",2026-08-12T06:43:02Z
exp3_writer,single,writer,6,measured,21,101,0.019088,831537362.1859643,,,"{""sum_rel_diff"": 0.0, ""log_entries"": 6, ""n_results"": 6, ""user_lock_acquisitions"": 0}",2026-08-12T06:43:02Z
exp3_writer,single,record,6,measured,19,102,0.018422,831537362.1859643,,,"{""sum_rel_diff"": 0.0, ""log_entries"": 6, ""n_results"": 6, ""user_lock_acquisitions"": 0}",2026-08-12T06:43:02Z
exp3_writer,single,indexed,6,measured,8,103,0.018067,831537362.1859643,,,"{""sum_rel_diff"": 0.0, ""log_entries"": 6, ""n_results"": 6, ""user_lock_acquisitions"": 0}",2026-08-12T06:43:02Z
exp3_writer,single,indexed,6,measured,27,104,0.018140,831537362.1859643,,,"{""sum_rel_diff"": 0.0, ""log_entries"": 6, ""n_results"": 6, ""user_lock_acquisitions"": 0}",2026-08-12T06:43:02Z
exp3_writer,single,writer,6,measured,22,105,0.018720,831537362.1859643,,,"{""sum_rel_diff"": 0.0, ""log_entries"": 6, ""n_results"": 6, ""user_lock_acquisitions"": 0}",2026-08-12T06:43:02Z
exp3_writer,single,record,6,measured,9,106,0.018610,831537362.1859643,,,"{""sum_rel_diff"": 0.0, ""log_entries"": 6, ""n_results"": 6, ""user_lock_acquisitions"": 0}",2026-08-12T06:43:02Z
exp3_writer,single,lock,6,measured,2,107,0.018233,831537362.1859643,,,"{""sum_rel_diff"": 0.0, ""log_entries"": 6, ""n_results"": 6, ""user_lock_acquisitions"": 6}",2026-08-12T06:43:02Z
exp3_writer,single,record,6,measured,5,108,0.017989,831537362.1859643,,,"{""sum_rel_diff"": 0.0, ""log_entries"": 6, ""n_results"": 6, ""user_lock_acquisitions"": 0}",2026-08-12T06:43:02Z
exp3_writer,single,indexed,6,measured,9,109,0.018159,831537362.1859643,,,"{""sum_rel_diff"": 0.0, ""log_entries"": 6, ""n_results"": 6, ""user_lock_acquisitions"": 0}",2026-08-12T06:43:02Z
exp3_writer,single,indexed,6,measured,0,110,0.017950,831537362.1859643,,,"{""sum_rel_diff"": 0.0, ""log_entries"": 6, ""n_results"": 6, ""user_lock_acquisitions"": 0}",2026-08-12T06:43:02Z
exp3_writer,single,record,6,measured,20,111,0.018274,831537362.1859643,,,"{""sum_rel_diff"": 0.0, ""log_entries"": 6, ""n_results"": 6, ""user_lock_acquisitions"": 0}",2026-08-12T06:43:02Z
exp3_writer,single,record,6,measured,12,112,0.017852,831537362.1859643,,,"{""sum_rel_diff"": 0.0, ""log_entries"": 6, ""n_results"": 6, ""user_lock_acquisitions"": 0}",2026-08-12T06:43:02Z
exp3_writer,single,writer,6,measured,4,113,0.017907,831537362.1859643,,,"{""sum_rel_diff"": 0.0, ""log_entries"": 6, ""n_results"": 6, ""user_lock_acquisitions"": 0}",2026-08-12T06:43:02Z
exp3_writer,single,lock,6,measured,9,114,0.018064,831537362.1859643,,,"{""sum_rel_diff"": 0.0, ""log_entries"": 6, ""n_results"": 6, ""user_lock_acquisitions"": 6}",2026-08-12T06:43:02Z
exp3_writer,single,lock,6,measured,26,115,0.018573,831537362.1859643,,,"{""sum_rel_diff"": 0.0, ""log_entries"": 6, ""n_results"": 6, ""user_lock_acquisitions"": 6}",2026-08-12T06:43:02Z
exp3_writer,single,lock,6,measured,0,116,0.018696,831537362.1859643,,,"{""sum_rel_diff"": 0.0, ""log_entries"": 6, ""n_results"": 6, ""user_lock_acquisitions"": 6}",2026-08-12T06:43:02Z
exp3_writer,single,writer,6,measured,8,117,0.018514,831537362.1859643,,,"{""sum_rel_diff"": 0.0, ""log_entries"": 6, ""n_results"": 6, ""user_lock_acquisitions"": 0}",2026-08-12T06:43:02Z
exp3_writer,single,indexed,6,measured,4,118,0.018046,831537362.1859643,,,"{""sum_rel_diff"": 0.0, ""log_entries"": 6, ""n_results"": 6, ""user_lock_acquisitions"": 0}",2026-08-12T06:43:02Z
exp3_writer,single,record,6,measured,4,119,0.018052,831537362.1859643,,,"{""sum_rel_diff"": 0.0, ""log_entries"": 6, ""n_results"": 6, ""user_lock_acquisitions"": 0}",2026-08-12T06:43:02Z
exp3_writer,single,indexed,6,measured,26,120,0.017724,831537362.1859643,,,"{""sum_rel_diff"": 0.0, ""log_entries"": 6, ""n_results"": 6, ""user_lock_acquisitions"": 0}",2026-08-12T06:43:02Z
exp3_writer,single,writer,6,measured,17,121,0.018569,831537362.1859643,,,"{""sum_rel_diff"": 0.0, ""log_entries"": 6, ""n_results"": 6, ""user_lock_acquisitions"": 0}",2026-08-12T06:43:02Z
exp3_writer,single,writer,6,measured,1,122,0.017568,831537362.1859643,,,"{""sum_rel_diff"": 0.0, ""log_entries"": 6, ""n_results"": 6, ""user_lock_acquisitions"": 0}",2026-08-12T06:43:02Z
exp3_writer,single,lock,6,measured,1,123,0.017574,831537362.1859643,,,"{""sum_rel_diff"": 0.0, ""log_entries"": 6, ""n_results"": 6, ""user_lock_acquisitions"": 6}",2026-08-12T06:43:02Z
exp3_writer,single,record,6,measured,27,124,0.017977,831537362.1859643,,,"{""sum_rel_diff"": 0.0, ""log_entries"": 6, ""n_results"": 6, ""user_lock_acquisitions"": 0}",2026-08-12T06:43:02Z
exp3_writer,single,writer,6,measured,26,125,0.017945,831537362.1859643,,,"{""sum_rel_diff"": 0.0, ""log_entries"": 6, ""n_results"": 6, ""user_lock_acquisitions"": 0}",2026-08-12T06:43:02Z
exp3_writer,single,record,6,measured,23,126,0.018339,831537362.1859643,,,"{""sum_rel_diff"": 0.0, ""log_entries"": 6, ""n_results"": 6, ""user_lock_acquisitions"": 0}",2026-08-12T06:43:02Z
exp3_writer,single,indexed,6,measured,3,127,0.018068,831537362.1859643,,,"{""sum_rel_diff"": 0.0, ""log_entries"": 6, ""n_results"": 6, ""user_lock_acquisitions"": 0}",2026-08-12T06:43:02Z
exp3_writer,single,lock,6,measured,20,128,0.018630,831537362.1859643,,,"{""sum_rel_diff"": 0.0, ""log_entries"": 6, ""n_results"": 6, ""user_lock_acquisitions"": 6}",2026-08-12T06:43:02Z
exp3_writer,single,lock,6,measured,19,129,0.017689,831537362.1859643,,,"{""sum_rel_diff"": 0.0, ""log_entries"": 6, ""n_results"": 6, ""user_lock_acquisitions"": 6}",2026-08-12T06:43:02Z
exp3_writer,single,record,6,measured,25,130,0.018031,831537362.1859643,,,"{""sum_rel_diff"": 0.0, ""log_entries"": 6, ""n_results"": 6, ""user_lock_acquisitions"": 0}",2026-08-12T06:43:02Z
exp3_writer,single,writer,6,measured,16,131,0.018159,831537362.1859643,,,"{""sum_rel_diff"": 0.0, ""log_entries"": 6, ""n_results"": 6, ""user_lock_acquisitions"": 0}",2026-08-12T06:43:02Z
exp3_writer,single,writer,8,warmup,0,0,0.016446,831537362.1859643,,,"{""sum_rel_diff"": 0.0, ""log_entries"": 8, ""n_results"": 8, ""user_lock_acquisitions"": 0}",2026-08-12T06:43:02Z
exp3_writer,single,record,8,warmup,1,1,0.015346,831537362.1859643,,,"{""sum_rel_diff"": 0.0, ""log_entries"": 8, ""n_results"": 8, ""user_lock_acquisitions"": 0}",2026-08-12T06:43:02Z
exp3_writer,single,lock,8,warmup,2,2,0.014264,831537362.1859643,,,"{""sum_rel_diff"": 0.0, ""log_entries"": 8, ""n_results"": 8, ""user_lock_acquisitions"": 8}",2026-08-12T06:43:02Z
exp3_writer,single,record,8,warmup,0,3,0.014542,831537362.1859643,,,"{""sum_rel_diff"": 0.0, ""log_entries"": 8, ""n_results"": 8, ""user_lock_acquisitions"": 0}",2026-08-12T06:43:02Z
exp3_writer,single,record,8,warmup,2,4,0.014152,831537362.1859643,,,"{""sum_rel_diff"": 0.0, ""log_entries"": 8, ""n_results"": 8, ""user_lock_acquisitions"": 0}",2026-08-12T06:43:02Z
exp3_writer,single,writer,8,warmup,1,5,0.013997,831537362.1859643,,,"{""sum_rel_diff"": 0.0, ""log_entries"": 8, ""n_results"": 8, ""user_lock_acquisitions"": 0}",2026-08-12T06:43:02Z
exp3_writer,single,indexed,8,warmup,0,6,0.014356,831537362.1859643,,,"{""sum_rel_diff"": 0.0, ""log_entries"": 8, ""n_results"": 8, ""user_lock_acquisitions"": 0}",2026-08-12T06:43:02Z
exp3_writer,single,indexed,8,warmup,2,7,0.014620,831537362.1859643,,,"{""sum_rel_diff"": 0.0, ""log_entries"": 8, ""n_results"": 8, ""user_lock_acquisitions"": 0}",2026-08-12T06:43:02Z
exp3_writer,single,writer,8,warmup,2,8,0.014252,831537362.1859643,,,"{""sum_rel_diff"": 0.0, ""log_entries"": 8, ""n_results"": 8, ""user_lock_acquisitions"": 0}",2026-08-12T06:43:02Z
exp3_writer,single,lock,8,warmup,1,9,0.014645,831537362.1859643,,,"{""sum_rel_diff"": 0.0, ""log_entries"": 8, ""n_results"": 8, ""user_lock_acquisitions"": 8}",2026-08-12T06:43:02Z
exp3_writer,single,indexed,8,warmup,1,10,0.014533,831537362.1859643,,,"{""sum_rel_diff"": 0.0, ""log_entries"": 8, ""n_results"": 8, ""user_lock_acquisitions"": 0}",2026-08-12T06:43:02Z
exp3_writer,single,lock,8,warmup,0,11,0.014004,831537362.1859643,,,"{""sum_rel_diff"": 0.0, ""log_entries"": 8, ""n_results"": 8, ""user_lock_acquisitions"": 8}",2026-08-12T06:43:02Z
exp3_writer,single,record,8,measured,22,12,0.014362,831537362.1859643,,,"{""sum_rel_diff"": 0.0, ""log_entries"": 8, ""n_results"": 8, ""user_lock_acquisitions"": 0}",2026-08-12T06:43:02Z
exp3_writer,single,lock,8,measured,26,13,0.013750,831537362.1859643,,,"{""sum_rel_diff"": 0.0, ""log_entries"": 8, ""n_results"": 8, ""user_lock_acquisitions"": 8}",2026-08-12T06:43:02Z
exp3_writer,single,lock,8,measured,17,14,0.014011,831537362.1859643,,,"{""sum_rel_diff"": 0.0, ""log_entries"": 8, ""n_results"": 8, ""user_lock_acquisitions"": 8}",2026-08-12T06:43:02Z
exp3_writer,single,record,8,measured,27,15,0.014751,831537362.1859643,,,"{""sum_rel_diff"": 0.0, ""log_entries"": 8, ""n_results"": 8, ""user_lock_acquisitions"": 0}",2026-08-12T06:43:02Z
exp3_writer,single,writer,8,measured,26,16,0.014408,831537362.1859643,,,"{""sum_rel_diff"": 0.0, ""log_entries"": 8, ""n_results"": 8, ""user_lock_acquisitions"": 0}",2026-08-12T06:43:02Z
exp3_writer,single,record,8,measured,17,17,0.013700,831537362.1859643,,,"{""sum_rel_diff"": 0.0, ""log_entries"": 8, ""n_results"": 8, ""user_lock_acquisitions"": 0}",2026-08-12T06:43:02Z
exp3_writer,single,record,8,measured,19,18,0.014268,831537362.1859643,,,"{""sum_rel_diff"": 0.0, ""log_entries"": 8, ""n_results"": 8, ""user_lock_acquisitions"": 0}",2026-08-12T06:43:02Z
exp3_writer,single,indexed,8,measured,11,19,0.014225,831537362.1859643,,,"{""sum_rel_diff"": 0.0, ""log_entries"": 8, ""n_results"": 8, ""user_lock_acquisitions"": 0}",2026-08-12T06:43:02Z
exp3_writer,single,record,8,measured,14,20,0.014689,831537362.1859643,,,"{""sum_rel_diff"": 0.0, ""log_entries"": 8, ""n_results"": 8, ""user_lock_acquisitions"": 0}",2026-08-12T06:43:02Z
exp3_writer,single,writer,8,measured,4,21,0.013924,831537362.1859643,,,"{""sum_rel_diff"": 0.0, ""log_entries"": 8, ""n_results"": 8, ""user_lock_acquisitions"": 0}",2026-08-12T06:43:03Z
exp3_writer,single,record,8,measured,28,22,0.014597,831537362.1859643,,,"{""sum_rel_diff"": 0.0, ""log_entries"": 8, ""n_results"": 8, ""user_lock_acquisitions"": 0}",2026-08-12T06:43:03Z
exp3_writer,single,indexed,8,measured,24,23,0.015096,831537362.1859643,,,"{""sum_rel_diff"": 0.0, ""log_entries"": 8, ""n_results"": 8, ""user_lock_acquisitions"": 0}",2026-08-12T06:43:03Z
exp3_writer,single,lock,8,measured,3,24,0.014654,831537362.1859643,,,"{""sum_rel_diff"": 0.0, ""log_entries"": 8, ""n_results"": 8, ""user_lock_acquisitions"": 8}",2026-08-12T06:43:03Z
exp3_writer,single,indexed,8,measured,18,25,0.014955,831537362.1859643,,,"{""sum_rel_diff"": 0.0, ""log_entries"": 8, ""n_results"": 8, ""user_lock_acquisitions"": 0}",2026-08-12T06:43:03Z
exp3_writer,single,lock,8,measured,20,26,0.014660,831537362.1859643,,,"{""sum_rel_diff"": 0.0, ""log_entries"": 8, ""n_results"": 8, ""user_lock_acquisitions"": 8}",2026-08-12T06:43:03Z
exp3_writer,single,indexed,8,measured,1,27,0.014477,831537362.1859643,,,"{""sum_rel_diff"": 0.0, ""log_entries"": 8, ""n_results"": 8, ""user_lock_acquisitions"": 0}",2026-08-12T06:43:03Z
exp3_writer,single,lock,8,measured,13,28,0.014348,831537362.1859643,,,"{""sum_rel_diff"": 0.0, ""log_entries"": 8, ""n_results"": 8, ""user_lock_acquisitions"": 8}",2026-08-12T06:43:03Z
exp3_writer,single,writer,8,measured,9,29,0.015128,831537362.1859643,,,"{""sum_rel_diff"": 0.0, ""log_entries"": 8, ""n_results"": 8, ""user_lock_acquisitions"": 0}",2026-08-12T06:43:03Z
exp3_writer,single,writer,8,measured,2,30,0.014373,831537362.1859643,,,"{""sum_rel_diff"": 0.0, ""log_entries"": 8, ""n_results"": 8, ""user_lock_acquisitions"": 0}",2026-08-12T06:43:03Z
exp3_writer,single,writer,8,measured,5,31,0.014939,831537362.1859643,,,"{""sum_rel_diff"": 0.0, ""log_entries"": 8, ""n_results"": 8, ""user_lock_acquisitions"": 0}",2026-08-12T06:43:03Z
exp3_writer,single,indexed,8,measured,20,32,0.014531,831537362.1859643,,,"{""sum_rel_diff"": 0.0, ""log_entries"": 8, ""n_results"": 8, ""user_lock_acquisitions"": 0}",2026-08-12T06:43:03Z
exp3_writer,single,record,8,measured,18,33,0.014682,831537362.1859643,,,"{""sum_rel_diff"": 0.0, ""log_entries"": 8, ""n_results"": 8, ""user_lock_acquisitions"": 0}",2026-08-12T06:43:03Z
exp3_writer,single,writer,8,measured,25,34,0.013968,831537362.1859643,,,"{""sum_rel_diff"": 0.0, ""log_entries"": 8, ""n_results"": 8, ""user_lock_acquisitions"": 0}",2026-08-12T06:43:03Z
exp3_writer,single,writer,8,measured,18,35,0.014615,831537362.1859643,,,"{""sum_rel_diff"": 0.0, ""log_entries"": 8, ""n_results"": 8, ""user_lock_acquisitions"": 0}",2026-08-12T06:43:03Z
exp3_writer,single,indexed,8,measured,28,36,0.014246,831537362.1859643,,,"{""sum_rel_diff"": 0.0, ""log_entries"": 8, ""n_results"": 8, ""user_lock_acquisitions"": 0}",2026-08-12T06:43:03Z
exp3_writer,single,lock,8,measured,2,37,0.014852,831537362.1859643,,,"{""sum_rel_diff"": 0.0, ""log_entries"": 8, ""n_results"": 8, ""user_lock_acquisitions"": 8}",2026-08-12T06:43:03Z
exp3_writer,single,record,8,measured,20,38,0.013916,831537362.1859643,,,"{""sum_rel_diff"": 0.0, ""log_entries"": 8, ""n_results"": 8, ""user_lock_acquisitions"": 0}",2026-08-12T06:43:03Z
exp3_writer,single,lock,8,measured,0,39,0.014472,831537362.1859643,,,"{""sum_rel_diff"": 0.0, ""log_entries"": 8, ""n_results"": 8, ""user_lock_acquisitions"": 8}",2026-08-12T06:43:03Z
exp3_writer,single,writer,8,measured,12,40,0.014453,831537362.1859643,,,"{""sum_rel_diff"": 0.0, ""log_entries"": 8, ""n_results"": 8, ""user_lock_acquisitions"": 0}",2026-08-12T06:43:03Z
exp3_writer,single,indexed,8,measured,23,41,0.014212,831537362.1859643,,,"{""sum_rel_diff"": 0.0, ""log_entries"": 8, ""n_results"": 8, ""user_lock_acquisitions"": 0}",2026-08-12T06:43:03Z
exp3_writer,single,record,8,measured,2,42,0.014624,831537362.1859643,,,"{""sum_rel_diff"": 0.0, ""log_entries"": 8, ""n_results"": 8, ""user_lock_acquisitions"": 0}",2026-08-12T06:43:03Z
exp3_writer,single,indexed,8,measured,5,43,0.014382,831537362.1859643,,,"{""sum_rel_diff"": 0.0, ""log_entries"": 8, ""n_results"": 8, ""user_lock_acquisitions"": 0}",2026-08-12T06:43:03Z
exp3_writer,single,record,8,measured,12,44,0.014105,831537362.1859643,,,"{""sum_rel_diff"": 0.0, ""log_entries"": 8, ""n_results"": 8, ""user_lock_acquisitions"": 0}",2026-08-12T06:43:03Z
exp3_writer,single,writer,8,measured,15,45,0.014413,831537362.1859643,,,"{""sum_rel_diff"": 0.0, ""log_entries"": 8, ""n_results"": 8, ""user_lock_acquisitions"": 0}",2026-08-12T06:43:03Z
exp3_writer,single,indexed,8,measured,2,46,0.014705,831537362.1859643,,,"{""sum_rel_diff"": 0.0, ""log_entries"": 8, ""n_results"": 8, ""user_lock_acquisitions"": 0}",2026-08-12T06:43:03Z
exp3_writer,single,writer,8,measured,10,47,0.014660,831537362.1859643,,,"{""sum_rel_diff"": 0.0, ""log_entries"": 8, ""n_results"": 8, ""user_lock_acquisitions"": 0}",2026-08-12T06:43:03Z
exp3_writer,single,writer,8,measured,24,48,0.015134,831537362.1859643,,,"{""sum_rel_diff"": 0.0, ""log_entries"": 8, ""n_results"": 8, ""user_lock_acquisitions"": 0}",2026-08-12T06:43:03Z
exp3_writer,single,record,8,measured,25,49,0.015254,831537362.1859643,,,"{""sum_rel_diff"": 0.0, ""log_entries"": 8, ""n_results"": 8, ""user_lock_acquisitions"": 0}",2026-08-12T06:43:03Z
exp3_writer,single,record,8,measured,11,50,0.014584,831537362.1859643,,,"{""sum_rel_diff"": 0.0, ""log_entries"": 8, ""n_results"": 8, ""user_lock_acquisitions"": 0}",2026-08-12T06:43:03Z
exp3_writer,single,record,8,measured,0,51,0.015454,831537362.1859643,,,"{""sum_rel_diff"": 0.0, ""log_entries"": 8, ""n_results"": 8, ""user_lock_acquisitions"": 0}",2026-08-12T06:43:03Z
exp3_writer,single,lock,8,measured,29,52,0.015045,831537362.1859643,,,"{""sum_rel_diff"": 0.0, ""log_entries"": 8, ""n_results"": 8, ""user_lock_acquisitions"": 8}",2026-08-12T06:43:03Z
exp3_writer,single,indexed,8,measured,15,53,0.014161,831537362.1859643,,,"{""sum_rel_diff"": 0.0, ""log_entries"": 8, ""n_results"": 8, ""user_lock_acquisitions"": 0}",2026-08-12T06:43:03Z
exp3_writer,single,indexed,8,measured,13,54,0.014364,831537362.1859643,,,"{""sum_rel_diff"": 0.0, ""log_entries"": 8, ""n_results"": 8, ""user_lock_acquisitions"": 0}",2026-08-12T06:43:03Z
exp3_writer,single,lock,8,measured,27,55,0.014083,831537362.1859643,,,"{""sum_rel_diff"": 0.0, ""log_entries"": 8, ""n_results"": 8, ""user_lock_acquisitions"": 8}",2026-08-12T06:43:03Z
exp3_writer,single,lock,8,measured,21,56,0.014205,831537362.1859643,,,"{""sum_rel_diff"": 0.0, ""log_entries"": 8, ""n_results"": 8, ""user_lock_acquisitions"": 8}",2026-08-12T06:43:03Z
exp3_writer,single,writer,8,measured,7,57,0.014162,831537362.1859643,,,"{""sum_rel_diff"": 0.0, ""log_entries"": 8, ""n_results"": 8, ""user_lock_acquisitions"": 0}",2026-08-12T06:43:03Z
exp3_writer,single,indexed,8,measured,6,58,0.013936,831537362.1859643,,,"{""sum_rel_diff"": 0.0, ""log_entries"": 8, ""n_results"": 8, ""user_lock_acquisitions"": 0}",2026-08-12T06:43:03Z
exp3_writer,single,indexed,8,measured,7,59,0.014217,831537362.1859643,,,"{""sum_rel_diff"": 0.0, ""log_entries"": 8, ""n_results"": 8, ""user_lock_acquisitions"": 0}",2026-08-12T06:43:03Z
exp3_writer,single,record,8,measured,1,60,0.015641,831537362.1859643,,,"{""sum_rel_diff"": 0.0, ""log_entries"": 8, ""n_results"": 8, ""user_lock_acquisitions"": 0}",2026-08-12T06:43:03Z
exp3_writer,single,lock,8,measured,6,61,0.014401,831537362.1859643,,,"{""sum_rel_diff"": 0.0, ""log_entries"": 8, ""n_results"": 8, ""user_lock_acquisitions"": 8}",2026-08-12T06:43:03Z
exp3_writer,single,record,8,measured,15,62,0.013770,831537362.1859643,,,"{""sum_rel_diff"": 0.0, ""log_entries"": 8, ""n_results"": 8, ""user_lock_acquisitions"": 0}",2026-08-12T06:43:03Z
exp3_writer,single,indexed,8,measured,0,63,0.013752,831537362.1859643,,,"{""sum_rel_diff"": 0.0, ""log_entries"": 8, ""n_results"": 8, ""user_lock_acquisitions"": 0}",2026-08-12T06:43:03Z
exp3_writer,single,indexed,8,measured,29,64,0.014726,831537362.1859643,,,"{""sum_rel_diff"": 0.0, ""log_entries"": 8, ""n_results"": 8, ""user_lock_acquisitions"": 0}",2026-08-12T06:43:03Z
exp3_writer,single,record,8,measured,6,65,0.014794,831537362.1859643,,,"{""sum_rel_diff"": 0.0, ""log_entries"": 8, ""n_results"": 8, ""user_lock_acquisitions"": 0}",2026-08-12T06:43:03Z
exp3_writer,single,indexed,8,measured,17,66,0.013630,831537362.1859643,,,"{""sum_rel_diff"": 0.0, ""log_entries"": 8, ""n_results"": 8, ""user_lock_acquisitions"": 0}",2026-08-12T06:43:03Z
exp3_writer,single,lock,8,measured,16,67,0.014426,831537362.1859643,,,"{""sum_rel_diff"": 0.0, ""log_entries"": 8, ""n_results"": 8, ""user_lock_acquisitions"": 8}",2026-08-12T06:43:03Z
exp3_writer,single,record,8,measured,5,68,0.014955,831537362.1859643,,,"{""sum_rel_diff"": 0.0, ""log_entries"": 8, ""n_results"": 8, ""user_lock_acquisitions"": 0}",2026-08-12T06:43:03Z
exp3_writer,single,indexed,8,measured,22,69,0.014437,831537362.1859643,,,"{""sum_rel_diff"": 0.0, ""log_entries"": 8, ""n_results"": 8, ""user_lock_acquisitions"": 0}",2026-08-12T06:43:03Z
exp3_writer,single,indexed,8,measured,4,70,0.014919,831537362.1859643,,,"{""sum_rel_diff"": 0.0, ""log_entries"": 8, ""n_results"": 8, ""user_lock_acquisitions"": 0}",2026-08-12T06:43:03Z
exp3_writer,single,writer,8,measured,0,71,0.014775,831537362.1859643,,,"{""sum_rel_diff"": 0.0, ""log_entries"": 8, ""n_results"": 8, ""user_lock_acquisitions"": 0}",2026-08-12T06:43:03Z
exp3_writer,single,lock,8,measured,25,72,0.014285,831537362.1859643,,,"{""sum_rel_diff"": 0.0, ""log_entries"": 8, ""n_results"": 8, ""user_lock_acquisitions"": 8}",2026-08-12T06:43:03Z
exp3_writer,single,record,8,measured,4,73,0.014264,831537362.1859643,,,"{""sum_rel_diff"": 0.0, ""log_entries"": 8, ""n_results"": 8, ""user_lock_acquisitions"": 0}",2026-08-12T06:43:03Z
exp3_writer,single,lock,8,measured,7,74,0.014294,831537362.1859643,,,"{""sum_rel_diff"": 0.0, ""log_entries"": 8, ""n_results"": 8, ""user_lock_acquisitions"": 8}",2026-08-12T06:43:03Z
exp3_writer,single,record,8,measured,29,75,0.015147,831537362.1859643,,,"{""sum_rel_diff"": 0.0, ""log_entries"": 8, ""n_results"": 8, ""user_lock_acquisitions"": 0}",2026-08-12T06:43:03Z
exp3_writer,single,indexed,8,measured,8,76,0.013791,831537362.1859643,,,"{""sum_rel_diff"": 0.0, ""log_entries"": 8, ""n_results"": 8, ""user_lock_acquisitions"": 0}",2026-08-12T06:43:03Z
exp3_writer,single,record,8,measured,26,77,0.014196,831537362.1859643,,,"{""sum_rel_diff"": 0.0, ""log_entries"": 8, ""n_results"": 8, ""user_lock_acquisitions"": 0}",2026-08-12T06:43:03Z
exp3_writer,single,writer,8,measured,27,78,0.014404,831537362.1859643,,,"{""sum_rel_diff"": 0.0, ""log_entries"": 8, ""n_results"": 8, ""user_lock_acquisitions"": 0}",2026-08-12T06:43:03Z
exp3_writer,single,indexed,8,measured,3,79,0.014633,831537362.1859643,,,"{""sum_rel_diff"": 0.0, ""log_entries"": 8, ""n_results"": 8, ""user_lock_acquisitions"": 0}",2026-08-12T06:43:03Z
exp3_writer,single,record,8,measured,23,80,0.014827,831537362.1859643,,,"{""sum_rel_diff"": 0.0, ""log_entries"": 8, ""n_results"": 8, ""user_lock_acquisitions"": 0}",2026-08-12T06:43:03Z
exp3_writer,single,writer,8,measured,1,81,0.014181,831537362.1859643,,,"{""sum_rel_diff"": 0.0, ""log_entries"": 8, ""n_results"": 8, ""user_lock_acquisitions"": 0}",2026-08-12T06:43:03Z
exp3_writer,single,record,8,measured,9,82,0.015200,831537362.1859643,,,"{""sum_rel_diff"": 0.0, ""log_entries"": 8, ""n_results"": 8, ""user_lock_acquisitions"": 0}",2026-08-12T06:43:03Z
exp3_writer,single,writer,8,measured,28,83,0.014771,831537362.1859643,,,"{""sum_rel_diff"": 0.0, ""log_entries"": 8, ""n_results"": 8, ""user_lock_acquisitions"": 0}",2026-08-12T06:43:03Z
exp3_writer,single,lock,8,measured,11,84,0.014201,831537362.1859643,,,"{""sum_rel_diff"": 0.0, ""log_entries"": 8, ""n_results"": 8, ""user_lock_acquisitions"": 8}",2026-08-12T06:43:03Z
exp3_writer,single,lock,8,measured,18,85,0.014709,831537362.1859643,,,"{""sum_rel_diff"": 0.0, ""log_entries"": 8, ""n_results"": 8, ""user_lock_acquisitions"": 8}",2026-08-12T06:43:03Z
exp3_writer,single,writer,8,measured,20,86,0.014824,831537362.1859643,,,"{""sum_rel_diff"": 0.0, ""log_entries"": 8, ""n_results"": 8, ""user_lock_acquisitions"": 0}",2026-08-12T06:43:03Z
exp3_writer,single,writer,8,measured,19,87,0.013878,831537362.1859643,,,"{""sum_rel_diff"": 0.0, ""log_entries"": 8, ""n_results"": 8, ""user_lock_acquisitions"": 0}",2026-08-12T06:43:03Z
exp3_writer,single,lock,8,measured,8,88,0.013687,831537362.1859643,,,"{""sum_rel_diff"": 0.0, ""log_entries"": 8, ""n_results"": 8, ""user_lock_acquisitions"": 8}",2026-08-12T06:43:03Z
exp3_writer,single,lock,8,measured,28,89,0.014247,831537362.1859643,,,"{""sum_rel_diff"": 0.0, ""log_entries"": 8, ""n_results"": 8, ""user_lock_acquisitions"": 8}",2026-08-12T06:43:04Z
exp3_writer,single,writer,8,measured,29,90,0.014191,831537362.1859643,,,"{""sum_rel_diff"": 0.0, ""log_entries"": 8, ""n_results"": 8, ""user_lock_acquisitions"": 0}",2026-08-12T06:43:04Z
exp3_writer,single,record,8,measured,3,91,0.014692,831537362.1859643,,,"{""sum_rel_diff"": 0.0, ""log_entries"": 8, ""n_results"": 8, ""user_lock_acquisitions"": 0}",2026-08-12T06:43:04Z
exp3_writer,single,indexed,8,measured,10,92,0.014099,831537362.1859643,,,"{""sum_rel_diff"": 0.0, ""log_entries"": 8, ""n_results"": 8, ""user_lock_acquisitions"": 0}",2026-08-12T06:43:04Z
exp3_writer,single,writer,8,measured,21,93,0.014538,831537362.1859643,,,"{""sum_rel_diff"": 0.0, ""log_entries"": 8, ""n_results"": 8, ""user_lock_acquisitions"": 0}",2026-08-12T06:43:04Z
exp3_writer,single,lock,8,measured,1,94,0.013777,831537362.1859643,,,"{""sum_rel_diff"": 0.0, ""log_entries"": 8, ""n_results"": 8, ""user_lock_acquisitions"": 8}",2026-08-12T06:43:04Z
exp3_writer,single,record,8,measured,10,95,0.014152,831537362.1859643,,,"{""sum_rel_diff"": 0.0, ""log_entries"": 8, ""n_results"": 8, ""user_lock_acquisitions"": 0}",2026-08-12T06:43:04Z
exp3_writer,single,indexed,8,measured,19,96,0.013701,831537362.1859643,,,"{""sum_rel_diff"": 0.0, ""log_entries"": 8, ""n_results"": 8, ""user_lock_acquisitions"": 0}",2026-08-12T06:43:04Z
exp3_writer,single,writer,8,measured,16,97,0.014397,831537362.1859643,,,"{""sum_rel_diff"": 0.0, ""log_entries"": 8, ""n_results"": 8, ""user_lock_acquisitions"": 0}",2026-08-12T06:43:04Z
exp3_writer,single,writer,8,measured,22,98,0.014307,831537362.1859643,,,"{""sum_rel_diff"": 0.0, ""log_entries"": 8, ""n_results"": 8, ""user_lock_acquisitions"": 0}",2026-08-12T06:43:04Z
exp3_writer,single,writer,8,measured,17,99,0.014763,831537362.1859643,,,"{""sum_rel_diff"": 0.0, ""log_entries"": 8, ""n_results"": 8, ""user_lock_acquisitions"": 0}",2026-08-12T06:43:04Z
exp3_writer,single,writer,8,measured,13,100,0.014011,831537362.1859643,,,"{""sum_rel_diff"": 0.0, ""log_entries"": 8, ""n_results"": 8, ""user_lock_acquisitions"": 0}",2026-08-12T06:43:04Z
exp3_writer,single,record,8,measured,16,101,0.014629,831537362.1859643,,,"{""sum_rel_diff"": 0.0, ""log_entries"": 8, ""n_results"": 8, ""user_lock_acquisitions"": 0}",2026-08-12T06:43:04Z
exp3_writer,single,indexed,8,measured,21,102,0.013884,831537362.1859643,,,"{""sum_rel_diff"": 0.0, ""log_entries"": 8, ""n_results"": 8, ""user_lock_acquisitions"": 0}",2026-08-12T06:43:04Z
exp3_writer,single,writer,8,measured,23,103,0.014263,831537362.1859643,,,"{""sum_rel_diff"": 0.0, ""log_entries"": 8, ""n_results"": 8, ""user_lock_acquisitions"": 0}",2026-08-12T06:43:04Z
exp3_writer,single,record,8,measured,24,104,0.014720,831537362.1859643,,,"{""sum_rel_diff"": 0.0, ""log_entries"": 8, ""n_results"": 8, ""user_lock_acquisitions"": 0}",2026-08-12T06:43:04Z
exp3_writer,single,lock,8,measured,4,105,0.014811,831537362.1859643,,,"{""sum_rel_diff"": 0.0, ""log_entries"": 8, ""n_results"": 8, ""user_lock_acquisitions"": 8}",2026-08-12T06:43:04Z
exp3_writer,single,writer,8,measured,6,106,0.013781,831537362.1859643,,,"{""sum_rel_diff"": 0.0, ""log_entries"": 8, ""n_results"": 8, ""user_lock_acquisitions"": 0}",2026-08-12T06:43:04Z
exp3_writer,single,indexed,8,measured,25,107,0.014660,831537362.1859643,,,"{""sum_rel_diff"": 0.0, ""log_entries"": 8, ""n_results"": 8, ""user_lock_acquisitions"": 0}",2026-08-12T06:43:04Z
exp3_writer,single,writer,8,measured,11,108,0.014554,831537362.1859643,,,"{""sum_rel_diff"": 0.0, ""log_entries"": 8, ""n_results"": 8, ""user_lock_acquisitions"": 0}",2026-08-12T06:43:04Z
exp3_writer,single,lock,8,measured,14,109,0.014512,831537362.1859643,,,"{""sum_rel_diff"": 0.0, ""log_entries"": 8, ""n_results"": 8, ""user_lock_acquisitions"": 8}",2026-08-12T06:43:04Z
exp3_writer,single,indexed,8,measured,26,110,0.014030,831537362.1859643,,,"{""sum_rel_diff"": 0.0, ""log_entries"": 8, ""n_results"": 8, ""user_lock_acquisitions"": 0}",2026-08-12T06:43:04Z
exp3_writer,single,indexed,8,measured,9,111,0.014477,831537362.1859643,,,"{""sum_rel_diff"": 0.0, ""log_entries"": 8, ""n_results"": 8, ""user_lock_acquisitions"": 0}",2026-08-12T06:43:04Z
exp3_writer,single,lock,8,measured,15,112,0.014568,831537362.1859643,,,"{""sum_rel_diff"": 0.0, ""log_entries"": 8, ""n_results"": 8, ""user_lock_acquisitions"": 8}",2026-08-12T06:43:04Z
exp3_writer,single,lock,8,measured,5,113,0.014564,831537362.1859643,,,"{""sum_rel_diff"": 0.0, ""log_entries"": 8, ""n_results"": 8, ""user_lock_acquisitions"": 8}",2026-08-12T06:43:04Z
exp3_writer,single,record,8,measured,8,114,0.014847,831537362.1859643,,,"{""sum_rel_diff"": 0.0, ""log_entries"": 8, ""n_results"": 8, ""user_lock_acquisitions"": 0}",2026-08-12T06:43:04Z
exp3_writer,single,indexed,8,measured,27,115,0.014466,831537362.1859643,,,"{""sum_rel_diff"": 0.0, ""log_entries"": 8, ""n_results"": 8, ""user_lock_acquisitions"": 0}",2026-08-12T06:43:04Z
exp3_writer,single,writer,8,measured,8,116,0.014132,831537362.1859643,,,"{""sum_rel_diff"": 0.0, ""log_entries"": 8, ""n_results"": 8, ""user_lock_acquisitions"": 0}",2026-08-12T06:43:04Z
exp3_writer,single,writer,8,measured,3,117,0.014587,831537362.1859643,,,"{""sum_rel_diff"": 0.0, ""log_entries"": 8, ""n_results"": 8, ""user_lock_acquisitions"": 0}",2026-08-12T06:43:04Z
exp3_writer,single,lock,8,measured,9,118,0.014428,831537362.1859643,,,"{""sum_rel_diff"": 0.0, ""log_entries"": 8, ""n_results"": 8, ""user_lock_acquisitions"": 8}",2026-08-12T06:43:04Z
exp3_writer,single,record,8,measured,21,119,0.014148,831537362.1859643,,,"{""sum_rel_diff"": 0.0, ""log_entries"": 8, ""n_results"": 8, ""user_lock_acquisitions"": 0}",2026-08-12T06:43:04Z
exp3_writer,single,indexed,8,measured,16,120,0.014639,831537362.1859643,,,"{""sum_rel_diff"": 0.0, ""log_entries"": 8, ""n_results"": 8, ""user_lock_acquisitions"": 0}",2026-08-12T06:43:04Z
exp3_writer,single,indexed,8,measured,14,121,0.014156,831537362.1859643,,,"{""sum_rel_diff"": 0.0, ""log_entries"": 8, ""n_results"": 8, ""user_lock_acquisitions"": 0}",2026-08-12T06:43:04Z
exp3_writer,single,lock,8,measured,12,122,0.014793,831537362.1859643,,,"{""sum_rel_diff"": 0.0, ""log_entries"": 8, ""n_results"": 8, ""user_lock_acquisitions"": 8}",2026-08-12T06:43:04Z
exp3_writer,single,record,8,measured,13,123,0.014332,831537362.1859643,,,"{""sum_rel_diff"": 0.0, ""log_entries"": 8, ""n_results"": 8, ""user_lock_acquisitions"": 0}",2026-08-12T06:43:04Z
exp3_writer,single,lock,8,measured,23,124,0.013695,831537362.1859643,,,"{""sum_rel_diff"": 0.0, ""log_entries"": 8, ""n_results"": 8, ""user_lock_acquisitions"": 8}",2026-08-12T06:43:04Z
exp3_writer,single,lock,8,measured,24,125,0.014188,831537362.1859643,,,"{""sum_rel_diff"": 0.0, ""log_entries"": 8, ""n_results"": 8, ""user_lock_acquisitions"": 8}",2026-08-12T06:43:04Z
exp3_writer,single,record,8,measured,7,126,0.013854,831537362.1859643,,,"{""sum_rel_diff"": 0.0, ""log_entries"": 8, ""n_results"": 8, ""user_lock_acquisitions"": 0}",2026-08-12T06:43:04Z
exp3_writer,single,indexed,8,measured,12,127,0.014707,831537362.1859643,,,"{""sum_rel_diff"": 0.0, ""log_entries"": 8, ""n_results"": 8, ""user_lock_acquisitions"": 0}",2026-08-12T06:43:04Z
exp3_writer,single,writer,8,measured,14,128,0.014326,831537362.1859643,,,"{""sum_rel_diff"": 0.0, ""log_entries"": 8, ""n_results"": 8, ""user_lock_acquisitions"": 0}",2026-08-12T06:43:04Z
exp3_writer,single,lock,8,measured,19,129,0.014228,831537362.1859643,,,"{""sum_rel_diff"": 0.0, ""log_entries"": 8, ""n_results"": 8, ""user_lock_acquisitions"": 8}",2026-08-12T06:43:04Z
exp3_writer,single,lock,8,measured,22,130,0.014183,831537362.1859643,,,"{""sum_rel_diff"": 0.0, ""log_entries"": 8, ""n_results"": 8, ""user_lock_acquisitions"": 8}",2026-08-12T06:43:04Z
exp3_writer,single,lock,8,measured,10,131,0.014588,831537362.1859643,,,"{""sum_rel_diff"": 0.0, ""log_entries"": 8, ""n_results"": 8, ""user_lock_acquisitions"": 8}",2026-08-12T06:43:04Z
exp3_writer,single,lock,10,warmup,2,0,0.014595,831537362.1859643,,,"{""sum_rel_diff"": 0.0, ""log_entries"": 10, ""n_results"": 10, ""user_lock_acquisitions"": 10}",2026-08-12T06:43:04Z
exp3_writer,single,writer,10,warmup,0,1,0.013153,831537362.1859643,,,"{""sum_rel_diff"": 0.0, ""log_entries"": 10, ""n_results"": 10, ""user_lock_acquisitions"": 0}",2026-08-12T06:43:04Z
exp3_writer,single,record,10,warmup,1,2,0.012590,831537362.1859643,,,"{""sum_rel_diff"": 0.0, ""log_entries"": 10, ""n_results"": 10, ""user_lock_acquisitions"": 0}",2026-08-12T06:43:04Z
exp3_writer,single,lock,10,warmup,1,3,0.013029,831537362.1859643,,,"{""sum_rel_diff"": 0.0, ""log_entries"": 10, ""n_results"": 10, ""user_lock_acquisitions"": 10}",2026-08-12T06:43:04Z
exp3_writer,single,indexed,10,warmup,0,4,0.012401,831537362.1859643,,,"{""sum_rel_diff"": 0.0, ""log_entries"": 10, ""n_results"": 10, ""user_lock_acquisitions"": 0}",2026-08-12T06:43:04Z
exp3_writer,single,writer,10,warmup,2,5,0.012183,831537362.1859643,,,"{""sum_rel_diff"": 0.0, ""log_entries"": 10, ""n_results"": 10, ""user_lock_acquisitions"": 0}",2026-08-12T06:43:04Z
exp3_writer,single,indexed,10,warmup,2,6,0.012271,831537362.1859643,,,"{""sum_rel_diff"": 0.0, ""log_entries"": 10, ""n_results"": 10, ""user_lock_acquisitions"": 0}",2026-08-12T06:43:04Z
exp3_writer,single,indexed,10,warmup,1,7,0.011933,831537362.1859643,,,"{""sum_rel_diff"": 0.0, ""log_entries"": 10, ""n_results"": 10, ""user_lock_acquisitions"": 0}",2026-08-12T06:43:04Z
exp3_writer,single,lock,10,warmup,0,8,0.012911,831537362.1859643,,,"{""sum_rel_diff"": 0.0, ""log_entries"": 10, ""n_results"": 10, ""user_lock_acquisitions"": 10}",2026-08-12T06:43:04Z
exp3_writer,single,record,10,warmup,0,9,0.012104,831537362.1859643,,,"{""sum_rel_diff"": 0.0, ""log_entries"": 10, ""n_results"": 10, ""user_lock_acquisitions"": 0}",2026-08-12T06:43:04Z
exp3_writer,single,writer,10,warmup,1,10,0.012567,831537362.1859643,,,"{""sum_rel_diff"": 0.0, ""log_entries"": 10, ""n_results"": 10, ""user_lock_acquisitions"": 0}",2026-08-12T06:43:04Z
exp3_writer,single,record,10,warmup,2,11,0.011704,831537362.1859643,,,"{""sum_rel_diff"": 0.0, ""log_entries"": 10, ""n_results"": 10, ""user_lock_acquisitions"": 0}",2026-08-12T06:43:04Z
exp3_writer,single,lock,10,measured,14,12,0.012155,831537362.1859643,,,"{""sum_rel_diff"": 0.0, ""log_entries"": 10, ""n_results"": 10, ""user_lock_acquisitions"": 10}",2026-08-12T06:43:04Z
exp3_writer,single,lock,10,measured,22,13,0.012372,831537362.1859643,,,"{""sum_rel_diff"": 0.0, ""log_entries"": 10, ""n_results"": 10, ""user_lock_acquisitions"": 10}",2026-08-12T06:43:04Z
exp3_writer,single,indexed,10,measured,5,14,0.012441,831537362.1859643,,,"{""sum_rel_diff"": 0.0, ""log_entries"": 10, ""n_results"": 10, ""user_lock_acquisitions"": 0}",2026-08-12T06:43:04Z
exp3_writer,single,lock,10,measured,28,15,0.011716,831537362.1859643,,,"{""sum_rel_diff"": 0.0, ""log_entries"": 10, ""n_results"": 10, ""user_lock_acquisitions"": 10}",2026-08-12T06:43:04Z
exp3_writer,single,indexed,10,measured,22,16,0.012411,831537362.1859643,,,"{""sum_rel_diff"": 0.0, ""log_entries"": 10, ""n_results"": 10, ""user_lock_acquisitions"": 0}",2026-08-12T06:43:04Z
exp3_writer,single,indexed,10,measured,21,17,0.012080,831537362.1859643,,,"{""sum_rel_diff"": 0.0, ""log_entries"": 10, ""n_results"": 10, ""user_lock_acquisitions"": 0}",2026-08-12T06:43:04Z
exp3_writer,single,record,10,measured,7,18,0.012435,831537362.1859643,,,"{""sum_rel_diff"": 0.0, ""log_entries"": 10, ""n_results"": 10, ""user_lock_acquisitions"": 0}",2026-08-12T06:43:04Z
exp3_writer,single,lock,10,measured,25,19,0.011739,831537362.1859643,,,"{""sum_rel_diff"": 0.0, ""log_entries"": 10, ""n_results"": 10, ""user_lock_acquisitions"": 10}",2026-08-12T06:43:04Z
exp3_writer,single,indexed,10,measured,3,20,0.012107,831537362.1859643,,,"{""sum_rel_diff"": 0.0, ""log_entries"": 10, ""n_results"": 10, ""user_lock_acquisitions"": 0}",2026-08-12T06:43:04Z
exp3_writer,single,record,10,measured,18,21,0.011870,831537362.1859643,,,"{""sum_rel_diff"": 0.0, ""log_entries"": 10, ""n_results"": 10, ""user_lock_acquisitions"": 0}",2026-08-12T06:43:04Z
exp3_writer,single,writer,10,measured,15,22,0.012388,831537362.1859643,,,"{""sum_rel_diff"": 0.0, ""log_entries"": 10, ""n_results"": 10, ""user_lock_acquisitions"": 0}",2026-08-12T06:43:04Z
exp3_writer,single,writer,10,measured,19,23,0.011449,831537362.1859643,,,"{""sum_rel_diff"": 0.0, ""log_entries"": 10, ""n_results"": 10, ""user_lock_acquisitions"": 0}",2026-08-12T06:43:04Z
exp3_writer,single,writer,10,measured,1,24,0.012094,831537362.1859643,,,"{""sum_rel_diff"": 0.0, ""log_entries"": 10, ""n_results"": 10, ""user_lock_acquisitions"": 0}",2026-08-12T06:43:04Z
exp3_writer,single,writer,10,measured,0,25,0.012662,831537362.1859643,,,"{""sum_rel_diff"": 0.0, ""log_entries"": 10, ""n_results"": 10, ""user_lock_acquisitions"": 0}",2026-08-12T06:43:04Z
exp3_writer,single,writer,10,measured,17,26,0.013128,831537362.1859643,,,"{""sum_rel_diff"": 0.0, ""log_entries"": 10, ""n_results"": 10, ""user_lock_acquisitions"": 0}",2026-08-12T06:43:04Z
exp3_writer,single,writer,10,measured,10,27,0.012021,831537362.1859643,,,"{""sum_rel_diff"": 0.0, ""log_entries"": 10, ""n_results"": 10, ""user_lock_acquisitions"": 0}",2026-08-12T06:43:04Z
exp3_writer,single,indexed,10,measured,12,28,0.012404,831537362.1859643,,,"{""sum_rel_diff"": 0.0, ""log_entries"": 10, ""n_results"": 10, ""user_lock_acquisitions"": 0}",2026-08-12T06:43:04Z
exp3_writer,single,writer,10,measured,23,29,0.012496,831537362.1859643,,,"{""sum_rel_diff"": 0.0, ""log_entries"": 10, ""n_results"": 10, ""user_lock_acquisitions"": 0}",2026-08-12T06:43:04Z
exp3_writer,single,lock,10,measured,21,30,0.011861,831537362.1859643,,,"{""sum_rel_diff"": 0.0, ""log_entries"": 10, ""n_results"": 10, ""user_lock_acquisitions"": 10}",2026-08-12T06:43:05Z
exp3_writer,single,record,10,measured,26,31,0.013120,831537362.1859643,,,"{""sum_rel_diff"": 0.0, ""log_entries"": 10, ""n_results"": 10, ""user_lock_acquisitions"": 0}",2026-08-12T06:43:05Z
exp3_writer,single,lock,10,measured,2,32,0.012396,831537362.1859643,,,"{""sum_rel_diff"": 0.0, ""log_entries"": 10, ""n_results"": 10, ""user_lock_acquisitions"": 10}",2026-08-12T06:43:05Z
exp3_writer,single,writer,10,measured,21,33,0.012753,831537362.1859643,,,"{""sum_rel_diff"": 0.0, ""log_entries"": 10, ""n_results"": 10, ""user_lock_acquisitions"": 0}",2026-08-12T06:43:05Z
exp3_writer,single,indexed,10,measured,4,34,0.011920,831537362.1859643,,,"{""sum_rel_diff"": 0.0, ""log_entries"": 10, ""n_results"": 10, ""user_lock_acquisitions"": 0}",2026-08-12T06:43:05Z
exp3_writer,single,writer,10,measured,16,35,0.012424,831537362.1859643,,,"{""sum_rel_diff"": 0.0, ""log_entries"": 10, ""n_results"": 10, ""user_lock_acquisitions"": 0}",2026-08-12T06:43:05Z
exp3_writer,single,indexed,10,measured,28,36,0.013612,831537362.1859643,,,"{""sum_rel_diff"": 0.0, ""log_entries"": 10, ""n_results"": 10, ""user_lock_acquisitions"": 0}",2026-08-12T06:43:05Z
exp3_writer,single,indexed,10,measured,7,37,0.012925,831537362.1859643,,,"{""sum_rel_diff"": 0.0, ""log_entries"": 10, ""n_results"": 10, ""user_lock_acquisitions"": 0}",2026-08-12T06:43:05Z
exp3_writer,single,record,10,measured,22,38,0.013817,831537362.1859643,,,"{""sum_rel_diff"": 0.0, ""log_entries"": 10, ""n_results"": 10, ""user_lock_acquisitions"": 0}",2026-08-12T06:43:05Z
exp3_writer,single,record,10,measured,5,39,0.012060,831537362.1859643,,,"{""sum_rel_diff"": 0.0, ""log_entries"": 10, ""n_results"": 10, ""user_lock_acquisitions"": 0}",2026-08-12T06:43:05Z
exp3_writer,single,indexed,10,measured,11,40,0.012840,831537362.1859643,,,"{""sum_rel_diff"": 0.0, ""log_entries"": 10, ""n_results"": 10, ""user_lock_acquisitions"": 0}",2026-08-12T06:43:05Z
exp3_writer,single,indexed,10,measured,20,41,0.011707,831537362.1859643,,,"{""sum_rel_diff"": 0.0, ""log_entries"": 10, ""n_results"": 10, ""user_lock_acquisitions"": 0}",2026-08-12T06:43:05Z
exp3_writer,single,lock,10,measured,27,42,0.012228,831537362.1859643,,,"{""sum_rel_diff"": 0.0, ""log_entries"": 10, ""n_results"": 10, ""user_lock_acquisitions"": 10}",2026-08-12T06:43:05Z
exp3_writer,single,indexed,10,measured,25,43,0.012294,831537362.1859643,,,"{""sum_rel_diff"": 0.0, ""log_entries"": 10, ""n_results"": 10, ""user_lock_acquisitions"": 0}",2026-08-12T06:43:05Z
exp3_writer,single,indexed,10,measured,27,44,0.012510,831537362.1859643,,,"{""sum_rel_diff"": 0.0, ""log_entries"": 10, ""n_results"": 10, ""user_lock_acquisitions"": 0}",2026-08-12T06:43:05Z
exp3_writer,single,record,10,measured,2,45,0.012480,831537362.1859643,,,"{""sum_rel_diff"": 0.0, ""log_entries"": 10, ""n_results"": 10, ""user_lock_acquisitions"": 0}",2026-08-12T06:43:05Z
exp3_writer,single,lock,10,measured,17,46,0.012227,831537362.1859643,,,"{""sum_rel_diff"": 0.0, ""log_entries"": 10, ""n_results"": 10, ""user_lock_acquisitions"": 10}",2026-08-12T06:43:05Z
exp3_writer,single,record,10,measured,20,47,0.013509,831537362.1859643,,,"{""sum_rel_diff"": 0.0, ""log_entries"": 10, ""n_results"": 10, ""user_lock_acquisitions"": 0}",2026-08-12T06:43:05Z
exp3_writer,single,indexed,10,measured,13,48,0.012626,831537362.1859643,,,"{""sum_rel_diff"": 0.0, ""log_entries"": 10, ""n_results"": 10, ""user_lock_acquisitions"": 0}",2026-08-12T06:43:05Z
exp3_writer,single,lock,10,measured,23,49,0.012880,831537362.1859643,,,"{""sum_rel_diff"": 0.0, ""log_entries"": 10, ""n_results"": 10, ""user_lock_acquisitions"": 10}",2026-08-12T06:43:05Z
exp3_writer,single,record,10,measured,17,50,0.012435,831537362.1859643,,,"{""sum_rel_diff"": 0.0, ""log_entries"": 10, ""n_results"": 10, ""user_lock_acquisitions"": 0}",2026-08-12T06:43:05Z
exp3_writer,single,writer,10,measured,13,51,0.012920,831537362.1859643,,,"{""sum_rel_diff"": 0.0, ""log_entries"": 10, ""n_results"": 10, ""user_lock_acquisitions"": 0}",2026-08-12T06:43:05Z
exp3_writer,single,lock,10,measured,10,52,0.013564,831537362.1859643,,,"{""sum_rel_diff"": 0.0, ""log_entries"": 10, ""n_results"": 10, ""user_lock_acquisitions"": 10}",2026-08-12T06:43:05Z
exp3_writer,single,lock,10,measured,13,53,0.011884,831537362.1859643,,,"{""sum_rel_diff"": 0.0, ""log_entries"": 10, ""n_results"": 10, ""user_lock_acquisitions"": 10}",2026-08-12T06:43:05Z
exp3_writer,single,indexed,10,measured,2,54,0.012723,831537362.1859643,,,"{""sum_rel_diff"": 0.0, ""log_entries"": 10, ""n_results"": 10, ""user_lock_acquisitions"": 0}",2026-08-12T06:43:05Z
exp3_writer,single,lock,10,measured,5,55,0.013693,831537362.1859643,,,"{""sum_rel_diff"": 0.0, ""log_entries"": 10, ""n_results"": 10, ""user_lock_acquisitions"": 10}",2026-08-12T06:43:05Z
exp3_writer,single,record,10,measured,25,56,0.013305,831537362.1859643,,,"{""sum_rel_diff"": 0.0, ""log_entries"": 10, ""n_results"": 10, ""user_lock_acquisitions"": 0}",2026-08-12T06:43:05Z
exp3_writer,single,writer,10,measured,29,57,0.011989,831537362.1859643,,,"{""sum_rel_diff"": 0.0, ""log_entries"": 10, ""n_results"": 10, ""user_lock_acquisitions"": 0}",2026-08-12T06:43:05Z
exp3_writer,single,lock,10,measured,26,58,0.012857,831537362.1859643,,,"{""sum_rel_diff"": 0.0, ""log_entries"": 10, ""n_results"": 10, ""user_lock_acquisitions"": 10}",2026-08-12T06:43:05Z
exp3_writer,single,writer,10,measured,18,59,0.012254,831537362.1859643,,,"{""sum_rel_diff"": 0.0, ""log_entries"": 10, ""n_results"": 10, ""user_lock_acquisitions"": 0}",2026-08-12T06:43:05Z
exp3_writer,single,indexed,10,measured,8,60,0.012876,831537362.1859643,,,"{""sum_rel_diff"": 0.0, ""log_entries"": 10, ""n_results"": 10, ""user_lock_acquisitions"": 0}",2026-08-12T06:43:05Z
exp3_writer,single,lock,10,measured,1,61,0.011751,831537362.1859643,,,"{""sum_rel_diff"": 0.0, ""log_entries"": 10, ""n_results"": 10, ""user_lock_acquisitions"": 10}",2026-08-12T06:43:05Z
exp3_writer,single,indexed,10,measured,6,62,0.012273,831537362.1859643,,,"{""sum_rel_diff"": 0.0, ""log_entries"": 10, ""n_results"": 10, ""user_lock_acquisitions"": 0}",2026-08-12T06:43:05Z
exp3_writer,single,lock,10,measured,16,63,0.013168,831537362.1859643,,,"{""sum_rel_diff"": 0.0, ""log_entries"": 10, ""n_results"": 10, ""user_lock_acquisitions"": 10}",2026-08-12T06:43:05Z
exp3_writer,single,indexed,10,measured,16,64,0.012939,831537362.1859643,,,"{""sum_rel_diff"": 0.0, ""log_entries"": 10, ""n_results"": 10, ""user_lock_acquisitions"": 0}",2026-08-12T06:43:05Z
exp3_writer,single,record,10,measured,4,65,0.012116,831537362.1859643,,,"{""sum_rel_diff"": 0.0, ""log_entries"": 10, ""n_results"": 10, ""user_lock_acquisitions"": 0}",2026-08-12T06:43:05Z
exp3_writer,single,indexed,10,measured,19,66,0.013598,831537362.1859643,,,"{""sum_rel_diff"": 0.0, ""log_entries"": 10, ""n_results"": 10, ""user_lock_acquisitions"": 0}",2026-08-12T06:43:05Z
exp3_writer,single,indexed,10,measured,1,67,0.012374,831537362.1859643,,,"{""sum_rel_diff"": 0.0, ""log_entries"": 10, ""n_results"": 10, ""user_lock_acquisitions"": 0}",2026-08-12T06:43:05Z
exp3_writer,single,record,10,measured,28,68,0.012225,831537362.1859643,,,"{""sum_rel_diff"": 0.0, ""log_entries"": 10, ""n_results"": 10, ""user_lock_acquisitions"": 0}",2026-08-12T06:43:05Z
exp3_writer,single,lock,10,measured,18,69,0.014031,831537362.1859643,,,"{""sum_rel_diff"": 0.0, ""log_entries"": 10, ""n_results"": 10, ""user_lock_acquisitions"": 10}",2026-08-12T06:43:05Z
exp3_writer,single,record,10,measured,23,70,0.013022,831537362.1859643,,,"{""sum_rel_diff"": 0.0, ""log_entries"": 10, ""n_results"": 10, ""user_lock_acquisitions"": 0}",2026-08-12T06:43:05Z
exp3_writer,single,indexed,10,measured,0,71,0.012171,831537362.1859643,,,"{""sum_rel_diff"": 0.0, ""log_entries"": 10, ""n_results"": 10, ""user_lock_acquisitions"": 0}",2026-08-12T06:43:05Z
exp3_writer,single,record,10,measured,27,72,0.012659,831537362.1859643,,,"{""sum_rel_diff"": 0.0, ""log_entries"": 10, ""n_results"": 10, ""user_lock_acquisitions"": 0}",2026-08-12T06:43:05Z
exp3_writer,single,record,10,measured,0,73,0.013033,831537362.1859643,,,"{""sum_rel_diff"": 0.0, ""log_entries"": 10, ""n_results"": 10, ""user_lock_acquisitions"": 0}",2026-08-12T06:43:05Z
exp3_writer,single,indexed,10,measured,17,74,0.012035,831537362.1859643,,,"{""sum_rel_diff"": 0.0, ""log_entries"": 10, ""n_results"": 10, ""user_lock_acquisitions"": 0}",2026-08-12T06:43:05Z
exp3_writer,single,writer,10,measured,4,75,0.012443,831537362.1859643,,,"{""sum_rel_diff"": 0.0, ""log_entries"": 10, ""n_results"": 10, ""user_lock_acquisitions"": 0}",2026-08-12T06:43:05Z
exp3_writer,single,writer,10,measured,5,76,0.012519,831537362.1859643,,,"{""sum_rel_diff"": 0.0, ""log_entries"": 10, ""n_results"": 10, ""user_lock_acquisitions"": 0}",2026-08-12T06:43:05Z
exp3_writer,single,record,10,measured,16,77,0.014041,831537362.1859643,,,"{""sum_rel_diff"": 0.0, ""log_entries"": 10, ""n_results"": 10, ""user_lock_acquisitions"": 0}",2026-08-12T06:43:05Z
exp3_writer,single,indexed,10,measured,23,78,0.012623,831537362.1859643,,,"{""sum_rel_diff"": 0.0, ""log_entries"": 10, ""n_results"": 10, ""user_lock_acquisitions"": 0}",2026-08-12T06:43:05Z
exp3_writer,single,writer,10,measured,12,79,0.012389,831537362.1859643,,,"{""sum_rel_diff"": 0.0, ""log_entries"": 10, ""n_results"": 10, ""user_lock_acquisitions"": 0}",2026-08-12T06:43:05Z
exp3_writer,single,record,10,measured,24,80,0.012720,831537362.1859643,,,"{""sum_rel_diff"": 0.0, ""log_entries"": 10, ""n_results"": 10, ""user_lock_acquisitions"": 0}",2026-08-12T06:43:05Z
exp3_writer,single,lock,10,measured,20,81,0.012604,831537362.1859643,,,"{""sum_rel_diff"": 0.0, ""log_entries"": 10, ""n_results"": 10, ""user_lock_acquisitions"": 10}",2026-08-12T06:43:05Z
exp3_writer,single,record,10,measured,9,82,0.012651,831537362.1859643,,,"{""sum_rel_diff"": 0.0, ""log_entries"": 10, ""n_results"": 10, ""user_lock_acquisitions"": 0}",2026-08-12T06:43:05Z
exp3_writer,single,indexed,10,measured,24,83,0.012322,831537362.1859643,,,"{""sum_rel_diff"": 0.0, ""log_entries"": 10, ""n_results"": 10, ""user_lock_acquisitions"": 0}",2026-08-12T06:43:05Z
exp3_writer,single,record,10,measured,19,84,0.012621,831537362.1859643,,,"{""sum_rel_diff"": 0.0, ""log_entries"": 10, ""n_results"": 10, ""user_lock_acquisitions"": 0}",2026-08-12T06:43:05Z
exp3_writer,single,lock,10,measured,15,85,0.012313,831537362.1859643,,,"{""sum_rel_diff"": 0.0, ""log_entries"": 10, ""n_results"": 10, ""user_lock_acquisitions"": 10}",2026-08-12T06:43:05Z
exp3_writer,single,record,10,measured,29,86,0.012750,831537362.1859643,,,"{""sum_rel_diff"": 0.0, ""log_entries"": 10, ""n_results"": 10, ""user_lock_acquisitions"": 0}",2026-08-12T06:43:05Z
exp3_writer,single,record,10,measured,21,87,0.012672,831537362.1859643,,,"{""sum_rel_diff"": 0.0, ""log_entries"": 10, ""n_results"": 10, ""user_lock_acquisitions"": 0}",2026-08-12T06:43:05Z
exp3_writer,single,record,10,measured,12,88,0.012997,831537362.1859643,,,"{""sum_rel_diff"": 0.0, ""log_entries"": 10, ""n_results"": 10, ""user_lock_acquisitions"": 0}",2026-08-12T06:43:05Z
exp3_writer,single,writer,10,measured,20,89,0.012282,831537362.1859643,,,"{""sum_rel_diff"": 0.0, ""log_entries"": 10, ""n_results"": 10, ""user_lock_acquisitions"": 0}",2026-08-12T06:43:05Z
exp3_writer,single,writer,10,measured,9,90,0.012556,831537362.1859643,,,"{""sum_rel_diff"": 0.0, ""log_entries"": 10, ""n_results"": 10, ""user_lock_acquisitions"": 0}",2026-08-12T06:43:05Z
exp3_writer,single,lock,10,measured,4,91,0.011887,831537362.1859643,,,"{""sum_rel_diff"": 0.0, ""log_entries"": 10, ""n_results"": 10, ""user_lock_acquisitions"": 10}",2026-08-12T06:43:05Z
exp3_writer,single,writer,10,measured,25,92,0.012947,831537362.1859643,,,"{""sum_rel_diff"": 0.0, ""log_entries"": 10, ""n_results"": 10, ""user_lock_acquisitions"": 0}",2026-08-12T06:43:05Z
exp3_writer,single,lock,10,measured,8,93,0.012038,831537362.1859643,,,"{""sum_rel_diff"": 0.0, ""log_entries"": 10, ""n_results"": 10, ""user_lock_acquisitions"": 10}",2026-08-12T06:43:05Z
exp3_writer,single,writer,10,measured,26,94,0.012668,831537362.1859643,,,"{""sum_rel_diff"": 0.0, ""log_entries"": 10, ""n_results"": 10, ""user_lock_acquisitions"": 0}",2026-08-12T06:43:05Z
exp3_writer,single,lock,10,measured,24,95,0.012623,831537362.1859643,,,"{""sum_rel_diff"": 0.0, ""log_entries"": 10, ""n_results"": 10, ""user_lock_acquisitions"": 10}",2026-08-12T06:43:05Z
exp3_writer,single,writer,10,measured,2,96,0.012255,831537362.1859643,,,"{""sum_rel_diff"": 0.0, ""log_entries"": 10, ""n_results"": 10, ""user_lock_acquisitions"": 0}",2026-08-12T06:43:05Z
exp3_writer,single,lock,10,measured,9,97,0.012736,831537362.1859643,,,"{""sum_rel_diff"": 0.0, ""log_entries"": 10, ""n_results"": 10, ""user_lock_acquisitions"": 10}",2026-08-12T06:43:05Z
exp3_writer,single,record,10,measured,14,98,0.013212,831537362.1859643,,,"{""sum_rel_diff"": 0.0, ""log_entries"": 10, ""n_results"": 10, ""user_lock_acquisitions"": 0}",2026-08-12T06:43:05Z
exp3_writer,single,indexed,10,measured,26,99,0.012305,831537362.1859643,,,"{""sum_rel_diff"": 0.0, ""log_entries"": 10, ""n_results"": 10, ""user_lock_acquisitions"": 0}",2026-08-12T06:43:05Z
exp3_writer,single,writer,10,measured,28,100,0.012175,831537362.1859643,,,"{""sum_rel_diff"": 0.0, ""log_entries"": 10, ""n_results"": 10, ""user_lock_acquisitions"": 0}",2026-08-12T06:43:05Z
exp3_writer,single,lock,10,measured,3,101,0.012969,831537362.1859643,,,"{""sum_rel_diff"": 0.0, ""log_entries"": 10, ""n_results"": 10, ""user_lock_acquisitions"": 10}",2026-08-12T06:43:05Z
exp3_writer,single,writer,10,measured,24,102,0.013834,831537362.1859643,,,"{""sum_rel_diff"": 0.0, ""log_entries"": 10, ""n_results"": 10, ""user_lock_acquisitions"": 0}",2026-08-12T06:43:05Z
exp3_writer,single,indexed,10,measured,14,103,0.012113,831537362.1859643,,,"{""sum_rel_diff"": 0.0, ""log_entries"": 10, ""n_results"": 10, ""user_lock_acquisitions"": 0}",2026-08-12T06:43:05Z
exp3_writer,single,writer,10,measured,3,104,0.012424,831537362.1859643,,,"{""sum_rel_diff"": 0.0, ""log_entries"": 10, ""n_results"": 10, ""user_lock_acquisitions"": 0}",2026-08-12T06:43:05Z
exp3_writer,single,record,10,measured,1,105,0.012702,831537362.1859643,,,"{""sum_rel_diff"": 0.0, ""log_entries"": 10, ""n_results"": 10, ""user_lock_acquisitions"": 0}",2026-08-12T06:43:05Z
exp3_writer,single,writer,10,measured,6,106,0.013189,831537362.1859643,,,"{""sum_rel_diff"": 0.0, ""log_entries"": 10, ""n_results"": 10, ""user_lock_acquisitions"": 0}",2026-08-12T06:43:05Z
exp3_writer,single,record,10,measured,10,107,0.012369,831537362.1859643,,,"{""sum_rel_diff"": 0.0, ""log_entries"": 10, ""n_results"": 10, ""user_lock_acquisitions"": 0}",2026-08-12T06:43:05Z
exp3_writer,single,indexed,10,measured,29,108,0.013900,831537362.1859643,,,"{""sum_rel_diff"": 0.0, ""log_entries"": 10, ""n_results"": 10, ""user_lock_acquisitions"": 0}",2026-08-12T06:43:06Z
exp3_writer,single,writer,10,measured,22,109,0.012075,831537362.1859643,,,"{""sum_rel_diff"": 0.0, ""log_entries"": 10, ""n_results"": 10, ""user_lock_acquisitions"": 0}",2026-08-12T06:43:06Z
exp3_writer,single,lock,10,measured,19,110,0.012854,831537362.1859643,,,"{""sum_rel_diff"": 0.0, ""log_entries"": 10, ""n_results"": 10, ""user_lock_acquisitions"": 10}",2026-08-12T06:43:06Z
exp3_writer,single,lock,10,measured,0,111,0.011963,831537362.1859643,,,"{""sum_rel_diff"": 0.0, ""log_entries"": 10, ""n_results"": 10, ""user_lock_acquisitions"": 10}",2026-08-12T06:43:06Z
exp3_writer,single,record,10,measured,15,112,0.012312,831537362.1859643,,,"{""sum_rel_diff"": 0.0, ""log_entries"": 10, ""n_results"": 10, ""user_lock_acquisitions"": 0}",2026-08-12T06:43:06Z
exp3_writer,single,record,10,measured,11,113,0.012138,831537362.1859643,,,"{""sum_rel_diff"": 0.0, ""log_entries"": 10, ""n_results"": 10, ""user_lock_acquisitions"": 0}",2026-08-12T06:43:06Z
exp3_writer,single,record,10,measured,8,114,0.012637,831537362.1859643,,,"{""sum_rel_diff"": 0.0, ""log_entries"": 10, ""n_results"": 10, ""user_lock_acquisitions"": 0}",2026-08-12T06:43:06Z
exp3_writer,single,lock,10,measured,7,115,0.012215,831537362.1859643,,,"{""sum_rel_diff"": 0.0, ""log_entries"": 10, ""n_results"": 10, ""user_lock_acquisitions"": 10}",2026-08-12T06:43:06Z
exp3_writer,single,record,10,measured,3,116,0.012907,831537362.1859643,,,"{""sum_rel_diff"": 0.0, ""log_entries"": 10, ""n_results"": 10, ""user_lock_acquisitions"": 0}",2026-08-12T06:43:06Z
exp3_writer,single,record,10,measured,13,117,0.011737,831537362.1859643,,,"{""sum_rel_diff"": 0.0, ""log_entries"": 10, ""n_results"": 10, ""user_lock_acquisitions"": 0}",2026-08-12T06:43:06Z
exp3_writer,single,writer,10,measured,14,118,0.011902,831537362.1859643,,,"{""sum_rel_diff"": 0.0, ""log_entries"": 10, ""n_results"": 10, ""user_lock_acquisitions"": 0}",2026-08-12T06:43:06Z
exp3_writer,single,indexed,10,measured,15,119,0.012952,831537362.1859643,,,"{""sum_rel_diff"": 0.0, ""log_entries"": 10, ""n_results"": 10, ""user_lock_acquisitions"": 0}",2026-08-12T06:43:06Z
exp3_writer,single,lock,10,measured,11,120,0.011776,831537362.1859643,,,"{""sum_rel_diff"": 0.0, ""log_entries"": 10, ""n_results"": 10, ""user_lock_acquisitions"": 10}",2026-08-12T06:43:06Z
exp3_writer,single,lock,10,measured,12,121,0.012382,831537362.1859643,,,"{""sum_rel_diff"": 0.0, ""log_entries"": 10, ""n_results"": 10, ""user_lock_acquisitions"": 10}",2026-08-12T06:43:06Z
exp3_writer,single,writer,10,measured,11,122,0.013170,831537362.1859643,,,"{""sum_rel_diff"": 0.0, ""log_entries"": 10, ""n_results"": 10, ""user_lock_acquisitions"": 0}",2026-08-12T06:43:06Z
exp3_writer,single,writer,10,measured,8,123,0.012406,831537362.1859643,,,"{""sum_rel_diff"": 0.0, ""log_entries"": 10, ""n_results"": 10, ""user_lock_acquisitions"": 0}",2026-08-12T06:43:06Z
exp3_writer,single,lock,10,measured,6,124,0.011766,831537362.1859643,,,"{""sum_rel_diff"": 0.0, ""log_entries"": 10, ""n_results"": 10, ""user_lock_acquisitions"": 10}",2026-08-12T06:43:06Z
exp3_writer,single,indexed,10,measured,10,125,0.013373,831537362.1859643,,,"{""sum_rel_diff"": 0.0, ""log_entries"": 10, ""n_results"": 10, ""user_lock_acquisitions"": 0}",2026-08-12T06:43:06Z
exp3_writer,single,indexed,10,measured,9,126,0.012164,831537362.1859643,,,"{""sum_rel_diff"": 0.0, ""log_entries"": 10, ""n_results"": 10, ""user_lock_acquisitions"": 0}",2026-08-12T06:43:06Z
exp3_writer,single,writer,10,measured,27,127,0.012437,831537362.1859643,,,"{""sum_rel_diff"": 0.0, ""log_entries"": 10, ""n_results"": 10, ""user_lock_acquisitions"": 0}",2026-08-12T06:43:06Z
exp3_writer,single,writer,10,measured,7,128,0.012284,831537362.1859643,,,"{""sum_rel_diff"": 0.0, ""log_entries"": 10, ""n_results"": 10, ""user_lock_acquisitions"": 0}",2026-08-12T06:43:06Z
exp3_writer,single,record,10,measured,6,129,0.012295,831537362.1859643,,,"{""sum_rel_diff"": 0.0, ""log_entries"": 10, ""n_results"": 10, ""user_lock_acquisitions"": 0}",2026-08-12T06:43:06Z
exp3_writer,single,lock,10,measured,29,130,0.011841,831537362.1859643,,,"{""sum_rel_diff"": 0.0, ""log_entries"": 10, ""n_results"": 10, ""user_lock_acquisitions"": 10}",2026-08-12T06:43:06Z
exp3_writer,single,indexed,10,measured,18,131,0.011764,831537362.1859643,,,"{""sum_rel_diff"": 0.0, ""log_entries"": 10, ""n_results"": 10, ""user_lock_acquisitions"": 0}",2026-08-12T06:43:06Z
exp3_writer,single,record,12,warmup,2,0,0.013138,831537362.1859645,,,"{""sum_rel_diff"": 1.4336011221119537e-16, ""log_entries"": 12, ""n_results"": 12, ""user_lock_acquisitions"": 0}",2026-08-12T06:43:06Z
exp3_writer,single,lock,12,warmup,1,1,0.012087,831537362.1859645,,,"{""sum_rel_diff"": 1.4336011221119537e-16, ""log_entries"": 12, ""n_results"": 12, ""user_lock_acquisitions"": 12}",2026-08-12T06:43:06Z
exp3_writer,single,indexed,12,warmup,1,2,0.011906,831537362.1859645,,,"{""sum_rel_diff"": 1.4336011221119537e-16, ""log_entries"": 12, ""n_results"": 12, ""user_lock_acquisitions"": 0}",2026-08-12T06:43:06Z
exp3_writer,single,writer,12,warmup,0,3,0.011188,831537362.1859645,,,"{""sum_rel_diff"": 1.4336011221119537e-16, ""log_entries"": 12, ""n_results"": 12, ""user_lock_acquisitions"": 0}",2026-08-12T06:43:06Z
exp3_writer,single,indexed,12,warmup,0,4,0.011556,831537362.1859645,,,"{""sum_rel_diff"": 1.4336011221119537e-16, ""log_entries"": 12, ""n_results"": 12, ""user_lock_acquisitions"": 0}",2026-08-12T06:43:06Z
exp3_writer,single,record,12,warmup,1,5,0.011101,831537362.1859645,,,"{""sum_rel_diff"": 1.4336011221119537e-16, ""log_entries"": 12, ""n_results"": 12, ""user_lock_acquisitions"": 0}",2026-08-12T06:43:06Z
exp3_writer,single,lock,12,warmup,2,6,0.011384,831537362.1859645,,,"{""sum_rel_diff"": 1.4336011221119537e-16, ""log_entries"": 12, ""n_results"": 12, ""user_lock_acquisitions"": 12}",2026-08-12T06:43:06Z
exp3_writer,single,indexed,12,warmup,2,7,0.011374,831537362.1859645,,,"{""sum_rel_diff"": 1.4336011221119537e-16, ""log_entries"": 12, ""n_results"": 12, ""user_lock_acquisitions"": 0}",2026-08-12T06:43:06Z
exp3_writer,single,writer,12,warmup,1,8,0.010898,831537362.1859645,,,"{""sum_rel_diff"": 1.4336011221119537e-16, ""log_entries"": 12, ""n_results"": 12, ""user_lock_acquisitions"": 0}",2026-08-12T06:43:06Z
exp3_writer,single,lock,12,warmup,0,9,0.011210,831537362.1859645,,,"{""sum_rel_diff"": 1.4336011221119537e-16, ""log_entries"": 12, ""n_results"": 12, ""user_lock_acquisitions"": 12}",2026-08-12T06:43:06Z
exp3_writer,single,record,12,warmup,0,10,0.011645,831537362.1859645,,,"{""sum_rel_diff"": 1.4336011221119537e-16, ""log_entries"": 12, ""n_results"": 12, ""user_lock_acquisitions"": 0}",2026-08-12T06:43:06Z
exp3_writer,single,writer,12,warmup,2,11,0.012833,831537362.1859645,,,"{""sum_rel_diff"": 1.4336011221119537e-16, ""log_entries"": 12, ""n_results"": 12, ""user_lock_acquisitions"": 0}",2026-08-12T06:43:06Z
exp3_writer,single,record,12,measured,0,12,0.012862,831537362.1859645,,,"{""sum_rel_diff"": 1.4336011221119537e-16, ""log_entries"": 12, ""n_results"": 12, ""user_lock_acquisitions"": 0}",2026-08-12T06:43:06Z
exp3_writer,single,writer,12,measured,20,13,0.011459,831537362.1859645,,,"{""sum_rel_diff"": 1.4336011221119537e-16, ""log_entries"": 12, ""n_results"": 12, ""user_lock_acquisitions"": 0}",2026-08-12T06:43:06Z
exp3_writer,single,lock,12,measured,7,14,0.010688,831537362.1859645,,,"{""sum_rel_diff"": 1.4336011221119537e-16, ""log_entries"": 12, ""n_results"": 12, ""user_lock_acquisitions"": 12}",2026-08-12T06:43:06Z
exp3_writer,single,record,12,measured,1,15,0.010902,831537362.1859645,,,"{""sum_rel_diff"": 1.4336011221119537e-16, ""log_entries"": 12, ""n_results"": 12, ""user_lock_acquisitions"": 0}",2026-08-12T06:43:06Z
exp3_writer,single,lock,12,measured,17,16,0.010802,831537362.1859645,,,"{""sum_rel_diff"": 1.4336011221119537e-16, ""log_entries"": 12, ""n_results"": 12, ""user_lock_acquisitions"": 12}",2026-08-12T06:43:06Z
exp3_writer,single,indexed,12,measured,7,17,0.010502,831537362.1859645,,,"{""sum_rel_diff"": 1.4336011221119537e-16, ""log_entries"": 12, ""n_results"": 12, ""user_lock_acquisitions"": 0}",2026-08-12T06:43:06Z
exp3_writer,single,record,12,measured,5,18,0.012807,831537362.1859645,,,"{""sum_rel_diff"": 1.4336011221119537e-16, ""log_entries"": 12, ""n_results"": 12, ""user_lock_acquisitions"": 0}",2026-08-12T06:43:06Z
exp3_writer,single,record,12,measured,2,19,0.011604,831537362.1859645,,,"{""sum_rel_diff"": 1.4336011221119537e-16, ""log_entries"": 12, ""n_results"": 12, ""user_lock_acquisitions"": 0}",2026-08-12T06:43:06Z
exp3_writer,single,indexed,12,measured,20,20,0.010849,831537362.1859645,,,"{""sum_rel_diff"": 1.4336011221119537e-16, ""log_entries"": 12, ""n_results"": 12, ""user_lock_acquisitions"": 0}",2026-08-12T06:43:06Z
exp3_writer,single,writer,12,measured,7,21,0.012133,831537362.1859645,,,"{""sum_rel_diff"": 1.4336011221119537e-16, ""log_entries"": 12, ""n_results"": 12, ""user_lock_acquisitions"": 0}",2026-08-12T06:43:06Z
exp3_writer,single,writer,12,measured,21,22,0.011549,831537362.1859645,,,"{""sum_rel_diff"": 1.4336011221119537e-16, ""log_entries"": 12, ""n_results"": 12, ""user_lock_acquisitions"": 0}",2026-08-12T06:43:06Z
exp3_writer,single,record,12,measured,3,23,0.010813,831537362.1859645,,,"{""sum_rel_diff"": 1.4336011221119537e-16, ""log_entries"": 12, ""n_results"": 12, ""user_lock_acquisitions"": 0}",2026-08-12T06:43:06Z
exp3_writer,single,record,12,measured,7,24,0.011505,831537362.1859645,,,"{""sum_rel_diff"": 1.4336011221119537e-16, ""log_entries"": 12, ""n_results"": 12, ""user_lock_acquisitions"": 0}",2026-08-12T06:43:06Z
exp3_writer,single,indexed,12,measured,14,25,0.011483,831537362.1859645,,,"{""sum_rel_diff"": 1.4336011221119537e-16, ""log_entries"": 12, ""n_results"": 12, ""user_lock_acquisitions"": 0}",2026-08-12T06:43:06Z
exp3_writer,single,lock,12,measured,21,26,0.011455,831537362.1859645,,,"{""sum_rel_diff"": 1.4336011221119537e-16, ""log_entries"": 12, ""n_results"": 12, ""user_lock_acquisitions"": 12}",2026-08-12T06:43:06Z
exp3_writer,single,lock,12,measured,0,27,0.011348,831537362.1859645,,,"{""sum_rel_diff"": 1.4336011221119537e-16, ""log_entries"": 12, ""n_results"": 12, ""user_lock_acquisitions"": 12}",2026-08-12T06:43:06Z
exp3_writer,single,indexed,12,measured,16,28,0.010754,831537362.1859645,,,"{""sum_rel_diff"": 1.4336011221119537e-16, ""log_entries"": 12, ""n_results"": 12, ""user_lock_acquisitions"": 0}",2026-08-12T06:43:06Z
exp3_writer,single,record,12,measured,12,29,0.011515,831537362.1859645,,,"{""sum_rel_diff"": 1.4336011221119537e-16, ""log_entries"": 12, ""n_results"": 12, ""user_lock_acquisitions"": 0}",2026-08-12T06:43:06Z
exp3_writer,single,indexed,12,measured,0,30,0.011414,831537362.1859645,,,"{""sum_rel_diff"": 1.4336011221119537e-16, ""log_entries"": 12, ""n_results"": 12, ""user_lock_acquisitions"": 0}",2026-08-12T06:43:06Z
exp3_writer,single,writer,12,measured,27,31,0.011493,831537362.1859645,,,"{""sum_rel_diff"": 1.4336011221119537e-16, ""log_entries"": 12, ""n_results"": 12, ""user_lock_acquisitions"": 0}",2026-08-12T06:43:06Z
exp3_writer,single,writer,12,measured,10,32,0.011165,831537362.1859645,,,"{""sum_rel_diff"": 1.4336011221119537e-16, ""log_entries"": 12, ""n_results"": 12, ""user_lock_acquisitions"": 0}",2026-08-12T06:43:06Z
exp3_writer,single,record,12,measured,20,33,0.010606,831537362.1859645,,,"{""sum_rel_diff"": 1.4336011221119537e-16, ""log_entries"": 12, ""n_results"": 12, ""user_lock_acquisitions"": 0}",2026-08-12T06:43:06Z
exp3_writer,single,record,12,measured,13,34,0.010661,831537362.1859645,,,"{""sum_rel_diff"": 1.4336011221119537e-16, ""log_entries"": 12, ""n_results"": 12, ""user_lock_acquisitions"": 0}",2026-08-12T06:43:06Z
exp3_writer,single,lock,12,measured,25,35,0.010251,831537362.1859645,,,"{""sum_rel_diff"": 1.4336011221119537e-16, ""log_entries"": 12, ""n_results"": 12, ""user_lock_acquisitions"": 12}",2026-08-12T06:43:06Z
exp3_writer,single,indexed,12,measured,2,36,0.010799,831537362.1859645,,,"{""sum_rel_diff"": 1.4336011221119537e-16, ""log_entries"": 12, ""n_results"": 12, ""user_lock_acquisitions"": 0}",2026-08-12T06:43:06Z
exp3_writer,single,indexed,12,measured,28,37,0.012547,831537362.1859645,,,"{""sum_rel_diff"": 1.4336011221119537e-16, ""log_entries"": 12, ""n_results"": 12, ""user_lock_acquisitions"": 0}",2026-08-12T06:43:06Z
exp3_writer,single,lock,12,measured,4,38,0.011290,831537362.1859645,,,"{""sum_rel_diff"": 1.4336011221119537e-16, ""log_entries"": 12, ""n_results"": 12, ""user_lock_acquisitions"": 12}",2026-08-12T06:43:06Z
exp3_writer,single,lock,12,measured,3,39,0.010777,831537362.1859645,,,"{""sum_rel_diff"": 1.4336011221119537e-16, ""log_entries"": 12, ""n_results"": 12, ""user_lock_acquisitions"": 12}",2026-08-12T06:43:06Z
exp3_writer,single,indexed,12,measured,9,40,0.010824,831537362.1859645,,,"{""sum_rel_diff"": 1.4336011221119537e-16, ""log_entries"": 12, ""n_results"": 12, ""user_lock_acquisitions"": 0}",2026-08-12T06:43:06Z
exp3_writer,single,record,12,measured,4,41,0.010437,831537362.1859645,,,"{""sum_rel_diff"": 1.4336011221119537e-16, ""log_entries"": 12, ""n_results"": 12, ""user_lock_acquisitions"": 0}",2026-08-12T06:43:06Z
exp3_writer,single,record,12,measured,25,42,0.010712,831537362.1859645,,,"{""sum_rel_diff"": 1.4336011221119537e-16, ""log_entries"": 12, ""n_results"": 12, ""user_lock_acquisitions"": 0}",2026-08-12T06:43:06Z
exp3_writer,single,indexed,12,measured,25,43,0.011634,831537362.1859645,,,"{""sum_rel_diff"": 1.4336011221119537e-16, ""log_entries"": 12, ""n_results"": 12, ""user_lock_acquisitions"": 0}",2026-08-12T06:43:06Z
exp3_writer,single,writer,12,measured,18,44,0.012509,831537362.1859645,,,"{""sum_rel_diff"": 1.4336011221119537e-16, ""log_entries"": 12, ""n_results"": 12, ""user_lock_acquisitions"": 0}",2026-08-12T06:43:06Z
exp3_writer,single,writer,12,measured,1,45,0.011818,831537362.1859645,,,"{""sum_rel_diff"": 1.4336011221119537e-16, ""log_entries"": 12, ""n_results"": 12, ""user_lock_acquisitions"": 0}",2026-08-12T06:43:06Z
exp3_writer,single,writer,12,measured,24,46,0.010811,831537362.1859645,,,"{""sum_rel_diff"": 1.4336011221119537e-16, ""log_entries"": 12, ""n_results"": 12, ""user_lock_acquisitions"": 0}",2026-08-12T06:43:06Z
exp3_writer,single,indexed,12,measured,6,47,0.010863,831537362.1859645,,,"{""sum_rel_diff"": 1.4336011221119537e-16, ""log_entries"": 12, ""n_results"": 12, ""user_lock_acquisitions"": 0}",2026-08-12T06:43:06Z
exp3_writer,single,record,12,measured,8,48,0.010596,831537362.1859645,,,"{""sum_rel_diff"": 1.4336011221119537e-16, ""log_entries"": 12, ""n_results"": 12, ""user_lock_acquisitions"": 0}",2026-08-12T06:43:06Z
exp3_writer,single,record,12,measured,26,49,0.011012,831537362.1859645,,,"{""sum_rel_diff"": 1.4336011221119537e-16, ""log_entries"": 12, ""n_results"": 12, ""user_lock_acquisitions"": 0}",2026-08-12T06:43:06Z
exp3_writer,single,writer,12,measured,4,50,0.011453,831537362.1859645,,,"{""sum_rel_diff"": 1.4336011221119537e-16, ""log_entries"": 12, ""n_results"": 12, ""user_lock_acquisitions"": 0}",2026-08-12T06:43:06Z
exp3_writer,single,lock,12,measured,16,51,0.011107,831537362.1859645,,,"{""sum_rel_diff"": 1.4336011221119537e-16, ""log_entries"": 12, ""n_results"": 12, ""user_lock_acquisitions"": 12}",2026-08-12T06:43:06Z
exp3_writer,single,lock,12,measured,29,52,0.011937,831537362.1859645,,,"{""sum_rel_diff"": 1.4336011221119537e-16, ""log_entries"": 12, ""n_results"": 12, ""user_lock_acquisitions"": 12}",2026-08-12T06:43:06Z
exp3_writer,single,record,12,measured,18,53,0.012118,831537362.1859645,,,"{""sum_rel_diff"": 1.4336011221119537e-16, ""log_entries"": 12, ""n_results"": 12, ""user_lock_acquisitions"": 0}",2026-08-12T06:43:06Z
exp3_writer,single,record,12,measured,28,54,0.011458,831537362.1859645,,,"{""sum_rel_diff"": 1.4336011221119537e-16, ""log_entries"": 12, ""n_results"": 12, ""user_lock_acquisitions"": 0}",2026-08-12T06:43:06Z
exp3_writer,single,record,12,measured,15,55,0.010509,831537362.1859645,,,"{""sum_rel_diff"": 1.4336011221119537e-16, ""log_entries"": 12, ""n_results"": 12, ""user_lock_acquisitions"": 0}",2026-08-12T06:43:06Z
exp3_writer,single,lock,12,measured,5,56,0.012494,831537362.1859645,,,"{""sum_rel_diff"": 1.4336011221119537e-16, ""log_entries"": 12, ""n_results"": 12, ""user_lock_acquisitions"": 12}",2026-08-12T06:43:06Z
exp3_writer,single,lock,12,measured,20,57,0.011478,831537362.1859645,,,"{""sum_rel_diff"": 1.4336011221119537e-16, ""log_entries"": 12, ""n_results"": 12, ""user_lock_acquisitions"": 12}",2026-08-12T06:43:06Z
exp3_writer,single,lock,12,measured,1,58,0.012764,831537362.1859645,,,"{""sum_rel_diff"": 1.4336011221119537e-16, ""log_entries"": 12, ""n_results"": 12, ""user_lock_acquisitions"": 12}",2026-08-12T06:43:06Z
exp3_writer,single,lock,12,measured,6,59,0.011352,831537362.1859645,,,"{""sum_rel_diff"": 1.4336011221119537e-16, ""log_entries"": 12, ""n_results"": 12, ""user_lock_acquisitions"": 12}",2026-08-12T06:43:06Z
exp3_writer,single,indexed,12,measured,22,60,0.010972,831537362.1859645,,,"{""sum_rel_diff"": 1.4336011221119537e-16, ""log_entries"": 12, ""n_results"": 12, ""user_lock_acquisitions"": 0}",2026-08-12T06:43:06Z
exp3_writer,single,indexed,12,measured,3,61,0.011680,831537362.1859645,,,"{""sum_rel_diff"": 1.4336011221119537e-16, ""log_entries"": 12, ""n_results"": 12, ""user_lock_acquisitions"": 0}",2026-08-12T06:43:07Z
exp3_writer,single,indexed,12,measured,21,62,0.010280,831537362.1859645,,,"{""sum_rel_diff"": 1.4336011221119537e-16, ""log_entries"": 12, ""n_results"": 12, ""user_lock_acquisitions"": 0}",2026-08-12T06:43:07Z
exp3_writer,single,writer,12,measured,22,63,0.010987,831537362.1859645,,,"{""sum_rel_diff"": 1.4336011221119537e-16, ""log_entries"": 12, ""n_results"": 12, ""user_lock_acquisitions"": 0}",2026-08-12T06:43:07Z
exp3_writer,single,lock,12,measured,24,64,0.010828,831537362.1859645,,,"{""sum_rel_diff"": 1.4336011221119537e-16, ""log_entries"": 12, ""n_results"": 12, ""user_lock_acquisitions"": 12}",2026-08-12T06:43:07Z
exp3_writer,single,indexed,12,measured,24,65,0.011672,831537362.1859645,,,"{""sum_rel_diff"": 1.4336011221119537e-16, ""log_entries"": 12, ""n_results"": 12, ""user_lock_acquisitions"": 0}",2026-08-12T06:43:07Z
exp3_writer,single,lock,12,measured,11,66,0.012339,831537362.1859645,,,"{""sum_rel_diff"": 1.4336011221119537e-16, ""log_entries"": 12, ""n_results"": 12, ""user_lock_acquisitions"": 12}",2026-08-12T06:43:07Z
exp3_writer,single,indexed,12,measured,27,67,0.011050,831537362.1859645,,,"{""sum_rel_diff"": 1.4336011221119537e-16, ""log_entries"": 12, ""n_results"": 12, ""user_lock_acquisitions"": 0}",2026-08-12T06:43:07Z
exp3_writer,single,writer,12,measured,5,68,0.011200,831537362.1859645,,,"{""sum_rel_diff"": 1.4336011221119537e-16, ""log_entries"": 12, ""n_results"": 12, ""user_lock_acquisitions"": 0}",2026-08-12T06:43:07Z
exp3_writer,single,lock,12,measured,15,69,0.011212,831537362.1859645,,,"{""sum_rel_diff"": 1.4336011221119537e-16, ""log_entries"": 12, ""n_results"": 12, ""user_lock_acquisitions"": 12}",2026-08-12T06:43:07Z
exp3_writer,single,writer,12,measured,14,70,0.010588,831537362.1859645,,,"{""sum_rel_diff"": 1.4336011221119537e-16, ""log_entries"": 12, ""n_results"": 12, ""user_lock_acquisitions"": 0}",2026-08-12T06:43:07Z
exp3_writer,single,writer,12,measured,23,71,0.011439,831537362.1859645,,,"{""sum_rel_diff"": 1.4336011221119537e-16, ""log_entries"": 12, ""n_results"": 12, ""user_lock_acquisitions"": 0}",2026-08-12T06:43:07Z
exp3_writer,single,writer,12,measured,11,72,0.011082,831537362.1859645,,,"{""sum_rel_diff"": 1.4336011221119537e-16, ""log_entries"": 12, ""n_results"": 12, ""user_lock_acquisitions"": 0}",2026-08-12T06:43:07Z
exp3_writer,single,writer,12,measured,0,73,0.010850,831537362.1859645,,,"{""sum_rel_diff"": 1.4336011221119537e-16, ""log_entries"": 12, ""n_results"": 12, ""user_lock_acquisitions"": 0}",2026-08-12T06:43:07Z
exp3_writer,single,indexed,12,measured,19,74,0.012247,831537362.1859645,,,"{""sum_rel_diff"": 1.4336011221119537e-16, ""log_entries"": 12, ""n_results"": 12, ""user_lock_acquisitions"": 0}",2026-08-12T06:43:07Z
exp3_writer,single,indexed,12,measured,5,75,0.011297,831537362.1859645,,,"{""sum_rel_diff"": 1.4336011221119537e-16, ""log_entries"": 12, ""n_results"": 12, ""user_lock_acquisitions"": 0}",2026-08-12T06:43:07Z
exp3_writer,single,record,12,measured,11,76,0.010778,831537362.1859645,,,"{""sum_rel_diff"": 1.4336011221119537e-16, ""log_entries"": 12, ""n_results"": 12, ""user_lock_acquisitions"": 0}",2026-08-12T06:43:07Z
exp3_writer,single,lock,12,measured,2,77,0.010530,831537362.1859645,,,"{""sum_rel_diff"": 1.4336011221119537e-16, ""log_entries"": 12, ""n_results"": 12, ""user_lock_acquisitions"": 12}",2026-08-12T06:43:07Z
exp3_writer,single,writer,12,measured,8,78,0.011401,831537362.1859645,,,"{""sum_rel_diff"": 1.4336011221119537e-16, ""log_entries"": 12, ""n_results"": 12, ""user_lock_acquisitions"": 0}",2026-08-12T06:43:07Z
exp3_writer,single,indexed,12,measured,23,79,0.012728,831537362.1859645,,,"{""sum_rel_diff"": 1.4336011221119537e-16, ""log_entries"": 12, ""n_results"": 12, ""user_lock_acquisitions"": 0}",2026-08-12T06:43:07Z
exp3_writer,single,indexed,12,measured,18,80,0.011537,831537362.1859645,,,"{""sum_rel_diff"": 1.4336011221119537e-16, ""log_entries"": 12, ""n_results"": 12, ""user_lock_acquisitions"": 0}",2026-08-12T06:43:07Z
exp3_writer,single,writer,12,measured,19,81,0.012640,831537362.1859645,,,"{""sum_rel_diff"": 1.4336011221119537e-16, ""log_entries"": 12, ""n_results"": 12, ""user_lock_acquisitions"": 0}",2026-08-12T06:43:07Z
exp3_writer,single,lock,12,measured,9,82,0.011255,831537362.1859645,,,"{""sum_rel_diff"": 1.4336011221119537e-16, ""log_entries"": 12, ""n_results"": 12, ""user_lock_acquisitions"": 12}",2026-08-12T06:43:07Z
exp3_writer,single,lock,12,measured,26,83,0.010656,831537362.1859645,,,"{""sum_rel_diff"": 1.4336011221119537e-16, ""log_entries"": 12, ""n_results"": 12, ""user_lock_acquisitions"": 12}",2026-08-12T06:43:07Z
exp3_writer,single,lock,12,measured,10,84,0.011612,831537362.1859645,,,"{""sum_rel_diff"": 1.4336011221119537e-16, ""log_entries"": 12, ""n_results"": 12, ""user_lock_acquisitions"": 12}",2026-08-12T06:43:07Z
exp3_writer,single,writer,12,measured,26,85,0.012476,831537362.1859645,,,"{""sum_rel_diff"": 1.4336011221119537e-16, ""log_entries"": 12, ""n_results"": 12, ""user_lock_acquisitions"": 0}",2026-08-12T06:43:07Z
exp3_writer,single,lock,12,measured,22,86,0.010478,831537362.1859645,,,"{""sum_rel_diff"": 1.4336011221119537e-16, ""log_entries"": 12, ""n_results"": 12, ""user_lock_acquisitions"": 12}",2026-08-12T06:43:07Z
exp3_writer,single,record,12,measured,10,87,0.012506,831537362.1859645,,,"{""sum_rel_diff"": 1.4336011221119537e-16, ""log_entries"": 12, ""n_results"": 12, ""user_lock_acquisitions"": 0}",2026-08-12T06:43:07Z
exp3_writer,single,record,12,measured,23,88,0.011369,831537362.1859645,,,"{""sum_rel_diff"": 1.4336011221119537e-16, ""log_entries"": 12, ""n_results"": 12, ""user_lock_acquisitions"": 0}",2026-08-12T06:43:07Z
exp3_writer,single,writer,12,measured,3,89,0.010836,831537362.1859645,,,"{""sum_rel_diff"": 1.4336011221119537e-16, ""log_entries"": 12, ""n_results"": 12, ""user_lock_acquisitions"": 0}",2026-08-12T06:43:07Z
exp3_writer,single,writer,12,measured,13,90,0.010766,831537362.1859645,,,"{""sum_rel_diff"": 1.4336011221119537e-16, ""log_entries"": 12, ""n_results"": 12, ""user_lock_acquisitions"": 0}",2026-08-12T06:43:07Z
exp3_writer,single,record,12,measured,6,91,0.011540,831537362.1859645,,,"{""sum_rel_diff"": 1.4336011221119537e-16, ""log_entries"": 12, ""n_results"": 12, ""user_lock_acquisitions"": 0}",2026-08-12T06:43:07Z
exp3_writer,single,lock,12,measured,13,92,0.011657,831537362.1859645,,,"{""sum_rel_diff"": 1.4336011221119537e-16, ""log_entries"": 12, ""n_results"": 12, ""user_lock_acquisitions"": 12}",2026-08-12T06:43:07Z
exp3_writer,single,record,12,measured,27,93,0.011876,831537362.1859645,,,"{""sum_rel_diff"": 1.4336011221119537e-16, ""log_entries"": 12, ""n_results"": 12, ""user_lock_acquisitions"": 0}",2026-08-12T06:43:07Z
exp3_writer,single,lock,12,measured,23,94,0.011696,831537362.1859645,,,"{""sum_rel_diff"": 1.4336011221119537e-16, ""log_entries"": 12, ""n_results"": 12, ""user_lock_acquisitions"": 12}",2026-08-12T06:43:07Z
exp3_writer,single,indexed,12,measured,8,95,0.011707,831537362.1859645,,,"{""sum_rel_diff"": 1.4336011221119537e-16, ""log_entries"": 12, ""n_results"": 12, ""user_lock_acquisitions"": 0}",2026-08-12T06:43:07Z
exp3_writer,single,writer,12,measured,2,96,0.012626,831537362.1859645,,,"{""sum_rel_diff"": 1.4336011221119537e-16, ""log_entries"": 12, ""n_results"": 12, ""user_lock_acquisitions"": 0}",2026-08-12T06:43:07Z
exp3_writer,single,writer,12,measured,25,97,0.010897,831537362.1859645,,,"{""sum_rel_diff"": 1.4336011221119537e-16, ""log_entries"": 12, ""n_results"": 12, ""user_lock_acquisitions"": 0}",2026-08-12T06:43:07Z
exp3_writer,single,writer,12,measured,6,98,0.010606,831537362.1859645,,,"{""sum_rel_diff"": 1.4336011221119537e-16, ""log_entries"": 12, ""n_results"": 12, ""user_lock_acquisitions"": 0}",2026-08-12T06:43:07Z
exp3_writer,single,indexed,12,measured,26,99,0.011509,831537362.1859645,,,"{""sum_rel_diff"": 1.4336011221119537e-16, ""log_entries"": 12, ""n_results"": 12, ""user_lock_acquisitions"": 0}",2026-08-12T06:43:07Z
exp3_writer,single,lock,12,measured,19,100,0.012945,831537362.1859645,,,"{""sum_rel_diff"": 1.4336011221119537e-16, ""log_entries"": 12, ""n_results"": 12, ""user_lock_acquisitions"": 12}",2026-08-12T06:43:07Z
exp3_writer,single,lock,12,measured,27,101,0.011418,831537362.1859645,,,"{""sum_rel_diff"": 1.4336011221119537e-16, ""log_entries"": 12, ""n_results"": 12, ""user_lock_acquisitions"": 12}",2026-08-12T06:43:07Z
exp3_writer,single,record,12,measured,17,102,0.011779,831537362.1859645,,,"{""sum_rel_diff"": 1.4336011221119537e-16, ""log_entries"": 12, ""n_results"": 12, ""user_lock_acquisitions"": 0}",2026-08-12T06:43:07Z
exp3_writer,single,indexed,12,measured,13,103,0.011234,831537362.1859645,,,"{""sum_rel_diff"": 1.4336011221119537e-16, ""log_entries"": 12, ""n_results"": 12, ""user_lock_acquisitions"": 0}",2026-08-12T06:43:07Z
exp3_writer,single,record,12,measured,9,104,0.011075,831537362.1859645,,,"{""sum_rel_diff"": 1.4336011221119537e-16, ""log_entries"": 12, ""n_results"": 12, ""user_lock_acquisitions"": 0}",2026-08-12T06:43:07Z
exp3_writer,single,indexed,12,measured,11,105,0.011395,831537362.1859645,,,"{""sum_rel_diff"": 1.4336011221119537e-16, ""log_entries"": 12, ""n_results"": 12, ""user_lock_acquisitions"": 0}",2026-08-12T06:43:07Z
exp3_writer,single,lock,12,measured,8,106,0.011595,831537362.1859645,,,"{""sum_rel_diff"": 1.4336011221119537e-16, ""log_entries"": 12, ""n_results"": 12, ""user_lock_acquisitions"": 12}",2026-08-12T06:43:07Z
exp3_writer,single,lock,12,measured,14,107,0.011666,831537362.1859645,,,"{""sum_rel_diff"": 1.4336011221119537e-16, ""log_entries"": 12, ""n_results"": 12, ""user_lock_acquisitions"": 12}",2026-08-12T06:43:07Z
exp3_writer,single,writer,12,measured,29,108,0.012548,831537362.1859645,,,"{""sum_rel_diff"": 1.4336011221119537e-16, ""log_entries"": 12, ""n_results"": 12, ""user_lock_acquisitions"": 0}",2026-08-12T06:43:07Z
exp3_writer,single,writer,12,measured,28,109,0.010898,831537362.1859645,,,"{""sum_rel_diff"": 1.4336011221119537e-16, ""log_entries"": 12, ""n_results"": 12, ""user_lock_acquisitions"": 0}",2026-08-12T06:43:07Z
exp3_writer,single,writer,12,measured,9,110,0.014226,831537362.1859645,,,"{""sum_rel_diff"": 1.4336011221119537e-16, ""log_entries"": 12, ""n_results"": 12, ""user_lock_acquisitions"": 0}",2026-08-12T06:43:07Z
exp3_writer,single,writer,12,measured,12,111,0.012390,831537362.1859645,,,"{""sum_rel_diff"": 1.4336011221119537e-16, ""log_entries"": 12, ""n_results"": 12, ""user_lock_acquisitions"": 0}",2026-08-12T06:43:07Z
exp3_writer,single,indexed,12,measured,4,112,0.012228,831537362.1859645,,,"{""sum_rel_diff"": 1.4336011221119537e-16, ""log_entries"": 12, ""n_results"": 12, ""user_lock_acquisitions"": 0}",2026-08-12T06:43:07Z
exp3_writer,single,lock,12,measured,18,113,0.011866,831537362.1859645,,,"{""sum_rel_diff"": 1.4336011221119537e-16, ""log_entries"": 12, ""n_results"": 12, ""user_lock_acquisitions"": 12}",2026-08-12T06:43:07Z
exp3_writer,single,indexed,12,measured,1,114,0.011372,831537362.1859645,,,"{""sum_rel_diff"": 1.4336011221119537e-16, ""log_entries"": 12, ""n_results"": 12, ""user_lock_acquisitions"": 0}",2026-08-12T06:43:07Z
exp3_writer,single,indexed,12,measured,15,115,0.010735,831537362.1859645,,,"{""sum_rel_diff"": 1.4336011221119537e-16, ""log_entries"": 12, ""n_results"": 12, ""user_lock_acquisitions"": 0}",2026-08-12T06:43:07Z
exp3_writer,single,writer,12,measured,17,116,0.010941,831537362.1859645,,,"{""sum_rel_diff"": 1.4336011221119537e-16, ""log_entries"": 12, ""n_results"": 12, ""user_lock_acquisitions"": 0}",2026-08-12T06:43:07Z
exp3_writer,single,indexed,12,measured,12,117,0.011816,831537362.1859645,,,"{""sum_rel_diff"": 1.4336011221119537e-16, ""log_entries"": 12, ""n_results"": 12, ""user_lock_acquisitions"": 0}",2026-08-12T06:43:07Z
exp3_writer,single,writer,12,measured,15,118,0.012147,831537362.1859645,,,"{""sum_rel_diff"": 1.4336011221119537e-16, ""log_entries"": 12, ""n_results"": 12, ""user_lock_acquisitions"": 0}",2026-08-12T06:43:07Z
exp3_writer,single,writer,12,measured,16,119,0.011945,831537362.1859645,,,"{""sum_rel_diff"": 1.4336011221119537e-16, ""log_entries"": 12, ""n_results"": 12, ""user_lock_acquisitions"": 0}",2026-08-12T06:43:07Z
exp3_writer,single,record,12,measured,24,120,0.011558,831537362.1859645,,,"{""sum_rel_diff"": 1.4336011221119537e-16, ""log_entries"": 12, ""n_results"": 12, ""user_lock_acquisitions"": 0}",2026-08-12T06:43:07Z
exp3_writer,single,lock,12,measured,12,121,0.010820,831537362.1859645,,,"{""sum_rel_diff"": 1.4336011221119537e-16, ""log_entries"": 12, ""n_results"": 12, ""user_lock_acquisitions"": 12}",2026-08-12T06:43:07Z
exp3_writer,single,record,12,measured,14,122,0.013161,831537362.1859645,,,"{""sum_rel_diff"": 1.4336011221119537e-16, ""log_entries"": 12, ""n_results"": 12, ""user_lock_acquisitions"": 0}",2026-08-12T06:43:07Z
exp3_writer,single,lock,12,measured,28,123,0.012802,831537362.1859645,,,"{""sum_rel_diff"": 1.4336011221119537e-16, ""log_entries"": 12, ""n_results"": 12, ""user_lock_acquisitions"": 12}",2026-08-12T06:43:07Z
exp3_writer,single,record,12,measured,21,124,0.011959,831537362.1859645,,,"{""sum_rel_diff"": 1.4336011221119537e-16, ""log_entries"": 12, ""n_results"": 12, ""user_lock_acquisitions"": 0}",2026-08-12T06:43:07Z
exp3_writer,single,record,12,measured,16,125,0.012610,831537362.1859645,,,"{""sum_rel_diff"": 1.4336011221119537e-16, ""log_entries"": 12, ""n_results"": 12, ""user_lock_acquisitions"": 0}",2026-08-12T06:43:07Z
exp3_writer,single,record,12,measured,19,126,0.010879,831537362.1859645,,,"{""sum_rel_diff"": 1.4336011221119537e-16, ""log_entries"": 12, ""n_results"": 12, ""user_lock_acquisitions"": 0}",2026-08-12T06:43:07Z
exp3_writer,single,indexed,12,measured,29,127,0.010428,831537362.1859645,,,"{""sum_rel_diff"": 1.4336011221119537e-16, ""log_entries"": 12, ""n_results"": 12, ""user_lock_acquisitions"": 0}",2026-08-12T06:43:07Z
exp3_writer,single,record,12,measured,29,128,0.011227,831537362.1859645,,,"{""sum_rel_diff"": 1.4336011221119537e-16, ""log_entries"": 12, ""n_results"": 12, ""user_lock_acquisitions"": 0}",2026-08-12T06:43:07Z
exp3_writer,single,indexed,12,measured,10,129,0.010689,831537362.1859645,,,"{""sum_rel_diff"": 1.4336011221119537e-16, ""log_entries"": 12, ""n_results"": 12, ""user_lock_acquisitions"": 0}",2026-08-12T06:43:07Z
exp3_writer,single,record,12,measured,22,130,0.011447,831537362.1859645,,,"{""sum_rel_diff"": 1.4336011221119537e-16, ""log_entries"": 12, ""n_results"": 12, ""user_lock_acquisitions"": 0}",2026-08-12T06:43:07Z
exp3_writer,single,indexed,12,measured,17,131,0.012222,831537362.1859645,,,"{""sum_rel_diff"": 1.4336011221119537e-16, ""log_entries"": 12, ""n_results"": 12, ""user_lock_acquisitions"": 0}",2026-08-12T06:43:07Z
exp3_writer,single,writer,14,warmup,0,0,0.013043,831537362.1859643,,,"{""sum_rel_diff"": 0.0, ""log_entries"": 14, ""n_results"": 14, ""user_lock_acquisitions"": 0}",2026-08-12T06:43:07Z
exp3_writer,single,lock,14,warmup,0,1,0.011084,831537362.1859643,,,"{""sum_rel_diff"": 0.0, ""log_entries"": 14, ""n_results"": 14, ""user_lock_acquisitions"": 14}",2026-08-12T06:43:07Z
exp3_writer,single,indexed,14,warmup,1,2,0.010194,831537362.1859643,,,"{""sum_rel_diff"": 0.0, ""log_entries"": 14, ""n_results"": 14, ""user_lock_acquisitions"": 0}",2026-08-12T06:43:07Z
exp3_writer,single,indexed,14,warmup,0,3,0.010877,831537362.1859643,,,"{""sum_rel_diff"": 0.0, ""log_entries"": 14, ""n_results"": 14, ""user_lock_acquisitions"": 0}",2026-08-12T06:43:07Z
exp3_writer,single,writer,14,warmup,2,4,0.009662,831537362.1859643,,,"{""sum_rel_diff"": 0.0, ""log_entries"": 14, ""n_results"": 14, ""user_lock_acquisitions"": 0}",2026-08-12T06:43:07Z
exp3_writer,single,writer,14,warmup,1,5,0.010117,831537362.1859643,,,"{""sum_rel_diff"": 0.0, ""log_entries"": 14, ""n_results"": 14, ""user_lock_acquisitions"": 0}",2026-08-12T06:43:07Z
exp3_writer,single,lock,14,warmup,2,6,0.012348,831537362.1859643,,,"{""sum_rel_diff"": 0.0, ""log_entries"": 14, ""n_results"": 14, ""user_lock_acquisitions"": 14}",2026-08-12T06:43:07Z
exp3_writer,single,record,14,warmup,0,7,0.009963,831537362.1859643,,,"{""sum_rel_diff"": 0.0, ""log_entries"": 14, ""n_results"": 14, ""user_lock_acquisitions"": 0}",2026-08-12T06:43:07Z
exp3_writer,single,record,14,warmup,1,8,0.010761,831537362.1859643,,,"{""sum_rel_diff"": 0.0, ""log_entries"": 14, ""n_results"": 14, ""user_lock_acquisitions"": 0}",2026-08-12T06:43:07Z
exp3_writer,single,lock,14,warmup,1,9,0.012406,831537362.1859643,,,"{""sum_rel_diff"": 0.0, ""log_entries"": 14, ""n_results"": 14, ""user_lock_acquisitions"": 14}",2026-08-12T06:43:07Z
exp3_writer,single,indexed,14,warmup,2,10,0.011670,831537362.1859643,,,"{""sum_rel_diff"": 0.0, ""log_entries"": 14, ""n_results"": 14, ""user_lock_acquisitions"": 0}",2026-08-12T06:43:07Z
exp3_writer,single,record,14,warmup,2,11,0.010778,831537362.1859643,,,"{""sum_rel_diff"": 0.0, ""log_entries"": 14, ""n_results"": 14, ""user_lock_acquisitions"": 0}",2026-08-12T06:43:07Z
exp3_writer,single,indexed,14,measured,8,12,0.010528,831537362.1859643,,,"{""sum_rel_diff"": 0.0, ""log_entries"": 14, ""n_results"": 14, ""user_lock_acquisitions"": 0}",2026-08-12T06:43:07Z
exp3_writer,single,indexed,14,measured,4,13,0.012037,831537362.1859643,,,"{""sum_rel_diff"": 0.0, ""log_entries"": 14, ""n_results"": 14, ""user_lock_acquisitions"": 0}",2026-08-12T06:43:07Z
exp3_writer,single,lock,14,measured,29,14,0.010192,831537362.1859643,,,"{""sum_rel_diff"": 0.0, ""log_entries"": 14, ""n_results"": 14, ""user_lock_acquisitions"": 14}",2026-08-12T06:43:07Z
exp3_writer,single,indexed,14,measured,20,15,0.010407,831537362.1859643,,,"{""sum_rel_diff"": 0.0, ""log_entries"": 14, ""n_results"": 14, ""user_lock_acquisitions"": 0}",2026-08-12T06:43:08Z
exp3_writer,single,record,14,measured,11,16,0.012833,831537362.1859643,,,"{""sum_rel_diff"": 0.0, ""log_entries"": 14, ""n_results"": 14, ""user_lock_acquisitions"": 0}",2026-08-12T06:43:08Z
exp3_writer,single,writer,14,measured,17,17,0.010705,831537362.1859643,,,"{""sum_rel_diff"": 0.0, ""log_entries"": 14, ""n_results"": 14, ""user_lock_acquisitions"": 0}",2026-08-12T06:43:08Z
exp3_writer,single,lock,14,measured,9,18,0.010707,831537362.1859643,,,"{""sum_rel_diff"": 0.0, ""log_entries"": 14, ""n_results"": 14, ""user_lock_acquisitions"": 14}",2026-08-12T06:43:08Z
exp3_writer,single,indexed,14,measured,0,19,0.011891,831537362.1859643,,,"{""sum_rel_diff"": 0.0, ""log_entries"": 14, ""n_results"": 14, ""user_lock_acquisitions"": 0}",2026-08-12T06:43:08Z
exp3_writer,single,writer,14,measured,5,20,0.011441,831537362.1859643,,,"{""sum_rel_diff"": 0.0, ""log_entries"": 14, ""n_results"": 14, ""user_lock_acquisitions"": 0}",2026-08-12T06:43:08Z
exp3_writer,single,writer,14,measured,8,21,0.010389,831537362.1859643,,,"{""sum_rel_diff"": 0.0, ""log_entries"": 14, ""n_results"": 14, ""user_lock_acquisitions"": 0}",2026-08-12T06:43:08Z
exp3_writer,single,lock,14,measured,8,22,0.011153,831537362.1859643,,,"{""sum_rel_diff"": 0.0, ""log_entries"": 14, ""n_results"": 14, ""user_lock_acquisitions"": 14}",2026-08-12T06:43:08Z
exp3_writer,single,writer,14,measured,23,23,0.010978,831537362.1859643,,,"{""sum_rel_diff"": 0.0, ""log_entries"": 14, ""n_results"": 14, ""user_lock_acquisitions"": 0}",2026-08-12T06:43:08Z
exp3_writer,single,indexed,14,measured,29,24,0.012903,831537362.1859643,,,"{""sum_rel_diff"": 0.0, ""log_entries"": 14, ""n_results"": 14, ""user_lock_acquisitions"": 0}",2026-08-12T06:43:08Z
exp3_writer,single,record,14,measured,12,25,0.011386,831537362.1859643,,,"{""sum_rel_diff"": 0.0, ""log_entries"": 14, ""n_results"": 14, ""user_lock_acquisitions"": 0}",2026-08-12T06:43:08Z
exp3_writer,single,lock,14,measured,5,26,0.010318,831537362.1859643,,,"{""sum_rel_diff"": 0.0, ""log_entries"": 14, ""n_results"": 14, ""user_lock_acquisitions"": 14}",2026-08-12T06:43:08Z
exp3_writer,single,writer,14,measured,26,27,0.011366,831537362.1859643,,,"{""sum_rel_diff"": 0.0, ""log_entries"": 14, ""n_results"": 14, ""user_lock_acquisitions"": 0}",2026-08-12T06:43:08Z
exp3_writer,single,indexed,14,measured,17,28,0.011964,831537362.1859643,,,"{""sum_rel_diff"": 0.0, ""log_entries"": 14, ""n_results"": 14, ""user_lock_acquisitions"": 0}",2026-08-12T06:43:08Z
exp3_writer,single,record,14,measured,19,29,0.012025,831537362.1859643,,,"{""sum_rel_diff"": 0.0, ""log_entries"": 14, ""n_results"": 14, ""user_lock_acquisitions"": 0}",2026-08-12T06:43:08Z
exp3_writer,single,writer,14,measured,13,30,0.011162,831537362.1859643,,,"{""sum_rel_diff"": 0.0, ""log_entries"": 14, ""n_results"": 14, ""user_lock_acquisitions"": 0}",2026-08-12T06:43:08Z
exp3_writer,single,indexed,14,measured,5,31,0.011237,831537362.1859643,,,"{""sum_rel_diff"": 0.0, ""log_entries"": 14, ""n_results"": 14, ""user_lock_acquisitions"": 0}",2026-08-12T06:43:08Z
exp3_writer,single,writer,14,measured,19,32,0.011305,831537362.1859643,,,"{""sum_rel_diff"": 0.0, ""log_entries"": 14, ""n_results"": 14, ""user_lock_acquisitions"": 0}",2026-08-12T06:43:08Z
exp3_writer,single,lock,14,measured,11,33,0.010260,831537362.1859643,,,"{""sum_rel_diff"": 0.0, ""log_entries"": 14, ""n_results"": 14, ""user_lock_acquisitions"": 14}",2026-08-12T06:43:08Z
exp3_writer,single,record,14,measured,8,34,0.011308,831537362.1859643,,,"{""sum_rel_diff"": 0.0, ""log_entries"": 14, ""n_results"": 14, ""user_lock_acquisitions"": 0}",2026-08-12T06:43:08Z
exp3_writer,single,record,14,measured,15,35,0.010558,831537362.1859643,,,"{""sum_rel_diff"": 0.0, ""log_entries"": 14, ""n_results"": 14, ""user_lock_acquisitions"": 0}",2026-08-12T06:43:08Z
exp3_writer,single,lock,14,measured,17,36,0.012257,831537362.1859643,,,"{""sum_rel_diff"": 0.0, ""log_entries"": 14, ""n_results"": 14, ""user_lock_acquisitions"": 14}",2026-08-12T06:43:08Z
exp3_writer,single,indexed,14,measured,27,37,0.011466,831537362.1859643,,,"{""sum_rel_diff"": 0.0, ""log_entries"": 14, ""n_results"": 14, ""user_lock_acquisitions"": 0}",2026-08-12T06:43:08Z
exp3_writer,single,lock,14,measured,16,38,0.011531,831537362.1859643,,,"{""sum_rel_diff"": 0.0, ""log_entries"": 14, ""n_results"": 14, ""user_lock_acquisitions"": 14}",2026-08-12T06:43:08Z
exp3_writer,single,writer,14,measured,4,39,0.009921,831537362.1859643,,,"{""sum_rel_diff"": 0.0, ""log_entries"": 14, ""n_results"": 14, ""user_lock_acquisitions"": 0}",2026-08-12T06:43:08Z
exp3_writer,single,lock,14,measured,12,40,0.012027,831537362.1859643,,,"{""sum_rel_diff"": 0.0, ""log_entries"": 14, ""n_results"": 14, ""user_lock_acquisitions"": 14}",2026-08-12T06:43:08Z
exp3_writer,single,indexed,14,measured,15,41,0.011503,831537362.1859643,,,"{""sum_rel_diff"": 0.0, ""log_entries"": 14, ""n_results"": 14, ""user_lock_acquisitions"": 0}",2026-08-12T06:43:08Z
exp3_writer,single,indexed,14,measured,12,42,0.011323,831537362.1859643,,,"{""sum_rel_diff"": 0.0, ""log_entries"": 14, ""n_results"": 14, ""user_lock_acquisitions"": 0}",2026-08-12T06:43:08Z
exp3_writer,single,indexed,14,measured,16,43,0.011539,831537362.1859643,,,"{""sum_rel_diff"": 0.0, ""log_entries"": 14, ""n_results"": 14, ""user_lock_acquisitions"": 0}",2026-08-12T06:43:08Z
exp3_writer,single,lock,14,measured,0,44,0.010724,831537362.1859643,,,"{""sum_rel_diff"": 0.0, ""log_entries"": 14, ""n_results"": 14, ""user_lock_acquisitions"": 14}",2026-08-12T06:43:08Z
exp3_writer,single,lock,14,measured,15,45,0.010303,831537362.1859643,,,"{""sum_rel_diff"": 0.0, ""log_entries"": 14, ""n_results"": 14, ""user_lock_acquisitions"": 14}",2026-08-12T06:43:08Z
exp3_writer,single,record,14,measured,1,46,0.010742,831537362.1859643,,,"{""sum_rel_diff"": 0.0, ""log_entries"": 14, ""n_results"": 14, ""user_lock_acquisitions"": 0}",2026-08-12T06:43:08Z
exp3_writer,single,indexed,14,measured,19,47,0.010988,831537362.1859643,,,"{""sum_rel_diff"": 0.0, ""log_entries"": 14, ""n_results"": 14, ""user_lock_acquisitions"": 0}",2026-08-12T06:43:08Z
exp3_writer,single,writer,14,measured,0,48,0.011322,831537362.1859643,,,"{""sum_rel_diff"": 0.0, ""log_entries"": 14, ""n_results"": 14, ""user_lock_acquisitions"": 0}",2026-08-12T06:43:08Z
exp3_writer,single,lock,14,measured,14,49,0.010340,831537362.1859643,,,"{""sum_rel_diff"": 0.0, ""log_entries"": 14, ""n_results"": 14, ""user_lock_acquisitions"": 14}",2026-08-12T06:43:08Z
exp3_writer,single,record,14,measured,22,50,0.010901,831537362.1859643,,,"{""sum_rel_diff"": 0.0, ""log_entries"": 14, ""n_results"": 14, ""user_lock_acquisitions"": 0}",2026-08-12T06:43:08Z
exp3_writer,single,lock,14,measured,26,51,0.010102,831537362.1859643,,,"{""sum_rel_diff"": 0.0, ""log_entries"": 14, ""n_results"": 14, ""user_lock_acquisitions"": 14}",2026-08-12T06:43:08Z
exp3_writer,single,indexed,14,measured,26,52,0.009882,831537362.1859643,,,"{""sum_rel_diff"": 0.0, ""log_entries"": 14, ""n_results"": 14, ""user_lock_acquisitions"": 0}",2026-08-12T06:43:08Z
exp3_writer,single,lock,14,measured,3,53,0.012564,831537362.1859643,,,"{""sum_rel_diff"": 0.0, ""log_entries"": 14, ""n_results"": 14, ""user_lock_acquisitions"": 14}",2026-08-12T06:43:08Z
exp3_writer,single,writer,14,measured,3,54,0.010976,831537362.1859643,,,"{""sum_rel_diff"": 0.0, ""log_entries"": 14, ""n_results"": 14, ""user_lock_acquisitions"": 0}",2026-08-12T06:43:08Z
exp3_writer,single,writer,14,measured,12,55,0.011510,831537362.1859643,,,"{""sum_rel_diff"": 0.0, ""log_entries"": 14, ""n_results"": 14, ""user_lock_acquisitions"": 0}",2026-08-12T06:43:08Z
exp3_writer,single,indexed,14,measured,11,56,0.011841,831537362.1859643,,,"{""sum_rel_diff"": 0.0, ""log_entries"": 14, ""n_results"": 14, ""user_lock_acquisitions"": 0}",2026-08-12T06:43:08Z
exp3_writer,single,record,14,measured,21,57,0.011559,831537362.1859643,,,"{""sum_rel_diff"": 0.0, ""log_entries"": 14, ""n_results"": 14, ""user_lock_acquisitions"": 0}",2026-08-12T06:43:08Z
exp3_writer,single,writer,14,measured,15,58,0.010964,831537362.1859643,,,"{""sum_rel_diff"": 0.0, ""log_entries"": 14, ""n_results"": 14, ""user_lock_acquisitions"": 0}",2026-08-12T06:43:08Z
exp3_writer,single,writer,14,measured,18,59,0.010383,831537362.1859643,,,"{""sum_rel_diff"": 0.0, ""log_entries"": 14, ""n_results"": 14, ""user_lock_acquisitions"": 0}",2026-08-12T06:43:08Z
exp3_writer,single,record,14,measured,2,60,0.009983,831537362.1859643,,,"{""sum_rel_diff"": 0.0, ""log_entries"": 14, ""n_results"": 14, ""user_lock_acquisitions"": 0}",2026-08-12T06:43:08Z
exp3_writer,single,lock,14,measured,18,61,0.010815,831537362.1859643,,,"{""sum_rel_diff"": 0.0, ""log_entries"": 14, ""n_results"": 14, ""user_lock_acquisitions"": 14}",2026-08-12T06:43:08Z
exp3_writer,single,writer,14,measured,16,62,0.010567,831537362.1859643,,,"{""sum_rel_diff"": 0.0, ""log_entries"": 14, ""n_results"": 14, ""user_lock_acquisitions"": 0}",2026-08-12T06:43:08Z
exp3_writer,single,record,14,measured,5,63,0.010693,831537362.1859643,,,"{""sum_rel_diff"": 0.0, ""log_entries"": 14, ""n_results"": 14, ""user_lock_acquisitions"": 0}",2026-08-12T06:43:08Z
exp3_writer,single,indexed,14,measured,3,64,0.010125,831537362.1859643,,,"{""sum_rel_diff"": 0.0, ""log_entries"": 14, ""n_results"": 14, ""user_lock_acquisitions"": 0}",2026-08-12T06:43:08Z
exp3_writer,single,writer,14,measured,1,65,0.010422,831537362.1859643,,,"{""sum_rel_diff"": 0.0, ""log_entries"": 14, ""n_results"": 14, ""user_lock_acquisitions"": 0}",2026-08-12T06:43:08Z
exp3_writer,single,writer,14,measured,24,66,0.010189,831537362.1859643,,,"{""sum_rel_diff"": 0.0, ""log_entries"": 14, ""n_results"": 14, ""user_lock_acquisitions"": 0}",2026-08-12T06:43:08Z
exp3_writer,single,record,14,measured,27,67,0.011289,831537362.1859643,,,"{""sum_rel_diff"": 0.0, ""log_entries"": 14, ""n_results"": 14, ""user_lock_acquisitions"": 0}",2026-08-12T06:43:08Z
exp3_writer,single,record,14,measured,7,68,0.013090,831537362.1859643,,,"{""sum_rel_diff"": 0.0, ""log_entries"": 14, ""n_results"": 14, ""user_lock_acquisitions"": 0}",2026-08-12T06:43:08Z
exp3_writer,single,record,14,measured,9,69,0.011295,831537362.1859643,,,"{""sum_rel_diff"": 0.0, ""log_entries"": 14, ""n_results"": 14, ""user_lock_acquisitions"": 0}",2026-08-12T06:43:08Z
exp3_writer,single,writer,14,measured,20,70,0.010697,831537362.1859643,,,"{""sum_rel_diff"": 0.0, ""log_entries"": 14, ""n_results"": 14, ""user_lock_acquisitions"": 0}",2026-08-12T06:43:08Z
exp3_writer,single,record,14,measured,3,71,0.010723,831537362.1859643,,,"{""sum_rel_diff"": 0.0, ""log_entries"": 14, ""n_results"": 14, ""user_lock_acquisitions"": 0}",2026-08-12T06:43:08Z
exp3_writer,single,indexed,14,measured,23,72,0.009687,831537362.1859643,,,"{""sum_rel_diff"": 0.0, ""log_entries"": 14, ""n_results"": 14, ""user_lock_acquisitions"": 0}",2026-08-12T06:43:08Z
exp3_writer,single,record,14,measured,20,73,0.010386,831537362.1859643,,,"{""sum_rel_diff"": 0.0, ""log_entries"": 14, ""n_results"": 14, ""user_lock_acquisitions"": 0}",2026-08-12T06:43:08Z
exp3_writer,single,indexed,14,measured,14,74,0.010232,831537362.1859643,,,"{""sum_rel_diff"": 0.0, ""log_entries"": 14, ""n_results"": 14, ""user_lock_acquisitions"": 0}",2026-08-12T06:43:08Z
exp3_writer,single,indexed,14,measured,18,75,0.010565,831537362.1859643,,,"{""sum_rel_diff"": 0.0, ""log_entries"": 14, ""n_results"": 14, ""user_lock_acquisitions"": 0}",2026-08-12T06:43:08Z
exp3_writer,single,indexed,14,measured,24,76,0.011089,831537362.1859643,,,"{""sum_rel_diff"": 0.0, ""log_entries"": 14, ""n_results"": 14, ""user_lock_acquisitions"": 0}",2026-08-12T06:43:08Z
exp3_writer,single,indexed,14,measured,6,77,0.010732,831537362.1859643,,,"{""sum_rel_diff"": 0.0, ""log_entries"": 14, ""n_results"": 14, ""user_lock_acquisitions"": 0}",2026-08-12T06:43:08Z
exp3_writer,single,indexed,14,measured,2,78,0.011500,831537362.1859643,,,"{""sum_rel_diff"": 0.0, ""log_entries"": 14, ""n_results"": 14, ""user_lock_acquisitions"": 0}",2026-08-12T06:43:08Z
exp3_writer,single,writer,14,measured,10,79,0.010712,831537362.1859643,,,"{""sum_rel_diff"": 0.0, ""log_entries"": 14, ""n_results"": 14, ""user_lock_acquisitions"": 0}",2026-08-12T06:43:08Z
exp3_writer,single,indexed,14,measured,10,80,0.010033,831537362.1859643,,,"{""sum_rel_diff"": 0.0, ""log_entries"": 14, ""n_results"": 14, ""user_lock_acquisitions"": 0}",2026-08-12T06:43:08Z
exp3_writer,single,writer,14,measured,6,81,0.010648,831537362.1859643,,,"{""sum_rel_diff"": 0.0, ""log_entries"": 14, ""n_results"": 14, ""user_lock_acquisitions"": 0}",2026-08-12T06:43:08Z
exp3_writer,single,lock,14,measured,7,82,0.010798,831537362.1859643,,,"{""sum_rel_diff"": 0.0, ""log_entries"": 14, ""n_results"": 14, ""user_lock_acquisitions"": 14}",2026-08-12T06:43:08Z
exp3_writer,single,writer,14,measured,2,83,0.011392,831537362.1859643,,,"{""sum_rel_diff"": 0.0, ""log_entries"": 14, ""n_results"": 14, ""user_lock_acquisitions"": 0}",2026-08-12T06:43:08Z
exp3_writer,single,record,14,measured,6,84,0.010283,831537362.1859643,,,"{""sum_rel_diff"": 0.0, ""log_entries"": 14, ""n_results"": 14, ""user_lock_acquisitions"": 0}",2026-08-12T06:43:08Z
exp3_writer,single,indexed,14,measured,28,85,0.011888,831537362.1859643,,,"{""sum_rel_diff"": 0.0, ""log_entries"": 14, ""n_results"": 14, ""user_lock_acquisitions"": 0}",2026-08-12T06:43:08Z
exp3_writer,single,indexed,14,measured,7,86,0.011365,831537362.1859643,,,"{""sum_rel_diff"": 0.0, ""log_entries"": 14, ""n_results"": 14, ""user_lock_acquisitions"": 0}",2026-08-12T06:43:08Z
exp3_writer,single,record,14,measured,13,87,0.011644,831537362.1859643,,,"{""sum_rel_diff"": 0.0, ""log_entries"": 14, ""n_results"": 14, ""user_lock_acquisitions"": 0}",2026-08-12T06:43:08Z
exp3_writer,single,writer,14,measured,9,88,0.010804,831537362.1859643,,,"{""sum_rel_diff"": 0.0, ""log_entries"": 14, ""n_results"": 14, ""user_lock_acquisitions"": 0}",2026-08-12T06:43:08Z
exp3_writer,single,lock,14,measured,6,89,0.011260,831537362.1859643,,,"{""sum_rel_diff"": 0.0, ""log_entries"": 14, ""n_results"": 14, ""user_lock_acquisitions"": 14}",2026-08-12T06:43:08Z
exp3_writer,single,record,14,measured,4,90,0.010749,831537362.1859643,,,"{""sum_rel_diff"": 0.0, ""log_entries"": 14, ""n_results"": 14, ""user_lock_acquisitions"": 0}",2026-08-12T06:43:08Z
exp3_writer,single,writer,14,measured,29,91,0.010860,831537362.1859643,,,"{""sum_rel_diff"": 0.0, ""log_entries"": 14, ""n_results"": 14, ""user_lock_acquisitions"": 0}",2026-08-12T06:43:08Z
exp3_writer,single,indexed,14,measured,9,92,0.010581,831537362.1859643,,,"{""sum_rel_diff"": 0.0, ""log_entries"": 14, ""n_results"": 14, ""user_lock_acquisitions"": 0}",2026-08-12T06:43:08Z
exp3_writer,single,lock,14,measured,19,93,0.011942,831537362.1859643,,,"{""sum_rel_diff"": 0.0, ""log_entries"": 14, ""n_results"": 14, ""user_lock_acquisitions"": 14}",2026-08-12T06:43:08Z
exp3_writer,single,lock,14,measured,23,94,0.010494,831537362.1859643,,,"{""sum_rel_diff"": 0.0, ""log_entries"": 14, ""n_results"": 14, ""user_lock_acquisitions"": 14}",2026-08-12T06:43:08Z
exp3_writer,single,lock,14,measured,25,95,0.010644,831537362.1859643,,,"{""sum_rel_diff"": 0.0, ""log_entries"": 14, ""n_results"": 14, ""user_lock_acquisitions"": 14}",2026-08-12T06:43:08Z
exp3_writer,single,record,14,measured,25,96,0.009995,831537362.1859643,,,"{""sum_rel_diff"": 0.0, ""log_entries"": 14, ""n_results"": 14, ""user_lock_acquisitions"": 0}",2026-08-12T06:43:08Z
exp3_writer,single,indexed,14,measured,25,97,0.010914,831537362.1859643,,,"{""sum_rel_diff"": 0.0, ""log_entries"": 14, ""n_results"": 14, ""user_lock_acquisitions"": 0}",2026-08-12T06:43:08Z
exp3_writer,single,lock,14,measured,21,98,0.011131,831537362.1859643,,,"{""sum_rel_diff"": 0.0, ""log_entries"": 14, ""n_results"": 14, ""user_lock_acquisitions"": 14}",2026-08-12T06:43:08Z
exp3_writer,single,record,14,measured,0,99,0.010941,831537362.1859643,,,"{""sum_rel_diff"": 0.0, ""log_entries"": 14, ""n_results"": 14, ""user_lock_acquisitions"": 0}",2026-08-12T06:43:08Z
exp3_writer,single,lock,14,measured,24,100,0.011473,831537362.1859643,,,"{""sum_rel_diff"": 0.0, ""log_entries"": 14, ""n_results"": 14, ""user_lock_acquisitions"": 14}",2026-08-12T06:43:08Z
exp3_writer,single,writer,14,measured,21,101,0.011619,831537362.1859643,,,"{""sum_rel_diff"": 0.0, ""log_entries"": 14, ""n_results"": 14, ""user_lock_acquisitions"": 0}",2026-08-12T06:43:08Z
exp3_writer,single,writer,14,measured,14,102,0.011504,831537362.1859643,,,"{""sum_rel_diff"": 0.0, ""log_entries"": 14, ""n_results"": 14, ""user_lock_acquisitions"": 0}",2026-08-12T06:43:08Z
exp3_writer,single,lock,14,measured,20,103,0.010105,831537362.1859643,,,"{""sum_rel_diff"": 0.0, ""log_entries"": 14, ""n_results"": 14, ""user_lock_acquisitions"": 14}",2026-08-12T06:43:08Z
exp3_writer,single,indexed,14,measured,21,104,0.010260,831537362.1859643,,,"{""sum_rel_diff"": 0.0, ""log_entries"": 14, ""n_results"": 14, ""user_lock_acquisitions"": 0}",2026-08-12T06:43:08Z
exp3_writer,single,lock,14,measured,22,105,0.011487,831537362.1859643,,,"{""sum_rel_diff"": 0.0, ""log_entries"": 14, ""n_results"": 14, ""user_lock_acquisitions"": 14}",2026-08-12T06:43:09Z
exp3_writer,single,lock,14,measured,2,106,0.010826,831537362.1859643,,,"{""sum_rel_diff"": 0.0, ""log_entries"": 14, ""n_results"": 14, ""user_lock_acquisitions"": 14}",2026-08-12T06:43:09Z
exp3_writer,single,writer,14,measured,22,107,0.011243,831537362.1859643,,,"{""sum_rel_diff"": 0.0, ""log_entries"": 14, ""n_results"": 14, ""user_lock_acquisitions"": 0}",2026-08-12T06:43:09Z
exp3_writer,single,record,14,measured,10,108,0.011433,831537362.1859643,,,"{""sum_rel_diff"": 0.0, ""log_entries"": 14, ""n_results"": 14, ""user_lock_acquisitions"": 0}",2026-08-12T06:43:09Z
exp3_writer,single,record,14,measured,17,109,0.010398,831537362.1859643,,,"{""sum_rel_diff"": 0.0, ""log_entries"": 14, ""n_results"": 14, ""user_lock_acquisitions"": 0}",2026-08-12T06:43:09Z
exp3_writer,single,record,14,measured,14,110,0.010040,831537362.1859643,,,"{""sum_rel_diff"": 0.0, ""log_entries"": 14, ""n_results"": 14, ""user_lock_acquisitions"": 0}",2026-08-12T06:43:09Z
exp3_writer,single,record,14,measured,26,111,0.010189,831537362.1859643,,,"{""sum_rel_diff"": 0.0, ""log_entries"": 14, ""n_results"": 14, ""user_lock_acquisitions"": 0}",2026-08-12T06:43:09Z
exp3_writer,single,lock,14,measured,13,112,0.010696,831537362.1859643,,,"{""sum_rel_diff"": 0.0, ""log_entries"": 14, ""n_results"": 14, ""user_lock_acquisitions"": 14}",2026-08-12T06:43:09Z
exp3_writer,single,record,14,measured,24,113,0.011845,831537362.1859643,,,"{""sum_rel_diff"": 0.0, ""log_entries"": 14, ""n_results"": 14, ""user_lock_acquisitions"": 0}",2026-08-12T06:43:09Z
exp3_writer,single,writer,14,measured,11,114,0.012038,831537362.1859643,,,"{""sum_rel_diff"": 0.0, ""log_entries"": 14, ""n_results"": 14, ""user_lock_acquisitions"": 0}",2026-08-12T06:43:09Z
exp3_writer,single,record,14,measured,23,115,0.011557,831537362.1859643,,,"{""sum_rel_diff"": 0.0, ""log_entries"": 14, ""n_results"": 14, ""user_lock_acquisitions"": 0}",2026-08-12T06:43:09Z
exp3_writer,single,lock,14,measured,4,116,0.011206,831537362.1859643,,,"{""sum_rel_diff"": 0.0, ""log_entries"": 14, ""n_results"": 14, ""user_lock_acquisitions"": 14}",2026-08-12T06:43:09Z
exp3_writer,single,lock,14,measured,10,117,0.010716,831537362.1859643,,,"{""sum_rel_diff"": 0.0, ""log_entries"": 14, ""n_results"": 14, ""user_lock_acquisitions"": 14}",2026-08-12T06:43:09Z
exp3_writer,single,indexed,14,measured,1,118,0.010400,831537362.1859643,,,"{""sum_rel_diff"": 0.0, ""log_entries"": 14, ""n_results"": 14, ""user_lock_acquisitions"": 0}",2026-08-12T06:43:09Z
exp3_writer,single,writer,14,measured,7,119,0.010120,831537362.1859643,,,"{""sum_rel_diff"": 0.0, ""log_entries"": 14, ""n_results"": 14, ""user_lock_acquisitions"": 0}",2026-08-12T06:43:09Z
exp3_writer,single,writer,14,measured,27,120,0.010407,831537362.1859643,,,"{""sum_rel_diff"": 0.0, ""log_entries"": 14, ""n_results"": 14, ""user_lock_acquisitions"": 0}",2026-08-12T06:43:09Z
exp3_writer,single,indexed,14,measured,13,121,0.010795,831537362.1859643,,,"{""sum_rel_diff"": 0.0, ""log_entries"": 14, ""n_results"": 14, ""user_lock_acquisitions"": 0}",2026-08-12T06:43:09Z
exp3_writer,single,lock,14,measured,1,122,0.011048,831537362.1859643,,,"{""sum_rel_diff"": 0.0, ""log_entries"": 14, ""n_results"": 14, ""user_lock_acquisitions"": 14}",2026-08-12T06:43:09Z
exp3_writer,single,record,14,measured,28,123,0.012302,831537362.1859643,,,"{""sum_rel_diff"": 0.0, ""log_entries"": 14, ""n_results"": 14, ""user_lock_acquisitions"": 0}",2026-08-12T06:43:09Z
exp3_writer,single,record,14,measured,18,124,0.010470,831537362.1859643,,,"{""sum_rel_diff"": 0.0, ""log_entries"": 14, ""n_results"": 14, ""user_lock_acquisitions"": 0}",2026-08-12T06:43:09Z
exp3_writer,single,lock,14,measured,28,125,0.011268,831537362.1859643,,,"{""sum_rel_diff"": 0.0, ""log_entries"": 14, ""n_results"": 14, ""user_lock_acquisitions"": 14}",2026-08-12T06:43:09Z
exp3_writer,single,lock,14,measured,27,126,0.010137,831537362.1859643,,,"{""sum_rel_diff"": 0.0, ""log_entries"": 14, ""n_results"": 14, ""user_lock_acquisitions"": 14}",2026-08-12T06:43:09Z
exp3_writer,single,indexed,14,measured,22,127,0.011488,831537362.1859643,,,"{""sum_rel_diff"": 0.0, ""log_entries"": 14, ""n_results"": 14, ""user_lock_acquisitions"": 0}",2026-08-12T06:43:09Z
exp3_writer,single,writer,14,measured,28,128,0.010882,831537362.1859643,,,"{""sum_rel_diff"": 0.0, ""log_entries"": 14, ""n_results"": 14, ""user_lock_acquisitions"": 0}",2026-08-12T06:43:09Z
exp3_writer,single,record,14,measured,29,129,0.011563,831537362.1859643,,,"{""sum_rel_diff"": 0.0, ""log_entries"": 14, ""n_results"": 14, ""user_lock_acquisitions"": 0}",2026-08-12T06:43:09Z
exp3_writer,single,record,14,measured,16,130,0.011600,831537362.1859643,,,"{""sum_rel_diff"": 0.0, ""log_entries"": 14, ""n_results"": 14, ""user_lock_acquisitions"": 0}",2026-08-12T06:43:09Z
exp3_writer,single,writer,14,measured,25,131,0.011514,831537362.1859643,,,"{""sum_rel_diff"": 0.0, ""log_entries"": 14, ""n_results"": 14, ""user_lock_acquisitions"": 0}",2026-08-12T06:43:09Z
exp3_writer,single,lock,16,warmup,2,0,0.013443,831537362.1859643,,,"{""sum_rel_diff"": 0.0, ""log_entries"": 16, ""n_results"": 16, ""user_lock_acquisitions"": 16}",2026-08-12T06:43:09Z
exp3_writer,single,writer,16,warmup,1,1,0.011625,831537362.1859643,,,"{""sum_rel_diff"": 0.0, ""log_entries"": 16, ""n_results"": 16, ""user_lock_acquisitions"": 0}",2026-08-12T06:43:09Z
exp3_writer,single,writer,16,warmup,2,2,0.009628,831537362.1859643,,,"{""sum_rel_diff"": 0.0, ""log_entries"": 16, ""n_results"": 16, ""user_lock_acquisitions"": 0}",2026-08-12T06:43:09Z
exp3_writer,single,indexed,16,warmup,1,3,0.011813,831537362.1859643,,,"{""sum_rel_diff"": 0.0, ""log_entries"": 16, ""n_results"": 16, ""user_lock_acquisitions"": 0}",2026-08-12T06:43:09Z
exp3_writer,single,indexed,16,warmup,0,4,0.010946,831537362.1859643,,,"{""sum_rel_diff"": 0.0, ""log_entries"": 16, ""n_results"": 16, ""user_lock_acquisitions"": 0}",2026-08-12T06:43:09Z
exp3_writer,single,writer,16,warmup,0,5,0.009849,831537362.1859643,,,"{""sum_rel_diff"": 0.0, ""log_entries"": 16, ""n_results"": 16, ""user_lock_acquisitions"": 0}",2026-08-12T06:43:09Z
exp3_writer,single,indexed,16,warmup,2,6,0.011632,831537362.1859643,,,"{""sum_rel_diff"": 0.0, ""log_entries"": 16, ""n_results"": 16, ""user_lock_acquisitions"": 0}",2026-08-12T06:43:09Z
exp3_writer,single,record,16,warmup,1,7,0.010252,831537362.1859643,,,"{""sum_rel_diff"": 0.0, ""log_entries"": 16, ""n_results"": 16, ""user_lock_acquisitions"": 0}",2026-08-12T06:43:09Z
exp3_writer,single,lock,16,warmup,1,8,0.010288,831537362.1859643,,,"{""sum_rel_diff"": 0.0, ""log_entries"": 16, ""n_results"": 16, ""user_lock_acquisitions"": 16}",2026-08-12T06:43:09Z
exp3_writer,single,lock,16,warmup,0,9,0.010838,831537362.1859643,,,"{""sum_rel_diff"": 0.0, ""log_entries"": 16, ""n_results"": 16, ""user_lock_acquisitions"": 16}",2026-08-12T06:43:09Z
exp3_writer,single,record,16,warmup,2,10,0.010181,831537362.1859643,,,"{""sum_rel_diff"": 0.0, ""log_entries"": 16, ""n_results"": 16, ""user_lock_acquisitions"": 0}",2026-08-12T06:43:09Z
exp3_writer,single,record,16,warmup,0,11,0.012487,831537362.1859643,,,"{""sum_rel_diff"": 0.0, ""log_entries"": 16, ""n_results"": 16, ""user_lock_acquisitions"": 0}",2026-08-12T06:43:09Z
exp3_writer,single,record,16,measured,23,12,0.011982,831537362.1859643,,,"{""sum_rel_diff"": 0.0, ""log_entries"": 16, ""n_results"": 16, ""user_lock_acquisitions"": 0}",2026-08-12T06:43:09Z
exp3_writer,single,record,16,measured,8,13,0.011965,831537362.1859643,,,"{""sum_rel_diff"": 0.0, ""log_entries"": 16, ""n_results"": 16, ""user_lock_acquisitions"": 0}",2026-08-12T06:43:09Z
exp3_writer,single,indexed,16,measured,26,14,0.010718,831537362.1859643,,,"{""sum_rel_diff"": 0.0, ""log_entries"": 16, ""n_results"": 16, ""user_lock_acquisitions"": 0}",2026-08-12T06:43:09Z
exp3_writer,single,writer,16,measured,2,15,0.011318,831537362.1859643,,,"{""sum_rel_diff"": 0.0, ""log_entries"": 16, ""n_results"": 16, ""user_lock_acquisitions"": 0}",2026-08-12T06:43:09Z
exp3_writer,single,writer,16,measured,25,16,0.010098,831537362.1859643,,,"{""sum_rel_diff"": 0.0, ""log_entries"": 16, ""n_results"": 16, ""user_lock_acquisitions"": 0}",2026-08-12T06:43:09Z
exp3_writer,single,record,16,measured,25,17,0.010679,831537362.1859643,,,"{""sum_rel_diff"": 0.0, ""log_entries"": 16, ""n_results"": 16, ""user_lock_acquisitions"": 0}",2026-08-12T06:43:09Z
exp3_writer,single,writer,16,measured,28,18,0.010980,831537362.1859643,,,"{""sum_rel_diff"": 0.0, ""log_entries"": 16, ""n_results"": 16, ""user_lock_acquisitions"": 0}",2026-08-12T06:43:09Z
exp3_writer,single,writer,16,measured,22,19,0.010195,831537362.1859643,,,"{""sum_rel_diff"": 0.0, ""log_entries"": 16, ""n_results"": 16, ""user_lock_acquisitions"": 0}",2026-08-12T06:43:09Z
exp3_writer,single,lock,16,measured,17,20,0.011642,831537362.1859643,,,"{""sum_rel_diff"": 0.0, ""log_entries"": 16, ""n_results"": 16, ""user_lock_acquisitions"": 16}",2026-08-12T06:43:09Z
exp3_writer,single,writer,16,measured,27,21,0.010535,831537362.1859643,,,"{""sum_rel_diff"": 0.0, ""log_entries"": 16, ""n_results"": 16, ""user_lock_acquisitions"": 0}",2026-08-12T06:43:09Z
exp3_writer,single,lock,16,measured,28,22,0.010462,831537362.1859643,,,"{""sum_rel_diff"": 0.0, ""log_entries"": 16, ""n_results"": 16, ""user_lock_acquisitions"": 16}",2026-08-12T06:43:09Z
exp3_writer,single,lock,16,measured,10,23,0.010515,831537362.1859643,,,"{""sum_rel_diff"": 0.0, ""log_entries"": 16, ""n_results"": 16, ""user_lock_acquisitions"": 16}",2026-08-12T06:43:09Z
exp3_writer,single,record,16,measured,10,24,0.010711,831537362.1859643,,,"{""sum_rel_diff"": 0.0, ""log_entries"": 16, ""n_results"": 16, ""user_lock_acquisitions"": 0}",2026-08-12T06:43:09Z
exp3_writer,single,writer,16,measured,5,25,0.010435,831537362.1859643,,,"{""sum_rel_diff"": 0.0, ""log_entries"": 16, ""n_results"": 16, ""user_lock_acquisitions"": 0}",2026-08-12T06:43:09Z
exp3_writer,single,writer,16,measured,4,26,0.009746,831537362.1859643,,,"{""sum_rel_diff"": 0.0, ""log_entries"": 16, ""n_results"": 16, ""user_lock_acquisitions"": 0}",2026-08-12T06:43:09Z
exp3_writer,single,lock,16,measured,15,27,0.010748,831537362.1859643,,,"{""sum_rel_diff"": 0.0, ""log_entries"": 16, ""n_results"": 16, ""user_lock_acquisitions"": 16}",2026-08-12T06:43:09Z
exp3_writer,single,indexed,16,measured,7,28,0.011520,831537362.1859643,,,"{""sum_rel_diff"": 0.0, ""log_entries"": 16, ""n_results"": 16, ""user_lock_acquisitions"": 0}",2026-08-12T06:43:09Z
exp3_writer,single,indexed,16,measured,4,29,0.010444,831537362.1859643,,,"{""sum_rel_diff"": 0.0, ""log_entries"": 16, ""n_results"": 16, ""user_lock_acquisitions"": 0}",2026-08-12T06:43:09Z
exp3_writer,single,lock,16,measured,20,30,0.010211,831537362.1859643,,,"{""sum_rel_diff"": 0.0, ""log_entries"": 16, ""n_results"": 16, ""user_lock_acquisitions"": 16}",2026-08-12T06:43:09Z
exp3_writer,single,writer,16,measured,9,31,0.010833,831537362.1859643,,,"{""sum_rel_diff"": 0.0, ""log_entries"": 16, ""n_results"": 16, ""user_lock_acquisitions"": 0}",2026-08-12T06:43:09Z
exp3_writer,single,writer,16,measured,3,32,0.010476,831537362.1859643,,,"{""sum_rel_diff"": 0.0, ""log_entries"": 16, ""n_results"": 16, ""user_lock_acquisitions"": 0}",2026-08-12T06:43:09Z
exp3_writer,single,lock,16,measured,2,33,0.010657,831537362.1859643,,,"{""sum_rel_diff"": 0.0, ""log_entries"": 16, ""n_results"": 16, ""user_lock_acquisitions"": 16}",2026-08-12T06:43:09Z
exp3_writer,single,lock,16,measured,9,34,0.011883,831537362.1859643,,,"{""sum_rel_diff"": 0.0, ""log_entries"": 16, ""n_results"": 16, ""user_lock_acquisitions"": 16}",2026-08-12T06:43:09Z
exp3_writer,single,writer,16,measured,13,35,0.011126,831537362.1859643,,,"{""sum_rel_diff"": 0.0, ""log_entries"": 16, ""n_results"": 16, ""user_lock_acquisitions"": 0}",2026-08-12T06:43:09Z
exp3_writer,single,lock,16,measured,0,36,0.011058,831537362.1859643,,,"{""sum_rel_diff"": 0.0, ""log_entries"": 16, ""n_results"": 16, ""user_lock_acquisitions"": 16}",2026-08-12T06:43:09Z
exp3_writer,single,lock,16,measured,1,37,0.010674,831537362.1859643,,,"{""sum_rel_diff"": 0.0, ""log_entries"": 16, ""n_results"": 16, ""user_lock_acquisitions"": 16}",2026-08-12T06:43:09Z
exp3_writer,single,indexed,16,measured,0,38,0.010660,831537362.1859643,,,"{""sum_rel_diff"": 0.0, ""log_entries"": 16, ""n_results"": 16, ""user_lock_acquisitions"": 0}",2026-08-12T06:43:09Z
exp3_writer,single,indexed,16,measured,23,39,0.012247,831537362.1859643,,,"{""sum_rel_diff"": 0.0, ""log_entries"": 16, ""n_results"": 16, ""user_lock_acquisitions"": 0}",2026-08-12T06:43:09Z
exp3_writer,single,indexed,16,measured,10,40,0.010953,831537362.1859643,,,"{""sum_rel_diff"": 0.0, ""log_entries"": 16, ""n_results"": 16, ""user_lock_acquisitions"": 0}",2026-08-12T06:43:09Z
exp3_writer,single,record,16,measured,3,41,0.009826,831537362.1859643,,,"{""sum_rel_diff"": 0.0, ""log_entries"": 16, ""n_results"": 16, ""user_lock_acquisitions"": 0}",2026-08-12T06:43:09Z
exp3_writer,single,record,16,measured,17,42,0.010322,831537362.1859643,,,"{""sum_rel_diff"": 0.0, ""log_entries"": 16, ""n_results"": 16, ""user_lock_acquisitions"": 0}",2026-08-12T06:43:09Z
exp3_writer,single,indexed,16,measured,25,43,0.009589,831537362.1859643,,,"{""sum_rel_diff"": 0.0, ""log_entries"": 16, ""n_results"": 16, ""user_lock_acquisitions"": 0}",2026-08-12T06:43:09Z
exp3_writer,single,lock,16,measured,24,44,0.009518,831537362.1859643,,,"{""sum_rel_diff"": 0.0, ""log_entries"": 16, ""n_results"": 16, ""user_lock_acquisitions"": 16}",2026-08-12T06:43:09Z
exp3_writer,single,lock,16,measured,8,45,0.011248,831537362.1859643,,,"{""sum_rel_diff"": 0.0, ""log_entries"": 16, ""n_results"": 16, ""user_lock_acquisitions"": 16}",2026-08-12T06:43:09Z
exp3_writer,single,writer,16,measured,6,46,0.011291,831537362.1859643,,,"{""sum_rel_diff"": 0.0, ""log_entries"": 16, ""n_results"": 16, ""user_lock_acquisitions"": 0}",2026-08-12T06:43:09Z
exp3_writer,single,record,16,measured,28,47,0.010280,831537362.1859643,,,"{""sum_rel_diff"": 0.0, ""log_entries"": 16, ""n_results"": 16, ""user_lock_acquisitions"": 0}",2026-08-12T06:43:09Z
exp3_writer,single,record,16,measured,16,48,0.011771,831537362.1859643,,,"{""sum_rel_diff"": 0.0, ""log_entries"": 16, ""n_results"": 16, ""user_lock_acquisitions"": 0}",2026-08-12T06:43:09Z
exp3_writer,single,indexed,16,measured,16,49,0.012574,831537362.1859643,,,"{""sum_rel_diff"": 0.0, ""log_entries"": 16, ""n_results"": 16, ""user_lock_acquisitions"": 0}",2026-08-12T06:43:09Z
exp3_writer,single,writer,16,measured,26,50,0.010313,831537362.1859643,,,"{""sum_rel_diff"": 0.0, ""log_entries"": 16, ""n_results"": 16, ""user_lock_acquisitions"": 0}",2026-08-12T06:43:09Z
exp3_writer,single,indexed,16,measured,6,51,0.010492,831537362.1859643,,,"{""sum_rel_diff"": 0.0, ""log_entries"": 16, ""n_results"": 16, ""user_lock_acquisitions"": 0}",2026-08-12T06:43:09Z
exp3_writer,single,record,16,measured,11,52,0.010149,831537362.1859643,,,"{""sum_rel_diff"": 0.0, ""log_entries"": 16, ""n_results"": 16, ""user_lock_acquisitions"": 0}",2026-08-12T06:43:09Z
exp3_writer,single,lock,16,measured,11,53,0.009964,831537362.1859643,,,"{""sum_rel_diff"": 0.0, ""log_entries"": 16, ""n_results"": 16, ""user_lock_acquisitions"": 16}",2026-08-12T06:43:09Z
exp3_writer,single,indexed,16,measured,17,54,0.009914,831537362.1859643,,,"{""sum_rel_diff"": 0.0, ""log_entries"": 16, ""n_results"": 16, ""user_lock_acquisitions"": 0}",2026-08-12T06:43:09Z
exp3_writer,single,record,16,measured,9,55,0.010349,831537362.1859643,,,"{""sum_rel_diff"": 0.0, ""log_entries"": 16, ""n_results"": 16, ""user_lock_acquisitions"": 0}",2026-08-12T06:43:09Z
exp3_writer,single,lock,16,measured,26,56,0.011139,831537362.1859643,,,"{""sum_rel_diff"": 0.0, ""log_entries"": 16, ""n_results"": 16, ""user_lock_acquisitions"": 16}",2026-08-12T06:43:09Z
exp3_writer,single,lock,16,measured,6,57,0.011254,831537362.1859643,,,"{""sum_rel_diff"": 0.0, ""log_entries"": 16, ""n_results"": 16, ""user_lock_acquisitions"": 16}",2026-08-12T06:43:09Z
exp3_writer,single,lock,16,measured,19,58,0.010962,831537362.1859643,,,"{""sum_rel_diff"": 0.0, ""log_entries"": 16, ""n_results"": 16, ""user_lock_acquisitions"": 16}",2026-08-12T06:43:09Z
exp3_writer,single,record,16,measured,0,59,0.010988,831537362.1859643,,,"{""sum_rel_diff"": 0.0, ""log_entries"": 16, ""n_results"": 16, ""user_lock_acquisitions"": 0}",2026-08-12T06:43:09Z
exp3_writer,single,indexed,16,measured,11,60,0.011446,831537362.1859643,,,"{""sum_rel_diff"": 0.0, ""log_entries"": 16, ""n_results"": 16, ""user_lock_acquisitions"": 0}",2026-08-12T06:43:09Z
exp3_writer,single,lock,16,measured,4,61,0.011467,831537362.1859643,,,"{""sum_rel_diff"": 0.0, ""log_entries"": 16, ""n_results"": 16, ""user_lock_acquisitions"": 16}",2026-08-12T06:43:09Z
exp3_writer,single,indexed,16,measured,19,62,0.011008,831537362.1859643,,,"{""sum_rel_diff"": 0.0, ""log_entries"": 16, ""n_results"": 16, ""user_lock_acquisitions"": 0}",2026-08-12T06:43:09Z
exp3_writer,single,writer,16,measured,20,63,0.011006,831537362.1859643,,,"{""sum_rel_diff"": 0.0, ""log_entries"": 16, ""n_results"": 16, ""user_lock_acquisitions"": 0}",2026-08-12T06:43:10Z
exp3_writer,single,writer,16,measured,24,64,0.009933,831537362.1859643,,,"{""sum_rel_diff"": 0.0, ""log_entries"": 16, ""n_results"": 16, ""user_lock_acquisitions"": 0}",2026-08-12T06:43:10Z
exp3_writer,single,writer,16,measured,14,65,0.010741,831537362.1859643,,,"{""sum_rel_diff"": 0.0, ""log_entries"": 16, ""n_results"": 16, ""user_lock_acquisitions"": 0}",2026-08-12T06:43:10Z
exp3_writer,single,record,16,measured,4,66,0.012478,831537362.1859643,,,"{""sum_rel_diff"": 0.0, ""log_entries"": 16, ""n_results"": 16, ""user_lock_acquisitions"": 0}",2026-08-12T06:43:10Z
exp3_writer,single,indexed,16,measured,27,67,0.011003,831537362.1859643,,,"{""sum_rel_diff"": 0.0, ""log_entries"": 16, ""n_results"": 16, ""user_lock_acquisitions"": 0}",2026-08-12T06:43:10Z
exp3_writer,single,record,16,measured,1,68,0.010581,831537362.1859643,,,"{""sum_rel_diff"": 0.0, ""log_entries"": 16, ""n_results"": 16, ""user_lock_acquisitions"": 0}",2026-08-12T06:43:10Z
exp3_writer,single,writer,16,measured,12,69,0.011404,831537362.1859643,,,"{""sum_rel_diff"": 0.0, ""log_entries"": 16, ""n_results"": 16, ""user_lock_acquisitions"": 0}",2026-08-12T06:43:10Z
exp3_writer,single,lock,16,measured,21,70,0.011252,831537362.1859643,,,"{""sum_rel_diff"": 0.0, ""log_entries"": 16, ""n_results"": 16, ""user_lock_acquisitions"": 16}",2026-08-12T06:43:10Z
exp3_writer,single,record,16,measured,20,71,0.011387,831537362.1859643,,,"{""sum_rel_diff"": 0.0, ""log_entries"": 16, ""n_results"": 16, ""user_lock_acquisitions"": 0}",2026-08-12T06:43:10Z
exp3_writer,single,record,16,measured,15,72,0.010560,831537362.1859643,,,"{""sum_rel_diff"": 0.0, ""log_entries"": 16, ""n_results"": 16, ""user_lock_acquisitions"": 0}",2026-08-12T06:43:10Z
exp3_writer,single,record,16,measured,12,73,0.011604,831537362.1859643,,,"{""sum_rel_diff"": 0.0, ""log_entries"": 16, ""n_results"": 16, ""user_lock_acquisitions"": 0}",2026-08-12T06:43:10Z
exp3_writer,single,record,16,measured,6,74,0.010675,831537362.1859643,,,"{""sum_rel_diff"": 0.0, ""log_entries"": 16, ""n_results"": 16, ""user_lock_acquisitions"": 0}",2026-08-12T06:43:10Z
exp3_writer,single,record,16,measured,13,75,0.010671,831537362.1859643,,,"{""sum_rel_diff"": 0.0, ""log_entries"": 16, ""n_results"": 16, ""user_lock_acquisitions"": 0}",2026-08-12T06:43:10Z
exp3_writer,single,indexed,16,measured,8,76,0.010762,831537362.1859643,,,"{""sum_rel_diff"": 0.0, ""log_entries"": 16, ""n_results"": 16, ""user_lock_acquisitions"": 0}",2026-08-12T06:43:10Z
exp3_writer,single,lock,16,measured,16,77,0.010770,831537362.1859643,,,"{""sum_rel_diff"": 0.0, ""log_entries"": 16, ""n_results"": 16, ""user_lock_acquisitions"": 16}",2026-08-12T06:43:10Z
exp3_writer,single,record,16,measured,26,78,0.010044,831537362.1859643,,,"{""sum_rel_diff"": 0.0, ""log_entries"": 16, ""n_results"": 16, ""user_lock_acquisitions"": 0}",2026-08-12T06:43:10Z
exp3_writer,single,writer,16,measured,17,79,0.011085,831537362.1859643,,,"{""sum_rel_diff"": 0.0, ""log_entries"": 16, ""n_results"": 16, ""user_lock_acquisitions"": 0}",2026-08-12T06:43:10Z
exp3_writer,single,indexed,16,measured,21,80,0.011602,831537362.1859643,,,"{""sum_rel_diff"": 0.0, ""log_entries"": 16, ""n_results"": 16, ""user_lock_acquisitions"": 0}",2026-08-12T06:43:10Z
exp3_writer,single,record,16,measured,19,81,0.011290,831537362.1859643,,,"{""sum_rel_diff"": 0.0, ""log_entries"": 16, ""n_results"": 16, ""user_lock_acquisitions"": 0}",2026-08-12T06:43:10Z
exp3_writer,single,lock,16,measured,7,82,0.011081,831537362.1859643,,,"{""sum_rel_diff"": 0.0, ""log_entries"": 16, ""n_results"": 16, ""user_lock_acquisitions"": 16}",2026-08-12T06:43:10Z
exp3_writer,single,writer,16,measured,8,83,0.010415,831537362.1859643,,,"{""sum_rel_diff"": 0.0, ""log_entries"": 16, ""n_results"": 16, ""user_lock_acquisitions"": 0}",2026-08-12T06:43:10Z
exp3_writer,single,indexed,16,measured,28,84,0.012042,831537362.1859643,,,"{""sum_rel_diff"": 0.0, ""log_entries"": 16, ""n_results"": 16, ""user_lock_acquisitions"": 0}",2026-08-12T06:43:10Z
exp3_writer,single,writer,16,measured,11,85,0.011236,831537362.1859643,,,"{""sum_rel_diff"": 0.0, ""log_entries"": 16, ""n_results"": 16, ""user_lock_acquisitions"": 0}",2026-08-12T06:43:10Z
exp3_writer,single,lock,16,measured,12,86,0.010389,831537362.1859643,,,"{""sum_rel_diff"": 0.0, ""log_entries"": 16, ""n_results"": 16, ""user_lock_acquisitions"": 16}",2026-08-12T06:43:10Z
exp3_writer,single,record,16,measured,14,87,0.011523,831537362.1859643,,,"{""sum_rel_diff"": 0.0, ""log_entries"": 16, ""n_results"": 16, ""user_lock_acquisitions"": 0}",2026-08-12T06:43:10Z
exp3_writer,single,record,16,measured,24,88,0.010274,831537362.1859643,,,"{""sum_rel_diff"": 0.0, ""log_entries"": 16, ""n_results"": 16, ""user_lock_acquisitions"": 0}",2026-08-12T06:43:10Z
exp3_writer,single,writer,16,measured,23,89,0.009343,831537362.1859643,,,"{""sum_rel_diff"": 0.0, ""log_entries"": 16, ""n_results"": 16, ""user_lock_acquisitions"": 0}",2026-08-12T06:43:10Z
exp3_writer,single,record,16,measured,29,90,0.009637,831537362.1859643,,,"{""sum_rel_diff"": 0.0, ""log_entries"": 16, ""n_results"": 16, ""user_lock_acquisitions"": 0}",2026-08-12T06:43:10Z
exp3_writer,single,indexed,16,measured,2,91,0.009249,831537362.1859643,,,"{""sum_rel_diff"": 0.0, ""log_entries"": 16, ""n_results"": 16, ""user_lock_acquisitions"": 0}",2026-08-12T06:43:10Z
exp3_writer,single,record,16,measured,27,92,0.009799,831537362.1859643,,,"{""sum_rel_diff"": 0.0, ""log_entries"": 16, ""n_results"": 16, ""user_lock_acquisitions"": 0}",2026-08-12T06:43:10Z
exp3_writer,single,indexed,16,measured,9,93,0.010295,831537362.1859643,,,"{""sum_rel_diff"": 0.0, ""log_entries"": 16, ""n_results"": 16, ""user_lock_acquisitions"": 0}",2026-08-12T06:43:10Z
exp3_writer,single,indexed,16,measured,18,94,0.010631,831537362.1859643,,,"{""sum_rel_diff"": 0.0, ""log_entries"": 16, ""n_results"": 16, ""user_lock_acquisitions"": 0}",2026-08-12T06:43:10Z
exp3_writer,single,record,16,measured,7,95,0.010069,831537362.1859643,,,"{""sum_rel_diff"": 0.0, ""log_entries"": 16, ""n_results"": 16, ""user_lock_acquisitions"": 0}",2026-08-12T06:43:10Z
exp3_writer,single,record,16,measured,22,96,0.011466,831537362.1859643,,,"{""sum_rel_diff"": 0.0, ""log_entries"": 16, ""n_results"": 16, ""user_lock_acquisitions"": 0}",2026-08-12T06:43:10Z
exp3_writer,single,lock,16,measured,27,97,0.010327,831537362.1859643,,,"{""sum_rel_diff"": 0.0, ""log_entries"": 16, ""n_results"": 16, ""user_lock_acquisitions"": 16}",2026-08-12T06:43:10Z
exp3_writer,single,record,16,measured,5,98,0.009925,831537362.1859643,,,"{""sum_rel_diff"": 0.0, ""log_entries"": 16, ""n_results"": 16, ""user_lock_acquisitions"": 0}",2026-08-12T06:43:10Z
exp3_writer,single,lock,16,measured,14,99,0.009740,831537362.1859643,,,"{""sum_rel_diff"": 0.0, ""log_entries"": 16, ""n_results"": 16, ""user_lock_acquisitions"": 16}",2026-08-12T06:43:10Z
exp3_writer,single,indexed,16,measured,24,100,0.010688,831537362.1859643,,,"{""sum_rel_diff"": 0.0, ""log_entries"": 16, ""n_results"": 16, ""user_lock_acquisitions"": 0}",2026-08-12T06:43:10Z
exp3_writer,single,indexed,16,measured,14,101,0.010803,831537362.1859643,,,"{""sum_rel_diff"": 0.0, ""log_entries"": 16, ""n_results"": 16, ""user_lock_acquisitions"": 0}",2026-08-12T06:43:10Z
exp3_writer,single,indexed,16,measured,20,102,0.011553,831537362.1859643,,,"{""sum_rel_diff"": 0.0, ""log_entries"": 16, ""n_results"": 16, ""user_lock_acquisitions"": 0}",2026-08-12T06:43:10Z
exp3_writer,single,writer,16,measured,15,103,0.010792,831537362.1859643,,,"{""sum_rel_diff"": 0.0, ""log_entries"": 16, ""n_results"": 16, ""user_lock_acquisitions"": 0}",2026-08-12T06:43:10Z
exp3_writer,single,writer,16,measured,0,104,0.011162,831537362.1859643,,,"{""sum_rel_diff"": 0.0, ""log_entries"": 16, ""n_results"": 16, ""user_lock_acquisitions"": 0}",2026-08-12T06:43:10Z
exp3_writer,single,writer,16,measured,29,105,0.010384,831537362.1859643,,,"{""sum_rel_diff"": 0.0, ""log_entries"": 16, ""n_results"": 16, ""user_lock_acquisitions"": 0}",2026-08-12T06:43:10Z
exp3_writer,single,lock,16,measured,18,106,0.009912,831537362.1859643,,,"{""sum_rel_diff"": 0.0, ""log_entries"": 16, ""n_results"": 16, ""user_lock_acquisitions"": 16}",2026-08-12T06:43:10Z
exp3_writer,single,lock,16,measured,25,107,0.010566,831537362.1859643,,,"{""sum_rel_diff"": 0.0, ""log_entries"": 16, ""n_results"": 16, ""user_lock_acquisitions"": 16}",2026-08-12T06:43:10Z
exp3_writer,single,indexed,16,measured,29,108,0.011599,831537362.1859643,,,"{""sum_rel_diff"": 0.0, ""log_entries"": 16, ""n_results"": 16, ""user_lock_acquisitions"": 0}",2026-08-12T06:43:10Z
exp3_writer,single,writer,16,measured,16,109,0.009579,831537362.1859643,,,"{""sum_rel_diff"": 0.0, ""log_entries"": 16, ""n_results"": 16, ""user_lock_acquisitions"": 0}",2026-08-12T06:43:10Z
exp3_writer,single,indexed,16,measured,12,110,0.011280,831537362.1859643,,,"{""sum_rel_diff"": 0.0, ""log_entries"": 16, ""n_results"": 16, ""user_lock_acquisitions"": 0}",2026-08-12T06:43:10Z
exp3_writer,single,indexed,16,measured,3,111,0.010657,831537362.1859643,,,"{""sum_rel_diff"": 0.0, ""log_entries"": 16, ""n_results"": 16, ""user_lock_acquisitions"": 0}",2026-08-12T06:43:10Z
exp3_writer,single,lock,16,measured,13,112,0.011302,831537362.1859643,,,"{""sum_rel_diff"": 0.0, ""log_entries"": 16, ""n_results"": 16, ""user_lock_acquisitions"": 16}",2026-08-12T06:43:10Z
exp3_writer,single,record,16,measured,2,113,0.010491,831537362.1859643,,,"{""sum_rel_diff"": 0.0, ""log_entries"": 16, ""n_results"": 16, ""user_lock_acquisitions"": 0}",2026-08-12T06:43:10Z
exp3_writer,single,writer,16,measured,19,114,0.010354,831537362.1859643,,,"{""sum_rel_diff"": 0.0, ""log_entries"": 16, ""n_results"": 16, ""user_lock_acquisitions"": 0}",2026-08-12T06:43:10Z
exp3_writer,single,writer,16,measured,10,115,0.010847,831537362.1859643,,,"{""sum_rel_diff"": 0.0, ""log_entries"": 16, ""n_results"": 16, ""user_lock_acquisitions"": 0}",2026-08-12T06:43:10Z
exp3_writer,single,lock,16,measured,29,116,0.011009,831537362.1859643,,,"{""sum_rel_diff"": 0.0, ""log_entries"": 16, ""n_results"": 16, ""user_lock_acquisitions"": 16}",2026-08-12T06:43:10Z
exp3_writer,single,lock,16,measured,22,117,0.010399,831537362.1859643,,,"{""sum_rel_diff"": 0.0, ""log_entries"": 16, ""n_results"": 16, ""user_lock_acquisitions"": 16}",2026-08-12T06:43:10Z
exp3_writer,single,lock,16,measured,5,118,0.010477,831537362.1859643,,,"{""sum_rel_diff"": 0.0, ""log_entries"": 16, ""n_results"": 16, ""user_lock_acquisitions"": 16}",2026-08-12T06:43:10Z
exp3_writer,single,indexed,16,measured,13,119,0.011049,831537362.1859643,,,"{""sum_rel_diff"": 0.0, ""log_entries"": 16, ""n_results"": 16, ""user_lock_acquisitions"": 0}",2026-08-12T06:43:10Z
exp3_writer,single,writer,16,measured,1,120,0.010621,831537362.1859643,,,"{""sum_rel_diff"": 0.0, ""log_entries"": 16, ""n_results"": 16, ""user_lock_acquisitions"": 0}",2026-08-12T06:43:10Z
exp3_writer,single,indexed,16,measured,15,121,0.010426,831537362.1859643,,,"{""sum_rel_diff"": 0.0, ""log_entries"": 16, ""n_results"": 16, ""user_lock_acquisitions"": 0}",2026-08-12T06:43:10Z
exp3_writer,single,writer,16,measured,7,122,0.010874,831537362.1859643,,,"{""sum_rel_diff"": 0.0, ""log_entries"": 16, ""n_results"": 16, ""user_lock_acquisitions"": 0}",2026-08-12T06:43:10Z
exp3_writer,single,indexed,16,measured,22,123,0.010076,831537362.1859643,,,"{""sum_rel_diff"": 0.0, ""log_entries"": 16, ""n_results"": 16, ""user_lock_acquisitions"": 0}",2026-08-12T06:43:10Z
exp3_writer,single,writer,16,measured,18,124,0.011150,831537362.1859643,,,"{""sum_rel_diff"": 0.0, ""log_entries"": 16, ""n_results"": 16, ""user_lock_acquisitions"": 0}",2026-08-12T06:43:10Z
exp3_writer,single,writer,16,measured,21,125,0.011180,831537362.1859643,,,"{""sum_rel_diff"": 0.0, ""log_entries"": 16, ""n_results"": 16, ""user_lock_acquisitions"": 0}",2026-08-12T06:43:10Z
exp3_writer,single,record,16,measured,18,126,0.011184,831537362.1859643,,,"{""sum_rel_diff"": 0.0, ""log_entries"": 16, ""n_results"": 16, ""user_lock_acquisitions"": 0}",2026-08-12T06:43:10Z
exp3_writer,single,indexed,16,measured,5,127,0.011137,831537362.1859643,,,"{""sum_rel_diff"": 0.0, ""log_entries"": 16, ""n_results"": 16, ""user_lock_acquisitions"": 0}",2026-08-12T06:43:10Z
exp3_writer,single,lock,16,measured,23,128,0.010355,831537362.1859643,,,"{""sum_rel_diff"": 0.0, ""log_entries"": 16, ""n_results"": 16, ""user_lock_acquisitions"": 16}",2026-08-12T06:43:10Z
exp3_writer,single,indexed,16,measured,1,129,0.009606,831537362.1859643,,,"{""sum_rel_diff"": 0.0, ""log_entries"": 16, ""n_results"": 16, ""user_lock_acquisitions"": 0}",2026-08-12T06:43:10Z
exp3_writer,single,record,16,measured,21,130,0.009790,831537362.1859643,,,"{""sum_rel_diff"": 0.0, ""log_entries"": 16, ""n_results"": 16, ""user_lock_acquisitions"": 0}",2026-08-12T06:43:10Z
exp3_writer,single,lock,16,measured,3,131,0.010498,831537362.1859643,,,"{""sum_rel_diff"": 0.0, ""log_entries"": 16, ""n_results"": 16, ""user_lock_acquisitions"": 16}",2026-08-12T06:43:10Z
exp3_writer,single,lock,1,memory,0,0,0.589305,831537362.1859643,,,"{""sum_rel_diff"": 0.0, ""log_entries"": 1, ""n_results"": 1, ""user_lock_acquisitions"": 1, ""tracemalloc_peak_bytes"": 26417857}",2026-08-12T06:43:11Z
exp3_writer,single,indexed,1,memory,0,1,0.512682,831537362.1859643,,,"{""sum_rel_diff"": 0.0, ""log_entries"": 1, ""n_results"": 1, ""user_lock_acquisitions"": 0, ""tracemalloc_peak_bytes"": 26416668}",2026-08-12T06:43:11Z
exp3_writer,single,record,1,memory,0,2,0.496194,831537362.1859643,,,"{""sum_rel_diff"": 0.0, ""log_entries"": 1, ""n_results"": 1, ""user_lock_acquisitions"": 0, ""tracemalloc_peak_bytes"": 26416483}",2026-08-12T06:43:12Z
exp3_writer,single,writer,1,memory,0,3,0.491166,831537362.1859643,,,"{""sum_rel_diff"": 0.0, ""log_entries"": 1, ""n_results"": 1, ""user_lock_acquisitions"": 0, ""tracemalloc_peak_bytes"": 26416483}",2026-08-12T06:43:12Z
exp3_writer,single,lock,2,memory,0,0,0.614964,831537362.1859643,,,"{""sum_rel_diff"": 0.0, ""log_entries"": 2, ""n_results"": 2, ""user_lock_acquisitions"": 2, ""tracemalloc_peak_bytes"": 24737427}",2026-08-12T06:43:13Z
exp3_writer,single,indexed,2,memory,0,1,0.610987,831537362.1859643,,,"{""sum_rel_diff"": 0.0, ""log_entries"": 2, ""n_results"": 2, ""user_lock_acquisitions"": 0, ""tracemalloc_peak_bytes"": 24935542}",2026-08-12T06:43:14Z
exp3_writer,single,record,2,memory,0,2,0.618009,831537362.1859643,,,"{""sum_rel_diff"": 0.0, ""log_entries"": 2, ""n_results"": 2, ""user_lock_acquisitions"": 0, ""tracemalloc_peak_bytes"": 25122165}",2026-08-12T06:43:14Z
exp3_writer,single,writer,2,memory,0,3,0.617180,831537362.1859643,,,"{""sum_rel_diff"": 0.0, ""log_entries"": 2, ""n_results"": 2, ""user_lock_acquisitions"": 0, ""tracemalloc_peak_bytes"": 24712381}",2026-08-12T06:43:15Z
exp3_writer,single,lock,4,memory,0,0,1.022590,831537362.1859643,,,"{""sum_rel_diff"": 0.0, ""log_entries"": 4, ""n_results"": 4, ""user_lock_acquisitions"": 4, ""tracemalloc_peak_bytes"": 24217983}",2026-08-12T06:43:16Z
exp3_writer,single,indexed,4,memory,0,1,0.933837,831537362.1859643,,,"{""sum_rel_diff"": 0.0, ""log_entries"": 4, ""n_results"": 4, ""user_lock_acquisitions"": 0, ""tracemalloc_peak_bytes"": 23636490}",2026-08-12T06:43:17Z
exp3_writer,single,record,4,memory,0,2,0.881461,831537362.1859643,,,"{""sum_rel_diff"": 0.0, ""log_entries"": 4, ""n_results"": 4, ""user_lock_acquisitions"": 0, ""tracemalloc_peak_bytes"": 24039489}",2026-08-12T06:43:18Z
exp3_writer,single,writer,4,memory,0,3,0.886768,831537362.1859643,,,"{""sum_rel_diff"": 0.0, ""log_entries"": 4, ""n_results"": 4, ""user_lock_acquisitions"": 0, ""tracemalloc_peak_bytes"": 23879529}",2026-08-12T06:43:19Z
exp3_writer,single,lock,6,memory,0,0,1.196131,831537362.1859643,,,"{""sum_rel_diff"": 0.0, ""log_entries"": 6, ""n_results"": 6, ""user_lock_acquisitions"": 6, ""tracemalloc_peak_bytes"": 23010475}",2026-08-12T06:43:20Z
exp3_writer,single,indexed,6,memory,0,1,1.089133,831537362.1859643,,,"{""sum_rel_diff"": 0.0, ""log_entries"": 6, ""n_results"": 6, ""user_lock_acquisitions"": 0, ""tracemalloc_peak_bytes"": 24269038}",2026-08-12T06:43:21Z
exp3_writer,single,record,6,memory,0,2,1.184892,831537362.1859643,,,"{""sum_rel_diff"": 0.0, ""log_entries"": 6, ""n_results"": 6, ""user_lock_acquisitions"": 0, ""tracemalloc_peak_bytes"": 24275253}",2026-08-12T06:43:22Z
exp3_writer,single,writer,6,memory,0,3,1.234951,831537362.1859643,,,"{""sum_rel_diff"": 0.0, ""log_entries"": 6, ""n_results"": 6, ""user_lock_acquisitions"": 0, ""tracemalloc_peak_bytes"": 22583901}",2026-08-12T06:43:23Z
exp3_writer,single,lock,8,memory,0,0,1.410403,831537362.1859643,,,"{""sum_rel_diff"": 0.0, ""log_entries"": 8, ""n_results"": 8, ""user_lock_acquisitions"": 8, ""tracemalloc_peak_bytes"": 23740079}",2026-08-12T06:43:25Z
exp3_writer,single,indexed,8,memory,0,1,1.353917,831537362.1859643,,,"{""sum_rel_diff"": 0.0, ""log_entries"": 8, ""n_results"": 8, ""user_lock_acquisitions"": 0, ""tracemalloc_peak_bytes"": 23803434}",2026-08-12T06:43:26Z
exp3_writer,single,record,8,memory,0,2,1.460734,831537362.1859643,,,"{""sum_rel_diff"": 0.0, ""log_entries"": 8, ""n_results"": 8, ""user_lock_acquisitions"": 0, ""tracemalloc_peak_bytes"": 23736793}",2026-08-12T06:43:27Z
exp3_writer,single,writer,8,memory,0,3,1.442974,831537362.1859643,,,"{""sum_rel_diff"": 0.0, ""log_entries"": 8, ""n_results"": 8, ""user_lock_acquisitions"": 0, ""tracemalloc_peak_bytes"": 23897417}",2026-08-12T06:43:29Z
exp3_writer,single,lock,10,memory,0,0,1.702487,831537362.1859643,,,"{""sum_rel_diff"": 0.0, ""log_entries"": 10, ""n_results"": 10, ""user_lock_acquisitions"": 10, ""tracemalloc_peak_bytes"": 23925923}",2026-08-12T06:43:31Z
exp3_writer,single,indexed,10,memory,0,1,1.751949,831537362.1859643,,,"{""sum_rel_diff"": 0.0, ""log_entries"": 10, ""n_results"": 10, ""user_lock_acquisitions"": 0, ""tracemalloc_peak_bytes"": 24051974}",2026-08-12T06:43:32Z
exp3_writer,single,record,10,memory,0,2,1.740971,831537362.1859643,,,"{""sum_rel_diff"": 0.0, ""log_entries"": 10, ""n_results"": 10, ""user_lock_acquisitions"": 0, ""tracemalloc_peak_bytes"": 23164965}",2026-08-12T06:43:34Z
exp3_writer,single,writer,10,memory,0,3,1.729090,831537362.1859643,,,"{""sum_rel_diff"": 0.0, ""log_entries"": 10, ""n_results"": 10, ""user_lock_acquisitions"": 0, ""tracemalloc_peak_bytes"": 23898757}",2026-08-12T06:43:36Z
exp3_writer,single,lock,12,memory,0,0,2.203142,831537362.1859645,,,"{""sum_rel_diff"": 1.4336011221119537e-16, ""log_entries"": 12, ""n_results"": 12, ""user_lock_acquisitions"": 12, ""tracemalloc_peak_bytes"": 22883577}",2026-08-12T06:43:38Z
exp3_writer,single,indexed,12,memory,0,1,2.186056,831537362.1859645,,,"{""sum_rel_diff"": 1.4336011221119537e-16, ""log_entries"": 12, ""n_results"": 12, ""user_lock_acquisitions"": 0, ""tracemalloc_peak_bytes"": 24000876}",2026-08-12T06:43:40Z
exp3_writer,single,record,12,memory,0,2,2.114137,831537362.1859645,,,"{""sum_rel_diff"": 1.4336011221119537e-16, ""log_entries"": 12, ""n_results"": 12, ""user_lock_acquisitions"": 0, ""tracemalloc_peak_bytes"": 23782395}",2026-08-12T06:43:42Z
exp3_writer,single,writer,12,memory,0,3,2.061377,831537362.1859645,,,"{""sum_rel_diff"": 1.4336011221119537e-16, ""log_entries"": 12, ""n_results"": 12, ""user_lock_acquisitions"": 0, ""tracemalloc_peak_bytes"": 23550195}",2026-08-12T06:43:44Z
exp3_writer,single,lock,14,memory,0,0,2.692991,831537362.1859643,,,"{""sum_rel_diff"": 0.0, ""log_entries"": 14, ""n_results"": 14, ""user_lock_acquisitions"": 14, ""tracemalloc_peak_bytes"": 23211951}",2026-08-12T06:43:47Z
exp3_writer,single,indexed,14,memory,0,1,2.682027,831537362.1859643,,,"{""sum_rel_diff"": 0.0, ""log_entries"": 14, ""n_results"": 14, ""user_lock_acquisitions"": 0, ""tracemalloc_peak_bytes"": 23380714}",2026-08-12T06:43:50Z
exp3_writer,single,record,14,memory,0,2,2.758978,831537362.1859643,,,"{""sum_rel_diff"": 0.0, ""log_entries"": 14, ""n_results"": 14, ""user_lock_acquisitions"": 0, ""tracemalloc_peak_bytes"": 22763089}",2026-08-12T06:43:53Z
exp3_writer,single,writer,14,memory,0,3,2.766580,831537362.1859643,,,"{""sum_rel_diff"": 0.0, ""log_entries"": 14, ""n_results"": 14, ""user_lock_acquisitions"": 0, ""tracemalloc_peak_bytes"": 23011153}",2026-08-12T06:43:55Z
exp3_writer,single,lock,16,memory,0,0,3.755621,831537362.1859643,,,"{""sum_rel_diff"": 0.0, ""log_entries"": 16, ""n_results"": 16, ""user_lock_acquisitions"": 16, ""tracemalloc_peak_bytes"": 23414037}",2026-08-12T06:43:59Z
exp3_writer,single,indexed,16,memory,0,1,3.737959,831537362.1859643,,,"{""sum_rel_diff"": 0.0, ""log_entries"": 16, ""n_results"": 16, ""user_lock_acquisitions"": 0, ""tracemalloc_peak_bytes"": 23659040}",2026-08-12T06:44:03Z
exp3_writer,single,record,16,memory,0,2,3.870486,831537362.1859643,,,"{""sum_rel_diff"": 0.0, ""log_entries"": 16, ""n_results"": 16, ""user_lock_acquisitions"": 0, ""tracemalloc_peak_bytes"": 23590655}",2026-08-12T06:44:07Z
exp3_writer,single,writer,16,memory,0,3,3.886334,831537362.1859643,,,"{""sum_rel_diff"": 0.0, ""log_entries"": 16, ""n_results"": 16, ""user_lock_acquisitions"": 0, ""tracemalloc_peak_bytes"": 23378623}",2026-08-12T06:44:11Z
