experiment,workload,condition,n_threads,phase,rep,order_idx,wall_s,result,expected,error_pct,aux,timestamp_utc
exp2_scaling,montecarlo,no_lock,1,warmup,1,0,0.247472,392695,392695,0.000000,"{""user_lock_acquisitions"": 0}",2026-08-12T05:45:15Z
exp2_scaling,montecarlo,no_lock,1,warmup,2,1,0.139179,392695,392695,0.000000,"{""user_lock_acquisitions"": 0}",2026-08-12T05:45:15Z
exp2_scaling,montecarlo,fine_lock,1,warmup,0,2,0.206100,392695,392695,0.000000,"{""user_lock_acquisitions"": 500000}",2026-08-12T05:45:15Z
exp2_scaling,montecarlo,imp_threadlocal,1,warmup,0,3,0.109343,392695,392695,0.000000,"{""user_lock_acquisitions"": 0}",2026-08-12T05:45:15Z
exp2_scaling,montecarlo,coarse_lock,1,warmup,1,4,0.109424,392695,392695,0.000000,"{""user_lock_acquisitions"": 1}",2026-08-12T05:45:15Z
exp2_scaling,montecarlo,no_lock,1,warmup,0,5,0.139440,392695,392695,0.000000,"{""user_lock_acquisitions"": 0}",2026-08-12T05:45:15Z
exp2_scaling,montecarlo,fp_reduce,1,warmup,2,6,0.109335,392695,392695,0.000000,"{""user_lock_acquisitions"": 0}",2026-08-12T05:45:16Z
exp2_scaling,montecarlo,imp_threadlocal,1,warmup,2,7,0.109589,392695,392695,0.000000,"{""user_lock_acquisitions"": 0}",2026-08-12T05:45:16Z
exp2_scaling,montecarlo,imp_threadlocal,1,warmup,1,8,0.109381,392695,392695,0.000000,"{""user_lock_acquisitions"": 0}",2026-08-12T05:45:16Z
exp2_scaling,montecarlo,fp_reduce,1,warmup,0,9,0.109457,392695,392695,0.000000,"{""user_lock_acquisitions"": 0}",2026-08-12T05:45:16Z
exp2_scaling,montecarlo,fine_lock,1,warmup,1,10,0.206110,392695,392695,0.000000,"{""user_lock_acquisitions"": 500000}",2026-08-12T05:45:16Z
exp2_scaling,montecarlo,fine_lock,1,warmup,2,11,0.206107,392695,392695,0.000000,"{""user_lock_acquisitions"": 500000}",2026-08-12T05:45:16Z
exp2_scaling,montecarlo,coarse_lock,1,warmup,0,12,0.109378,392695,392695,0.000000,"{""user_lock_acquisitions"": 1}",2026-08-12T05:45:16Z
exp2_scaling,montecarlo,fp_reduce,1,warmup,1,13,0.109296,392695,392695,0.000000,"{""user_lock_acquisitions"": 0}",2026-08-12T05:45:17Z
exp2_scaling,montecarlo,coarse_lock,1,warmup,2,14,0.109291,392695,392695,0.000000,"{""user_lock_acquisitions"": 1}",2026-08-12T05:45:17Z
exp2_scaling,montecarlo,imp_threadlocal,1,measured,21,15,0.109477,392695,392695,0.000000,"{""user_lock_acquisitions"": 0}",2026-08-12T05:45:17Z
exp2_scaling,montecarlo,fine_lock,1,measured,25,16,0.206444,392695,392695,0.000000,"{""user_lock_acquisitions"": 500000}",2026-08-12T05:45:17Z
exp2_scaling,montecarlo,fp_reduce,1,measured,20,17,0.109665,392695,392695,0.000000,"{""user_lock_acquisitions"": 0}",2026-08-12T05:45:17Z
exp2_scaling,montecarlo,fp_reduce,1,measured,6,18,0.109281,392695,392695,0.000000,"{""user_lock_acquisitions"": 0}",2026-08-12T05:45:17Z
exp2_scaling,montecarlo,fp_reduce,1,measured,5,19,0.109273,392695,392695,0.000000,"{""user_lock_acquisitions"": 0}",2026-08-12T05:45:17Z
exp2_scaling,montecarlo,imp_threadlocal,1,measured,0,20,0.109183,392695,392695,0.000000,"{""user_lock_acquisitions"": 0}",2026-08-12T05:45:17Z
exp2_scaling,montecarlo,imp_threadlocal,1,measured,22,21,0.109022,392695,392695,0.000000,"{""user_lock_acquisitions"": 0}",2026-08-12T05:45:18Z
exp2_scaling,montecarlo,fp_reduce,1,measured,4,22,0.109078,392695,392695,0.000000,"{""user_lock_acquisitions"": 0}",2026-08-12T05:45:18Z
exp2_scaling,montecarlo,coarse_lock,1,measured,4,23,0.109023,392695,392695,0.000000,"{""user_lock_acquisitions"": 1}",2026-08-12T05:45:18Z
exp2_scaling,montecarlo,fp_reduce,1,measured,0,24,0.109031,392695,392695,0.000000,"{""user_lock_acquisitions"": 0}",2026-08-12T05:45:18Z
exp2_scaling,montecarlo,fine_lock,1,measured,13,25,0.206255,392695,392695,0.000000,"{""user_lock_acquisitions"": 500000}",2026-08-12T05:45:18Z
exp2_scaling,montecarlo,coarse_lock,1,measured,29,26,0.109130,392695,392695,0.000000,"{""user_lock_acquisitions"": 1}",2026-08-12T05:45:18Z
exp2_scaling,montecarlo,fp_reduce,1,measured,11,27,0.109048,392695,392695,0.000000,"{""user_lock_acquisitions"": 0}",2026-08-12T05:45:18Z
exp2_scaling,montecarlo,fine_lock,1,measured,27,28,0.206397,392695,392695,0.000000,"{""user_lock_acquisitions"": 500000}",2026-08-12T05:45:18Z
exp2_scaling,montecarlo,fp_reduce,1,measured,12,29,0.109141,392695,392695,0.000000,"{""user_lock_acquisitions"": 0}",2026-08-12T05:45:19Z
exp2_scaling,montecarlo,fp_reduce,1,measured,26,30,0.109086,392695,392695,0.000000,"{""user_lock_acquisitions"": 0}",2026-08-12T05:45:19Z
exp2_scaling,montecarlo,imp_threadlocal,1,measured,28,31,0.109145,392695,392695,0.000000,"{""user_lock_acquisitions"": 0}",2026-08-12T05:45:19Z
exp2_scaling,montecarlo,fine_lock,1,measured,20,32,0.206322,392695,392695,0.000000,"{""user_lock_acquisitions"": 500000}",2026-08-12T05:45:19Z
exp2_scaling,montecarlo,fine_lock,1,measured,23,33,0.206076,392695,392695,0.000000,"{""user_lock_acquisitions"": 500000}",2026-08-12T05:45:19Z
exp2_scaling,montecarlo,no_lock,1,measured,14,34,0.139431,392695,392695,0.000000,"{""user_lock_acquisitions"": 0}",2026-08-12T05:45:19Z
exp2_scaling,montecarlo,coarse_lock,1,measured,9,35,0.109308,392695,392695,0.000000,"{""user_lock_acquisitions"": 1}",2026-08-12T05:45:19Z
exp2_scaling,montecarlo,coarse_lock,1,measured,12,36,0.109148,392695,392695,0.000000,"{""user_lock_acquisitions"": 1}",2026-08-12T05:45:20Z
exp2_scaling,montecarlo,fp_reduce,1,measured,17,37,0.109281,392695,392695,0.000000,"{""user_lock_acquisitions"": 0}",2026-08-12T05:45:20Z
exp2_scaling,montecarlo,no_lock,1,measured,25,38,0.140386,392695,392695,0.000000,"{""user_lock_acquisitions"": 0}",2026-08-12T05:45:20Z
exp2_scaling,montecarlo,imp_threadlocal,1,measured,23,39,0.109256,392695,392695,0.000000,"{""user_lock_acquisitions"": 0}",2026-08-12T05:45:20Z
exp2_scaling,montecarlo,fp_reduce,1,measured,18,40,0.109648,392695,392695,0.000000,"{""user_lock_acquisitions"": 0}",2026-08-12T05:45:20Z
exp2_scaling,montecarlo,fp_reduce,1,measured,21,41,0.109473,392695,392695,0.000000,"{""user_lock_acquisitions"": 0}",2026-08-12T05:45:20Z
exp2_scaling,montecarlo,no_lock,1,measured,12,42,0.139111,392695,392695,0.000000,"{""user_lock_acquisitions"": 0}",2026-08-12T05:45:20Z
exp2_scaling,montecarlo,fp_reduce,1,measured,24,43,0.109197,392695,392695,0.000000,"{""user_lock_acquisitions"": 0}",2026-08-12T05:45:20Z
exp2_scaling,montecarlo,fp_reduce,1,measured,10,44,0.109672,392695,392695,0.000000,"{""user_lock_acquisitions"": 0}",2026-08-12T05:45:21Z
exp2_scaling,montecarlo,imp_threadlocal,1,measured,5,45,0.109251,392695,392695,0.000000,"{""user_lock_acquisitions"": 0}",2026-08-12T05:45:21Z
exp2_scaling,montecarlo,no_lock,1,measured,8,46,0.139455,392695,392695,0.000000,"{""user_lock_acquisitions"": 0}",2026-08-12T05:45:21Z
exp2_scaling,montecarlo,coarse_lock,1,measured,5,47,0.109622,392695,392695,0.000000,"{""user_lock_acquisitions"": 1}",2026-08-12T05:45:21Z
exp2_scaling,montecarlo,fp_reduce,1,measured,13,48,0.109308,392695,392695,0.000000,"{""user_lock_acquisitions"": 0}",2026-08-12T05:45:21Z
exp2_scaling,montecarlo,fp_reduce,1,measured,14,49,0.109239,392695,392695,0.000000,"{""user_lock_acquisitions"": 0}",2026-08-12T05:45:21Z
exp2_scaling,montecarlo,fine_lock,1,measured,11,50,0.206441,392695,392695,0.000000,"{""user_lock_acquisitions"": 500000}",2026-08-12T05:45:21Z
exp2_scaling,montecarlo,no_lock,1,measured,6,51,0.139414,392695,392695,0.000000,"{""user_lock_acquisitions"": 0}",2026-08-12T05:45:21Z
exp2_scaling,montecarlo,imp_threadlocal,1,measured,13,52,0.109405,392695,392695,0.000000,"{""user_lock_acquisitions"": 0}",2026-08-12T05:45:22Z
exp2_scaling,montecarlo,no_lock,1,measured,10,53,0.139593,392695,392695,0.000000,"{""user_lock_acquisitions"": 0}",2026-08-12T05:45:22Z
exp2_scaling,montecarlo,imp_threadlocal,1,measured,7,54,0.109919,392695,392695,0.000000,"{""user_lock_acquisitions"": 0}",2026-08-12T05:45:22Z
exp2_scaling,montecarlo,no_lock,1,measured,13,55,0.139440,392695,392695,0.000000,"{""user_lock_acquisitions"": 0}",2026-08-12T05:45:22Z
exp2_scaling,montecarlo,fine_lock,1,measured,5,56,0.206561,392695,392695,0.000000,"{""user_lock_acquisitions"": 500000}",2026-08-12T05:45:22Z
exp2_scaling,montecarlo,fine_lock,1,measured,14,57,0.206230,392695,392695,0.000000,"{""user_lock_acquisitions"": 500000}",2026-08-12T05:45:22Z
exp2_scaling,montecarlo,no_lock,1,measured,22,58,0.140050,392695,392695,0.000000,"{""user_lock_acquisitions"": 0}",2026-08-12T05:45:22Z
exp2_scaling,montecarlo,no_lock,1,measured,29,59,0.139494,392695,392695,0.000000,"{""user_lock_acquisitions"": 0}",2026-08-12T05:45:23Z
exp2_scaling,montecarlo,coarse_lock,1,measured,13,60,0.109425,392695,392695,0.000000,"{""user_lock_acquisitions"": 1}",2026-08-12T05:45:23Z
exp2_scaling,montecarlo,fp_reduce,1,measured,1,61,0.109399,392695,392695,0.000000,"{""user_lock_acquisitions"": 0}",2026-08-12T05:45:23Z
exp2_scaling,montecarlo,imp_threadlocal,1,measured,18,62,0.109476,392695,392695,0.000000,"{""user_lock_acquisitions"": 0}",2026-08-12T05:45:23Z
exp2_scaling,montecarlo,fine_lock,1,measured,18,63,0.206461,392695,392695,0.000000,"{""user_lock_acquisitions"": 500000}",2026-08-12T05:45:23Z
exp2_scaling,montecarlo,coarse_lock,1,measured,3,64,0.109462,392695,392695,0.000000,"{""user_lock_acquisitions"": 1}",2026-08-12T05:45:23Z
exp2_scaling,montecarlo,no_lock,1,measured,27,65,0.139464,392695,392695,0.000000,"{""user_lock_acquisitions"": 0}",2026-08-12T05:45:23Z
exp2_scaling,montecarlo,no_lock,1,measured,28,66,0.139496,392695,392695,0.000000,"{""user_lock_acquisitions"": 0}",2026-08-12T05:45:24Z
exp2_scaling,montecarlo,no_lock,1,measured,5,67,0.139161,392695,392695,0.000000,"{""user_lock_acquisitions"": 0}",2026-08-12T05:45:24Z
exp2_scaling,montecarlo,no_lock,1,measured,23,68,0.139286,392695,392695,0.000000,"{""user_lock_acquisitions"": 0}",2026-08-12T05:45:24Z
exp2_scaling,montecarlo,imp_threadlocal,1,measured,1,69,0.109310,392695,392695,0.000000,"{""user_lock_acquisitions"": 0}",2026-08-12T05:45:24Z
exp2_scaling,montecarlo,imp_threadlocal,1,measured,16,70,0.109935,392695,392695,0.000000,"{""user_lock_acquisitions"": 0}",2026-08-12T05:45:24Z
exp2_scaling,montecarlo,fine_lock,1,measured,26,71,0.206364,392695,392695,0.000000,"{""user_lock_acquisitions"": 500000}",2026-08-12T05:45:24Z
exp2_scaling,montecarlo,imp_threadlocal,1,measured,15,72,0.109499,392695,392695,0.000000,"{""user_lock_acquisitions"": 0}",2026-08-12T05:45:24Z
exp2_scaling,montecarlo,coarse_lock,1,measured,0,73,0.109379,392695,392695,0.000000,"{""user_lock_acquisitions"": 1}",2026-08-12T05:45:24Z
exp2_scaling,montecarlo,fp_reduce,1,measured,2,74,0.109261,392695,392695,0.000000,"{""user_lock_acquisitions"": 0}",2026-08-12T05:45:25Z
exp2_scaling,montecarlo,fp_reduce,1,measured,3,75,0.109206,392695,392695,0.000000,"{""user_lock_acquisitions"": 0}",2026-08-12T05:45:25Z
exp2_scaling,montecarlo,fine_lock,1,measured,15,76,0.206678,392695,392695,0.000000,"{""user_lock_acquisitions"": 500000}",2026-08-12T05:45:25Z
exp2_scaling,montecarlo,fp_reduce,1,measured,8,77,0.109304,392695,392695,0.000000,"{""user_lock_acquisitions"": 0}",2026-08-12T05:45:25Z
exp2_scaling,montecarlo,imp_threadlocal,1,measured,27,78,0.109542,392695,392695,0.000000,"{""user_lock_acquisitions"": 0}",2026-08-12T05:45:25Z
exp2_scaling,montecarlo,fine_lock,1,measured,10,79,0.206483,392695,392695,0.000000,"{""user_lock_acquisitions"": 500000}",2026-08-12T05:45:25Z
exp2_scaling,montecarlo,fp_reduce,1,measured,23,80,0.109681,392695,392695,0.000000,"{""user_lock_acquisitions"": 0}",2026-08-12T05:45:25Z
exp2_scaling,montecarlo,no_lock,1,measured,15,81,0.139487,392695,392695,0.000000,"{""user_lock_acquisitions"": 0}",2026-08-12T05:45:26Z
exp2_scaling,montecarlo,coarse_lock,1,measured,15,82,0.109967,392695,392695,0.000000,"{""user_lock_acquisitions"": 1}",2026-08-12T05:45:26Z
exp2_scaling,montecarlo,fine_lock,1,measured,17,83,0.206433,392695,392695,0.000000,"{""user_lock_acquisitions"": 500000}",2026-08-12T05:45:26Z
exp2_scaling,montecarlo,imp_threadlocal,1,measured,10,84,0.109803,392695,392695,0.000000,"{""user_lock_acquisitions"": 0}",2026-08-12T05:45:26Z
exp2_scaling,montecarlo,no_lock,1,measured,3,85,0.139620,392695,392695,0.000000,"{""user_lock_acquisitions"": 0}",2026-08-12T05:45:26Z
exp2_scaling,montecarlo,fine_lock,1,measured,22,86,0.206213,392695,392695,0.000000,"{""user_lock_acquisitions"": 500000}",2026-08-12T05:45:26Z
exp2_scaling,montecarlo,fine_lock,1,measured,1,87,0.206853,392695,392695,0.000000,"{""user_lock_acquisitions"": 500000}",2026-08-12T05:45:27Z
exp2_scaling,montecarlo,fine_lock,1,measured,3,88,0.206386,392695,392695,0.000000,"{""user_lock_acquisitions"": 500000}",2026-08-12T05:45:27Z
exp2_scaling,montecarlo,fine_lock,1,measured,7,89,0.206471,392695,392695,0.000000,"{""user_lock_acquisitions"": 500000}",2026-08-12T05:45:27Z
exp2_scaling,montecarlo,fine_lock,1,measured,8,90,0.206564,392695,392695,0.000000,"{""user_lock_acquisitions"": 500000}",2026-08-12T05:45:27Z
exp2_scaling,montecarlo,fp_reduce,1,measured,28,91,0.109471,392695,392695,0.000000,"{""user_lock_acquisitions"": 0}",2026-08-12T05:45:27Z
exp2_scaling,montecarlo,coarse_lock,1,measured,28,92,0.109486,392695,392695,0.000000,"{""user_lock_acquisitions"": 1}",2026-08-12T05:45:27Z
exp2_scaling,montecarlo,coarse_lock,1,measured,16,93,0.110072,392695,392695,0.000000,"{""user_lock_acquisitions"": 1}",2026-08-12T05:45:28Z
exp2_scaling,montecarlo,fp_reduce,1,measured,19,94,0.109628,392695,392695,0.000000,"{""user_lock_acquisitions"": 0}",2026-08-12T05:45:28Z
exp2_scaling,montecarlo,imp_threadlocal,1,measured,9,95,0.109905,392695,392695,0.000000,"{""user_lock_acquisitions"": 0}",2026-08-12T05:45:28Z
exp2_scaling,montecarlo,no_lock,1,measured,20,96,0.139393,392695,392695,0.000000,"{""user_lock_acquisitions"": 0}",2026-08-12T05:45:28Z
exp2_scaling,montecarlo,no_lock,1,measured,1,97,0.139514,392695,392695,0.000000,"{""user_lock_acquisitions"": 0}",2026-08-12T05:45:28Z
exp2_scaling,montecarlo,coarse_lock,1,measured,20,98,0.109390,392695,392695,0.000000,"{""user_lock_acquisitions"": 1}",2026-08-12T05:45:28Z
exp2_scaling,montecarlo,coarse_lock,1,measured,24,99,0.109394,392695,392695,0.000000,"{""user_lock_acquisitions"": 1}",2026-08-12T05:45:28Z
exp2_scaling,montecarlo,imp_threadlocal,1,measured,17,100,0.109623,392695,392695,0.000000,"{""user_lock_acquisitions"": 0}",2026-08-12T05:45:28Z
exp2_scaling,montecarlo,fine_lock,1,measured,19,101,0.206851,392695,392695,0.000000,"{""user_lock_acquisitions"": 500000}",2026-08-12T05:45:29Z
exp2_scaling,montecarlo,imp_threadlocal,1,measured,8,102,0.109297,392695,392695,0.000000,"{""user_lock_acquisitions"": 0}",2026-08-12T05:45:29Z
exp2_scaling,montecarlo,imp_threadlocal,1,measured,19,103,0.109507,392695,392695,0.000000,"{""user_lock_acquisitions"": 0}",2026-08-12T05:45:29Z
exp2_scaling,montecarlo,no_lock,1,measured,0,104,0.139485,392695,392695,0.000000,"{""user_lock_acquisitions"": 0}",2026-08-12T05:45:29Z
exp2_scaling,montecarlo,imp_threadlocal,1,measured,20,105,0.109961,392695,392695,0.000000,"{""user_lock_acquisitions"": 0}",2026-08-12T05:45:29Z
exp2_scaling,montecarlo,fp_reduce,1,measured,15,106,0.109237,392695,392695,0.000000,"{""user_lock_acquisitions"": 0}",2026-08-12T05:45:29Z
exp2_scaling,montecarlo,coarse_lock,1,measured,19,107,0.109367,392695,392695,0.000000,"{""user_lock_acquisitions"": 1}",2026-08-12T05:45:29Z
exp2_scaling,montecarlo,imp_threadlocal,1,measured,24,108,0.109557,392695,392695,0.000000,"{""user_lock_acquisitions"": 0}",2026-08-12T05:45:29Z
exp2_scaling,montecarlo,imp_threadlocal,1,measured,6,109,0.109287,392695,392695,0.000000,"{""user_lock_acquisitions"": 0}",2026-08-12T05:45:29Z
exp2_scaling,montecarlo,fp_reduce,1,measured,22,110,0.109528,392695,392695,0.000000,"{""user_lock_acquisitions"": 0}",2026-08-12T05:45:30Z
exp2_scaling,montecarlo,coarse_lock,1,measured,14,111,0.109344,392695,392695,0.000000,"{""user_lock_acquisitions"": 1}",2026-08-12T05:45:30Z
exp2_scaling,montecarlo,no_lock,1,measured,11,112,0.139935,392695,392695,0.000000,"{""user_lock_acquisitions"": 0}",2026-08-12T05:45:30Z
exp2_scaling,montecarlo,coarse_lock,1,measured,10,113,0.109291,392695,392695,0.000000,"{""user_lock_acquisitions"": 1}",2026-08-12T05:45:30Z
exp2_scaling,montecarlo,fine_lock,1,measured,0,114,0.206767,392695,392695,0.000000,"{""user_lock_acquisitions"": 500000}",2026-08-12T05:45:30Z
exp2_scaling,montecarlo,imp_threadlocal,1,measured,29,115,0.109378,392695,392695,0.000000,"{""user_lock_acquisitions"": 0}",2026-08-12T05:45:30Z
exp2_scaling,montecarlo,no_lock,1,measured,16,116,0.139662,392695,392695,0.000000,"{""user_lock_acquisitions"": 0}",2026-08-12T05:45:30Z
exp2_scaling,montecarlo,imp_threadlocal,1,measured,26,117,0.109325,392695,392695,0.000000,"{""user_lock_acquisitions"": 0}",2026-08-12T05:45:30Z
exp2_scaling,montecarlo,coarse_lock,1,measured,2,118,0.109329,392695,392695,0.000000,"{""user_lock_acquisitions"": 1}",2026-08-12T05:45:31Z
exp2_scaling,montecarlo,no_lock,1,measured,2,119,0.139719,392695,392695,0.000000,"{""user_lock_acquisitions"": 0}",2026-08-12T05:45:31Z
exp2_scaling,montecarlo,coarse_lock,1,measured,21,120,0.109795,392695,392695,0.000000,"{""user_lock_acquisitions"": 1}",2026-08-12T05:45:31Z
exp2_scaling,montecarlo,fine_lock,1,measured,21,121,0.206704,392695,392695,0.000000,"{""user_lock_acquisitions"": 500000}",2026-08-12T05:45:31Z
exp2_scaling,montecarlo,imp_threadlocal,1,measured,2,122,0.109282,392695,392695,0.000000,"{""user_lock_acquisitions"": 0}",2026-08-12T05:45:31Z
exp2_scaling,montecarlo,fp_reduce,1,measured,29,123,0.109644,392695,392695,0.000000,"{""user_lock_acquisitions"": 0}",2026-08-12T05:45:31Z
exp2_scaling,montecarlo,fp_reduce,1,measured,27,124,0.109340,392695,392695,0.000000,"{""user_lock_acquisitions"": 0}",2026-08-12T05:45:31Z
exp2_scaling,montecarlo,fine_lock,1,measured,29,125,0.206397,392695,392695,0.000000,"{""user_lock_acquisitions"": 500000}",2026-08-12T05:45:32Z
exp2_scaling,montecarlo,coarse_lock,1,measured,27,126,0.109500,392695,392695,0.000000,"{""user_lock_acquisitions"": 1}",2026-08-12T05:45:32Z
exp2_scaling,montecarlo,imp_threadlocal,1,measured,12,127,0.109314,392695,392695,0.000000,"{""user_lock_acquisitions"": 0}",2026-08-12T05:45:32Z
exp2_scaling,montecarlo,no_lock,1,measured,24,128,0.139640,392695,392695,0.000000,"{""user_lock_acquisitions"": 0}",2026-08-12T05:45:32Z
exp2_scaling,montecarlo,coarse_lock,1,measured,23,129,0.109615,392695,392695,0.000000,"{""user_lock_acquisitions"": 1}",2026-08-12T05:45:32Z
exp2_scaling,montecarlo,imp_threadlocal,1,measured,14,130,0.109573,392695,392695,0.000000,"{""user_lock_acquisitions"": 0}",2026-08-12T05:45:32Z
exp2_scaling,montecarlo,imp_threadlocal,1,measured,4,131,0.109465,392695,392695,0.000000,"{""user_lock_acquisitions"": 0}",2026-08-12T05:45:32Z
exp2_scaling,montecarlo,fine_lock,1,measured,12,132,0.206928,392695,392695,0.000000,"{""user_lock_acquisitions"": 500000}",2026-08-12T05:45:32Z
exp2_scaling,montecarlo,imp_threadlocal,1,measured,11,133,0.109460,392695,392695,0.000000,"{""user_lock_acquisitions"": 0}",2026-08-12T05:45:33Z
exp2_scaling,montecarlo,fine_lock,1,measured,2,134,0.206635,392695,392695,0.000000,"{""user_lock_acquisitions"": 500000}",2026-08-12T05:45:33Z
exp2_scaling,montecarlo,coarse_lock,1,measured,8,135,0.109395,392695,392695,0.000000,"{""user_lock_acquisitions"": 1}",2026-08-12T05:45:33Z
exp2_scaling,montecarlo,coarse_lock,1,measured,6,136,0.109445,392695,392695,0.000000,"{""user_lock_acquisitions"": 1}",2026-08-12T05:45:33Z
exp2_scaling,montecarlo,imp_threadlocal,1,measured,25,137,0.109322,392695,392695,0.000000,"{""user_lock_acquisitions"": 0}",2026-08-12T05:45:33Z
exp2_scaling,montecarlo,coarse_lock,1,measured,25,138,0.109625,392695,392695,0.000000,"{""user_lock_acquisitions"": 1}",2026-08-12T05:45:33Z
exp2_scaling,montecarlo,no_lock,1,measured,9,139,0.139605,392695,392695,0.000000,"{""user_lock_acquisitions"": 0}",2026-08-12T05:45:33Z
exp2_scaling,montecarlo,coarse_lock,1,measured,17,140,0.109518,392695,392695,0.000000,"{""user_lock_acquisitions"": 1}",2026-08-12T05:45:33Z
exp2_scaling,montecarlo,no_lock,1,measured,18,141,0.139477,392695,392695,0.000000,"{""user_lock_acquisitions"": 0}",2026-08-12T05:45:34Z
exp2_scaling,montecarlo,fp_reduce,1,measured,25,142,0.109514,392695,392695,0.000000,"{""user_lock_acquisitions"": 0}",2026-08-12T05:45:34Z
exp2_scaling,montecarlo,no_lock,1,measured,4,143,0.139499,392695,392695,0.000000,"{""user_lock_acquisitions"": 0}",2026-08-12T05:45:34Z
exp2_scaling,montecarlo,fp_reduce,1,measured,16,144,0.109368,392695,392695,0.000000,"{""user_lock_acquisitions"": 0}",2026-08-12T05:45:34Z
exp2_scaling,montecarlo,fine_lock,1,measured,28,145,0.206544,392695,392695,0.000000,"{""user_lock_acquisitions"": 500000}",2026-08-12T05:45:34Z
exp2_scaling,montecarlo,imp_threadlocal,1,measured,3,146,0.109701,392695,392695,0.000000,"{""user_lock_acquisitions"": 0}",2026-08-12T05:45:34Z
exp2_scaling,montecarlo,no_lock,1,measured,7,147,0.139503,392695,392695,0.000000,"{""user_lock_acquisitions"": 0}",2026-08-12T05:45:34Z
exp2_scaling,montecarlo,coarse_lock,1,measured,11,148,0.109459,392695,392695,0.000000,"{""user_lock_acquisitions"": 1}",2026-08-12T05:45:35Z
exp2_scaling,montecarlo,no_lock,1,measured,21,149,0.139413,392695,392695,0.000000,"{""user_lock_acquisitions"": 0}",2026-08-12T05:45:35Z
exp2_scaling,montecarlo,fine_lock,1,measured,6,150,0.206455,392695,392695,0.000000,"{""user_lock_acquisitions"": 500000}",2026-08-12T05:45:35Z
exp2_scaling,montecarlo,fine_lock,1,measured,4,151,0.206758,392695,392695,0.000000,"{""user_lock_acquisitions"": 500000}",2026-08-12T05:45:35Z
exp2_scaling,montecarlo,no_lock,1,measured,26,152,0.139475,392695,392695,0.000000,"{""user_lock_acquisitions"": 0}",2026-08-12T05:45:35Z
exp2_scaling,montecarlo,fine_lock,1,measured,24,153,0.206424,392695,392695,0.000000,"{""user_lock_acquisitions"": 500000}",2026-08-12T05:45:35Z
exp2_scaling,montecarlo,no_lock,1,measured,17,154,0.139590,392695,392695,0.000000,"{""user_lock_acquisitions"": 0}",2026-08-12T05:45:36Z
exp2_scaling,montecarlo,coarse_lock,1,measured,7,155,0.109460,392695,392695,0.000000,"{""user_lock_acquisitions"": 1}",2026-08-12T05:45:36Z
exp2_scaling,montecarlo,coarse_lock,1,measured,1,156,0.109542,392695,392695,0.000000,"{""user_lock_acquisitions"": 1}",2026-08-12T05:45:36Z
exp2_scaling,montecarlo,fine_lock,1,measured,9,157,0.206489,392695,392695,0.000000,"{""user_lock_acquisitions"": 500000}",2026-08-12T05:45:36Z
exp2_scaling,montecarlo,fine_lock,1,measured,16,158,0.206480,392695,392695,0.000000,"{""user_lock_acquisitions"": 500000}",2026-08-12T05:45:36Z
exp2_scaling,montecarlo,fp_reduce,1,measured,9,159,0.109639,392695,392695,0.000000,"{""user_lock_acquisitions"": 0}",2026-08-12T05:45:36Z
exp2_scaling,montecarlo,coarse_lock,1,measured,22,160,0.109253,392695,392695,0.000000,"{""user_lock_acquisitions"": 1}",2026-08-12T05:45:36Z
exp2_scaling,montecarlo,coarse_lock,1,measured,26,161,0.109473,392695,392695,0.000000,"{""user_lock_acquisitions"": 1}",2026-08-12T05:45:37Z
exp2_scaling,montecarlo,coarse_lock,1,measured,18,162,0.109342,392695,392695,0.000000,"{""user_lock_acquisitions"": 1}",2026-08-12T05:45:37Z
exp2_scaling,montecarlo,fp_reduce,1,measured,7,163,0.109443,392695,392695,0.000000,"{""user_lock_acquisitions"": 0}",2026-08-12T05:45:37Z
exp2_scaling,montecarlo,no_lock,1,measured,19,164,0.139053,392695,392695,0.000000,"{""user_lock_acquisitions"": 0}",2026-08-12T05:45:37Z
exp2_scaling,montecarlo,imp_threadlocal,2,warmup,0,0,0.164358,392878,392878,0.000000,"{""user_lock_acquisitions"": 0}",2026-08-12T05:45:37Z
exp2_scaling,montecarlo,imp_threadlocal,2,warmup,1,1,0.055693,392878,392878,0.000000,"{""user_lock_acquisitions"": 0}",2026-08-12T05:45:37Z
exp2_scaling,montecarlo,fine_lock,2,warmup,1,2,0.220767,392878,392878,0.000000,"{""user_lock_acquisitions"": 500000}",2026-08-12T05:45:37Z
exp2_scaling,montecarlo,no_lock,2,warmup,0,3,0.169495,217690,392878,44.590942,"{""user_lock_acquisitions"": 0}",2026-08-12T05:45:38Z
exp2_scaling,montecarlo,no_lock,2,warmup,1,4,0.165424,186334,392878,52.572045,"{""user_lock_acquisitions"": 0}",2026-08-12T05:45:38Z
exp2_scaling,montecarlo,coarse_lock,2,warmup,2,5,0.055245,392878,392878,0.000000,"{""user_lock_acquisitions"": 2}",2026-08-12T05:45:38Z
exp2_scaling,montecarlo,fp_reduce,2,warmup,0,6,0.055127,392878,392878,0.000000,"{""user_lock_acquisitions"": 0}",2026-08-12T05:45:38Z
exp2_scaling,montecarlo,fine_lock,2,warmup,2,7,0.222262,392878,392878,0.000000,"{""user_lock_acquisitions"": 500000}",2026-08-12T05:45:38Z
exp2_scaling,montecarlo,fp_reduce,2,warmup,1,8,0.055219,392878,392878,0.000000,"{""user_lock_acquisitions"": 0}",2026-08-12T05:45:38Z
exp2_scaling,montecarlo,no_lock,2,warmup,2,9,0.169773,186705,392878,52.477614,"{""user_lock_acquisitions"": 0}",2026-08-12T05:45:38Z
exp2_scaling,montecarlo,imp_threadlocal,2,warmup,2,10,0.055032,392878,392878,0.000000,"{""user_lock_acquisitions"": 0}",2026-08-12T05:45:38Z
exp2_scaling,montecarlo,fine_lock,2,warmup,0,11,0.219886,392878,392878,0.000000,"{""user_lock_acquisitions"": 500000}",2026-08-12T05:45:39Z
exp2_scaling,montecarlo,coarse_lock,2,warmup,0,12,0.055049,392878,392878,0.000000,"{""user_lock_acquisitions"": 2}",2026-08-12T05:45:39Z
exp2_scaling,montecarlo,coarse_lock,2,warmup,1,13,0.055100,392878,392878,0.000000,"{""user_lock_acquisitions"": 2}",2026-08-12T05:45:39Z
exp2_scaling,montecarlo,fp_reduce,2,warmup,2,14,0.055180,392878,392878,0.000000,"{""user_lock_acquisitions"": 0}",2026-08-12T05:45:39Z
exp2_scaling,montecarlo,imp_threadlocal,2,measured,26,15,0.055529,392878,392878,0.000000,"{""user_lock_acquisitions"": 0}",2026-08-12T05:45:39Z
exp2_scaling,montecarlo,coarse_lock,2,measured,25,16,0.054983,392878,392878,0.000000,"{""user_lock_acquisitions"": 2}",2026-08-12T05:45:39Z
exp2_scaling,montecarlo,imp_threadlocal,2,measured,4,17,0.055258,392878,392878,0.000000,"{""user_lock_acquisitions"": 0}",2026-08-12T05:45:39Z
exp2_scaling,montecarlo,coarse_lock,2,measured,6,18,0.055600,392878,392878,0.000000,"{""user_lock_acquisitions"": 2}",2026-08-12T05:45:39Z
exp2_scaling,montecarlo,fine_lock,2,measured,15,19,0.220679,392878,392878,0.000000,"{""user_lock_acquisitions"": 500000}",2026-08-12T05:45:39Z
exp2_scaling,montecarlo,coarse_lock,2,measured,1,20,0.055383,392878,392878,0.000000,"{""user_lock_acquisitions"": 2}",2026-08-12T05:45:39Z
exp2_scaling,montecarlo,fine_lock,2,measured,13,21,0.221126,392878,392878,0.000000,"{""user_lock_acquisitions"": 500000}",2026-08-12T05:45:39Z
exp2_scaling,montecarlo,fp_reduce,2,measured,24,22,0.055229,392878,392878,0.000000,"{""user_lock_acquisitions"": 0}",2026-08-12T05:45:39Z
exp2_scaling,montecarlo,no_lock,2,measured,24,23,0.179008,218200,392878,44.461130,"{""user_lock_acquisitions"": 0}",2026-08-12T05:45:40Z
exp2_scaling,montecarlo,fine_lock,2,measured,5,24,0.219895,392878,392878,0.000000,"{""user_lock_acquisitions"": 500000}",2026-08-12T05:45:40Z
exp2_scaling,montecarlo,fp_reduce,2,measured,15,25,0.055837,392878,392878,0.000000,"{""user_lock_acquisitions"": 0}",2026-08-12T05:45:40Z
exp2_scaling,montecarlo,coarse_lock,2,measured,14,26,0.055303,392878,392878,0.000000,"{""user_lock_acquisitions"": 2}",2026-08-12T05:45:40Z
exp2_scaling,montecarlo,fp_reduce,2,measured,21,27,0.055147,392878,392878,0.000000,"{""user_lock_acquisitions"": 0}",2026-08-12T05:45:40Z
exp2_scaling,montecarlo,imp_threadlocal,2,measured,0,28,0.055136,392878,392878,0.000000,"{""user_lock_acquisitions"": 0}",2026-08-12T05:45:40Z
exp2_scaling,montecarlo,no_lock,2,measured,4,29,0.176239,208915,392878,46.824460,"{""user_lock_acquisitions"": 0}",2026-08-12T05:45:40Z
exp2_scaling,montecarlo,fp_reduce,2,measured,16,30,0.055203,392878,392878,0.000000,"{""user_lock_acquisitions"": 0}",2026-08-12T05:45:40Z
exp2_scaling,montecarlo,imp_threadlocal,2,measured,23,31,0.055134,392878,392878,0.000000,"{""user_lock_acquisitions"": 0}",2026-08-12T05:45:40Z
exp2_scaling,montecarlo,fp_reduce,2,measured,17,32,0.055490,392878,392878,0.000000,"{""user_lock_acquisitions"": 0}",2026-08-12T05:45:40Z
exp2_scaling,montecarlo,imp_threadlocal,2,measured,25,33,0.055338,392878,392878,0.000000,"{""user_lock_acquisitions"": 0}",2026-08-12T05:45:40Z
exp2_scaling,montecarlo,imp_threadlocal,2,measured,22,34,0.055485,392878,392878,0.000000,"{""user_lock_acquisitions"": 0}",2026-08-12T05:45:41Z
exp2_scaling,montecarlo,no_lock,2,measured,13,35,0.173437,207732,392878,47.125571,"{""user_lock_acquisitions"": 0}",2026-08-12T05:45:41Z
exp2_scaling,montecarlo,fine_lock,2,measured,28,36,0.219789,392878,392878,0.000000,"{""user_lock_acquisitions"": 500000}",2026-08-12T05:45:41Z
exp2_scaling,montecarlo,fp_reduce,2,measured,3,37,0.055130,392878,392878,0.000000,"{""user_lock_acquisitions"": 0}",2026-08-12T05:45:41Z
exp2_scaling,montecarlo,fine_lock,2,measured,9,38,0.219307,392878,392878,0.000000,"{""user_lock_acquisitions"": 500000}",2026-08-12T05:45:41Z
exp2_scaling,montecarlo,no_lock,2,measured,1,39,0.175994,199769,392878,49.152409,"{""user_lock_acquisitions"": 0}",2026-08-12T05:45:41Z
exp2_scaling,montecarlo,no_lock,2,measured,16,40,0.170589,209723,392878,46.618798,"{""user_lock_acquisitions"": 0}",2026-08-12T05:45:42Z
exp2_scaling,montecarlo,fine_lock,2,measured,11,41,0.220022,392878,392878,0.000000,"{""user_lock_acquisitions"": 500000}",2026-08-12T05:45:42Z
exp2_scaling,montecarlo,imp_threadlocal,2,measured,3,42,0.055266,392878,392878,0.000000,"{""user_lock_acquisitions"": 0}",2026-08-12T05:45:42Z
exp2_scaling,montecarlo,imp_threadlocal,2,measured,10,43,0.055163,392878,392878,0.000000,"{""user_lock_acquisitions"": 0}",2026-08-12T05:45:42Z
exp2_scaling,montecarlo,fine_lock,2,measured,7,44,0.221096,392878,392878,0.000000,"{""user_lock_acquisitions"": 500000}",2026-08-12T05:45:42Z
exp2_scaling,montecarlo,imp_threadlocal,2,measured,5,45,0.055338,392878,392878,0.000000,"{""user_lock_acquisitions"": 0}",2026-08-12T05:45:42Z
exp2_scaling,montecarlo,imp_threadlocal,2,measured,18,46,0.055107,392878,392878,0.000000,"{""user_lock_acquisitions"": 0}",2026-08-12T05:45:42Z
exp2_scaling,montecarlo,fp_reduce,2,measured,7,47,0.055096,392878,392878,0.000000,"{""user_lock_acquisitions"": 0}",2026-08-12T05:45:42Z
exp2_scaling,montecarlo,coarse_lock,2,measured,7,48,0.054873,392878,392878,0.000000,"{""user_lock_acquisitions"": 2}",2026-08-12T05:45:42Z
exp2_scaling,montecarlo,imp_threadlocal,2,measured,28,49,0.055602,392878,392878,0.000000,"{""user_lock_acquisitions"": 0}",2026-08-12T05:45:42Z
exp2_scaling,montecarlo,coarse_lock,2,measured,3,50,0.054891,392878,392878,0.000000,"{""user_lock_acquisitions"": 2}",2026-08-12T05:45:42Z
exp2_scaling,montecarlo,fp_reduce,2,measured,20,51,0.055612,392878,392878,0.000000,"{""user_lock_acquisitions"": 0}",2026-08-12T05:45:42Z
exp2_scaling,montecarlo,imp_threadlocal,2,measured,13,52,0.055105,392878,392878,0.000000,"{""user_lock_acquisitions"": 0}",2026-08-12T05:45:43Z
exp2_scaling,montecarlo,coarse_lock,2,measured,23,53,0.055441,392878,392878,0.000000,"{""user_lock_acquisitions"": 2}",2026-08-12T05:45:43Z
exp2_scaling,montecarlo,fine_lock,2,measured,27,54,0.219769,392878,392878,0.000000,"{""user_lock_acquisitions"": 500000}",2026-08-12T05:45:43Z
exp2_scaling,montecarlo,fine_lock,2,measured,16,55,0.220731,392878,392878,0.000000,"{""user_lock_acquisitions"": 500000}",2026-08-12T05:45:43Z
exp2_scaling,montecarlo,coarse_lock,2,measured,5,56,0.055513,392878,392878,0.000000,"{""user_lock_acquisitions"": 2}",2026-08-12T05:45:43Z
exp2_scaling,montecarlo,coarse_lock,2,measured,2,57,0.055388,392878,392878,0.000000,"{""user_lock_acquisitions"": 2}",2026-08-12T05:45:43Z
exp2_scaling,montecarlo,fine_lock,2,measured,22,58,0.219086,392878,392878,0.000000,"{""user_lock_acquisitions"": 500000}",2026-08-12T05:45:43Z
exp2_scaling,montecarlo,no_lock,2,measured,20,59,0.168387,173656,392878,55.799001,"{""user_lock_acquisitions"": 0}",2026-08-12T05:45:44Z
exp2_scaling,montecarlo,coarse_lock,2,measured,28,60,0.055095,392878,392878,0.000000,"{""user_lock_acquisitions"": 2}",2026-08-12T05:45:44Z
exp2_scaling,montecarlo,no_lock,2,measured,7,61,0.184190,228474,392878,41.846069,"{""user_lock_acquisitions"": 0}",2026-08-12T05:45:44Z
exp2_scaling,montecarlo,no_lock,2,measured,10,62,0.185034,223979,392878,42.990190,"{""user_lock_acquisitions"": 0}",2026-08-12T05:45:44Z
exp2_scaling,montecarlo,coarse_lock,2,measured,13,63,0.055160,392878,392878,0.000000,"{""user_lock_acquisitions"": 2}",2026-08-12T05:45:44Z
exp2_scaling,montecarlo,fine_lock,2,measured,1,64,0.220101,392878,392878,0.000000,"{""user_lock_acquisitions"": 500000}",2026-08-12T05:45:44Z
exp2_scaling,montecarlo,imp_threadlocal,2,measured,9,65,0.055542,392878,392878,0.000000,"{""user_lock_acquisitions"": 0}",2026-08-12T05:45:44Z
exp2_scaling,montecarlo,fine_lock,2,measured,4,66,0.220673,392878,392878,0.000000,"{""user_lock_acquisitions"": 500000}",2026-08-12T05:45:45Z
exp2_scaling,montecarlo,fp_reduce,2,measured,10,67,0.055630,392878,392878,0.000000,"{""user_lock_acquisitions"": 0}",2026-08-12T05:45:45Z
exp2_scaling,montecarlo,coarse_lock,2,measured,20,68,0.055319,392878,392878,0.000000,"{""user_lock_acquisitions"": 2}",2026-08-12T05:45:45Z
exp2_scaling,montecarlo,coarse_lock,2,measured,12,69,0.055138,392878,392878,0.000000,"{""user_lock_acquisitions"": 2}",2026-08-12T05:45:45Z
exp2_scaling,montecarlo,coarse_lock,2,measured,16,70,0.055011,392878,392878,0.000000,"{""user_lock_acquisitions"": 2}",2026-08-12T05:45:45Z
exp2_scaling,montecarlo,coarse_lock,2,measured,10,71,0.055344,392878,392878,0.000000,"{""user_lock_acquisitions"": 2}",2026-08-12T05:45:45Z
exp2_scaling,montecarlo,no_lock,2,measured,21,72,0.176247,211894,392878,46.066209,"{""user_lock_acquisitions"": 0}",2026-08-12T05:45:45Z
exp2_scaling,montecarlo,fp_reduce,2,measured,26,73,0.055567,392878,392878,0.000000,"{""user_lock_acquisitions"": 0}",2026-08-12T05:45:45Z
exp2_scaling,montecarlo,coarse_lock,2,measured,8,74,0.055069,392878,392878,0.000000,"{""user_lock_acquisitions"": 2}",2026-08-12T05:45:45Z
exp2_scaling,montecarlo,coarse_lock,2,measured,22,75,0.054935,392878,392878,0.000000,"{""user_lock_acquisitions"": 2}",2026-08-12T05:45:45Z
exp2_scaling,montecarlo,fp_reduce,2,measured,11,76,0.055412,392878,392878,0.000000,"{""user_lock_acquisitions"": 0}",2026-08-12T05:45:45Z
exp2_scaling,montecarlo,no_lock,2,measured,8,77,0.167432,190400,392878,51.537118,"{""user_lock_acquisitions"": 0}",2026-08-12T05:45:45Z
exp2_scaling,montecarlo,fine_lock,2,measured,6,78,0.220176,392878,392878,0.000000,"{""user_lock_acquisitions"": 500000}",2026-08-12T05:45:46Z
exp2_scaling,montecarlo,fp_reduce,2,measured,1,79,0.055204,392878,392878,0.000000,"{""user_lock_acquisitions"": 0}",2026-08-12T05:45:46Z
exp2_scaling,montecarlo,no_lock,2,measured,28,80,0.176979,198350,392878,49.513589,"{""user_lock_acquisitions"": 0}",2026-08-12T05:45:46Z
exp2_scaling,montecarlo,coarse_lock,2,measured,0,81,0.055299,392878,392878,0.000000,"{""user_lock_acquisitions"": 2}",2026-08-12T05:45:46Z
exp2_scaling,montecarlo,fp_reduce,2,measured,2,82,0.055435,392878,392878,0.000000,"{""user_lock_acquisitions"": 0}",2026-08-12T05:45:46Z
exp2_scaling,montecarlo,imp_threadlocal,2,measured,6,83,0.055120,392878,392878,0.000000,"{""user_lock_acquisitions"": 0}",2026-08-12T05:45:46Z
exp2_scaling,montecarlo,no_lock,2,measured,18,84,0.160848,151835,392878,61.353143,"{""user_lock_acquisitions"": 0}",2026-08-12T05:45:46Z
exp2_scaling,montecarlo,fine_lock,2,measured,12,85,0.220555,392878,392878,0.000000,"{""user_lock_acquisitions"": 500000}",2026-08-12T05:45:46Z
exp2_scaling,montecarlo,fp_reduce,2,measured,18,86,0.055259,392878,392878,0.000000,"{""user_lock_acquisitions"": 0}",2026-08-12T05:45:46Z
exp2_scaling,montecarlo,no_lock,2,measured,6,87,0.181619,212789,392878,45.838403,"{""user_lock_acquisitions"": 0}",2026-08-12T05:45:47Z
exp2_scaling,montecarlo,no_lock,2,measured,25,88,0.174971,196935,392878,49.873752,"{""user_lock_acquisitions"": 0}",2026-08-12T05:45:47Z
exp2_scaling,montecarlo,no_lock,2,measured,0,89,0.186444,208375,392878,46.961907,"{""user_lock_acquisitions"": 0}",2026-08-12T05:45:47Z
exp2_scaling,montecarlo,fine_lock,2,measured,0,90,0.222012,392878,392878,0.000000,"{""user_lock_acquisitions"": 500000}",2026-08-12T05:45:47Z
exp2_scaling,montecarlo,coarse_lock,2,measured,21,91,0.055840,392878,392878,0.000000,"{""user_lock_acquisitions"": 2}",2026-08-12T05:45:47Z
exp2_scaling,montecarlo,fp_reduce,2,measured,25,92,0.055255,392878,392878,0.000000,"{""user_lock_acquisitions"": 0}",2026-08-12T05:45:47Z
exp2_scaling,montecarlo,no_lock,2,measured,19,93,0.175353,205851,392878,47.604345,"{""user_lock_acquisitions"": 0}",2026-08-12T05:45:47Z
exp2_scaling,montecarlo,imp_threadlocal,2,measured,16,94,0.055078,392878,392878,0.000000,"{""user_lock_acquisitions"": 0}",2026-08-12T05:45:48Z
exp2_scaling,montecarlo,no_lock,2,measured,2,95,0.170271,191455,392878,51.268587,"{""user_lock_acquisitions"": 0}",2026-08-12T05:45:48Z
exp2_scaling,montecarlo,imp_threadlocal,2,measured,29,96,0.056191,392878,392878,0.000000,"{""user_lock_acquisitions"": 0}",2026-08-12T05:45:48Z
exp2_scaling,montecarlo,no_lock,2,measured,15,97,0.165540,196118,392878,50.081705,"{""user_lock_acquisitions"": 0}",2026-08-12T05:45:48Z
exp2_scaling,montecarlo,fp_reduce,2,measured,13,98,0.055923,392878,392878,0.000000,"{""user_lock_acquisitions"": 0}",2026-08-12T05:45:48Z
exp2_scaling,montecarlo,coarse_lock,2,measured,17,99,0.055473,392878,392878,0.000000,"{""user_lock_acquisitions"": 2}",2026-08-12T05:45:48Z
exp2_scaling,montecarlo,imp_threadlocal,2,measured,8,100,0.055503,392878,392878,0.000000,"{""user_lock_acquisitions"": 0}",2026-08-12T05:45:48Z
exp2_scaling,montecarlo,fp_reduce,2,measured,6,101,0.055950,392878,392878,0.000000,"{""user_lock_acquisitions"": 0}",2026-08-12T05:45:48Z
exp2_scaling,montecarlo,fine_lock,2,measured,21,102,0.222106,392878,392878,0.000000,"{""user_lock_acquisitions"": 500000}",2026-08-12T05:45:48Z
exp2_scaling,montecarlo,fp_reduce,2,measured,27,103,0.055416,392878,392878,0.000000,"{""user_lock_acquisitions"": 0}",2026-08-12T05:45:48Z
exp2_scaling,montecarlo,imp_threadlocal,2,measured,27,104,0.055417,392878,392878,0.000000,"{""user_lock_acquisitions"": 0}",2026-08-12T05:45:48Z
exp2_scaling,montecarlo,imp_threadlocal,2,measured,15,105,0.056033,392878,392878,0.000000,"{""user_lock_acquisitions"": 0}",2026-08-12T05:45:49Z
exp2_scaling,montecarlo,fp_reduce,2,measured,22,106,0.056151,392878,392878,0.000000,"{""user_lock_acquisitions"": 0}",2026-08-12T05:45:49Z
exp2_scaling,montecarlo,no_lock,2,measured,29,107,0.173831,207719,392878,47.128880,"{""user_lock_acquisitions"": 0}",2026-08-12T05:45:49Z
exp2_scaling,montecarlo,coarse_lock,2,measured,18,108,0.055624,392878,392878,0.000000,"{""user_lock_acquisitions"": 2}",2026-08-12T05:45:49Z
exp2_scaling,montecarlo,fp_reduce,2,measured,12,109,0.056141,392878,392878,0.000000,"{""user_lock_acquisitions"": 0}",2026-08-12T05:45:49Z
exp2_scaling,montecarlo,fine_lock,2,measured,2,110,0.221160,392878,392878,0.000000,"{""user_lock_acquisitions"": 500000}",2026-08-12T05:45:49Z
exp2_scaling,montecarlo,coarse_lock,2,measured,29,111,0.055339,392878,392878,0.000000,"{""user_lock_acquisitions"": 2}",2026-08-12T05:45:49Z
exp2_scaling,montecarlo,fine_lock,2,measured,25,112,0.221522,392878,392878,0.000000,"{""user_lock_acquisitions"": 500000}",2026-08-12T05:45:49Z
exp2_scaling,montecarlo,imp_threadlocal,2,measured,17,113,0.055402,392878,392878,0.000000,"{""user_lock_acquisitions"": 0}",2026-08-12T05:45:49Z
exp2_scaling,montecarlo,fine_lock,2,measured,20,114,0.220776,392878,392878,0.000000,"{""user_lock_acquisitions"": 500000}",2026-08-12T05:45:50Z
exp2_scaling,montecarlo,fine_lock,2,measured,3,115,0.222566,392878,392878,0.000000,"{""user_lock_acquisitions"": 500000}",2026-08-12T05:45:50Z
exp2_scaling,montecarlo,fp_reduce,2,measured,19,116,0.055562,392878,392878,0.000000,"{""user_lock_acquisitions"": 0}",2026-08-12T05:45:50Z
exp2_scaling,montecarlo,imp_threadlocal,2,measured,2,117,0.055397,392878,392878,0.000000,"{""user_lock_acquisitions"": 0}",2026-08-12T05:45:50Z
exp2_scaling,montecarlo,imp_threadlocal,2,measured,19,118,0.055455,392878,392878,0.000000,"{""user_lock_acquisitions"": 0}",2026-08-12T05:45:50Z
exp2_scaling,montecarlo,fp_reduce,2,measured,14,119,0.055981,392878,392878,0.000000,"{""user_lock_acquisitions"": 0}",2026-08-12T05:45:50Z
exp2_scaling,montecarlo,coarse_lock,2,measured,4,120,0.056217,392878,392878,0.000000,"{""user_lock_acquisitions"": 2}",2026-08-12T05:45:50Z
exp2_scaling,montecarlo,fp_reduce,2,measured,4,121,0.055604,392878,392878,0.000000,"{""user_lock_acquisitions"": 0}",2026-08-12T05:45:50Z
exp2_scaling,montecarlo,fine_lock,2,measured,14,122,0.221527,392878,392878,0.000000,"{""user_lock_acquisitions"": 500000}",2026-08-12T05:45:50Z
exp2_scaling,montecarlo,no_lock,2,measured,5,123,0.185738,224724,392878,42.800564,"{""user_lock_acquisitions"": 0}",2026-08-12T05:45:51Z
exp2_scaling,montecarlo,no_lock,2,measured,3,124,0.167033,162152,392878,58.727137,"{""user_lock_acquisitions"": 0}",2026-08-12T05:45:51Z
exp2_scaling,montecarlo,coarse_lock,2,measured,27,125,0.055435,392878,392878,0.000000,"{""user_lock_acquisitions"": 2}",2026-08-12T05:45:51Z
exp2_scaling,montecarlo,coarse_lock,2,measured,26,126,0.055792,392878,392878,0.000000,"{""user_lock_acquisitions"": 2}",2026-08-12T05:45:51Z
exp2_scaling,montecarlo,no_lock,2,measured,11,127,0.178282,192599,392878,50.977403,"{""user_lock_acquisitions"": 0}",2026-08-12T05:45:51Z
exp2_scaling,montecarlo,fine_lock,2,measured,8,128,0.222200,392878,392878,0.000000,"{""user_lock_acquisitions"": 500000}",2026-08-12T05:45:51Z
exp2_scaling,montecarlo,fp_reduce,2,measured,0,129,0.055720,392878,392878,0.000000,"{""user_lock_acquisitions"": 0}",2026-08-12T05:45:51Z
exp2_scaling,montecarlo,imp_threadlocal,2,measured,11,130,0.055939,392878,392878,0.000000,"{""user_lock_acquisitions"": 0}",2026-08-12T05:45:51Z
exp2_scaling,montecarlo,fp_reduce,2,measured,23,131,0.055479,392878,392878,0.000000,"{""user_lock_acquisitions"": 0}",2026-08-12T05:45:51Z
exp2_scaling,montecarlo,fine_lock,2,measured,10,132,0.223207,392878,392878,0.000000,"{""user_lock_acquisitions"": 500000}",2026-08-12T05:45:52Z
exp2_scaling,montecarlo,coarse_lock,2,measured,19,133,0.055737,392878,392878,0.000000,"{""user_lock_acquisitions"": 2}",2026-08-12T05:45:52Z
exp2_scaling,montecarlo,imp_threadlocal,2,measured,14,134,0.055722,392878,392878,0.000000,"{""user_lock_acquisitions"": 0}",2026-08-12T05:45:52Z
exp2_scaling,montecarlo,no_lock,2,measured,9,135,0.170659,177236,392878,54.887777,"{""user_lock_acquisitions"": 0}",2026-08-12T05:45:52Z
exp2_scaling,montecarlo,no_lock,2,measured,27,136,0.164442,174705,392878,55.531997,"{""user_lock_acquisitions"": 0}",2026-08-12T05:45:52Z
exp2_scaling,montecarlo,coarse_lock,2,measured,9,137,0.055266,392878,392878,0.000000,"{""user_lock_acquisitions"": 2}",2026-08-12T05:45:52Z
exp2_scaling,montecarlo,no_lock,2,measured,17,138,0.162855,143658,392878,63.434450,"{""user_lock_acquisitions"": 0}",2026-08-12T05:45:52Z
exp2_scaling,montecarlo,coarse_lock,2,measured,24,139,0.055722,392878,392878,0.000000,"{""user_lock_acquisitions"": 2}",2026-08-12T05:45:52Z
exp2_scaling,montecarlo,imp_threadlocal,2,measured,21,140,0.055349,392878,392878,0.000000,"{""user_lock_acquisitions"": 0}",2026-08-12T05:45:52Z
exp2_scaling,montecarlo,imp_threadlocal,2,measured,1,141,0.055767,392878,392878,0.000000,"{""user_lock_acquisitions"": 0}",2026-08-12T05:45:53Z
exp2_scaling,montecarlo,fp_reduce,2,measured,9,142,0.055173,392878,392878,0.000000,"{""user_lock_acquisitions"": 0}",2026-08-12T05:45:53Z
exp2_scaling,montecarlo,fine_lock,2,measured,19,143,0.221220,392878,392878,0.000000,"{""user_lock_acquisitions"": 500000}",2026-08-12T05:45:53Z
exp2_scaling,montecarlo,coarse_lock,2,measured,15,144,0.055288,392878,392878,0.000000,"{""user_lock_acquisitions"": 2}",2026-08-12T05:45:53Z
exp2_scaling,montecarlo,fine_lock,2,measured,24,145,0.222781,392878,392878,0.000000,"{""user_lock_acquisitions"": 500000}",2026-08-12T05:45:53Z
exp2_scaling,montecarlo,fine_lock,2,measured,29,146,0.221776,392878,392878,0.000000,"{""user_lock_acquisitions"": 500000}",2026-08-12T05:45:53Z
exp2_scaling,montecarlo,imp_threadlocal,2,measured,7,147,0.055475,392878,392878,0.000000,"{""user_lock_acquisitions"": 0}",2026-08-12T05:45:53Z
exp2_scaling,montecarlo,imp_threadlocal,2,measured,12,148,0.055943,392878,392878,0.000000,"{""user_lock_acquisitions"": 0}",2026-08-12T05:45:53Z
exp2_scaling,montecarlo,fine_lock,2,measured,26,149,0.220187,392878,392878,0.000000,"{""user_lock_acquisitions"": 500000}",2026-08-12T05:45:54Z
exp2_scaling,montecarlo,fine_lock,2,measured,18,150,0.221635,392878,392878,0.000000,"{""user_lock_acquisitions"": 500000}",2026-08-12T05:45:54Z
exp2_scaling,montecarlo,imp_threadlocal,2,measured,20,151,0.055864,392878,392878,0.000000,"{""user_lock_acquisitions"": 0}",2026-08-12T05:45:54Z
exp2_scaling,montecarlo,coarse_lock,2,measured,11,152,0.055448,392878,392878,0.000000,"{""user_lock_acquisitions"": 2}",2026-08-12T05:45:54Z
exp2_scaling,montecarlo,fine_lock,2,measured,17,153,0.221110,392878,392878,0.000000,"{""user_lock_acquisitions"": 500000}",2026-08-12T05:45:54Z
exp2_scaling,montecarlo,no_lock,2,measured,22,154,0.177257,200634,392878,48.932239,"{""user_lock_acquisitions"": 0}",2026-08-12T05:45:54Z
exp2_scaling,montecarlo,no_lock,2,measured,23,155,0.167520,173637,392878,55.803837,"{""user_lock_acquisitions"": 0}",2026-08-12T05:45:55Z
exp2_scaling,montecarlo,no_lock,2,measured,26,156,0.165257,186857,392878,52.438925,"{""user_lock_acquisitions"": 0}",2026-08-12T05:45:55Z
exp2_scaling,montecarlo,imp_threadlocal,2,measured,24,157,0.055240,392878,392878,0.000000,"{""user_lock_acquisitions"": 0}",2026-08-12T05:45:55Z
exp2_scaling,montecarlo,fp_reduce,2,measured,29,158,0.055556,392878,392878,0.000000,"{""user_lock_acquisitions"": 0}",2026-08-12T05:45:55Z
exp2_scaling,montecarlo,fp_reduce,2,measured,8,159,0.055649,392878,392878,0.000000,"{""user_lock_acquisitions"": 0}",2026-08-12T05:45:55Z
exp2_scaling,montecarlo,no_lock,2,measured,14,160,0.169254,175169,392878,55.413894,"{""user_lock_acquisitions"": 0}",2026-08-12T05:45:55Z
exp2_scaling,montecarlo,fine_lock,2,measured,23,161,0.221968,392878,392878,0.000000,"{""user_lock_acquisitions"": 500000}",2026-08-12T05:45:55Z
exp2_scaling,montecarlo,no_lock,2,measured,12,162,0.165505,188978,392878,51.899063,"{""user_lock_acquisitions"": 0}",2026-08-12T05:45:55Z
exp2_scaling,montecarlo,fp_reduce,2,measured,28,163,0.055198,392878,392878,0.000000,"{""user_lock_acquisitions"": 0}",2026-08-12T05:45:55Z
exp2_scaling,montecarlo,fp_reduce,2,measured,5,164,0.055344,392878,392878,0.000000,"{""user_lock_acquisitions"": 0}",2026-08-12T05:45:56Z
exp2_scaling,montecarlo,imp_threadlocal,4,warmup,0,0,0.137352,392589,392589,0.000000,"{""user_lock_acquisitions"": 0}",2026-08-12T05:45:56Z
exp2_scaling,montecarlo,imp_threadlocal,4,warmup,2,1,0.028438,392589,392589,0.000000,"{""user_lock_acquisitions"": 0}",2026-08-12T05:45:56Z
exp2_scaling,montecarlo,fine_lock,4,warmup,0,2,0.258731,392589,392589,0.000000,"{""user_lock_acquisitions"": 500000}",2026-08-12T05:45:56Z
exp2_scaling,montecarlo,no_lock,4,warmup,0,3,0.213637,127219,392589,67.594864,"{""user_lock_acquisitions"": 0}",2026-08-12T05:45:56Z
exp2_scaling,montecarlo,fp_reduce,4,warmup,0,4,0.028658,392589,392589,0.000000,"{""user_lock_acquisitions"": 0}",2026-08-12T05:45:56Z
exp2_scaling,montecarlo,coarse_lock,4,warmup,0,5,0.028412,392589,392589,0.000000,"{""user_lock_acquisitions"": 4}",2026-08-12T05:45:56Z
exp2_scaling,montecarlo,imp_threadlocal,4,warmup,1,6,0.028831,392589,392589,0.000000,"{""user_lock_acquisitions"": 0}",2026-08-12T05:45:56Z
exp2_scaling,montecarlo,fp_reduce,4,warmup,1,7,0.028499,392589,392589,0.000000,"{""user_lock_acquisitions"": 0}",2026-08-12T05:45:56Z
exp2_scaling,montecarlo,fine_lock,4,warmup,1,8,0.262588,392589,392589,0.000000,"{""user_lock_acquisitions"": 500000}",2026-08-12T05:45:57Z
exp2_scaling,montecarlo,coarse_lock,4,warmup,2,9,0.028833,392589,392589,0.000000,"{""user_lock_acquisitions"": 4}",2026-08-12T05:45:57Z
exp2_scaling,montecarlo,fp_reduce,4,warmup,2,10,0.028165,392589,392589,0.000000,"{""user_lock_acquisitions"": 0}",2026-08-12T05:45:57Z
exp2_scaling,montecarlo,fine_lock,4,warmup,2,11,0.259151,392589,392589,0.000000,"{""user_lock_acquisitions"": 500000}",2026-08-12T05:45:57Z
exp2_scaling,montecarlo,coarse_lock,4,warmup,1,12,0.028433,392589,392589,0.000000,"{""user_lock_acquisitions"": 4}",2026-08-12T05:45:57Z
exp2_scaling,montecarlo,no_lock,4,warmup,2,13,0.214139,126508,392589,67.775969,"{""user_lock_acquisitions"": 0}",2026-08-12T05:45:57Z
exp2_scaling,montecarlo,no_lock,4,warmup,1,14,0.224014,128705,392589,67.216351,"{""user_lock_acquisitions"": 0}",2026-08-12T05:45:57Z
exp2_scaling,montecarlo,imp_threadlocal,4,measured,7,15,0.028311,392589,392589,0.000000,"{""user_lock_acquisitions"": 0}",2026-08-12T05:45:57Z
exp2_scaling,montecarlo,fine_lock,4,measured,7,16,0.260378,392589,392589,0.000000,"{""user_lock_acquisitions"": 500000}",2026-08-12T05:45:58Z
exp2_scaling,montecarlo,imp_threadlocal,4,measured,5,17,0.028244,392589,392589,0.000000,"{""user_lock_acquisitions"": 0}",2026-08-12T05:45:58Z
exp2_scaling,montecarlo,fp_reduce,4,measured,9,18,0.028388,392589,392589,0.000000,"{""user_lock_acquisitions"": 0}",2026-08-12T05:45:58Z
exp2_scaling,montecarlo,coarse_lock,4,measured,24,19,0.028280,392589,392589,0.000000,"{""user_lock_acquisitions"": 4}",2026-08-12T05:45:58Z
exp2_scaling,montecarlo,coarse_lock,4,measured,9,20,0.028471,392589,392589,0.000000,"{""user_lock_acquisitions"": 4}",2026-08-12T05:45:58Z
exp2_scaling,montecarlo,fp_reduce,4,measured,20,21,0.028814,392589,392589,0.000000,"{""user_lock_acquisitions"": 0}",2026-08-12T05:45:58Z
exp2_scaling,montecarlo,imp_threadlocal,4,measured,6,22,0.028149,392589,392589,0.000000,"{""user_lock_acquisitions"": 0}",2026-08-12T05:45:58Z
exp2_scaling,montecarlo,no_lock,4,measured,25,23,0.217961,139576,392589,64.447297,"{""user_lock_acquisitions"": 0}",2026-08-12T05:45:58Z
exp2_scaling,montecarlo,no_lock,4,measured,22,24,0.216616,122781,392589,68.725308,"{""user_lock_acquisitions"": 0}",2026-08-12T05:45:58Z
exp2_scaling,montecarlo,fine_lock,4,measured,11,25,0.259396,392589,392589,0.000000,"{""user_lock_acquisitions"": 500000}",2026-08-12T05:45:58Z
exp2_scaling,montecarlo,coarse_lock,4,measured,3,26,0.029094,392589,392589,0.000000,"{""user_lock_acquisitions"": 4}",2026-08-12T05:45:59Z
exp2_scaling,montecarlo,imp_threadlocal,4,measured,9,27,0.028492,392589,392589,0.000000,"{""user_lock_acquisitions"": 0}",2026-08-12T05:45:59Z
exp2_scaling,montecarlo,fine_lock,4,measured,17,28,0.255912,392589,392589,0.000000,"{""user_lock_acquisitions"": 500000}",2026-08-12T05:45:59Z
exp2_scaling,montecarlo,no_lock,4,measured,10,29,0.218196,123404,392589,68.566618,"{""user_lock_acquisitions"": 0}",2026-08-12T05:45:59Z
exp2_scaling,montecarlo,imp_threadlocal,4,measured,23,30,0.028655,392589,392589,0.000000,"{""user_lock_acquisitions"": 0}",2026-08-12T05:45:59Z
exp2_scaling,montecarlo,no_lock,4,measured,29,31,0.216438,125715,392589,67.977962,"{""user_lock_acquisitions"": 0}",2026-08-12T05:45:59Z
exp2_scaling,montecarlo,no_lock,4,measured,24,32,0.225482,130507,392589,66.757347,"{""user_lock_acquisitions"": 0}",2026-08-12T05:45:59Z
exp2_scaling,montecarlo,coarse_lock,4,measured,19,33,0.029000,392589,392589,0.000000,"{""user_lock_acquisitions"": 4}",2026-08-12T05:46:00Z
exp2_scaling,montecarlo,no_lock,4,measured,0,34,0.220796,125359,392589,68.068642,"{""user_lock_acquisitions"": 0}",2026-08-12T05:46:00Z
exp2_scaling,montecarlo,fp_reduce,4,measured,26,35,0.029375,392589,392589,0.000000,"{""user_lock_acquisitions"": 0}",2026-08-12T05:46:00Z
exp2_scaling,montecarlo,fp_reduce,4,measured,28,36,0.028136,392589,392589,0.000000,"{""user_lock_acquisitions"": 0}",2026-08-12T05:46:00Z
exp2_scaling,montecarlo,imp_threadlocal,4,measured,26,37,0.028233,392589,392589,0.000000,"{""user_lock_acquisitions"": 0}",2026-08-12T05:46:00Z
exp2_scaling,montecarlo,fp_reduce,4,measured,7,38,0.029151,392589,392589,0.000000,"{""user_lock_acquisitions"": 0}",2026-08-12T05:46:00Z
exp2_scaling,montecarlo,fp_reduce,4,measured,16,39,0.028372,392589,392589,0.000000,"{""user_lock_acquisitions"": 0}",2026-08-12T05:46:00Z
exp2_scaling,montecarlo,fine_lock,4,measured,22,40,0.258808,392589,392589,0.000000,"{""user_lock_acquisitions"": 500000}",2026-08-12T05:46:00Z
exp2_scaling,montecarlo,coarse_lock,4,measured,21,41,0.028256,392589,392589,0.000000,"{""user_lock_acquisitions"": 4}",2026-08-12T05:46:00Z
exp2_scaling,montecarlo,imp_threadlocal,4,measured,4,42,0.027931,392589,392589,0.000000,"{""user_lock_acquisitions"": 0}",2026-08-12T05:46:00Z
exp2_scaling,montecarlo,imp_threadlocal,4,measured,22,43,0.028308,392589,392589,0.000000,"{""user_lock_acquisitions"": 0}",2026-08-12T05:46:00Z
exp2_scaling,montecarlo,fp_reduce,4,measured,8,44,0.028575,392589,392589,0.000000,"{""user_lock_acquisitions"": 0}",2026-08-12T05:46:00Z
exp2_scaling,montecarlo,coarse_lock,4,measured,6,45,0.029034,392589,392589,0.000000,"{""user_lock_acquisitions"": 4}",2026-08-12T05:46:00Z
exp2_scaling,montecarlo,coarse_lock,4,measured,16,46,0.028264,392589,392589,0.000000,"{""user_lock_acquisitions"": 4}",2026-08-12T05:46:00Z
exp2_scaling,montecarlo,imp_threadlocal,4,measured,20,47,0.028936,392589,392589,0.000000,"{""user_lock_acquisitions"": 0}",2026-08-12T05:46:00Z
exp2_scaling,montecarlo,fp_reduce,4,measured,1,48,0.028441,392589,392589,0.000000,"{""user_lock_acquisitions"": 0}",2026-08-12T05:46:00Z
exp2_scaling,montecarlo,fine_lock,4,measured,26,49,0.258765,392589,392589,0.000000,"{""user_lock_acquisitions"": 500000}",2026-08-12T05:46:01Z
exp2_scaling,montecarlo,coarse_lock,4,measured,23,50,0.028834,392589,392589,0.000000,"{""user_lock_acquisitions"": 4}",2026-08-12T05:46:01Z
exp2_scaling,montecarlo,no_lock,4,measured,20,51,0.217289,125352,392589,68.070425,"{""user_lock_acquisitions"": 0}",2026-08-12T05:46:01Z
exp2_scaling,montecarlo,fp_reduce,4,measured,27,52,0.028272,392589,392589,0.000000,"{""user_lock_acquisitions"": 0}",2026-08-12T05:46:01Z
exp2_scaling,montecarlo,fp_reduce,4,measured,21,53,0.028065,392589,392589,0.000000,"{""user_lock_acquisitions"": 0}",2026-08-12T05:46:01Z
exp2_scaling,montecarlo,fp_reduce,4,measured,22,54,0.028774,392589,392589,0.000000,"{""user_lock_acquisitions"": 0}",2026-08-12T05:46:01Z
exp2_scaling,montecarlo,no_lock,4,measured,3,55,0.229448,134457,392589,65.751205,"{""user_lock_acquisitions"": 0}",2026-08-12T05:46:01Z
exp2_scaling,montecarlo,no_lock,4,measured,21,56,0.221707,129225,392589,67.083897,"{""user_lock_acquisitions"": 0}",2026-08-12T05:46:01Z
exp2_scaling,montecarlo,no_lock,4,measured,14,57,0.221437,129877,392589,66.917820,"{""user_lock_acquisitions"": 0}",2026-08-12T05:46:02Z
exp2_scaling,montecarlo,coarse_lock,4,measured,2,58,0.029051,392589,392589,0.000000,"{""user_lock_acquisitions"": 4}",2026-08-12T05:46:02Z
exp2_scaling,montecarlo,imp_threadlocal,4,measured,18,59,0.028874,392589,392589,0.000000,"{""user_lock_acquisitions"": 0}",2026-08-12T05:46:02Z
exp2_scaling,montecarlo,no_lock,4,measured,17,60,0.222206,125002,392589,68.159577,"{""user_lock_acquisitions"": 0}",2026-08-12T05:46:02Z
exp2_scaling,montecarlo,imp_threadlocal,4,measured,19,61,0.028569,392589,392589,0.000000,"{""user_lock_acquisitions"": 0}",2026-08-12T05:46:02Z
exp2_scaling,montecarlo,imp_threadlocal,4,measured,3,62,0.028816,392589,392589,0.000000,"{""user_lock_acquisitions"": 0}",2026-08-12T05:46:02Z
exp2_scaling,montecarlo,imp_threadlocal,4,measured,11,63,0.028356,392589,392589,0.000000,"{""user_lock_acquisitions"": 0}",2026-08-12T05:46:02Z
exp2_scaling,montecarlo,imp_threadlocal,4,measured,21,64,0.028218,392589,392589,0.000000,"{""user_lock_acquisitions"": 0}",2026-08-12T05:46:02Z
exp2_scaling,montecarlo,fine_lock,4,measured,4,65,0.256272,392589,392589,0.000000,"{""user_lock_acquisitions"": 500000}",2026-08-12T05:46:02Z
exp2_scaling,montecarlo,fine_lock,4,measured,15,66,0.257168,392589,392589,0.000000,"{""user_lock_acquisitions"": 500000}",2026-08-12T05:46:03Z
exp2_scaling,montecarlo,coarse_lock,4,measured,25,67,0.028328,392589,392589,0.000000,"{""user_lock_acquisitions"": 4}",2026-08-12T05:46:03Z
exp2_scaling,montecarlo,no_lock,4,measured,6,68,0.221099,136370,392589,65.263927,"{""user_lock_acquisitions"": 0}",2026-08-12T05:46:03Z
exp2_scaling,montecarlo,no_lock,4,measured,27,69,0.214849,123395,392589,68.568910,"{""user_lock_acquisitions"": 0}",2026-08-12T05:46:03Z
exp2_scaling,montecarlo,no_lock,4,measured,18,70,0.223418,127056,392589,67.636383,"{""user_lock_acquisitions"": 0}",2026-08-12T05:46:03Z
exp2_scaling,montecarlo,fine_lock,4,measured,28,71,0.258095,392589,392589,0.000000,"{""user_lock_acquisitions"": 500000}",2026-08-12T05:46:03Z
exp2_scaling,montecarlo,fine_lock,4,measured,27,72,0.257223,392589,392589,0.000000,"{""user_lock_acquisitions"": 500000}",2026-08-12T05:46:04Z
exp2_scaling,montecarlo,imp_threadlocal,4,measured,1,73,0.028679,392589,392589,0.000000,"{""user_lock_acquisitions"": 0}",2026-08-12T05:46:04Z
exp2_scaling,montecarlo,imp_threadlocal,4,measured,13,74,0.028808,392589,392589,0.000000,"{""user_lock_acquisitions"": 0}",2026-08-12T05:46:04Z
exp2_scaling,montecarlo,coarse_lock,4,measured,7,75,0.028176,392589,392589,0.000000,"{""user_lock_acquisitions"": 4}",2026-08-12T05:46:04Z
exp2_scaling,montecarlo,fine_lock,4,measured,5,76,0.254313,392589,392589,0.000000,"{""user_lock_acquisitions"": 500000}",2026-08-12T05:46:04Z
exp2_scaling,montecarlo,fine_lock,4,measured,3,77,0.254841,392589,392589,0.000000,"{""user_lock_acquisitions"": 500000}",2026-08-12T05:46:04Z
exp2_scaling,montecarlo,fine_lock,4,measured,1,78,0.258843,392589,392589,0.000000,"{""user_lock_acquisitions"": 500000}",2026-08-12T05:46:05Z
exp2_scaling,montecarlo,coarse_lock,4,measured,11,79,0.028162,392589,392589,0.000000,"{""user_lock_acquisitions"": 4}",2026-08-12T05:46:05Z
exp2_scaling,montecarlo,no_lock,4,measured,8,80,0.215511,116939,392589,70.213378,"{""user_lock_acquisitions"": 0}",2026-08-12T05:46:05Z
exp2_scaling,montecarlo,no_lock,4,measured,28,81,0.222674,130808,392589,66.680676,"{""user_lock_acquisitions"": 0}",2026-08-12T05:46:05Z
exp2_scaling,montecarlo,fine_lock,4,measured,13,82,0.253353,392589,392589,0.000000,"{""user_lock_acquisitions"": 500000}",2026-08-12T05:46:05Z
exp2_scaling,montecarlo,coarse_lock,4,measured,15,83,0.028741,392589,392589,0.000000,"{""user_lock_acquisitions"": 4}",2026-08-12T05:46:05Z
exp2_scaling,montecarlo,no_lock,4,measured,12,84,0.220497,129489,392589,67.016651,"{""user_lock_acquisitions"": 0}",2026-08-12T05:46:06Z
exp2_scaling,montecarlo,fine_lock,4,measured,18,85,0.258845,392589,392589,0.000000,"{""user_lock_acquisitions"": 500000}",2026-08-12T05:46:06Z
exp2_scaling,montecarlo,imp_threadlocal,4,measured,25,86,0.028740,392589,392589,0.000000,"{""user_lock_acquisitions"": 0}",2026-08-12T05:46:06Z
exp2_scaling,montecarlo,fp_reduce,4,measured,13,87,0.028124,392589,392589,0.000000,"{""user_lock_acquisitions"": 0}",2026-08-12T05:46:06Z
exp2_scaling,montecarlo,fine_lock,4,measured,14,88,0.259272,392589,392589,0.000000,"{""user_lock_acquisitions"": 500000}",2026-08-12T05:46:06Z
exp2_scaling,montecarlo,no_lock,4,measured,11,89,0.229913,131062,392589,66.615978,"{""user_lock_acquisitions"": 0}",2026-08-12T05:46:06Z
exp2_scaling,montecarlo,coarse_lock,4,measured,18,90,0.028327,392589,392589,0.000000,"{""user_lock_acquisitions"": 4}",2026-08-12T05:46:06Z
exp2_scaling,montecarlo,fp_reduce,4,measured,10,91,0.028785,392589,392589,0.000000,"{""user_lock_acquisitions"": 0}",2026-08-12T05:46:06Z
exp2_scaling,montecarlo,fine_lock,4,measured,20,92,0.259799,392589,392589,0.000000,"{""user_lock_acquisitions"": 500000}",2026-08-12T05:46:07Z
exp2_scaling,montecarlo,no_lock,4,measured,13,93,0.212914,113295,392589,71.141576,"{""user_lock_acquisitions"": 0}",2026-08-12T05:46:07Z
exp2_scaling,montecarlo,fine_lock,4,measured,21,94,0.258683,392589,392589,0.000000,"{""user_lock_acquisitions"": 500000}",2026-08-12T05:46:07Z
exp2_scaling,montecarlo,fp_reduce,4,measured,0,95,0.028997,392589,392589,0.000000,"{""user_lock_acquisitions"": 0}",2026-08-12T05:46:07Z
exp2_scaling,montecarlo,fine_lock,4,measured,10,96,0.257799,392589,392589,0.000000,"{""user_lock_acquisitions"": 500000}",2026-08-12T05:46:07Z
exp2_scaling,montecarlo,coarse_lock,4,measured,0,97,0.028254,392589,392589,0.000000,"{""user_lock_acquisitions"": 4}",2026-08-12T05:46:07Z
exp2_scaling,montecarlo,imp_threadlocal,4,measured,12,98,0.028825,392589,392589,0.000000,"{""user_lock_acquisitions"": 0}",2026-08-12T05:46:08Z
exp2_scaling,montecarlo,coarse_lock,4,measured,10,99,0.028224,392589,392589,0.000000,"{""user_lock_acquisitions"": 4}",2026-08-12T05:46:08Z
exp2_scaling,montecarlo,imp_threadlocal,4,measured,29,100,0.028033,392589,392589,0.000000,"{""user_lock_acquisitions"": 0}",2026-08-12T05:46:08Z
exp2_scaling,montecarlo,fp_reduce,4,measured,18,101,0.028489,392589,392589,0.000000,"{""user_lock_acquisitions"": 0}",2026-08-12T05:46:08Z
exp2_scaling,montecarlo,fine_lock,4,measured,8,102,0.259209,392589,392589,0.000000,"{""user_lock_acquisitions"": 500000}",2026-08-12T05:46:08Z
exp2_scaling,montecarlo,coarse_lock,4,measured,12,103,0.028531,392589,392589,0.000000,"{""user_lock_acquisitions"": 4}",2026-08-12T05:46:08Z
exp2_scaling,montecarlo,imp_threadlocal,4,measured,15,104,0.029006,392589,392589,0.000000,"{""user_lock_acquisitions"": 0}",2026-08-12T05:46:08Z
exp2_scaling,montecarlo,imp_threadlocal,4,measured,10,105,0.029018,392589,392589,0.000000,"{""user_lock_acquisitions"": 0}",2026-08-12T05:46:08Z
exp2_scaling,montecarlo,no_lock,4,measured,9,106,0.223863,131076,392589,66.612411,"{""user_lock_acquisitions"": 0}",2026-08-12T05:46:08Z
exp2_scaling,montecarlo,fine_lock,4,measured,25,107,0.264929,392589,392589,0.000000,"{""user_lock_acquisitions"": 500000}",2026-08-12T05:46:08Z
exp2_scaling,montecarlo,no_lock,4,measured,1,108,0.212984,120701,392589,69.255124,"{""user_lock_acquisitions"": 0}",2026-08-12T05:46:09Z
exp2_scaling,montecarlo,imp_threadlocal,4,measured,28,109,0.028480,392589,392589,0.000000,"{""user_lock_acquisitions"": 0}",2026-08-12T05:46:09Z
exp2_scaling,montecarlo,fp_reduce,4,measured,24,110,0.029181,392589,392589,0.000000,"{""user_lock_acquisitions"": 0}",2026-08-12T05:46:09Z
exp2_scaling,montecarlo,fp_reduce,4,measured,15,111,0.028673,392589,392589,0.000000,"{""user_lock_acquisitions"": 0}",2026-08-12T05:46:09Z
exp2_scaling,montecarlo,imp_threadlocal,4,measured,0,112,0.028123,392589,392589,0.000000,"{""user_lock_acquisitions"": 0}",2026-08-12T05:46:09Z
exp2_scaling,montecarlo,coarse_lock,4,measured,17,113,0.028407,392589,392589,0.000000,"{""user_lock_acquisitions"": 4}",2026-08-12T05:46:09Z
exp2_scaling,montecarlo,no_lock,4,measured,5,114,0.216894,124054,392589,68.401050,"{""user_lock_acquisitions"": 0}",2026-08-12T05:46:09Z
exp2_scaling,montecarlo,fp_reduce,4,measured,2,115,0.028622,392589,392589,0.000000,"{""user_lock_acquisitions"": 0}",2026-08-12T05:46:09Z
exp2_scaling,montecarlo,fp_reduce,4,measured,12,116,0.028824,392589,392589,0.000000,"{""user_lock_acquisitions"": 0}",2026-08-12T05:46:09Z
exp2_scaling,montecarlo,fp_reduce,4,measured,6,117,0.028947,392589,392589,0.000000,"{""user_lock_acquisitions"": 0}",2026-08-12T05:46:09Z
exp2_scaling,montecarlo,fp_reduce,4,measured,25,118,0.028726,392589,392589,0.000000,"{""user_lock_acquisitions"": 0}",2026-08-12T05:46:09Z
exp2_scaling,montecarlo,fine_lock,4,measured,9,119,0.259862,392589,392589,0.000000,"{""user_lock_acquisitions"": 500000}",2026-08-12T05:46:09Z
exp2_scaling,montecarlo,fine_lock,4,measured,23,120,0.257149,392589,392589,0.000000,"{""user_lock_acquisitions"": 500000}",2026-08-12T05:46:10Z
exp2_scaling,montecarlo,fp_reduce,4,measured,5,121,0.028121,392589,392589,0.000000,"{""user_lock_acquisitions"": 0}",2026-08-12T05:46:10Z
exp2_scaling,montecarlo,fine_lock,4,measured,19,122,0.258951,392589,392589,0.000000,"{""user_lock_acquisitions"": 500000}",2026-08-12T05:46:10Z
exp2_scaling,montecarlo,coarse_lock,4,measured,22,123,0.029135,392589,392589,0.000000,"{""user_lock_acquisitions"": 4}",2026-08-12T05:46:10Z
exp2_scaling,montecarlo,fp_reduce,4,measured,4,124,0.028115,392589,392589,0.000000,"{""user_lock_acquisitions"": 0}",2026-08-12T05:46:10Z
exp2_scaling,montecarlo,imp_threadlocal,4,measured,14,125,0.028374,392589,392589,0.000000,"{""user_lock_acquisitions"": 0}",2026-08-12T05:46:10Z
exp2_scaling,montecarlo,no_lock,4,measured,7,126,0.217875,123599,392589,68.516948,"{""user_lock_acquisitions"": 0}",2026-08-12T05:46:10Z
exp2_scaling,montecarlo,fine_lock,4,measured,6,127,0.255184,392589,392589,0.000000,"{""user_lock_acquisitions"": 500000}",2026-08-12T05:46:10Z
exp2_scaling,montecarlo,fine_lock,4,measured,16,128,0.256227,392589,392589,0.000000,"{""user_lock_acquisitions"": 500000}",2026-08-12T05:46:11Z
exp2_scaling,montecarlo,coarse_lock,4,measured,4,129,0.028672,392589,392589,0.000000,"{""user_lock_acquisitions"": 4}",2026-08-12T05:46:11Z
exp2_scaling,montecarlo,no_lock,4,measured,15,130,0.214244,118779,392589,69.744695,"{""user_lock_acquisitions"": 0}",2026-08-12T05:46:11Z
exp2_scaling,montecarlo,imp_threadlocal,4,measured,24,131,0.028536,392589,392589,0.000000,"{""user_lock_acquisitions"": 0}",2026-08-12T05:46:11Z
exp2_scaling,montecarlo,fp_reduce,4,measured,17,132,0.027961,392589,392589,0.000000,"{""user_lock_acquisitions"": 0}",2026-08-12T05:46:11Z
exp2_scaling,montecarlo,no_lock,4,measured,4,133,0.224295,127720,392589,67.467249,"{""user_lock_acquisitions"": 0}",2026-08-12T05:46:11Z
exp2_scaling,montecarlo,fine_lock,4,measured,12,134,0.257474,392589,392589,0.000000,"{""user_lock_acquisitions"": 500000}",2026-08-12T05:46:12Z
exp2_scaling,montecarlo,imp_threadlocal,4,measured,27,135,0.028335,392589,392589,0.000000,"{""user_lock_acquisitions"": 0}",2026-08-12T05:46:12Z
exp2_scaling,montecarlo,no_lock,4,measured,26,136,0.223911,128905,392589,67.165407,"{""user_lock_acquisitions"": 0}",2026-08-12T05:46:12Z
exp2_scaling,montecarlo,fp_reduce,4,measured,29,137,0.028179,392589,392589,0.000000,"{""user_lock_acquisitions"": 0}",2026-08-12T05:46:12Z
exp2_scaling,montecarlo,fp_reduce,4,measured,23,138,0.028516,392589,392589,0.000000,"{""user_lock_acquisitions"": 0}",2026-08-12T05:46:12Z
exp2_scaling,montecarlo,imp_threadlocal,4,measured,17,139,0.028378,392589,392589,0.000000,"{""user_lock_acquisitions"": 0}",2026-08-12T05:46:12Z
exp2_scaling,montecarlo,coarse_lock,4,measured,26,140,0.028896,392589,392589,0.000000,"{""user_lock_acquisitions"": 4}",2026-08-12T05:46:12Z
exp2_scaling,montecarlo,coarse_lock,4,measured,28,141,0.028501,392589,392589,0.000000,"{""user_lock_acquisitions"": 4}",2026-08-12T05:46:12Z
exp2_scaling,montecarlo,fine_lock,4,measured,24,142,0.256499,392589,392589,0.000000,"{""user_lock_acquisitions"": 500000}",2026-08-12T05:46:12Z
exp2_scaling,montecarlo,coarse_lock,4,measured,14,143,0.028612,392589,392589,0.000000,"{""user_lock_acquisitions"": 4}",2026-08-12T05:46:12Z
exp2_scaling,montecarlo,imp_threadlocal,4,measured,16,144,0.028863,392589,392589,0.000000,"{""user_lock_acquisitions"": 0}",2026-08-12T05:46:12Z
exp2_scaling,montecarlo,coarse_lock,4,measured,29,145,0.028421,392589,392589,0.000000,"{""user_lock_acquisitions"": 4}",2026-08-12T05:46:12Z
exp2_scaling,montecarlo,fine_lock,4,measured,2,146,0.255836,392589,392589,0.000000,"{""user_lock_acquisitions"": 500000}",2026-08-12T05:46:13Z
exp2_scaling,montecarlo,no_lock,4,measured,2,147,0.214941,125267,392589,68.092076,"{""user_lock_acquisitions"": 0}",2026-08-12T05:46:13Z
exp2_scaling,montecarlo,no_lock,4,measured,23,148,0.215051,128995,392589,67.142482,"{""user_lock_acquisitions"": 0}",2026-08-12T05:46:13Z
exp2_scaling,montecarlo,fine_lock,4,measured,29,149,0.254138,392589,392589,0.000000,"{""user_lock_acquisitions"": 500000}",2026-08-12T05:46:13Z
exp2_scaling,montecarlo,fine_lock,4,measured,0,150,0.258439,392589,392589,0.000000,"{""user_lock_acquisitions"": 500000}",2026-08-12T05:46:13Z
exp2_scaling,montecarlo,coarse_lock,4,measured,20,151,0.028233,392589,392589,0.000000,"{""user_lock_acquisitions"": 4}",2026-08-12T05:46:13Z
exp2_scaling,montecarlo,fp_reduce,4,measured,11,152,0.028618,392589,392589,0.000000,"{""user_lock_acquisitions"": 0}",2026-08-12T05:46:14Z
exp2_scaling,montecarlo,imp_threadlocal,4,measured,2,153,0.028867,392589,392589,0.000000,"{""user_lock_acquisitions"": 0}",2026-08-12T05:46:14Z
exp2_scaling,montecarlo,coarse_lock,4,measured,8,154,0.028174,392589,392589,0.000000,"{""user_lock_acquisitions"": 4}",2026-08-12T05:46:14Z
exp2_scaling,montecarlo,fp_reduce,4,measured,3,155,0.029893,392589,392589,0.000000,"{""user_lock_acquisitions"": 0}",2026-08-12T05:46:14Z
exp2_scaling,montecarlo,coarse_lock,4,measured,5,156,0.028489,392589,392589,0.000000,"{""user_lock_acquisitions"": 4}",2026-08-12T05:46:14Z
exp2_scaling,montecarlo,coarse_lock,4,measured,27,157,0.028177,392589,392589,0.000000,"{""user_lock_acquisitions"": 4}",2026-08-12T05:46:14Z
exp2_scaling,montecarlo,coarse_lock,4,measured,1,158,0.028817,392589,392589,0.000000,"{""user_lock_acquisitions"": 4}",2026-08-12T05:46:14Z
exp2_scaling,montecarlo,imp_threadlocal,4,measured,8,159,0.028578,392589,392589,0.000000,"{""user_lock_acquisitions"": 0}",2026-08-12T05:46:14Z
exp2_scaling,montecarlo,coarse_lock,4,measured,13,160,0.028354,392589,392589,0.000000,"{""user_lock_acquisitions"": 4}",2026-08-12T05:46:14Z
exp2_scaling,montecarlo,no_lock,4,measured,16,161,0.221009,129661,392589,66.972839,"{""user_lock_acquisitions"": 0}",2026-08-12T05:46:14Z
exp2_scaling,montecarlo,fp_reduce,4,measured,19,162,0.028190,392589,392589,0.000000,"{""user_lock_acquisitions"": 0}",2026-08-12T05:46:14Z
exp2_scaling,montecarlo,fp_reduce,4,measured,14,163,0.028178,392589,392589,0.000000,"{""user_lock_acquisitions"": 0}",2026-08-12T05:46:14Z
exp2_scaling,montecarlo,no_lock,4,measured,19,164,0.224949,134733,392589,65.680903,"{""user_lock_acquisitions"": 0}",2026-08-12T05:46:14Z
exp2_scaling,montecarlo,coarse_lock,6,warmup,2,0,0.128704,392563,392563,0.000000,"{""user_lock_acquisitions"": 6}",2026-08-12T05:46:14Z
exp2_scaling,montecarlo,fine_lock,6,warmup,1,1,0.313612,392563,392563,0.000000,"{""user_lock_acquisitions"": 500000}",2026-08-12T05:46:15Z
exp2_scaling,montecarlo,fine_lock,6,warmup,2,2,0.312591,392563,392563,0.000000,"{""user_lock_acquisitions"": 500000}",2026-08-12T05:46:15Z
exp2_scaling,montecarlo,imp_threadlocal,6,warmup,0,3,0.019582,392563,392563,0.000000,"{""user_lock_acquisitions"": 0}",2026-08-12T05:46:15Z
exp2_scaling,montecarlo,coarse_lock,6,warmup,1,4,0.019606,392563,392563,0.000000,"{""user_lock_acquisitions"": 6}",2026-08-12T05:46:15Z
exp2_scaling,montecarlo,fp_reduce,6,warmup,2,5,0.019515,392563,392563,0.000000,"{""user_lock_acquisitions"": 0}",2026-08-12T05:46:15Z
exp2_scaling,montecarlo,no_lock,6,warmup,1,6,0.287460,91700,392563,76.640692,"{""user_lock_acquisitions"": 0}",2026-08-12T05:46:15Z
exp2_scaling,montecarlo,coarse_lock,6,warmup,0,7,0.019638,392563,392563,0.000000,"{""user_lock_acquisitions"": 6}",2026-08-12T05:46:15Z
exp2_scaling,montecarlo,fp_reduce,6,warmup,1,8,0.019491,392563,392563,0.000000,"{""user_lock_acquisitions"": 0}",2026-08-12T05:46:15Z
exp2_scaling,montecarlo,no_lock,6,warmup,0,9,0.288865,95109,392563,75.772296,"{""user_lock_acquisitions"": 0}",2026-08-12T05:46:16Z
exp2_scaling,montecarlo,no_lock,6,warmup,2,10,0.287629,99161,392563,74.740105,"{""user_lock_acquisitions"": 0}",2026-08-12T05:46:16Z
exp2_scaling,montecarlo,fp_reduce,6,warmup,0,11,0.019403,392563,392563,0.000000,"{""user_lock_acquisitions"": 0}",2026-08-12T05:46:16Z
exp2_scaling,montecarlo,imp_threadlocal,6,warmup,2,12,0.019638,392563,392563,0.000000,"{""user_lock_acquisitions"": 0}",2026-08-12T05:46:16Z
exp2_scaling,montecarlo,fine_lock,6,warmup,0,13,0.318962,392563,392563,0.000000,"{""user_lock_acquisitions"": 500000}",2026-08-12T05:46:16Z
exp2_scaling,montecarlo,imp_threadlocal,6,warmup,1,14,0.019516,392563,392563,0.000000,"{""user_lock_acquisitions"": 0}",2026-08-12T05:46:16Z
exp2_scaling,montecarlo,coarse_lock,6,measured,9,15,0.019230,392563,392563,0.000000,"{""user_lock_acquisitions"": 6}",2026-08-12T05:46:16Z
exp2_scaling,montecarlo,fine_lock,6,measured,8,16,0.314765,392563,392563,0.000000,"{""user_lock_acquisitions"": 500000}",2026-08-12T05:46:17Z
exp2_scaling,montecarlo,no_lock,6,measured,29,17,0.292634,95998,392563,75.545836,"{""user_lock_acquisitions"": 0}",2026-08-12T05:46:17Z
exp2_scaling,montecarlo,coarse_lock,6,measured,20,18,0.019728,392563,392563,0.000000,"{""user_lock_acquisitions"": 6}",2026-08-12T05:46:17Z
exp2_scaling,montecarlo,fp_reduce,6,measured,22,19,0.019434,392563,392563,0.000000,"{""user_lock_acquisitions"": 0}",2026-08-12T05:46:17Z
exp2_scaling,montecarlo,fp_reduce,6,measured,23,20,0.019204,392563,392563,0.000000,"{""user_lock_acquisitions"": 0}",2026-08-12T05:46:17Z
exp2_scaling,montecarlo,no_lock,6,measured,26,21,0.298225,95173,392563,75.755993,"{""user_lock_acquisitions"": 0}",2026-08-12T05:46:17Z
exp2_scaling,montecarlo,fp_reduce,6,measured,15,22,0.019640,392563,392563,0.000000,"{""user_lock_acquisitions"": 0}",2026-08-12T05:46:17Z
exp2_scaling,montecarlo,imp_threadlocal,6,measured,11,23,0.019132,392563,392563,0.000000,"{""user_lock_acquisitions"": 0}",2026-08-12T05:46:17Z
exp2_scaling,montecarlo,no_lock,6,measured,5,24,0.290533,93030,392563,76.301893,"{""user_lock_acquisitions"": 0}",2026-08-12T05:46:18Z
exp2_scaling,montecarlo,fine_lock,6,measured,0,25,0.319755,392563,392563,0.000000,"{""user_lock_acquisitions"": 500000}",2026-08-12T05:46:18Z
exp2_scaling,montecarlo,coarse_lock,6,measured,0,26,0.019485,392563,392563,0.000000,"{""user_lock_acquisitions"": 6}",2026-08-12T05:46:18Z
exp2_scaling,montecarlo,coarse_lock,6,measured,2,27,0.019490,392563,392563,0.000000,"{""user_lock_acquisitions"": 6}",2026-08-12T05:46:18Z
exp2_scaling,montecarlo,imp_threadlocal,6,measured,1,28,0.019264,392563,392563,0.000000,"{""user_lock_acquisitions"": 0}",2026-08-12T05:46:18Z
exp2_scaling,montecarlo,coarse_lock,6,measured,22,29,0.019667,392563,392563,0.000000,"{""user_lock_acquisitions"": 6}",2026-08-12T05:46:18Z
exp2_scaling,montecarlo,fp_reduce,6,measured,17,30,0.019063,392563,392563,0.000000,"{""user_lock_acquisitions"": 0}",2026-08-12T05:46:18Z
exp2_scaling,montecarlo,fp_reduce,6,measured,19,31,0.019172,392563,392563,0.000000,"{""user_lock_acquisitions"": 0}",2026-08-12T05:46:18Z
exp2_scaling,montecarlo,coarse_lock,6,measured,17,32,0.019526,392563,392563,0.000000,"{""user_lock_acquisitions"": 6}",2026-08-12T05:46:18Z
exp2_scaling,montecarlo,fp_reduce,6,measured,16,33,0.019184,392563,392563,0.000000,"{""user_lock_acquisitions"": 0}",2026-08-12T05:46:18Z
exp2_scaling,montecarlo,coarse_lock,6,measured,13,34,0.019426,392563,392563,0.000000,"{""user_lock_acquisitions"": 6}",2026-08-12T05:46:18Z
exp2_scaling,montecarlo,fp_reduce,6,measured,24,35,0.019649,392563,392563,0.000000,"{""user_lock_acquisitions"": 0}",2026-08-12T05:46:18Z
exp2_scaling,montecarlo,coarse_lock,6,measured,24,36,0.019221,392563,392563,0.000000,"{""user_lock_acquisitions"": 6}",2026-08-12T05:46:18Z
exp2_scaling,montecarlo,fine_lock,6,measured,20,37,0.320633,392563,392563,0.000000,"{""user_lock_acquisitions"": 500000}",2026-08-12T05:46:19Z
exp2_scaling,montecarlo,fp_reduce,6,measured,28,38,0.019804,392563,392563,0.000000,"{""user_lock_acquisitions"": 0}",2026-08-12T05:46:19Z
exp2_scaling,montecarlo,fine_lock,6,measured,1,39,0.312499,392563,392563,0.000000,"{""user_lock_acquisitions"": 500000}",2026-08-12T05:46:19Z
exp2_scaling,montecarlo,coarse_lock,6,measured,1,40,0.019518,392563,392563,0.000000,"{""user_lock_acquisitions"": 6}",2026-08-12T05:46:19Z
exp2_scaling,montecarlo,coarse_lock,6,measured,19,41,0.019156,392563,392563,0.000000,"{""user_lock_acquisitions"": 6}",2026-08-12T05:46:19Z
exp2_scaling,montecarlo,coarse_lock,6,measured,8,42,0.019603,392563,392563,0.000000,"{""user_lock_acquisitions"": 6}",2026-08-12T05:46:19Z
exp2_scaling,montecarlo,imp_threadlocal,6,measured,26,43,0.019391,392563,392563,0.000000,"{""user_lock_acquisitions"": 0}",2026-08-12T05:46:19Z
exp2_scaling,montecarlo,coarse_lock,6,measured,26,44,0.019686,392563,392563,0.000000,"{""user_lock_acquisitions"": 6}",2026-08-12T05:46:19Z
exp2_scaling,montecarlo,fp_reduce,6,measured,29,45,0.019293,392563,392563,0.000000,"{""user_lock_acquisitions"": 0}",2026-08-12T05:46:19Z
exp2_scaling,montecarlo,imp_threadlocal,6,measured,18,46,0.019582,392563,392563,0.000000,"{""user_lock_acquisitions"": 0}",2026-08-12T05:46:19Z
exp2_scaling,montecarlo,fp_reduce,6,measured,26,47,0.019669,392563,392563,0.000000,"{""user_lock_acquisitions"": 0}",2026-08-12T05:46:19Z
exp2_scaling,montecarlo,imp_threadlocal,6,measured,20,48,0.019765,392563,392563,0.000000,"{""user_lock_acquisitions"": 0}",2026-08-12T05:46:19Z
exp2_scaling,montecarlo,coarse_lock,6,measured,28,49,0.019140,392563,392563,0.000000,"{""user_lock_acquisitions"": 6}",2026-08-12T05:46:19Z
exp2_scaling,montecarlo,no_lock,6,measured,4,50,0.294162,93667,392563,76.139626,"{""user_lock_acquisitions"": 0}",2026-08-12T05:46:19Z
exp2_scaling,montecarlo,imp_threadlocal,6,measured,4,51,0.019529,392563,392563,0.000000,"{""user_lock_acquisitions"": 0}",2026-08-12T05:46:19Z
exp2_scaling,montecarlo,coarse_lock,6,measured,29,52,0.019713,392563,392563,0.000000,"{""user_lock_acquisitions"": 6}",2026-08-12T05:46:19Z
exp2_scaling,montecarlo,no_lock,6,measured,12,53,0.289893,95230,392563,75.741473,"{""user_lock_acquisitions"": 0}",2026-08-12T05:46:20Z
exp2_scaling,montecarlo,fp_reduce,6,measured,10,54,0.020038,392563,392563,0.000000,"{""user_lock_acquisitions"": 0}",2026-08-12T05:46:20Z
exp2_scaling,montecarlo,fp_reduce,6,measured,4,55,0.019415,392563,392563,0.000000,"{""user_lock_acquisitions"": 0}",2026-08-12T05:46:20Z
exp2_scaling,montecarlo,imp_threadlocal,6,measured,3,56,0.019140,392563,392563,0.000000,"{""user_lock_acquisitions"": 0}",2026-08-12T05:46:20Z
exp2_scaling,montecarlo,fine_lock,6,measured,16,57,0.321099,392563,392563,0.000000,"{""user_lock_acquisitions"": 500000}",2026-08-12T05:46:20Z
exp2_scaling,montecarlo,imp_threadlocal,6,measured,14,58,0.019681,392563,392563,0.000000,"{""user_lock_acquisitions"": 0}",2026-08-12T05:46:20Z
exp2_scaling,montecarlo,fp_reduce,6,measured,7,59,0.019433,392563,392563,0.000000,"{""user_lock_acquisitions"": 0}",2026-08-12T05:46:20Z
exp2_scaling,montecarlo,fp_reduce,6,measured,0,60,0.019375,392563,392563,0.000000,"{""user_lock_acquisitions"": 0}",2026-08-12T05:46:20Z
exp2_scaling,montecarlo,fp_reduce,6,measured,8,61,0.019321,392563,392563,0.000000,"{""user_lock_acquisitions"": 0}",2026-08-12T05:46:20Z
exp2_scaling,montecarlo,imp_threadlocal,6,measured,0,62,0.019775,392563,392563,0.000000,"{""user_lock_acquisitions"": 0}",2026-08-12T05:46:20Z
exp2_scaling,montecarlo,imp_threadlocal,6,measured,13,63,0.019607,392563,392563,0.000000,"{""user_lock_acquisitions"": 0}",2026-08-12T05:46:20Z
exp2_scaling,montecarlo,no_lock,6,measured,8,64,0.283044,89080,392563,77.308101,"{""user_lock_acquisitions"": 0}",2026-08-12T05:46:20Z
exp2_scaling,montecarlo,imp_threadlocal,6,measured,7,65,0.019586,392563,392563,0.000000,"{""user_lock_acquisitions"": 0}",2026-08-12T05:46:20Z
exp2_scaling,montecarlo,imp_threadlocal,6,measured,28,66,0.019291,392563,392563,0.000000,"{""user_lock_acquisitions"": 0}",2026-08-12T05:46:20Z
exp2_scaling,montecarlo,no_lock,6,measured,24,67,0.282503,91816,392563,76.611143,"{""user_lock_acquisitions"": 0}",2026-08-12T05:46:21Z
exp2_scaling,montecarlo,fine_lock,6,measured,6,68,0.321108,392563,392563,0.000000,"{""user_lock_acquisitions"": 500000}",2026-08-12T05:46:21Z
exp2_scaling,montecarlo,imp_threadlocal,6,measured,12,69,0.019432,392563,392563,0.000000,"{""user_lock_acquisitions"": 0}",2026-08-12T05:46:21Z
exp2_scaling,montecarlo,fine_lock,6,measured,27,70,0.319246,392563,392563,0.000000,"{""user_lock_acquisitions"": 500000}",2026-08-12T05:46:21Z
exp2_scaling,montecarlo,imp_threadlocal,6,measured,24,71,0.019788,392563,392563,0.000000,"{""user_lock_acquisitions"": 0}",2026-08-12T05:46:21Z
exp2_scaling,montecarlo,fine_lock,6,measured,5,72,0.317410,392563,392563,0.000000,"{""user_lock_acquisitions"": 500000}",2026-08-12T05:46:22Z
exp2_scaling,montecarlo,no_lock,6,measured,14,73,0.289713,95904,392563,75.569781,"{""user_lock_acquisitions"": 0}",2026-08-12T05:46:22Z
exp2_scaling,montecarlo,imp_threadlocal,6,measured,9,74,0.019756,392563,392563,0.000000,"{""user_lock_acquisitions"": 0}",2026-08-12T05:46:22Z
exp2_scaling,montecarlo,coarse_lock,6,measured,7,75,0.019284,392563,392563,0.000000,"{""user_lock_acquisitions"": 6}",2026-08-12T05:46:22Z
exp2_scaling,montecarlo,coarse_lock,6,measured,14,76,0.019685,392563,392563,0.000000,"{""user_lock_acquisitions"": 6}",2026-08-12T05:46:22Z
exp2_scaling,montecarlo,imp_threadlocal,6,measured,15,77,0.019406,392563,392563,0.000000,"{""user_lock_acquisitions"": 0}",2026-08-12T05:46:22Z
exp2_scaling,montecarlo,fine_lock,6,measured,13,78,0.315830,392563,392563,0.000000,"{""user_lock_acquisitions"": 500000}",2026-08-12T05:46:22Z
exp2_scaling,montecarlo,fine_lock,6,measured,22,79,0.313429,392563,392563,0.000000,"{""user_lock_acquisitions"": 500000}",2026-08-12T05:46:23Z
exp2_scaling,montecarlo,coarse_lock,6,measured,25,80,0.019576,392563,392563,0.000000,"{""user_lock_acquisitions"": 6}",2026-08-12T05:46:23Z
exp2_scaling,montecarlo,fine_lock,6,measured,15,81,0.315362,392563,392563,0.000000,"{""user_lock_acquisitions"": 500000}",2026-08-12T05:46:23Z
exp2_scaling,montecarlo,no_lock,6,measured,9,82,0.293648,94581,392563,75.906797,"{""user_lock_acquisitions"": 0}",2026-08-12T05:46:23Z
exp2_scaling,montecarlo,fine_lock,6,measured,14,83,0.317074,392563,392563,0.000000,"{""user_lock_acquisitions"": 500000}",2026-08-12T05:46:24Z
exp2_scaling,montecarlo,imp_threadlocal,6,measured,17,84,0.019461,392563,392563,0.000000,"{""user_lock_acquisitions"": 0}",2026-08-12T05:46:24Z
exp2_scaling,montecarlo,fine_lock,6,measured,29,85,0.313425,392563,392563,0.000000,"{""user_lock_acquisitions"": 500000}",2026-08-12T05:46:24Z
exp2_scaling,montecarlo,imp_threadlocal,6,measured,2,86,0.019581,392563,392563,0.000000,"{""user_lock_acquisitions"": 0}",2026-08-12T05:46:24Z
exp2_scaling,montecarlo,fine_lock,6,measured,7,87,0.323406,392563,392563,0.000000,"{""user_lock_acquisitions"": 500000}",2026-08-12T05:46:24Z
exp2_scaling,montecarlo,no_lock,6,measured,19,88,0.293333,95955,392563,75.556790,"{""user_lock_acquisitions"": 0}",2026-08-12T05:46:25Z
exp2_scaling,montecarlo,fine_lock,6,measured,10,89,0.314206,392563,392563,0.000000,"{""user_lock_acquisitions"": 500000}",2026-08-12T05:46:25Z
exp2_scaling,montecarlo,fp_reduce,6,measured,27,90,0.019684,392563,392563,0.000000,"{""user_lock_acquisitions"": 0}",2026-08-12T05:46:25Z
exp2_scaling,montecarlo,no_lock,6,measured,17,91,0.306428,95787,392563,75.599585,"{""user_lock_acquisitions"": 0}",2026-08-12T05:46:25Z
exp2_scaling,montecarlo,no_lock,6,measured,2,92,0.300043,92574,392563,76.418053,"{""user_lock_acquisitions"": 0}",2026-08-12T05:46:26Z
exp2_scaling,montecarlo,coarse_lock,6,measured,6,93,0.019769,392563,392563,0.000000,"{""user_lock_acquisitions"": 6}",2026-08-12T05:46:26Z
exp2_scaling,montecarlo,fine_lock,6,measured,12,94,0.319727,392563,392563,0.000000,"{""user_lock_acquisitions"": 500000}",2026-08-12T05:46:26Z
exp2_scaling,montecarlo,imp_threadlocal,6,measured,21,95,0.019513,392563,392563,0.000000,"{""user_lock_acquisitions"": 0}",2026-08-12T05:46:26Z
exp2_scaling,montecarlo,fine_lock,6,measured,28,96,0.325686,392563,392563,0.000000,"{""user_lock_acquisitions"": 500000}",2026-08-12T05:46:26Z
exp2_scaling,montecarlo,coarse_lock,6,measured,12,97,0.019606,392563,392563,0.000000,"{""user_lock_acquisitions"": 6}",2026-08-12T05:46:26Z
exp2_scaling,montecarlo,fp_reduce,6,measured,13,98,0.019770,392563,392563,0.000000,"{""user_lock_acquisitions"": 0}",2026-08-12T05:46:26Z
exp2_scaling,montecarlo,coarse_lock,6,measured,27,99,0.019481,392563,392563,0.000000,"{""user_lock_acquisitions"": 6}",2026-08-12T05:46:26Z
exp2_scaling,montecarlo,coarse_lock,6,measured,16,100,0.019712,392563,392563,0.000000,"{""user_lock_acquisitions"": 6}",2026-08-12T05:46:26Z
exp2_scaling,montecarlo,coarse_lock,6,measured,11,101,0.019641,392563,392563,0.000000,"{""user_lock_acquisitions"": 6}",2026-08-12T05:46:26Z
exp2_scaling,montecarlo,no_lock,6,measured,28,102,0.294535,94928,392563,75.818404,"{""user_lock_acquisitions"": 0}",2026-08-12T05:46:27Z
exp2_scaling,montecarlo,no_lock,6,measured,16,103,0.286560,93883,392563,76.084603,"{""user_lock_acquisitions"": 0}",2026-08-12T05:46:27Z
exp2_scaling,montecarlo,fine_lock,6,measured,24,104,0.325808,392563,392563,0.000000,"{""user_lock_acquisitions"": 500000}",2026-08-12T05:46:27Z
exp2_scaling,montecarlo,no_lock,6,measured,22,105,0.292031,91555,392563,76.677629,"{""user_lock_acquisitions"": 0}",2026-08-12T05:46:28Z
exp2_scaling,montecarlo,no_lock,6,measured,7,106,0.300821,92292,392563,76.489888,"{""user_lock_acquisitions"": 0}",2026-08-12T05:46:28Z
exp2_scaling,montecarlo,coarse_lock,6,measured,4,107,0.019700,392563,392563,0.000000,"{""user_lock_acquisitions"": 6}",2026-08-12T05:46:28Z
exp2_scaling,montecarlo,fp_reduce,6,measured,2,108,0.019439,392563,392563,0.000000,"{""user_lock_acquisitions"": 0}",2026-08-12T05:46:28Z
exp2_scaling,montecarlo,no_lock,6,measured,10,109,0.287419,92225,392563,76.506956,"{""user_lock_acquisitions"": 0}",2026-08-12T05:46:28Z
exp2_scaling,montecarlo,no_lock,6,measured,13,110,0.295822,92483,392563,76.441234,"{""user_lock_acquisitions"": 0}",2026-08-12T05:46:29Z
exp2_scaling,montecarlo,fine_lock,6,measured,2,111,0.320025,392563,392563,0.000000,"{""user_lock_acquisitions"": 500000}",2026-08-12T05:46:29Z
exp2_scaling,montecarlo,no_lock,6,measured,0,112,0.295948,96693,392563,75.368794,"{""user_lock_acquisitions"": 0}",2026-08-12T05:46:29Z
exp2_scaling,montecarlo,fp_reduce,6,measured,3,113,0.019623,392563,392563,0.000000,"{""user_lock_acquisitions"": 0}",2026-08-12T05:46:29Z
exp2_scaling,montecarlo,coarse_lock,6,measured,21,114,0.019364,392563,392563,0.000000,"{""user_lock_acquisitions"": 6}",2026-08-12T05:46:29Z
exp2_scaling,montecarlo,fine_lock,6,measured,11,115,0.322455,392563,392563,0.000000,"{""user_lock_acquisitions"": 500000}",2026-08-12T05:46:30Z
exp2_scaling,montecarlo,fine_lock,6,measured,23,116,0.319872,392563,392563,0.000000,"{""user_lock_acquisitions"": 500000}",2026-08-12T05:46:30Z
exp2_scaling,montecarlo,imp_threadlocal,6,measured,10,117,0.019727,392563,392563,0.000000,"{""user_lock_acquisitions"": 0}",2026-08-12T05:46:30Z
exp2_scaling,montecarlo,imp_threadlocal,6,measured,16,118,0.019452,392563,392563,0.000000,"{""user_lock_acquisitions"": 0}",2026-08-12T05:46:30Z
exp2_scaling,montecarlo,no_lock,6,measured,20,119,0.284770,89742,392563,77.139466,"{""user_lock_acquisitions"": 0}",2026-08-12T05:46:30Z
exp2_scaling,montecarlo,imp_threadlocal,6,measured,25,120,0.019658,392563,392563,0.000000,"{""user_lock_acquisitions"": 0}",2026-08-12T05:46:30Z
exp2_scaling,montecarlo,no_lock,6,measured,27,121,0.289809,97469,392563,75.171119,"{""user_lock_acquisitions"": 0}",2026-08-12T05:46:30Z
exp2_scaling,montecarlo,no_lock,6,measured,1,122,0.295049,95997,392563,75.546091,"{""user_lock_acquisitions"": 0}",2026-08-12T05:46:31Z
exp2_scaling,montecarlo,fine_lock,6,measured,4,123,0.321551,392563,392563,0.000000,"{""user_lock_acquisitions"": 500000}",2026-08-12T05:46:31Z
exp2_scaling,montecarlo,fp_reduce,6,measured,6,124,0.019481,392563,392563,0.000000,"{""user_lock_acquisitions"": 0}",2026-08-12T05:46:31Z
exp2_scaling,montecarlo,fp_reduce,6,measured,20,125,0.019309,392563,392563,0.000000,"{""user_lock_acquisitions"": 0}",2026-08-12T05:46:31Z
exp2_scaling,montecarlo,coarse_lock,6,measured,15,126,0.019172,392563,392563,0.000000,"{""user_lock_acquisitions"": 6}",2026-08-12T05:46:31Z
exp2_scaling,montecarlo,no_lock,6,measured,3,127,0.278117,89447,392563,77.214613,"{""user_lock_acquisitions"": 0}",2026-08-12T05:46:31Z
exp2_scaling,montecarlo,imp_threadlocal,6,measured,22,128,0.019352,392563,392563,0.000000,"{""user_lock_acquisitions"": 0}",2026-08-12T05:46:31Z
exp2_scaling,montecarlo,imp_threadlocal,6,measured,5,129,0.019558,392563,392563,0.000000,"{""user_lock_acquisitions"": 0}",2026-08-12T05:46:31Z
exp2_scaling,montecarlo,no_lock,6,measured,18,130,0.287086,94710,392563,75.873936,"{""user_lock_acquisitions"": 0}",2026-08-12T05:46:32Z
exp2_scaling,montecarlo,fine_lock,6,measured,9,131,0.322556,392563,392563,0.000000,"{""user_lock_acquisitions"": 500000}",2026-08-12T05:46:32Z
exp2_scaling,montecarlo,imp_threadlocal,6,measured,19,132,0.019609,392563,392563,0.000000,"{""user_lock_acquisitions"": 0}",2026-08-12T05:46:32Z
exp2_scaling,montecarlo,coarse_lock,6,measured,18,133,0.019755,392563,392563,0.000000,"{""user_lock_acquisitions"": 6}",2026-08-12T05:46:32Z
exp2_scaling,montecarlo,fine_lock,6,measured,18,134,0.321868,392563,392563,0.000000,"{""user_lock_acquisitions"": 500000}",2026-08-12T05:46:32Z
exp2_scaling,montecarlo,fine_lock,6,measured,3,135,0.313315,392563,392563,0.000000,"{""user_lock_acquisitions"": 500000}",2026-08-12T05:46:33Z
exp2_scaling,montecarlo,fp_reduce,6,measured,14,136,0.019509,392563,392563,0.000000,"{""user_lock_acquisitions"": 0}",2026-08-12T05:46:33Z
exp2_scaling,montecarlo,imp_threadlocal,6,measured,6,137,0.019210,392563,392563,0.000000,"{""user_lock_acquisitions"": 0}",2026-08-12T05:46:33Z
exp2_scaling,montecarlo,fp_reduce,6,measured,11,138,0.019196,392563,392563,0.000000,"{""user_lock_acquisitions"": 0}",2026-08-12T05:46:33Z
exp2_scaling,montecarlo,fine_lock,6,measured,17,139,0.324011,392563,392563,0.000000,"{""user_lock_acquisitions"": 500000}",2026-08-12T05:46:33Z
exp2_scaling,montecarlo,no_lock,6,measured,6,140,0.292522,88055,392563,77.569205,"{""user_lock_acquisitions"": 0}",2026-08-12T05:46:33Z
exp2_scaling,montecarlo,fp_reduce,6,measured,9,141,0.019529,392563,392563,0.000000,"{""user_lock_acquisitions"": 0}",2026-08-12T05:46:33Z
exp2_scaling,montecarlo,no_lock,6,measured,25,142,0.284680,97135,392563,75.256201,"{""user_lock_acquisitions"": 0}",2026-08-12T05:46:34Z
exp2_scaling,montecarlo,fp_reduce,6,measured,12,143,0.019541,392563,392563,0.000000,"{""user_lock_acquisitions"": 0}",2026-08-12T05:46:34Z
exp2_scaling,montecarlo,fp_reduce,6,measured,21,144,0.019191,392563,392563,0.000000,"{""user_lock_acquisitions"": 0}",2026-08-12T05:46:34Z
exp2_scaling,montecarlo,coarse_lock,6,measured,10,145,0.019339,392563,392563,0.000000,"{""user_lock_acquisitions"": 6}",2026-08-12T05:46:34Z
exp2_scaling,montecarlo,imp_threadlocal,6,measured,29,146,0.019261,392563,392563,0.000000,"{""user_lock_acquisitions"": 0}",2026-08-12T05:46:34Z
exp2_scaling,montecarlo,fine_lock,6,measured,19,147,0.315719,392563,392563,0.000000,"{""user_lock_acquisitions"": 500000}",2026-08-12T05:46:34Z
exp2_scaling,montecarlo,fp_reduce,6,measured,1,148,0.019700,392563,392563,0.000000,"{""user_lock_acquisitions"": 0}",2026-08-12T05:46:34Z
exp2_scaling,montecarlo,fp_reduce,6,measured,5,149,0.019537,392563,392563,0.000000,"{""user_lock_acquisitions"": 0}",2026-08-12T05:46:34Z
exp2_scaling,montecarlo,no_lock,6,measured,23,150,0.298006,94585,392563,75.905778,"{""user_lock_acquisitions"": 0}",2026-08-12T05:46:34Z
exp2_scaling,montecarlo,no_lock,6,measured,11,151,0.283209,92406,392563,76.460848,"{""user_lock_acquisitions"": 0}",2026-08-12T05:46:35Z
exp2_scaling,montecarlo,imp_threadlocal,6,measured,23,152,0.019665,392563,392563,0.000000,"{""user_lock_acquisitions"": 0}",2026-08-12T05:46:35Z
exp2_scaling,montecarlo,imp_threadlocal,6,measured,8,153,0.019242,392563,392563,0.000000,"{""user_lock_acquisitions"": 0}",2026-08-12T05:46:35Z
exp2_scaling,montecarlo,fine_lock,6,measured,26,154,0.321585,392563,392563,0.000000,"{""user_lock_acquisitions"": 500000}",2026-08-12T05:46:35Z
exp2_scaling,montecarlo,no_lock,6,measured,21,155,0.308381,93623,392563,76.150834,"{""user_lock_acquisitions"": 0}",2026-08-12T05:46:35Z
exp2_scaling,montecarlo,coarse_lock,6,measured,23,156,0.019324,392563,392563,0.000000,"{""user_lock_acquisitions"": 6}",2026-08-12T05:46:35Z
exp2_scaling,montecarlo,coarse_lock,6,measured,3,157,0.019658,392563,392563,0.000000,"{""user_lock_acquisitions"": 6}",2026-08-12T05:46:35Z
exp2_scaling,montecarlo,coarse_lock,6,measured,5,158,0.019462,392563,392563,0.000000,"{""user_lock_acquisitions"": 6}",2026-08-12T05:46:35Z
exp2_scaling,montecarlo,imp_threadlocal,6,measured,27,159,0.019595,392563,392563,0.000000,"{""user_lock_acquisitions"": 0}",2026-08-12T05:46:35Z
exp2_scaling,montecarlo,fine_lock,6,measured,25,160,0.326260,392563,392563,0.000000,"{""user_lock_acquisitions"": 500000}",2026-08-12T05:46:36Z
exp2_scaling,montecarlo,fp_reduce,6,measured,18,161,0.019330,392563,392563,0.000000,"{""user_lock_acquisitions"": 0}",2026-08-12T05:46:36Z
exp2_scaling,montecarlo,no_lock,6,measured,15,162,0.295738,97048,392563,75.278363,"{""user_lock_acquisitions"": 0}",2026-08-12T05:46:36Z
exp2_scaling,montecarlo,fp_reduce,6,measured,25,163,0.019819,392563,392563,0.000000,"{""user_lock_acquisitions"": 0}",2026-08-12T05:46:36Z
exp2_scaling,montecarlo,fine_lock,6,measured,21,164,0.319085,392563,392563,0.000000,"{""user_lock_acquisitions"": 500000}",2026-08-12T05:46:36Z
exp2_scaling,montecarlo,fp_reduce,8,warmup,2,0,0.124093,392576,392576,0.000000,"{""user_lock_acquisitions"": 0}",2026-08-12T05:46:37Z
exp2_scaling,montecarlo,coarse_lock,8,warmup,0,1,0.015938,392576,392576,0.000000,"{""user_lock_acquisitions"": 8}",2026-08-12T05:46:37Z
exp2_scaling,montecarlo,imp_threadlocal,8,warmup,1,2,0.014953,392576,392576,0.000000,"{""user_lock_acquisitions"": 0}",2026-08-12T05:46:37Z
exp2_scaling,montecarlo,coarse_lock,8,warmup,1,3,0.015198,392576,392576,0.000000,"{""user_lock_acquisitions"": 8}",2026-08-12T05:46:37Z
exp2_scaling,montecarlo,fine_lock,8,warmup,1,4,0.431081,392576,392576,0.000000,"{""user_lock_acquisitions"": 500000}",2026-08-12T05:46:37Z
exp2_scaling,montecarlo,no_lock,8,warmup,0,5,0.395405,77204,392576,80.333999,"{""user_lock_acquisitions"": 0}",2026-08-12T05:46:37Z
exp2_scaling,montecarlo,fine_lock,8,warmup,2,6,0.419861,392576,392576,0.000000,"{""user_lock_acquisitions"": 500000}",2026-08-12T05:46:38Z
exp2_scaling,montecarlo,coarse_lock,8,warmup,2,7,0.015425,392576,392576,0.000000,"{""user_lock_acquisitions"": 8}",2026-08-12T05:46:38Z
exp2_scaling,montecarlo,fp_reduce,8,warmup,0,8,0.015043,392576,392576,0.000000,"{""user_lock_acquisitions"": 0}",2026-08-12T05:46:38Z
exp2_scaling,montecarlo,fine_lock,8,warmup,0,9,0.429476,392576,392576,0.000000,"{""user_lock_acquisitions"": 500000}",2026-08-12T05:46:38Z
exp2_scaling,montecarlo,imp_threadlocal,8,warmup,2,10,0.015356,392576,392576,0.000000,"{""user_lock_acquisitions"": 0}",2026-08-12T05:46:38Z
exp2_scaling,montecarlo,no_lock,8,warmup,2,11,0.384606,74105,392576,81.123400,"{""user_lock_acquisitions"": 0}",2026-08-12T05:46:39Z
exp2_scaling,montecarlo,fp_reduce,8,warmup,1,12,0.015366,392576,392576,0.000000,"{""user_lock_acquisitions"": 0}",2026-08-12T05:46:39Z
exp2_scaling,montecarlo,imp_threadlocal,8,warmup,0,13,0.014997,392576,392576,0.000000,"{""user_lock_acquisitions"": 0}",2026-08-12T05:46:39Z
exp2_scaling,montecarlo,no_lock,8,warmup,1,14,0.418832,74976,392576,80.901532,"{""user_lock_acquisitions"": 0}",2026-08-12T05:46:39Z
exp2_scaling,montecarlo,imp_threadlocal,8,measured,2,15,0.015147,392576,392576,0.000000,"{""user_lock_acquisitions"": 0}",2026-08-12T05:46:39Z
exp2_scaling,montecarlo,imp_threadlocal,8,measured,16,16,0.015354,392576,392576,0.000000,"{""user_lock_acquisitions"": 0}",2026-08-12T05:46:39Z
exp2_scaling,montecarlo,fine_lock,8,measured,7,17,0.433933,392576,392576,0.000000,"{""user_lock_acquisitions"": 500000}",2026-08-12T05:46:40Z
exp2_scaling,montecarlo,fine_lock,8,measured,28,18,0.428564,392576,392576,0.000000,"{""user_lock_acquisitions"": 500000}",2026-08-12T05:46:40Z
exp2_scaling,montecarlo,no_lock,8,measured,16,19,0.403118,75413,392576,80.790216,"{""user_lock_acquisitions"": 0}",2026-08-12T05:46:40Z
exp2_scaling,montecarlo,no_lock,8,measured,18,20,0.383898,75524,392576,80.761942,"{""user_lock_acquisitions"": 0}",2026-08-12T05:46:41Z
exp2_scaling,montecarlo,no_lock,8,measured,19,21,0.383988,76761,392576,80.446843,"{""user_lock_acquisitions"": 0}",2026-08-12T05:46:41Z
exp2_scaling,montecarlo,fp_reduce,8,measured,9,22,0.015113,392576,392576,0.000000,"{""user_lock_acquisitions"": 0}",2026-08-12T05:46:41Z
exp2_scaling,montecarlo,fine_lock,8,measured,25,23,0.423935,392576,392576,0.000000,"{""user_lock_acquisitions"": 500000}",2026-08-12T05:46:42Z
exp2_scaling,montecarlo,imp_threadlocal,8,measured,0,24,0.015458,392576,392576,0.000000,"{""user_lock_acquisitions"": 0}",2026-08-12T05:46:42Z
exp2_scaling,montecarlo,no_lock,8,measured,14,25,0.390730,77316,392576,80.305470,"{""user_lock_acquisitions"": 0}",2026-08-12T05:46:42Z
exp2_scaling,montecarlo,fine_lock,8,measured,27,26,0.447595,392576,392576,0.000000,"{""user_lock_acquisitions"": 500000}",2026-08-12T05:46:43Z
exp2_scaling,montecarlo,fine_lock,8,measured,22,27,0.428774,392576,392576,0.000000,"{""user_lock_acquisitions"": 500000}",2026-08-12T05:46:43Z
exp2_scaling,montecarlo,fine_lock,8,measured,19,28,0.430737,392576,392576,0.000000,"{""user_lock_acquisitions"": 500000}",2026-08-12T05:46:43Z
exp2_scaling,montecarlo,imp_threadlocal,8,measured,26,29,0.015341,392576,392576,0.000000,"{""user_lock_acquisitions"": 0}",2026-08-12T05:46:43Z
exp2_scaling,montecarlo,fp_reduce,8,measured,2,30,0.015151,392576,392576,0.000000,"{""user_lock_acquisitions"": 0}",2026-08-12T05:46:43Z
exp2_scaling,montecarlo,coarse_lock,8,measured,20,31,0.015257,392576,392576,0.000000,"{""user_lock_acquisitions"": 8}",2026-08-12T05:46:43Z
exp2_scaling,montecarlo,imp_threadlocal,8,measured,25,32,0.015166,392576,392576,0.000000,"{""user_lock_acquisitions"": 0}",2026-08-12T05:46:43Z
exp2_scaling,montecarlo,imp_threadlocal,8,measured,19,33,0.015094,392576,392576,0.000000,"{""user_lock_acquisitions"": 0}",2026-08-12T05:46:43Z
exp2_scaling,montecarlo,fine_lock,8,measured,18,34,0.418635,392576,392576,0.000000,"{""user_lock_acquisitions"": 500000}",2026-08-12T05:46:44Z
exp2_scaling,montecarlo,no_lock,8,measured,10,35,0.400729,76347,392576,80.552301,"{""user_lock_acquisitions"": 0}",2026-08-12T05:46:44Z
exp2_scaling,montecarlo,imp_threadlocal,8,measured,5,36,0.015233,392576,392576,0.000000,"{""user_lock_acquisitions"": 0}",2026-08-12T05:46:44Z
exp2_scaling,montecarlo,fine_lock,8,measured,9,37,0.429433,392576,392576,0.000000,"{""user_lock_acquisitions"": 500000}",2026-08-12T05:46:45Z
exp2_scaling,montecarlo,coarse_lock,8,measured,29,38,0.015191,392576,392576,0.000000,"{""user_lock_acquisitions"": 8}",2026-08-12T05:46:45Z
exp2_scaling,montecarlo,fp_reduce,8,measured,13,39,0.015352,392576,392576,0.000000,"{""user_lock_acquisitions"": 0}",2026-08-12T05:46:45Z
exp2_scaling,montecarlo,no_lock,8,measured,0,40,0.402818,76507,392576,80.511544,"{""user_lock_acquisitions"": 0}",2026-08-12T05:46:45Z
exp2_scaling,montecarlo,coarse_lock,8,measured,1,41,0.015117,392576,392576,0.000000,"{""user_lock_acquisitions"": 8}",2026-08-12T05:46:45Z
exp2_scaling,montecarlo,coarse_lock,8,measured,17,42,0.014893,392576,392576,0.000000,"{""user_lock_acquisitions"": 8}",2026-08-12T05:46:45Z
exp2_scaling,montecarlo,no_lock,8,measured,8,43,0.404919,76384,392576,80.542876,"{""user_lock_acquisitions"": 0}",2026-08-12T05:46:46Z
exp2_scaling,montecarlo,no_lock,8,measured,20,44,0.381412,74605,392576,80.996036,"{""user_lock_acquisitions"": 0}",2026-08-12T05:46:46Z
exp2_scaling,montecarlo,fine_lock,8,measured,1,45,0.429713,392576,392576,0.000000,"{""user_lock_acquisitions"": 500000}",2026-08-12T05:46:46Z
exp2_scaling,montecarlo,fp_reduce,8,measured,23,46,0.015159,392576,392576,0.000000,"{""user_lock_acquisitions"": 0}",2026-08-12T05:46:46Z
exp2_scaling,montecarlo,fine_lock,8,measured,8,47,0.416279,392576,392576,0.000000,"{""user_lock_acquisitions"": 500000}",2026-08-12T05:46:47Z
exp2_scaling,montecarlo,no_lock,8,measured,29,48,0.401258,76902,392576,80.410927,"{""user_lock_acquisitions"": 0}",2026-08-12T05:46:47Z
exp2_scaling,montecarlo,imp_threadlocal,8,measured,13,49,0.015577,392576,392576,0.000000,"{""user_lock_acquisitions"": 0}",2026-08-12T05:46:47Z
exp2_scaling,montecarlo,fine_lock,8,measured,26,50,0.429257,392576,392576,0.000000,"{""user_lock_acquisitions"": 500000}",2026-08-12T05:46:48Z
exp2_scaling,montecarlo,imp_threadlocal,8,measured,11,51,0.015134,392576,392576,0.000000,"{""user_lock_acquisitions"": 0}",2026-08-12T05:46:48Z
exp2_scaling,montecarlo,fp_reduce,8,measured,6,52,0.015202,392576,392576,0.000000,"{""user_lock_acquisitions"": 0}",2026-08-12T05:46:48Z
exp2_scaling,montecarlo,fp_reduce,8,measured,29,53,0.015070,392576,392576,0.000000,"{""user_lock_acquisitions"": 0}",2026-08-12T05:46:48Z
exp2_scaling,montecarlo,fine_lock,8,measured,5,54,0.431995,392576,392576,0.000000,"{""user_lock_acquisitions"": 500000}",2026-08-12T05:46:48Z
exp2_scaling,montecarlo,imp_threadlocal,8,measured,28,55,0.015194,392576,392576,0.000000,"{""user_lock_acquisitions"": 0}",2026-08-12T05:46:48Z
exp2_scaling,montecarlo,imp_threadlocal,8,measured,15,56,0.015361,392576,392576,0.000000,"{""user_lock_acquisitions"": 0}",2026-08-12T05:46:48Z
exp2_scaling,montecarlo,fine_lock,8,measured,17,57,0.426795,392576,392576,0.000000,"{""user_lock_acquisitions"": 500000}",2026-08-12T05:46:49Z
exp2_scaling,montecarlo,fine_lock,8,measured,29,58,0.425856,392576,392576,0.000000,"{""user_lock_acquisitions"": 500000}",2026-08-12T05:46:49Z
exp2_scaling,montecarlo,imp_threadlocal,8,measured,1,59,0.015439,392576,392576,0.000000,"{""user_lock_acquisitions"": 0}",2026-08-12T05:46:49Z
exp2_scaling,montecarlo,coarse_lock,8,measured,13,60,0.015094,392576,392576,0.000000,"{""user_lock_acquisitions"": 8}",2026-08-12T05:46:49Z
exp2_scaling,montecarlo,coarse_lock,8,measured,2,61,0.014961,392576,392576,0.000000,"{""user_lock_acquisitions"": 8}",2026-08-12T05:46:49Z
exp2_scaling,montecarlo,no_lock,8,measured,9,62,0.397287,74878,392576,80.926496,"{""user_lock_acquisitions"": 0}",2026-08-12T05:46:50Z
exp2_scaling,montecarlo,coarse_lock,8,measured,24,63,0.015347,392576,392576,0.000000,"{""user_lock_acquisitions"": 8}",2026-08-12T05:46:50Z
exp2_scaling,montecarlo,fp_reduce,8,measured,11,64,0.015336,392576,392576,0.000000,"{""user_lock_acquisitions"": 0}",2026-08-12T05:46:50Z
exp2_scaling,montecarlo,coarse_lock,8,measured,10,65,0.015143,392576,392576,0.000000,"{""user_lock_acquisitions"": 8}",2026-08-12T05:46:50Z
exp2_scaling,montecarlo,coarse_lock,8,measured,9,66,0.015315,392576,392576,0.000000,"{""user_lock_acquisitions"": 8}",2026-08-12T05:46:50Z
exp2_scaling,montecarlo,fine_lock,8,measured,15,67,0.421219,392576,392576,0.000000,"{""user_lock_acquisitions"": 500000}",2026-08-12T05:46:50Z
exp2_scaling,montecarlo,fine_lock,8,measured,10,68,0.426258,392576,392576,0.000000,"{""user_lock_acquisitions"": 500000}",2026-08-12T05:46:50Z
exp2_scaling,montecarlo,coarse_lock,8,measured,0,69,0.015338,392576,392576,0.000000,"{""user_lock_acquisitions"": 8}",2026-08-12T05:46:50Z
exp2_scaling,montecarlo,coarse_lock,8,measured,15,70,0.015194,392576,392576,0.000000,"{""user_lock_acquisitions"": 8}",2026-08-12T05:46:50Z
exp2_scaling,montecarlo,fine_lock,8,measured,2,71,0.423360,392576,392576,0.000000,"{""user_lock_acquisitions"": 500000}",2026-08-12T05:46:51Z
exp2_scaling,montecarlo,no_lock,8,measured,12,72,0.395984,74926,392576,80.914269,"{""user_lock_acquisitions"": 0}",2026-08-12T05:46:51Z
exp2_scaling,montecarlo,fp_reduce,8,measured,28,73,0.015402,392576,392576,0.000000,"{""user_lock_acquisitions"": 0}",2026-08-12T05:46:51Z
exp2_scaling,montecarlo,fp_reduce,8,measured,10,74,0.015060,392576,392576,0.000000,"{""user_lock_acquisitions"": 0}",2026-08-12T05:46:51Z
exp2_scaling,montecarlo,imp_threadlocal,8,measured,18,75,0.014803,392576,392576,0.000000,"{""user_lock_acquisitions"": 0}",2026-08-12T05:46:51Z
exp2_scaling,montecarlo,fp_reduce,8,measured,16,76,0.014801,392576,392576,0.000000,"{""user_lock_acquisitions"": 0}",2026-08-12T05:46:51Z
exp2_scaling,montecarlo,coarse_lock,8,measured,5,77,0.014844,392576,392576,0.000000,"{""user_lock_acquisitions"": 8}",2026-08-12T05:46:51Z
exp2_scaling,montecarlo,imp_threadlocal,8,measured,4,78,0.015175,392576,392576,0.000000,"{""user_lock_acquisitions"": 0}",2026-08-12T05:46:51Z
exp2_scaling,montecarlo,coarse_lock,8,measured,4,79,0.015109,392576,392576,0.000000,"{""user_lock_acquisitions"": 8}",2026-08-12T05:46:51Z
exp2_scaling,montecarlo,fp_reduce,8,measured,18,80,0.014861,392576,392576,0.000000,"{""user_lock_acquisitions"": 0}",2026-08-12T05:46:51Z
exp2_scaling,montecarlo,coarse_lock,8,measured,27,81,0.014953,392576,392576,0.000000,"{""user_lock_acquisitions"": 8}",2026-08-12T05:46:51Z
exp2_scaling,montecarlo,imp_threadlocal,8,measured,24,82,0.015126,392576,392576,0.000000,"{""user_lock_acquisitions"": 0}",2026-08-12T05:46:51Z
exp2_scaling,montecarlo,fp_reduce,8,measured,25,83,0.014772,392576,392576,0.000000,"{""user_lock_acquisitions"": 0}",2026-08-12T05:46:51Z
exp2_scaling,montecarlo,fine_lock,8,measured,4,84,0.429753,392576,392576,0.000000,"{""user_lock_acquisitions"": 500000}",2026-08-12T05:46:52Z
exp2_scaling,montecarlo,imp_threadlocal,8,measured,10,85,0.014956,392576,392576,0.000000,"{""user_lock_acquisitions"": 0}",2026-08-12T05:46:52Z
exp2_scaling,montecarlo,fp_reduce,8,measured,1,86,0.015297,392576,392576,0.000000,"{""user_lock_acquisitions"": 0}",2026-08-12T05:46:52Z
exp2_scaling,montecarlo,no_lock,8,measured,27,87,0.401549,76389,392576,80.541602,"{""user_lock_acquisitions"": 0}",2026-08-12T05:46:52Z
exp2_scaling,montecarlo,no_lock,8,measured,11,88,0.392315,76213,392576,80.586434,"{""user_lock_acquisitions"": 0}",2026-08-12T05:46:53Z
exp2_scaling,montecarlo,imp_threadlocal,8,measured,17,89,0.014995,392576,392576,0.000000,"{""user_lock_acquisitions"": 0}",2026-08-12T05:46:53Z
exp2_scaling,montecarlo,fp_reduce,8,measured,5,90,0.015019,392576,392576,0.000000,"{""user_lock_acquisitions"": 0}",2026-08-12T05:46:53Z
exp2_scaling,montecarlo,fine_lock,8,measured,23,91,0.423511,392576,392576,0.000000,"{""user_lock_acquisitions"": 500000}",2026-08-12T05:46:53Z
exp2_scaling,montecarlo,coarse_lock,8,measured,25,92,0.015444,392576,392576,0.000000,"{""user_lock_acquisitions"": 8}",2026-08-12T05:46:53Z
exp2_scaling,montecarlo,no_lock,8,measured,28,93,0.397051,76090,392576,80.617766,"{""user_lock_acquisitions"": 0}",2026-08-12T05:46:54Z
exp2_scaling,montecarlo,coarse_lock,8,measured,12,94,0.015039,392576,392576,0.000000,"{""user_lock_acquisitions"": 8}",2026-08-12T05:46:54Z
exp2_scaling,montecarlo,fp_reduce,8,measured,15,95,0.015268,392576,392576,0.000000,"{""user_lock_acquisitions"": 0}",2026-08-12T05:46:54Z
exp2_scaling,montecarlo,fp_reduce,8,measured,22,96,0.020269,392576,392576,0.000000,"{""user_lock_acquisitions"": 0}",2026-08-12T05:46:54Z
exp2_scaling,montecarlo,fp_reduce,8,measured,20,97,0.014933,392576,392576,0.000000,"{""user_lock_acquisitions"": 0}",2026-08-12T05:46:54Z
exp2_scaling,montecarlo,fp_reduce,8,measured,7,98,0.015276,392576,392576,0.000000,"{""user_lock_acquisitions"": 0}",2026-08-12T05:46:54Z
exp2_scaling,montecarlo,no_lock,8,measured,1,99,0.384531,75883,392576,80.670494,"{""user_lock_acquisitions"": 0}",2026-08-12T05:46:54Z
exp2_scaling,montecarlo,coarse_lock,8,measured,3,100,0.015472,392576,392576,0.000000,"{""user_lock_acquisitions"": 8}",2026-08-12T05:46:54Z
exp2_scaling,montecarlo,no_lock,8,measured,7,101,0.393343,76561,392576,80.497789,"{""user_lock_acquisitions"": 0}",2026-08-12T05:46:54Z
exp2_scaling,montecarlo,imp_threadlocal,8,measured,8,102,0.015302,392576,392576,0.000000,"{""user_lock_acquisitions"": 0}",2026-08-12T05:46:54Z
exp2_scaling,montecarlo,fine_lock,8,measured,14,103,0.426289,392576,392576,0.000000,"{""user_lock_acquisitions"": 500000}",2026-08-12T05:46:55Z
exp2_scaling,montecarlo,fp_reduce,8,measured,21,104,0.015319,392576,392576,0.000000,"{""user_lock_acquisitions"": 0}",2026-08-12T05:46:55Z
exp2_scaling,montecarlo,coarse_lock,8,measured,11,105,0.014888,392576,392576,0.000000,"{""user_lock_acquisitions"": 8}",2026-08-12T05:46:55Z
exp2_scaling,montecarlo,imp_threadlocal,8,measured,27,106,0.014935,392576,392576,0.000000,"{""user_lock_acquisitions"": 0}",2026-08-12T05:46:55Z
exp2_scaling,montecarlo,no_lock,8,measured,25,107,0.456595,74752,392576,80.958591,"{""user_lock_acquisitions"": 0}",2026-08-12T05:46:55Z
exp2_scaling,montecarlo,no_lock,8,measured,21,108,0.398019,75611,392576,80.739780,"{""user_lock_acquisitions"": 0}",2026-08-12T05:46:56Z
exp2_scaling,montecarlo,coarse_lock,8,measured,19,109,0.015192,392576,392576,0.000000,"{""user_lock_acquisitions"": 8}",2026-08-12T05:46:56Z
exp2_scaling,montecarlo,imp_threadlocal,8,measured,7,110,0.014909,392576,392576,0.000000,"{""user_lock_acquisitions"": 0}",2026-08-12T05:46:56Z
exp2_scaling,montecarlo,imp_threadlocal,8,measured,23,111,0.015141,392576,392576,0.000000,"{""user_lock_acquisitions"": 0}",2026-08-12T05:46:56Z
exp2_scaling,montecarlo,fp_reduce,8,measured,12,112,0.015219,392576,392576,0.000000,"{""user_lock_acquisitions"": 0}",2026-08-12T05:46:56Z
exp2_scaling,montecarlo,imp_threadlocal,8,measured,9,113,0.014710,392576,392576,0.000000,"{""user_lock_acquisitions"": 0}",2026-08-12T05:46:56Z
exp2_scaling,montecarlo,coarse_lock,8,measured,22,114,0.014908,392576,392576,0.000000,"{""user_lock_acquisitions"": 8}",2026-08-12T05:46:56Z
exp2_scaling,montecarlo,coarse_lock,8,measured,26,115,0.014814,392576,392576,0.000000,"{""user_lock_acquisitions"": 8}",2026-08-12T05:46:56Z
exp2_scaling,montecarlo,imp_threadlocal,8,measured,6,116,0.014906,392576,392576,0.000000,"{""user_lock_acquisitions"": 0}",2026-08-12T05:46:56Z
exp2_scaling,montecarlo,imp_threadlocal,8,measured,22,117,0.015061,392576,392576,0.000000,"{""user_lock_acquisitions"": 0}",2026-08-12T05:46:56Z
exp2_scaling,montecarlo,imp_threadlocal,8,measured,21,118,0.014849,392576,392576,0.000000,"{""user_lock_acquisitions"": 0}",2026-08-12T05:46:56Z
exp2_scaling,montecarlo,no_lock,8,measured,22,119,0.388242,76203,392576,80.588981,"{""user_lock_acquisitions"": 0}",2026-08-12T05:46:56Z
exp2_scaling,montecarlo,fine_lock,8,measured,0,120,0.426819,392576,392576,0.000000,"{""user_lock_acquisitions"": 500000}",2026-08-12T05:46:57Z
exp2_scaling,montecarlo,coarse_lock,8,measured,14,121,0.015417,392576,392576,0.000000,"{""user_lock_acquisitions"": 8}",2026-08-12T05:46:57Z
exp2_scaling,montecarlo,fine_lock,8,measured,12,122,0.433162,392576,392576,0.000000,"{""user_lock_acquisitions"": 500000}",2026-08-12T05:46:57Z
exp2_scaling,montecarlo,fp_reduce,8,measured,8,123,0.015425,392576,392576,0.000000,"{""user_lock_acquisitions"": 0}",2026-08-12T05:46:57Z
exp2_scaling,montecarlo,no_lock,8,measured,6,124,0.406531,76108,392576,80.613181,"{""user_lock_acquisitions"": 0}",2026-08-12T05:46:58Z
exp2_scaling,montecarlo,imp_threadlocal,8,measured,12,125,0.015264,392576,392576,0.000000,"{""user_lock_acquisitions"": 0}",2026-08-12T05:46:58Z
exp2_scaling,montecarlo,coarse_lock,8,measured,7,126,0.015294,392576,392576,0.000000,"{""user_lock_acquisitions"": 8}",2026-08-12T05:46:58Z
exp2_scaling,montecarlo,fp_reduce,8,measured,0,127,0.015224,392576,392576,0.000000,"{""user_lock_acquisitions"": 0}",2026-08-12T05:46:58Z
exp2_scaling,montecarlo,no_lock,8,measured,26,128,0.391370,76952,392576,80.398190,"{""user_lock_acquisitions"": 0}",2026-08-12T05:46:58Z
exp2_scaling,montecarlo,fine_lock,8,measured,20,129,0.435428,392576,392576,0.000000,"{""user_lock_acquisitions"": 500000}",2026-08-12T05:46:58Z
exp2_scaling,montecarlo,fp_reduce,8,measured,24,130,0.015286,392576,392576,0.000000,"{""user_lock_acquisitions"": 0}",2026-08-12T05:46:59Z
exp2_scaling,montecarlo,no_lock,8,measured,13,131,0.406490,77625,392576,80.226759,"{""user_lock_acquisitions"": 0}",2026-08-12T05:46:59Z
exp2_scaling,montecarlo,fp_reduce,8,measured,19,132,0.015481,392576,392576,0.000000,"{""user_lock_acquisitions"": 0}",2026-08-12T05:46:59Z
exp2_scaling,montecarlo,fp_reduce,8,measured,26,133,0.015299,392576,392576,0.000000,"{""user_lock_acquisitions"": 0}",2026-08-12T05:46:59Z
exp2_scaling,montecarlo,fine_lock,8,measured,21,134,0.433691,392576,392576,0.000000,"{""user_lock_acquisitions"": 500000}",2026-08-12T05:46:59Z
exp2_scaling,montecarlo,fp_reduce,8,measured,14,135,0.015494,392576,392576,0.000000,"{""user_lock_acquisitions"": 0}",2026-08-12T05:46:59Z
exp2_scaling,montecarlo,fine_lock,8,measured,6,136,0.425785,392576,392576,0.000000,"{""user_lock_acquisitions"": 500000}",2026-08-12T05:47:00Z
exp2_scaling,montecarlo,coarse_lock,8,measured,23,137,0.015453,392576,392576,0.000000,"{""user_lock_acquisitions"": 8}",2026-08-12T05:47:00Z
exp2_scaling,montecarlo,coarse_lock,8,measured,6,138,0.015529,392576,392576,0.000000,"{""user_lock_acquisitions"": 8}",2026-08-12T05:47:00Z
exp2_scaling,montecarlo,no_lock,8,measured,23,139,0.409402,75231,392576,80.836577,"{""user_lock_acquisitions"": 0}",2026-08-12T05:47:00Z
exp2_scaling,montecarlo,fine_lock,8,measured,3,140,0.431531,392576,392576,0.000000,"{""user_lock_acquisitions"": 500000}",2026-08-12T05:47:01Z
exp2_scaling,montecarlo,fp_reduce,8,measured,4,141,0.015382,392576,392576,0.000000,"{""user_lock_acquisitions"": 0}",2026-08-12T05:47:01Z
exp2_scaling,montecarlo,no_lock,8,measured,3,142,0.402633,76453,392576,80.525300,"{""user_lock_acquisitions"": 0}",2026-08-12T05:47:01Z
exp2_scaling,montecarlo,fine_lock,8,measured,16,143,0.418976,392576,392576,0.000000,"{""user_lock_acquisitions"": 500000}",2026-08-12T05:47:02Z
exp2_scaling,montecarlo,imp_threadlocal,8,measured,29,144,0.015525,392576,392576,0.000000,"{""user_lock_acquisitions"": 0}",2026-08-12T05:47:02Z
exp2_scaling,montecarlo,fp_reduce,8,measured,3,145,0.014973,392576,392576,0.000000,"{""user_lock_acquisitions"": 0}",2026-08-12T05:47:02Z
exp2_scaling,montecarlo,no_lock,8,measured,4,146,0.398827,77445,392576,80.272610,"{""user_lock_acquisitions"": 0}",2026-08-12T05:47:02Z
exp2_scaling,montecarlo,coarse_lock,8,measured,21,147,0.015341,392576,392576,0.000000,"{""user_lock_acquisitions"": 8}",2026-08-12T05:47:02Z
exp2_scaling,montecarlo,fine_lock,8,measured,24,148,0.408369,392576,392576,0.000000,"{""user_lock_acquisitions"": 500000}",2026-08-12T05:47:02Z
exp2_scaling,montecarlo,no_lock,8,measured,24,149,0.412244,75992,392576,80.642729,"{""user_lock_acquisitions"": 0}",2026-08-12T05:47:03Z
exp2_scaling,montecarlo,coarse_lock,8,measured,28,150,0.015460,392576,392576,0.000000,"{""user_lock_acquisitions"": 8}",2026-08-12T05:47:03Z
exp2_scaling,montecarlo,no_lock,8,measured,15,151,0.396754,77418,392576,80.279487,"{""user_lock_acquisitions"": 0}",2026-08-12T05:47:03Z
exp2_scaling,montecarlo,no_lock,8,measured,2,152,0.392274,76140,392576,80.605029,"{""user_lock_acquisitions"": 0}",2026-08-12T05:47:04Z
exp2_scaling,montecarlo,coarse_lock,8,measured,8,153,0.015447,392576,392576,0.000000,"{""user_lock_acquisitions"": 8}",2026-08-12T05:47:04Z
exp2_scaling,montecarlo,fine_lock,8,measured,13,154,0.432628,392576,392576,0.000000,"{""user_lock_acquisitions"": 500000}",2026-08-12T05:47:04Z
exp2_scaling,montecarlo,imp_threadlocal,8,measured,14,155,0.015214,392576,392576,0.000000,"{""user_lock_acquisitions"": 0}",2026-08-12T05:47:04Z
exp2_scaling,montecarlo,no_lock,8,measured,17,156,0.399653,74839,392576,80.936430,"{""user_lock_acquisitions"": 0}",2026-08-12T05:47:04Z
exp2_scaling,montecarlo,coarse_lock,8,measured,18,157,0.015076,392576,392576,0.000000,"{""user_lock_acquisitions"": 8}",2026-08-12T05:47:04Z
exp2_scaling,montecarlo,coarse_lock,8,measured,16,158,0.014975,392576,392576,0.000000,"{""user_lock_acquisitions"": 8}",2026-08-12T05:47:04Z
exp2_scaling,montecarlo,imp_threadlocal,8,measured,20,159,0.014949,392576,392576,0.000000,"{""user_lock_acquisitions"": 0}",2026-08-12T05:47:05Z
exp2_scaling,montecarlo,fp_reduce,8,measured,27,160,0.015239,392576,392576,0.000000,"{""user_lock_acquisitions"": 0}",2026-08-12T05:47:05Z
exp2_scaling,montecarlo,no_lock,8,measured,5,161,0.390589,76604,392576,80.486836,"{""user_lock_acquisitions"": 0}",2026-08-12T05:47:05Z
exp2_scaling,montecarlo,fp_reduce,8,measured,17,162,0.015327,392576,392576,0.000000,"{""user_lock_acquisitions"": 0}",2026-08-12T05:47:05Z
exp2_scaling,montecarlo,fine_lock,8,measured,11,163,0.425988,392576,392576,0.000000,"{""user_lock_acquisitions"": 500000}",2026-08-12T05:47:05Z
exp2_scaling,montecarlo,imp_threadlocal,8,measured,3,164,0.015356,392576,392576,0.000000,"{""user_lock_acquisitions"": 0}",2026-08-12T05:47:05Z
exp2_scaling,montecarlo,fine_lock,10,warmup,2,0,0.707689,392947,392947,0.000000,"{""user_lock_acquisitions"": 500000}",2026-08-12T05:47:06Z
exp2_scaling,montecarlo,imp_threadlocal,10,warmup,0,1,0.014153,392947,392947,0.000000,"{""user_lock_acquisitions"": 0}",2026-08-12T05:47:06Z
exp2_scaling,montecarlo,no_lock,10,warmup,1,2,0.515362,65365,392947,83.365441,"{""user_lock_acquisitions"": 0}",2026-08-12T05:47:07Z
exp2_scaling,montecarlo,coarse_lock,10,warmup,2,3,0.012799,392947,392947,0.000000,"{""user_lock_acquisitions"": 10}",2026-08-12T05:47:07Z
exp2_scaling,montecarlo,fine_lock,10,warmup,0,4,0.581507,392947,392947,0.000000,"{""user_lock_acquisitions"": 500000}",2026-08-12T05:47:07Z
exp2_scaling,montecarlo,fp_reduce,10,warmup,0,5,0.012833,392947,392947,0.000000,"{""user_lock_acquisitions"": 0}",2026-08-12T05:47:07Z
exp2_scaling,montecarlo,fp_reduce,10,warmup,1,6,0.012582,392947,392947,0.000000,"{""user_lock_acquisitions"": 0}",2026-08-12T05:47:07Z
exp2_scaling,montecarlo,coarse_lock,10,warmup,0,7,0.012848,392947,392947,0.000000,"{""user_lock_acquisitions"": 10}",2026-08-12T05:47:07Z
exp2_scaling,montecarlo,fine_lock,10,warmup,1,8,0.607684,392947,392947,0.000000,"{""user_lock_acquisitions"": 500000}",2026-08-12T05:47:08Z
exp2_scaling,montecarlo,imp_threadlocal,10,warmup,2,9,0.012615,392947,392947,0.000000,"{""user_lock_acquisitions"": 0}",2026-08-12T05:47:08Z
exp2_scaling,montecarlo,fp_reduce,10,warmup,2,10,0.012391,392947,392947,0.000000,"{""user_lock_acquisitions"": 0}",2026-08-12T05:47:08Z
exp2_scaling,montecarlo,coarse_lock,10,warmup,1,11,0.012456,392947,392947,0.000000,"{""user_lock_acquisitions"": 10}",2026-08-12T05:47:08Z
exp2_scaling,montecarlo,imp_threadlocal,10,warmup,1,12,0.012551,392947,392947,0.000000,"{""user_lock_acquisitions"": 0}",2026-08-12T05:47:08Z
exp2_scaling,montecarlo,no_lock,10,warmup,0,13,0.540730,64353,392947,83.622982,"{""user_lock_acquisitions"": 0}",2026-08-12T05:47:08Z
exp2_scaling,montecarlo,no_lock,10,warmup,2,14,0.537176,65299,392947,83.382237,"{""user_lock_acquisitions"": 0}",2026-08-12T05:47:09Z
exp2_scaling,montecarlo,no_lock,10,measured,27,15,0.545476,63992,392947,83.714852,"{""user_lock_acquisitions"": 0}",2026-08-12T05:47:10Z
exp2_scaling,montecarlo,coarse_lock,10,measured,2,16,0.012818,392947,392947,0.000000,"{""user_lock_acquisitions"": 10}",2026-08-12T05:47:10Z
exp2_scaling,montecarlo,coarse_lock,10,measured,3,17,0.012893,392947,392947,0.000000,"{""user_lock_acquisitions"": 10}",2026-08-12T05:47:10Z
exp2_scaling,montecarlo,coarse_lock,10,measured,25,18,0.012739,392947,392947,0.000000,"{""user_lock_acquisitions"": 10}",2026-08-12T05:47:10Z
exp2_scaling,montecarlo,no_lock,10,measured,29,19,0.530807,63314,392947,83.887394,"{""user_lock_acquisitions"": 0}",2026-08-12T05:47:10Z
exp2_scaling,montecarlo,fine_lock,10,measured,3,20,0.590866,392947,392947,0.000000,"{""user_lock_acquisitions"": 500000}",2026-08-12T05:47:11Z
exp2_scaling,montecarlo,imp_threadlocal,10,measured,28,21,0.012583,392947,392947,0.000000,"{""user_lock_acquisitions"": 0}",2026-08-12T05:47:11Z
exp2_scaling,montecarlo,fp_reduce,10,measured,5,22,0.012633,392947,392947,0.000000,"{""user_lock_acquisitions"": 0}",2026-08-12T05:47:11Z
exp2_scaling,montecarlo,no_lock,10,measured,10,23,0.538289,63307,392947,83.889176,"{""user_lock_acquisitions"": 0}",2026-08-12T05:47:11Z
exp2_scaling,montecarlo,imp_threadlocal,10,measured,8,24,0.013173,392947,392947,0.000000,"{""user_lock_acquisitions"": 0}",2026-08-12T05:47:11Z
exp2_scaling,montecarlo,coarse_lock,10,measured,26,25,0.013288,392947,392947,0.000000,"{""user_lock_acquisitions"": 10}",2026-08-12T05:47:11Z
exp2_scaling,montecarlo,imp_threadlocal,10,measured,3,26,0.013037,392947,392947,0.000000,"{""user_lock_acquisitions"": 0}",2026-08-12T05:47:11Z
exp2_scaling,montecarlo,fine_lock,10,measured,25,27,0.593502,392947,392947,0.000000,"{""user_lock_acquisitions"": 500000}",2026-08-12T05:47:12Z
exp2_scaling,montecarlo,no_lock,10,measured,3,28,0.527251,64796,392947,83.510244,"{""user_lock_acquisitions"": 0}",2026-08-12T05:47:12Z
exp2_scaling,montecarlo,fp_reduce,10,measured,9,29,0.012800,392947,392947,0.000000,"{""user_lock_acquisitions"": 0}",2026-08-12T05:47:12Z
exp2_scaling,montecarlo,coarse_lock,10,measured,27,30,0.012461,392947,392947,0.000000,"{""user_lock_acquisitions"": 10}",2026-08-12T05:47:12Z
exp2_scaling,montecarlo,fine_lock,10,measured,12,31,0.591988,392947,392947,0.000000,"{""user_lock_acquisitions"": 500000}",2026-08-12T05:47:13Z
exp2_scaling,montecarlo,fp_reduce,10,measured,22,32,0.012886,392947,392947,0.000000,"{""user_lock_acquisitions"": 0}",2026-08-12T05:47:13Z
exp2_scaling,montecarlo,coarse_lock,10,measured,14,33,0.012356,392947,392947,0.000000,"{""user_lock_acquisitions"": 10}",2026-08-12T05:47:13Z
exp2_scaling,montecarlo,no_lock,10,measured,23,34,0.536838,64492,392947,83.587609,"{""user_lock_acquisitions"": 0}",2026-08-12T05:47:14Z
exp2_scaling,montecarlo,fine_lock,10,measured,19,35,0.589085,392947,392947,0.000000,"{""user_lock_acquisitions"": 500000}",2026-08-12T05:47:14Z
exp2_scaling,montecarlo,coarse_lock,10,measured,24,36,0.012826,392947,392947,0.000000,"{""user_lock_acquisitions"": 10}",2026-08-12T05:47:14Z
exp2_scaling,montecarlo,no_lock,10,measured,12,37,0.528228,64001,392947,83.712562,"{""user_lock_acquisitions"": 0}",2026-08-12T05:47:15Z
exp2_scaling,montecarlo,no_lock,10,measured,16,38,0.525975,64091,392947,83.689658,"{""user_lock_acquisitions"": 0}",2026-08-12T05:47:15Z
exp2_scaling,montecarlo,fp_reduce,10,measured,23,39,0.012897,392947,392947,0.000000,"{""user_lock_acquisitions"": 0}",2026-08-12T05:47:15Z
exp2_scaling,montecarlo,imp_threadlocal,10,measured,15,40,0.012503,392947,392947,0.000000,"{""user_lock_acquisitions"": 0}",2026-08-12T05:47:15Z
exp2_scaling,montecarlo,fp_reduce,10,measured,21,41,0.012908,392947,392947,0.000000,"{""user_lock_acquisitions"": 0}",2026-08-12T05:47:15Z
exp2_scaling,montecarlo,fp_reduce,10,measured,24,42,0.012430,392947,392947,0.000000,"{""user_lock_acquisitions"": 0}",2026-08-12T05:47:15Z
exp2_scaling,montecarlo,imp_threadlocal,10,measured,17,43,0.012602,392947,392947,0.000000,"{""user_lock_acquisitions"": 0}",2026-08-12T05:47:15Z
exp2_scaling,montecarlo,fp_reduce,10,measured,29,44,0.012550,392947,392947,0.000000,"{""user_lock_acquisitions"": 0}",2026-08-12T05:47:15Z
exp2_scaling,montecarlo,no_lock,10,measured,6,45,0.550011,63422,392947,83.859910,"{""user_lock_acquisitions"": 0}",2026-08-12T05:47:16Z
exp2_scaling,montecarlo,no_lock,10,measured,18,46,0.527113,64779,392947,83.514571,"{""user_lock_acquisitions"": 0}",2026-08-12T05:47:16Z
exp2_scaling,montecarlo,fp_reduce,10,measured,4,47,0.012906,392947,392947,0.000000,"{""user_lock_acquisitions"": 0}",2026-08-12T05:47:16Z
exp2_scaling,montecarlo,fp_reduce,10,measured,7,48,0.012782,392947,392947,0.000000,"{""user_lock_acquisitions"": 0}",2026-08-12T05:47:16Z
exp2_scaling,montecarlo,no_lock,10,measured,13,49,0.532540,65861,392947,83.239215,"{""user_lock_acquisitions"": 0}",2026-08-12T05:47:17Z
exp2_scaling,montecarlo,imp_threadlocal,10,measured,7,50,0.012823,392947,392947,0.000000,"{""user_lock_acquisitions"": 0}",2026-08-12T05:47:17Z
exp2_scaling,montecarlo,fine_lock,10,measured,10,51,0.591296,392947,392947,0.000000,"{""user_lock_acquisitions"": 500000}",2026-08-12T05:47:18Z
exp2_scaling,montecarlo,coarse_lock,10,measured,15,52,0.012652,392947,392947,0.000000,"{""user_lock_acquisitions"": 10}",2026-08-12T05:47:18Z
exp2_scaling,montecarlo,fine_lock,10,measured,16,53,0.601145,392947,392947,0.000000,"{""user_lock_acquisitions"": 500000}",2026-08-12T05:47:18Z
exp2_scaling,montecarlo,no_lock,10,measured,21,54,0.538204,63484,392947,83.844132,"{""user_lock_acquisitions"": 0}",2026-08-12T05:47:19Z
exp2_scaling,montecarlo,no_lock,10,measured,14,55,0.538604,63497,392947,83.840823,"{""user_lock_acquisitions"": 0}",2026-08-12T05:47:19Z
exp2_scaling,montecarlo,no_lock,10,measured,11,56,0.519737,64763,392947,83.518642,"{""user_lock_acquisitions"": 0}",2026-08-12T05:47:20Z
exp2_scaling,montecarlo,fine_lock,10,measured,27,57,0.585696,392947,392947,0.000000,"{""user_lock_acquisitions"": 500000}",2026-08-12T05:47:20Z
exp2_scaling,montecarlo,coarse_lock,10,measured,17,58,0.013045,392947,392947,0.000000,"{""user_lock_acquisitions"": 10}",2026-08-12T05:47:20Z
exp2_scaling,montecarlo,fine_lock,10,measured,22,59,0.598172,392947,392947,0.000000,"{""user_lock_acquisitions"": 500000}",2026-08-12T05:47:21Z
exp2_scaling,montecarlo,fine_lock,10,measured,21,60,0.593285,392947,392947,0.000000,"{""user_lock_acquisitions"": 500000}",2026-08-12T05:47:22Z
exp2_scaling,montecarlo,imp_threadlocal,10,measured,29,61,0.012761,392947,392947,0.000000,"{""user_lock_acquisitions"": 0}",2026-08-12T05:47:22Z
exp2_scaling,montecarlo,no_lock,10,measured,28,62,0.548825,63331,392947,83.883068,"{""user_lock_acquisitions"": 0}",2026-08-12T05:47:22Z
exp2_scaling,montecarlo,fp_reduce,10,measured,2,63,0.012977,392947,392947,0.000000,"{""user_lock_acquisitions"": 0}",2026-08-12T05:47:22Z
exp2_scaling,montecarlo,imp_threadlocal,10,measured,10,64,0.012460,392947,392947,0.000000,"{""user_lock_acquisitions"": 0}",2026-08-12T05:47:22Z
exp2_scaling,montecarlo,fp_reduce,10,measured,18,65,0.012702,392947,392947,0.000000,"{""user_lock_acquisitions"": 0}",2026-08-12T05:47:22Z
exp2_scaling,montecarlo,imp_threadlocal,10,measured,6,66,0.012366,392947,392947,0.000000,"{""user_lock_acquisitions"": 0}",2026-08-12T05:47:22Z
exp2_scaling,montecarlo,imp_threadlocal,10,measured,19,67,0.012349,392947,392947,0.000000,"{""user_lock_acquisitions"": 0}",2026-08-12T05:47:22Z
exp2_scaling,montecarlo,no_lock,10,measured,8,68,0.533231,63655,392947,83.800614,"{""user_lock_acquisitions"": 0}",2026-08-12T05:47:23Z
exp2_scaling,montecarlo,coarse_lock,10,measured,12,69,0.012624,392947,392947,0.000000,"{""user_lock_acquisitions"": 10}",2026-08-12T05:47:23Z
exp2_scaling,montecarlo,no_lock,10,measured,15,70,0.529558,64151,392947,83.674389,"{""user_lock_acquisitions"": 0}",2026-08-12T05:47:23Z
exp2_scaling,montecarlo,coarse_lock,10,measured,0,71,0.012825,392947,392947,0.000000,"{""user_lock_acquisitions"": 10}",2026-08-12T05:47:23Z
exp2_scaling,montecarlo,coarse_lock,10,measured,23,72,0.012489,392947,392947,0.000000,"{""user_lock_acquisitions"": 10}",2026-08-12T05:47:23Z
exp2_scaling,montecarlo,fine_lock,10,measured,5,73,0.590164,392947,392947,0.000000,"{""user_lock_acquisitions"": 500000}",2026-08-12T05:47:24Z
exp2_scaling,montecarlo,fp_reduce,10,measured,13,74,0.012704,392947,392947,0.000000,"{""user_lock_acquisitions"": 0}",2026-08-12T05:47:24Z
exp2_scaling,montecarlo,fine_lock,10,measured,1,75,0.596782,392947,392947,0.000000,"{""user_lock_acquisitions"": 500000}",2026-08-12T05:47:24Z
exp2_scaling,montecarlo,fine_lock,10,measured,4,76,0.598778,392947,392947,0.000000,"{""user_lock_acquisitions"": 500000}",2026-08-12T05:47:25Z
exp2_scaling,montecarlo,coarse_lock,10,measured,5,77,0.012675,392947,392947,0.000000,"{""user_lock_acquisitions"": 10}",2026-08-12T05:47:25Z
exp2_scaling,montecarlo,imp_threadlocal,10,measured,18,78,0.012545,392947,392947,0.000000,"{""user_lock_acquisitions"": 0}",2026-08-12T05:47:25Z
exp2_scaling,montecarlo,fine_lock,10,measured,6,79,0.583683,392947,392947,0.000000,"{""user_lock_acquisitions"": 500000}",2026-08-12T05:47:26Z
exp2_scaling,montecarlo,fp_reduce,10,measured,14,80,0.012739,392947,392947,0.000000,"{""user_lock_acquisitions"": 0}",2026-08-12T05:47:26Z
exp2_scaling,montecarlo,no_lock,10,measured,25,81,0.520016,65030,392947,83.450694,"{""user_lock_acquisitions"": 0}",2026-08-12T05:47:26Z
exp2_scaling,montecarlo,no_lock,10,measured,4,82,0.544122,63759,392947,83.774148,"{""user_lock_acquisitions"": 0}",2026-08-12T05:47:27Z
exp2_scaling,montecarlo,imp_threadlocal,10,measured,12,83,0.012777,392947,392947,0.000000,"{""user_lock_acquisitions"": 0}",2026-08-12T05:47:27Z
exp2_scaling,montecarlo,imp_threadlocal,10,measured,26,84,0.012837,392947,392947,0.000000,"{""user_lock_acquisitions"": 0}",2026-08-12T05:47:27Z
exp2_scaling,montecarlo,imp_threadlocal,10,measured,9,85,0.012988,392947,392947,0.000000,"{""user_lock_acquisitions"": 0}",2026-08-12T05:47:27Z
exp2_scaling,montecarlo,fine_lock,10,measured,28,86,0.586458,392947,392947,0.000000,"{""user_lock_acquisitions"": 500000}",2026-08-12T05:47:27Z
exp2_scaling,montecarlo,coarse_lock,10,measured,18,87,0.012701,392947,392947,0.000000,"{""user_lock_acquisitions"": 10}",2026-08-12T05:47:27Z
exp2_scaling,montecarlo,fine_lock,10,measured,24,88,0.600487,392947,392947,0.000000,"{""user_lock_acquisitions"": 500000}",2026-08-12T05:47:28Z
exp2_scaling,montecarlo,imp_threadlocal,10,measured,11,89,0.012609,392947,392947,0.000000,"{""user_lock_acquisitions"": 0}",2026-08-12T05:47:28Z
exp2_scaling,montecarlo,fine_lock,10,measured,7,90,0.601484,392947,392947,0.000000,"{""user_lock_acquisitions"": 500000}",2026-08-12T05:47:29Z
exp2_scaling,montecarlo,fine_lock,10,measured,8,91,0.593344,392947,392947,0.000000,"{""user_lock_acquisitions"": 500000}",2026-08-12T05:47:29Z
exp2_scaling,montecarlo,imp_threadlocal,10,measured,4,92,0.012985,392947,392947,0.000000,"{""user_lock_acquisitions"": 0}",2026-08-12T05:47:29Z
exp2_scaling,montecarlo,fp_reduce,10,measured,11,93,0.012445,392947,392947,0.000000,"{""user_lock_acquisitions"": 0}",2026-08-12T05:47:29Z
exp2_scaling,montecarlo,coarse_lock,10,measured,29,94,0.012326,392947,392947,0.000000,"{""user_lock_acquisitions"": 10}",2026-08-12T05:47:29Z
exp2_scaling,montecarlo,fp_reduce,10,measured,17,95,0.012549,392947,392947,0.000000,"{""user_lock_acquisitions"": 0}",2026-08-12T05:47:29Z
exp2_scaling,montecarlo,fine_lock,10,measured,14,96,0.592284,392947,392947,0.000000,"{""user_lock_acquisitions"": 500000}",2026-08-12T05:47:30Z
exp2_scaling,montecarlo,coarse_lock,10,measured,4,97,0.012682,392947,392947,0.000000,"{""user_lock_acquisitions"": 10}",2026-08-12T05:47:30Z
exp2_scaling,montecarlo,coarse_lock,10,measured,7,98,0.012365,392947,392947,0.000000,"{""user_lock_acquisitions"": 10}",2026-08-12T05:47:30Z
exp2_scaling,montecarlo,coarse_lock,10,measured,20,99,0.012321,392947,392947,0.000000,"{""user_lock_acquisitions"": 10}",2026-08-12T05:47:30Z
exp2_scaling,montecarlo,fp_reduce,10,measured,0,100,0.012508,392947,392947,0.000000,"{""user_lock_acquisitions"": 0}",2026-08-12T05:47:30Z
exp2_scaling,montecarlo,fp_reduce,10,measured,25,101,0.012452,392947,392947,0.000000,"{""user_lock_acquisitions"": 0}",2026-08-12T05:47:30Z
exp2_scaling,montecarlo,fp_reduce,10,measured,20,102,0.012348,392947,392947,0.000000,"{""user_lock_acquisitions"": 0}",2026-08-12T05:47:30Z
exp2_scaling,montecarlo,coarse_lock,10,measured,13,103,0.012265,392947,392947,0.000000,"{""user_lock_acquisitions"": 10}",2026-08-12T05:47:30Z
exp2_scaling,montecarlo,fine_lock,10,measured,18,104,0.589748,392947,392947,0.000000,"{""user_lock_acquisitions"": 500000}",2026-08-12T05:47:31Z
exp2_scaling,montecarlo,coarse_lock,10,measured,11,105,0.012839,392947,392947,0.000000,"{""user_lock_acquisitions"": 10}",2026-08-12T05:47:31Z
exp2_scaling,montecarlo,imp_threadlocal,10,measured,5,106,0.012337,392947,392947,0.000000,"{""user_lock_acquisitions"": 0}",2026-08-12T05:47:31Z
exp2_scaling,montecarlo,fp_reduce,10,measured,8,107,0.012338,392947,392947,0.000000,"{""user_lock_acquisitions"": 0}",2026-08-12T05:47:31Z
exp2_scaling,montecarlo,fp_reduce,10,measured,27,108,0.012353,392947,392947,0.000000,"{""user_lock_acquisitions"": 0}",2026-08-12T05:47:31Z
exp2_scaling,montecarlo,no_lock,10,measured,7,109,0.536548,63977,392947,83.718669,"{""user_lock_acquisitions"": 0}",2026-08-12T05:47:31Z
exp2_scaling,montecarlo,coarse_lock,10,measured,8,110,0.012702,392947,392947,0.000000,"{""user_lock_acquisitions"": 10}",2026-08-12T05:47:31Z
exp2_scaling,montecarlo,fp_reduce,10,measured,12,111,0.012463,392947,392947,0.000000,"{""user_lock_acquisitions"": 0}",2026-08-12T05:47:31Z
exp2_scaling,montecarlo,imp_threadlocal,10,measured,20,112,0.012604,392947,392947,0.000000,"{""user_lock_acquisitions"": 0}",2026-08-12T05:47:31Z
exp2_scaling,montecarlo,coarse_lock,10,measured,6,113,0.012845,392947,392947,0.000000,"{""user_lock_acquisitions"": 10}",2026-08-12T05:47:31Z
exp2_scaling,montecarlo,fine_lock,10,measured,29,114,0.604078,392947,392947,0.000000,"{""user_lock_acquisitions"": 500000}",2026-08-12T05:47:32Z
exp2_scaling,montecarlo,coarse_lock,10,measured,22,115,0.013024,392947,392947,0.000000,"{""user_lock_acquisitions"": 10}",2026-08-12T05:47:32Z
exp2_scaling,montecarlo,fine_lock,10,measured,2,116,0.584168,392947,392947,0.000000,"{""user_lock_acquisitions"": 500000}",2026-08-12T05:47:32Z
exp2_scaling,montecarlo,no_lock,10,measured,2,117,0.534896,64169,392947,83.669808,"{""user_lock_acquisitions"": 0}",2026-08-12T05:47:33Z
exp2_scaling,montecarlo,no_lock,10,measured,20,118,0.542908,64946,392947,83.472071,"{""user_lock_acquisitions"": 0}",2026-08-12T05:47:33Z
exp2_scaling,montecarlo,no_lock,10,measured,9,119,0.541338,65174,392947,83.414048,"{""user_lock_acquisitions"": 0}",2026-08-12T05:47:34Z
exp2_scaling,montecarlo,coarse_lock,10,measured,10,120,0.012725,392947,392947,0.000000,"{""user_lock_acquisitions"": 10}",2026-08-12T05:47:34Z
exp2_scaling,montecarlo,no_lock,10,measured,22,121,0.534515,63974,392947,83.719433,"{""user_lock_acquisitions"": 0}",2026-08-12T05:47:35Z
exp2_scaling,montecarlo,fp_reduce,10,measured,26,122,0.012653,392947,392947,0.000000,"{""user_lock_acquisitions"": 0}",2026-08-12T05:47:35Z
exp2_scaling,montecarlo,imp_threadlocal,10,measured,27,123,0.012302,392947,392947,0.000000,"{""user_lock_acquisitions"": 0}",2026-08-12T05:47:35Z
exp2_scaling,montecarlo,no_lock,10,measured,0,124,0.522532,64756,392947,83.520424,"{""user_lock_acquisitions"": 0}",2026-08-12T05:47:35Z
exp2_scaling,montecarlo,fp_reduce,10,measured,6,125,0.012873,392947,392947,0.000000,"{""user_lock_acquisitions"": 0}",2026-08-12T05:47:35Z
exp2_scaling,montecarlo,imp_threadlocal,10,measured,16,126,0.012867,392947,392947,0.000000,"{""user_lock_acquisitions"": 0}",2026-08-12T05:47:35Z
exp2_scaling,montecarlo,imp_threadlocal,10,measured,13,127,0.012545,392947,392947,0.000000,"{""user_lock_acquisitions"": 0}",2026-08-12T05:47:35Z
exp2_scaling,montecarlo,no_lock,10,measured,24,128,0.525867,64493,392947,83.587354,"{""user_lock_acquisitions"": 0}",2026-08-12T05:47:36Z
exp2_scaling,montecarlo,fine_lock,10,measured,11,129,0.587776,392947,392947,0.000000,"{""user_lock_acquisitions"": 500000}",2026-08-12T05:47:36Z
exp2_scaling,montecarlo,no_lock,10,measured,5,130,0.516843,62555,392947,84.080550,"{""user_lock_acquisitions"": 0}",2026-08-12T05:47:37Z
exp2_scaling,montecarlo,imp_threadlocal,10,measured,14,131,0.012664,392947,392947,0.000000,"{""user_lock_acquisitions"": 0}",2026-08-12T05:47:37Z
exp2_scaling,montecarlo,fine_lock,10,measured,26,132,0.591549,392947,392947,0.000000,"{""user_lock_acquisitions"": 500000}",2026-08-12T05:47:37Z
exp2_scaling,montecarlo,coarse_lock,10,measured,28,133,0.013008,392947,392947,0.000000,"{""user_lock_acquisitions"": 10}",2026-08-12T05:47:37Z
exp2_scaling,montecarlo,imp_threadlocal,10,measured,25,134,0.012617,392947,392947,0.000000,"{""user_lock_acquisitions"": 0}",2026-08-12T05:47:37Z
exp2_scaling,montecarlo,fine_lock,10,measured,23,135,0.597648,392947,392947,0.000000,"{""user_lock_acquisitions"": 500000}",2026-08-12T05:47:38Z
exp2_scaling,montecarlo,no_lock,10,measured,17,136,0.537045,63602,392947,83.814102,"{""user_lock_acquisitions"": 0}",2026-08-12T05:47:39Z
exp2_scaling,montecarlo,imp_threadlocal,10,measured,22,137,0.012758,392947,392947,0.000000,"{""user_lock_acquisitions"": 0}",2026-08-12T05:47:39Z
exp2_scaling,montecarlo,fp_reduce,10,measured,3,138,0.012627,392947,392947,0.000000,"{""user_lock_acquisitions"": 0}",2026-08-12T05:47:39Z
exp2_scaling,montecarlo,coarse_lock,10,measured,16,139,0.012457,392947,392947,0.000000,"{""user_lock_acquisitions"": 10}",2026-08-12T05:47:39Z
exp2_scaling,montecarlo,fine_lock,10,measured,9,140,0.589935,392947,392947,0.000000,"{""user_lock_acquisitions"": 500000}",2026-08-12T05:47:39Z
exp2_scaling,montecarlo,coarse_lock,10,measured,1,141,0.012717,392947,392947,0.000000,"{""user_lock_acquisitions"": 10}",2026-08-12T05:47:39Z
exp2_scaling,montecarlo,imp_threadlocal,10,measured,24,142,0.013032,392947,392947,0.000000,"{""user_lock_acquisitions"": 0}",2026-08-12T05:47:39Z
exp2_scaling,montecarlo,fine_lock,10,measured,0,143,0.580964,392947,392947,0.000000,"{""user_lock_acquisitions"": 500000}",2026-08-12T05:47:40Z
exp2_scaling,montecarlo,coarse_lock,10,measured,21,144,0.012871,392947,392947,0.000000,"{""user_lock_acquisitions"": 10}",2026-08-12T05:47:40Z
exp2_scaling,montecarlo,no_lock,10,measured,1,145,0.532626,64426,392947,83.604405,"{""user_lock_acquisitions"": 0}",2026-08-12T05:47:40Z
exp2_scaling,montecarlo,coarse_lock,10,measured,9,146,0.012835,392947,392947,0.000000,"{""user_lock_acquisitions"": 10}",2026-08-12T05:47:40Z
exp2_scaling,montecarlo,fine_lock,10,measured,13,147,0.583090,392947,392947,0.000000,"{""user_lock_acquisitions"": 500000}",2026-08-12T05:47:41Z
exp2_scaling,montecarlo,fp_reduce,10,measured,16,148,0.012744,392947,392947,0.000000,"{""user_lock_acquisitions"": 0}",2026-08-12T05:47:41Z
exp2_scaling,montecarlo,no_lock,10,measured,19,149,0.523808,63341,392947,83.880523,"{""user_lock_acquisitions"": 0}",2026-08-12T05:47:41Z
exp2_scaling,montecarlo,imp_threadlocal,10,measured,2,150,0.012670,392947,392947,0.000000,"{""user_lock_acquisitions"": 0}",2026-08-12T05:47:41Z
exp2_scaling,montecarlo,fine_lock,10,measured,15,151,0.596975,392947,392947,0.000000,"{""user_lock_acquisitions"": 500000}",2026-08-12T05:47:42Z
exp2_scaling,montecarlo,fp_reduce,10,measured,19,152,0.012789,392947,392947,0.000000,"{""user_lock_acquisitions"": 0}",2026-08-12T05:47:42Z
exp2_scaling,montecarlo,imp_threadlocal,10,measured,0,153,0.012682,392947,392947,0.000000,"{""user_lock_acquisitions"": 0}",2026-08-12T05:47:42Z
exp2_scaling,montecarlo,fp_reduce,10,measured,10,154,0.012439,392947,392947,0.000000,"{""user_lock_acquisitions"": 0}",2026-08-12T05:47:42Z
exp2_scaling,montecarlo,imp_threadlocal,10,measured,1,155,0.012736,392947,392947,0.000000,"{""user_lock_acquisitions"": 0}",2026-08-12T05:47:42Z
exp2_scaling,montecarlo,imp_threadlocal,10,measured,23,156,0.012455,392947,392947,0.000000,"{""user_lock_acquisitions"": 0}",2026-08-12T05:47:42Z
exp2_scaling,montecarlo,imp_threadlocal,10,measured,21,157,0.012359,392947,392947,0.000000,"{""user_lock_acquisitions"": 0}",2026-08-12T05:47:42Z
exp2_scaling,montecarlo,fp_reduce,10,measured,15,158,0.012553,392947,392947,0.000000,"{""user_lock_acquisitions"": 0}",2026-08-12T05:47:42Z
exp2_scaling,montecarlo,fp_reduce,10,measured,28,159,0.012450,392947,392947,0.000000,"{""user_lock_acquisitions"": 0}",2026-08-12T05:47:42Z
exp2_scaling,montecarlo,fp_reduce,10,measured,1,160,0.012255,392947,392947,0.000000,"{""user_lock_acquisitions"": 0}",2026-08-12T05:47:42Z
exp2_scaling,montecarlo,coarse_lock,10,measured,19,161,0.012616,392947,392947,0.000000,"{""user_lock_acquisitions"": 10}",2026-08-12T05:47:42Z
exp2_scaling,montecarlo,no_lock,10,measured,26,162,0.535375,63498,392947,83.840569,"{""user_lock_acquisitions"": 0}",2026-08-12T05:47:43Z
exp2_scaling,montecarlo,fine_lock,10,measured,17,163,0.605000,392947,392947,0.000000,"{""user_lock_acquisitions"": 500000}",2026-08-12T05:47:43Z
exp2_scaling,montecarlo,fine_lock,10,measured,20,164,0.579691,392947,392947,0.000000,"{""user_lock_acquisitions"": 500000}",2026-08-12T05:47:44Z
exp2_scaling,montecarlo,no_lock,12,warmup,2,0,0.793218,53854,392989,86.296309,"{""user_lock_acquisitions"": 0}",2026-08-12T05:47:45Z
exp2_scaling,montecarlo,no_lock,12,warmup,1,1,0.685916,54661,392989,86.090959,"{""user_lock_acquisitions"": 0}",2026-08-12T05:47:45Z
exp2_scaling,montecarlo,coarse_lock,12,warmup,2,2,0.011423,392989,392989,0.000000,"{""user_lock_acquisitions"": 12}",2026-08-12T05:47:45Z
exp2_scaling,montecarlo,imp_threadlocal,12,warmup,2,3,0.011739,392989,392989,0.000000,"{""user_lock_acquisitions"": 0}",2026-08-12T05:47:45Z
exp2_scaling,montecarlo,fp_reduce,12,warmup,0,4,0.011104,392989,392989,0.000000,"{""user_lock_acquisitions"": 0}",2026-08-12T05:47:45Z
exp2_scaling,montecarlo,fine_lock,12,warmup,2,5,0.672920,392989,392989,0.000000,"{""user_lock_acquisitions"": 500000}",2026-08-12T05:47:46Z
exp2_scaling,montecarlo,no_lock,12,warmup,0,6,0.719073,53142,392989,86.477484,"{""user_lock_acquisitions"": 0}",2026-08-12T05:47:47Z
exp2_scaling,montecarlo,fp_reduce,12,warmup,2,7,0.011423,392989,392989,0.000000,"{""user_lock_acquisitions"": 0}",2026-08-12T05:47:47Z
exp2_scaling,montecarlo,coarse_lock,12,warmup,0,8,0.011839,392989,392989,0.000000,"{""user_lock_acquisitions"": 12}",2026-08-12T05:47:47Z
exp2_scaling,montecarlo,fp_reduce,12,warmup,1,9,0.011012,392989,392989,0.000000,"{""user_lock_acquisitions"": 0}",2026-08-12T05:47:47Z
exp2_scaling,montecarlo,coarse_lock,12,warmup,1,10,0.010897,392989,392989,0.000000,"{""user_lock_acquisitions"": 12}",2026-08-12T05:47:47Z
exp2_scaling,montecarlo,fine_lock,12,warmup,1,11,0.670043,392989,392989,0.000000,"{""user_lock_acquisitions"": 500000}",2026-08-12T05:47:48Z
exp2_scaling,montecarlo,fine_lock,12,warmup,0,12,0.671926,392989,392989,0.000000,"{""user_lock_acquisitions"": 500000}",2026-08-12T05:47:48Z
exp2_scaling,montecarlo,imp_threadlocal,12,warmup,1,13,0.011083,392989,392989,0.000000,"{""user_lock_acquisitions"": 0}",2026-08-12T05:47:48Z
exp2_scaling,montecarlo,imp_threadlocal,12,warmup,0,14,0.010877,392989,392989,0.000000,"{""user_lock_acquisitions"": 0}",2026-08-12T05:47:48Z
exp2_scaling,montecarlo,fine_lock,12,measured,18,15,0.677266,392989,392989,0.000000,"{""user_lock_acquisitions"": 500000}",2026-08-12T05:47:49Z
exp2_scaling,montecarlo,imp_threadlocal,12,measured,16,16,0.011338,392989,392989,0.000000,"{""user_lock_acquisitions"": 0}",2026-08-12T05:47:49Z
exp2_scaling,montecarlo,fp_reduce,12,measured,2,17,0.011194,392989,392989,0.000000,"{""user_lock_acquisitions"": 0}",2026-08-12T05:47:49Z
exp2_scaling,montecarlo,fine_lock,12,measured,7,18,0.661526,392989,392989,0.000000,"{""user_lock_acquisitions"": 500000}",2026-08-12T05:47:50Z
exp2_scaling,montecarlo,imp_threadlocal,12,measured,10,19,0.010999,392989,392989,0.000000,"{""user_lock_acquisitions"": 0}",2026-08-12T05:47:50Z
exp2_scaling,montecarlo,coarse_lock,12,measured,1,20,0.010891,392989,392989,0.000000,"{""user_lock_acquisitions"": 12}",2026-08-12T05:47:50Z
exp2_scaling,montecarlo,no_lock,12,measured,14,21,0.683828,53909,392989,86.282313,"{""user_lock_acquisitions"": 0}",2026-08-12T05:47:50Z
exp2_scaling,montecarlo,no_lock,12,measured,20,22,0.706983,53431,392989,86.403945,"{""user_lock_acquisitions"": 0}",2026-08-12T05:47:51Z
exp2_scaling,montecarlo,fp_reduce,12,measured,7,23,0.010933,392989,392989,0.000000,"{""user_lock_acquisitions"": 0}",2026-08-12T05:47:51Z
exp2_scaling,montecarlo,fp_reduce,12,measured,22,24,0.010756,392989,392989,0.000000,"{""user_lock_acquisitions"": 0}",2026-08-12T05:47:51Z
exp2_scaling,montecarlo,coarse_lock,12,measured,10,25,0.010918,392989,392989,0.000000,"{""user_lock_acquisitions"": 12}",2026-08-12T05:47:51Z
exp2_scaling,montecarlo,fp_reduce,12,measured,26,26,0.011673,392989,392989,0.000000,"{""user_lock_acquisitions"": 0}",2026-08-12T05:47:51Z
exp2_scaling,montecarlo,coarse_lock,12,measured,7,27,0.010849,392989,392989,0.000000,"{""user_lock_acquisitions"": 12}",2026-08-12T05:47:51Z
exp2_scaling,montecarlo,no_lock,12,measured,1,28,0.691588,53254,392989,86.448985,"{""user_lock_acquisitions"": 0}",2026-08-12T05:47:52Z
exp2_scaling,montecarlo,no_lock,12,measured,24,29,0.695672,53745,392989,86.324045,"{""user_lock_acquisitions"": 0}",2026-08-12T05:47:52Z
exp2_scaling,montecarlo,no_lock,12,measured,19,30,0.695869,54609,392989,86.104191,"{""user_lock_acquisitions"": 0}",2026-08-12T05:47:53Z
exp2_scaling,montecarlo,fp_reduce,12,measured,27,31,0.010872,392989,392989,0.000000,"{""user_lock_acquisitions"": 0}",2026-08-12T05:47:53Z
exp2_scaling,montecarlo,imp_threadlocal,12,measured,28,32,0.010673,392989,392989,0.000000,"{""user_lock_acquisitions"": 0}",2026-08-12T05:47:53Z
exp2_scaling,montecarlo,fp_reduce,12,measured,17,33,0.010693,392989,392989,0.000000,"{""user_lock_acquisitions"": 0}",2026-08-12T05:47:53Z
exp2_scaling,montecarlo,fine_lock,12,measured,3,34,0.694457,392989,392989,0.000000,"{""user_lock_acquisitions"": 500000}",2026-08-12T05:47:54Z
exp2_scaling,montecarlo,coarse_lock,12,measured,11,35,0.010981,392989,392989,0.000000,"{""user_lock_acquisitions"": 12}",2026-08-12T05:47:54Z
exp2_scaling,montecarlo,coarse_lock,12,measured,3,36,0.010676,392989,392989,0.000000,"{""user_lock_acquisitions"": 12}",2026-08-12T05:47:54Z
exp2_scaling,montecarlo,imp_threadlocal,12,measured,7,37,0.010761,392989,392989,0.000000,"{""user_lock_acquisitions"": 0}",2026-08-12T05:47:54Z
exp2_scaling,montecarlo,fine_lock,12,measured,25,38,0.667241,392989,392989,0.000000,"{""user_lock_acquisitions"": 500000}",2026-08-12T05:47:55Z
exp2_scaling,montecarlo,imp_threadlocal,12,measured,20,39,0.011038,392989,392989,0.000000,"{""user_lock_acquisitions"": 0}",2026-08-12T05:47:55Z
exp2_scaling,montecarlo,coarse_lock,12,measured,2,40,0.010760,392989,392989,0.000000,"{""user_lock_acquisitions"": 12}",2026-08-12T05:47:55Z
exp2_scaling,montecarlo,coarse_lock,12,measured,28,41,0.010583,392989,392989,0.000000,"{""user_lock_acquisitions"": 12}",2026-08-12T05:47:55Z
exp2_scaling,montecarlo,coarse_lock,12,measured,27,42,0.010888,392989,392989,0.000000,"{""user_lock_acquisitions"": 12}",2026-08-12T05:47:55Z
exp2_scaling,montecarlo,fine_lock,12,measured,2,43,0.664052,392989,392989,0.000000,"{""user_lock_acquisitions"": 500000}",2026-08-12T05:47:55Z
exp2_scaling,montecarlo,fine_lock,12,measured,13,44,0.656236,392989,392989,0.000000,"{""user_lock_acquisitions"": 500000}",2026-08-12T05:47:56Z
exp2_scaling,montecarlo,fp_reduce,12,measured,29,45,0.011177,392989,392989,0.000000,"{""user_lock_acquisitions"": 0}",2026-08-12T05:47:56Z
exp2_scaling,montecarlo,no_lock,12,measured,6,46,0.706425,54081,392989,86.238546,"{""user_lock_acquisitions"": 0}",2026-08-12T05:47:57Z
exp2_scaling,montecarlo,coarse_lock,12,measured,0,47,0.011192,392989,392989,0.000000,"{""user_lock_acquisitions"": 12}",2026-08-12T05:47:57Z
exp2_scaling,montecarlo,coarse_lock,12,measured,20,48,0.010884,392989,392989,0.000000,"{""user_lock_acquisitions"": 12}",2026-08-12T05:47:57Z
exp2_scaling,montecarlo,fine_lock,12,measured,15,49,0.662532,392989,392989,0.000000,"{""user_lock_acquisitions"": 500000}",2026-08-12T05:47:57Z
exp2_scaling,montecarlo,fp_reduce,12,measured,11,50,0.011322,392989,392989,0.000000,"{""user_lock_acquisitions"": 0}",2026-08-12T05:47:57Z
exp2_scaling,montecarlo,no_lock,12,measured,26,51,0.708072,53873,392989,86.291474,"{""user_lock_acquisitions"": 0}",2026-08-12T05:47:58Z
exp2_scaling,montecarlo,imp_threadlocal,12,measured,8,52,0.011015,392989,392989,0.000000,"{""user_lock_acquisitions"": 0}",2026-08-12T05:47:58Z
exp2_scaling,montecarlo,fp_reduce,12,measured,23,53,0.010616,392989,392989,0.000000,"{""user_lock_acquisitions"": 0}",2026-08-12T05:47:58Z
exp2_scaling,montecarlo,fp_reduce,12,measured,18,54,0.010956,392989,392989,0.000000,"{""user_lock_acquisitions"": 0}",2026-08-12T05:47:58Z
exp2_scaling,montecarlo,imp_threadlocal,12,measured,15,55,0.010726,392989,392989,0.000000,"{""user_lock_acquisitions"": 0}",2026-08-12T05:47:58Z
exp2_scaling,montecarlo,fine_lock,12,measured,14,56,0.665179,392989,392989,0.000000,"{""user_lock_acquisitions"": 500000}",2026-08-12T05:47:59Z
exp2_scaling,montecarlo,fp_reduce,12,measured,13,57,0.011015,392989,392989,0.000000,"{""user_lock_acquisitions"": 0}",2026-08-12T05:47:59Z
exp2_scaling,montecarlo,fine_lock,12,measured,22,58,0.670298,392989,392989,0.000000,"{""user_lock_acquisitions"": 500000}",2026-08-12T05:47:59Z
exp2_scaling,montecarlo,no_lock,12,measured,16,59,0.689643,53938,392989,86.274934,"{""user_lock_acquisitions"": 0}",2026-08-12T05:48:00Z
exp2_scaling,montecarlo,fine_lock,12,measured,24,60,0.655770,392989,392989,0.000000,"{""user_lock_acquisitions"": 500000}",2026-08-12T05:48:01Z
exp2_scaling,montecarlo,coarse_lock,12,measured,22,61,0.011104,392989,392989,0.000000,"{""user_lock_acquisitions"": 12}",2026-08-12T05:48:01Z
exp2_scaling,montecarlo,fp_reduce,12,measured,14,62,0.010948,392989,392989,0.000000,"{""user_lock_acquisitions"": 0}",2026-08-12T05:48:01Z
exp2_scaling,montecarlo,imp_threadlocal,12,measured,27,63,0.010740,392989,392989,0.000000,"{""user_lock_acquisitions"": 0}",2026-08-12T05:48:01Z
exp2_scaling,montecarlo,imp_threadlocal,12,measured,3,64,0.010603,392989,392989,0.000000,"{""user_lock_acquisitions"": 0}",2026-08-12T05:48:01Z
exp2_scaling,montecarlo,no_lock,12,measured,29,65,0.670386,53874,392989,86.291219,"{""user_lock_acquisitions"": 0}",2026-08-12T05:48:02Z
exp2_scaling,montecarlo,imp_threadlocal,12,measured,26,66,0.010991,392989,392989,0.000000,"{""user_lock_acquisitions"": 0}",2026-08-12T05:48:02Z
exp2_scaling,montecarlo,fp_reduce,12,measured,1,67,0.010811,392989,392989,0.000000,"{""user_lock_acquisitions"": 0}",2026-08-12T05:48:02Z
exp2_scaling,montecarlo,fine_lock,12,measured,12,68,0.657806,392989,392989,0.000000,"{""user_lock_acquisitions"": 500000}",2026-08-12T05:48:02Z
exp2_scaling,montecarlo,imp_threadlocal,12,measured,9,69,0.011080,392989,392989,0.000000,"{""user_lock_acquisitions"": 0}",2026-08-12T05:48:02Z
exp2_scaling,montecarlo,imp_threadlocal,12,measured,29,70,0.010881,392989,392989,0.000000,"{""user_lock_acquisitions"": 0}",2026-08-12T05:48:02Z
exp2_scaling,montecarlo,imp_threadlocal,12,measured,17,71,0.010843,392989,392989,0.000000,"{""user_lock_acquisitions"": 0}",2026-08-12T05:48:02Z
exp2_scaling,montecarlo,imp_threadlocal,12,measured,0,72,0.010673,392989,392989,0.000000,"{""user_lock_acquisitions"": 0}",2026-08-12T05:48:02Z
exp2_scaling,montecarlo,fp_reduce,12,measured,3,73,0.010983,392989,392989,0.000000,"{""user_lock_acquisitions"": 0}",2026-08-12T05:48:02Z
exp2_scaling,montecarlo,fp_reduce,12,measured,6,74,0.010877,392989,392989,0.000000,"{""user_lock_acquisitions"": 0}",2026-08-12T05:48:02Z
exp2_scaling,montecarlo,coarse_lock,12,measured,6,75,0.010970,392989,392989,0.000000,"{""user_lock_acquisitions"": 12}",2026-08-12T05:48:02Z
exp2_scaling,montecarlo,coarse_lock,12,measured,8,76,0.010750,392989,392989,0.000000,"{""user_lock_acquisitions"": 12}",2026-08-12T05:48:02Z
exp2_scaling,montecarlo,imp_threadlocal,12,measured,14,77,0.010948,392989,392989,0.000000,"{""user_lock_acquisitions"": 0}",2026-08-12T05:48:02Z
exp2_scaling,montecarlo,fp_reduce,12,measured,0,78,0.011073,392989,392989,0.000000,"{""user_lock_acquisitions"": 0}",2026-08-12T05:48:02Z
exp2_scaling,montecarlo,imp_threadlocal,12,measured,1,79,0.010656,392989,392989,0.000000,"{""user_lock_acquisitions"": 0}",2026-08-12T05:48:02Z
exp2_scaling,montecarlo,no_lock,12,measured,8,80,0.691868,53084,392989,86.492243,"{""user_lock_acquisitions"": 0}",2026-08-12T05:48:03Z
exp2_scaling,montecarlo,imp_threadlocal,12,measured,21,81,0.011196,392989,392989,0.000000,"{""user_lock_acquisitions"": 0}",2026-08-12T05:48:03Z
exp2_scaling,montecarlo,imp_threadlocal,12,measured,5,82,0.010920,392989,392989,0.000000,"{""user_lock_acquisitions"": 0}",2026-08-12T05:48:03Z
exp2_scaling,montecarlo,no_lock,12,measured,11,83,0.664434,54462,392989,86.141597,"{""user_lock_acquisitions"": 0}",2026-08-12T05:48:04Z
exp2_scaling,montecarlo,coarse_lock,12,measured,5,84,0.011041,392989,392989,0.000000,"{""user_lock_acquisitions"": 12}",2026-08-12T05:48:04Z
exp2_scaling,montecarlo,no_lock,12,measured,17,85,0.694342,53634,392989,86.352290,"{""user_lock_acquisitions"": 0}",2026-08-12T05:48:04Z
exp2_scaling,montecarlo,no_lock,12,measured,10,86,0.680653,54199,392989,86.208520,"{""user_lock_acquisitions"": 0}",2026-08-12T05:48:05Z
exp2_scaling,montecarlo,imp_threadlocal,12,measured,19,87,0.010956,392989,392989,0.000000,"{""user_lock_acquisitions"": 0}",2026-08-12T05:48:05Z
exp2_scaling,montecarlo,fine_lock,12,measured,9,88,0.665961,392989,392989,0.000000,"{""user_lock_acquisitions"": 500000}",2026-08-12T05:48:06Z
exp2_scaling,montecarlo,fp_reduce,12,measured,15,89,0.010941,392989,392989,0.000000,"{""user_lock_acquisitions"": 0}",2026-08-12T05:48:06Z
exp2_scaling,montecarlo,coarse_lock,12,measured,14,90,0.010807,392989,392989,0.000000,"{""user_lock_acquisitions"": 12}",2026-08-12T05:48:06Z
exp2_scaling,montecarlo,no_lock,12,measured,28,91,0.665535,54050,392989,86.246434,"{""user_lock_acquisitions"": 0}",2026-08-12T05:48:06Z
exp2_scaling,montecarlo,fine_lock,12,measured,6,92,0.664862,392989,392989,0.000000,"{""user_lock_acquisitions"": 500000}",2026-08-12T05:48:07Z
exp2_scaling,montecarlo,coarse_lock,12,measured,19,93,0.011094,392989,392989,0.000000,"{""user_lock_acquisitions"": 12}",2026-08-12T05:48:07Z
exp2_scaling,montecarlo,fp_reduce,12,measured,4,94,0.011772,392989,392989,0.000000,"{""user_lock_acquisitions"": 0}",2026-08-12T05:48:07Z
exp2_scaling,montecarlo,fine_lock,12,measured,19,95,0.678672,392989,392989,0.000000,"{""user_lock_acquisitions"": 500000}",2026-08-12T05:48:08Z
exp2_scaling,montecarlo,fine_lock,12,measured,27,96,0.668972,392989,392989,0.000000,"{""user_lock_acquisitions"": 500000}",2026-08-12T05:48:08Z
exp2_scaling,montecarlo,fine_lock,12,measured,20,97,0.659948,392989,392989,0.000000,"{""user_lock_acquisitions"": 500000}",2026-08-12T05:48:09Z
exp2_scaling,montecarlo,no_lock,12,measured,12,98,0.699865,53466,392989,86.395039,"{""user_lock_acquisitions"": 0}",2026-08-12T05:48:10Z
exp2_scaling,montecarlo,no_lock,12,measured,23,99,0.688392,53735,392989,86.326589,"{""user_lock_acquisitions"": 0}",2026-08-12T05:48:11Z
exp2_scaling,montecarlo,no_lock,12,measured,4,100,0.691278,54204,392989,86.207248,"{""user_lock_acquisitions"": 0}",2026-08-12T05:48:11Z
exp2_scaling,montecarlo,imp_threadlocal,12,measured,4,101,0.011286,392989,392989,0.000000,"{""user_lock_acquisitions"": 0}",2026-08-12T05:48:11Z
exp2_scaling,montecarlo,fp_reduce,12,measured,12,102,0.010918,392989,392989,0.000000,"{""user_lock_acquisitions"": 0}",2026-08-12T05:48:11Z
exp2_scaling,montecarlo,fine_lock,12,measured,28,103,0.670641,392989,392989,0.000000,"{""user_lock_acquisitions"": 500000}",2026-08-12T05:48:12Z
exp2_scaling,montecarlo,fine_lock,12,measured,10,104,0.652509,392989,392989,0.000000,"{""user_lock_acquisitions"": 500000}",2026-08-12T05:48:13Z
exp2_scaling,montecarlo,fp_reduce,12,measured,21,105,0.011367,392989,392989,0.000000,"{""user_lock_acquisitions"": 0}",2026-08-12T05:48:13Z
exp2_scaling,montecarlo,fine_lock,12,measured,8,106,0.669410,392989,392989,0.000000,"{""user_lock_acquisitions"": 500000}",2026-08-12T05:48:13Z
exp2_scaling,montecarlo,no_lock,12,measured,13,107,0.689108,53953,392989,86.271117,"{""user_lock_acquisitions"": 0}",2026-08-12T05:48:14Z
exp2_scaling,montecarlo,imp_threadlocal,12,measured,23,108,0.011086,392989,392989,0.000000,"{""user_lock_acquisitions"": 0}",2026-08-12T05:48:14Z
exp2_scaling,montecarlo,no_lock,12,measured,21,109,0.707002,53960,392989,86.269336,"{""user_lock_acquisitions"": 0}",2026-08-12T05:48:15Z
exp2_scaling,montecarlo,coarse_lock,12,measured,23,110,0.011155,392989,392989,0.000000,"{""user_lock_acquisitions"": 12}",2026-08-12T05:48:15Z
exp2_scaling,montecarlo,fp_reduce,12,measured,20,111,0.010875,392989,392989,0.000000,"{""user_lock_acquisitions"": 0}",2026-08-12T05:48:15Z
exp2_scaling,montecarlo,fp_reduce,12,measured,19,112,0.010672,392989,392989,0.000000,"{""user_lock_acquisitions"": 0}",2026-08-12T05:48:15Z
exp2_scaling,montecarlo,no_lock,12,measured,9,113,0.680938,53735,392989,86.326589,"{""user_lock_acquisitions"": 0}",2026-08-12T05:48:15Z
exp2_scaling,montecarlo,imp_threadlocal,12,measured,11,114,0.011334,392989,392989,0.000000,"{""user_lock_acquisitions"": 0}",2026-08-12T05:48:15Z
exp2_scaling,montecarlo,fp_reduce,12,measured,24,115,0.011904,392989,392989,0.000000,"{""user_lock_acquisitions"": 0}",2026-08-12T05:48:15Z
exp2_scaling,montecarlo,imp_threadlocal,12,measured,18,116,0.011880,392989,392989,0.000000,"{""user_lock_acquisitions"": 0}",2026-08-12T05:48:15Z
exp2_scaling,montecarlo,coarse_lock,12,measured,18,117,0.011000,392989,392989,0.000000,"{""user_lock_acquisitions"": 12}",2026-08-12T05:48:15Z
exp2_scaling,montecarlo,fine_lock,12,measured,21,118,0.643832,392989,392989,0.000000,"{""user_lock_acquisitions"": 500000}",2026-08-12T05:48:16Z
exp2_scaling,montecarlo,no_lock,12,measured,3,119,0.680473,54299,392989,86.183074,"{""user_lock_acquisitions"": 0}",2026-08-12T05:48:17Z
exp2_scaling,montecarlo,imp_threadlocal,12,measured,6,120,0.011083,392989,392989,0.000000,"{""user_lock_acquisitions"": 0}",2026-08-12T05:48:17Z
exp2_scaling,montecarlo,fine_lock,12,measured,17,121,0.665615,392989,392989,0.000000,"{""user_lock_acquisitions"": 500000}",2026-08-12T05:48:17Z
exp2_scaling,montecarlo,no_lock,12,measured,5,122,0.673959,54143,392989,86.222770,"{""user_lock_acquisitions"": 0}",2026-08-12T05:48:18Z
exp2_scaling,montecarlo,coarse_lock,12,measured,21,123,0.011120,392989,392989,0.000000,"{""user_lock_acquisitions"": 12}",2026-08-12T05:48:18Z
exp2_scaling,montecarlo,fine_lock,12,measured,0,124,0.668805,392989,392989,0.000000,"{""user_lock_acquisitions"": 500000}",2026-08-12T05:48:19Z
exp2_scaling,montecarlo,coarse_lock,12,measured,4,125,0.011025,392989,392989,0.000000,"{""user_lock_acquisitions"": 12}",2026-08-12T05:48:19Z
exp2_scaling,montecarlo,fp_reduce,12,measured,16,126,0.010925,392989,392989,0.000000,"{""user_lock_acquisitions"": 0}",2026-08-12T05:48:19Z
exp2_scaling,montecarlo,fine_lock,12,measured,29,127,0.664650,392989,392989,0.000000,"{""user_lock_acquisitions"": 500000}",2026-08-12T05:48:19Z
exp2_scaling,montecarlo,imp_threadlocal,12,measured,2,128,0.011079,392989,392989,0.000000,"{""user_lock_acquisitions"": 0}",2026-08-12T05:48:19Z
exp2_scaling,montecarlo,no_lock,12,measured,15,129,0.697656,53509,392989,86.384097,"{""user_lock_acquisitions"": 0}",2026-08-12T05:48:20Z
exp2_scaling,montecarlo,imp_threadlocal,12,measured,13,130,0.011367,392989,392989,0.000000,"{""user_lock_acquisitions"": 0}",2026-08-12T05:48:20Z
exp2_scaling,montecarlo,coarse_lock,12,measured,26,131,0.010922,392989,392989,0.000000,"{""user_lock_acquisitions"": 12}",2026-08-12T05:48:20Z
exp2_scaling,montecarlo,fine_lock,12,measured,1,132,0.656049,392989,392989,0.000000,"{""user_lock_acquisitions"": 500000}",2026-08-12T05:48:21Z
exp2_scaling,montecarlo,fine_lock,12,measured,11,133,0.657481,392989,392989,0.000000,"{""user_lock_acquisitions"": 500000}",2026-08-12T05:48:21Z
exp2_scaling,montecarlo,no_lock,12,measured,2,134,0.697582,54368,392989,86.165516,"{""user_lock_acquisitions"": 0}",2026-08-12T05:48:22Z
exp2_scaling,montecarlo,fine_lock,12,measured,5,135,0.679008,392989,392989,0.000000,"{""user_lock_acquisitions"": 500000}",2026-08-12T05:48:23Z
exp2_scaling,montecarlo,coarse_lock,12,measured,15,136,0.011653,392989,392989,0.000000,"{""user_lock_acquisitions"": 12}",2026-08-12T05:48:23Z
exp2_scaling,montecarlo,coarse_lock,12,measured,12,137,0.011103,392989,392989,0.000000,"{""user_lock_acquisitions"": 12}",2026-08-12T05:48:23Z
exp2_scaling,montecarlo,fp_reduce,12,measured,25,138,0.010952,392989,392989,0.000000,"{""user_lock_acquisitions"": 0}",2026-08-12T05:48:23Z
exp2_scaling,montecarlo,fp_reduce,12,measured,9,139,0.010752,392989,392989,0.000000,"{""user_lock_acquisitions"": 0}",2026-08-12T05:48:23Z
exp2_scaling,montecarlo,imp_threadlocal,12,measured,22,140,0.010942,392989,392989,0.000000,"{""user_lock_acquisitions"": 0}",2026-08-12T05:48:23Z
exp2_scaling,montecarlo,coarse_lock,12,measured,13,141,0.010837,392989,392989,0.000000,"{""user_lock_acquisitions"": 12}",2026-08-12T05:48:23Z
exp2_scaling,montecarlo,coarse_lock,12,measured,24,142,0.010680,392989,392989,0.000000,"{""user_lock_acquisitions"": 12}",2026-08-12T05:48:23Z
exp2_scaling,montecarlo,no_lock,12,measured,25,143,0.692576,53632,392989,86.352799,"{""user_lock_acquisitions"": 0}",2026-08-12T05:48:24Z
exp2_scaling,montecarlo,no_lock,12,measured,0,144,0.682262,53735,392989,86.326589,"{""user_lock_acquisitions"": 0}",2026-08-12T05:48:24Z
exp2_scaling,montecarlo,fp_reduce,12,measured,28,145,0.011162,392989,392989,0.000000,"{""user_lock_acquisitions"": 0}",2026-08-12T05:48:24Z
exp2_scaling,montecarlo,imp_threadlocal,12,measured,24,146,0.010728,392989,392989,0.000000,"{""user_lock_acquisitions"": 0}",2026-08-12T05:48:24Z
exp2_scaling,montecarlo,coarse_lock,12,measured,16,147,0.010781,392989,392989,0.000000,"{""user_lock_acquisitions"": 12}",2026-08-12T05:48:24Z
exp2_scaling,montecarlo,imp_threadlocal,12,measured,12,148,0.010906,392989,392989,0.000000,"{""user_lock_acquisitions"": 0}",2026-08-12T05:48:24Z
exp2_scaling,montecarlo,no_lock,12,measured,7,149,0.681333,54197,392989,86.209029,"{""user_lock_acquisitions"": 0}",2026-08-12T05:48:25Z
exp2_scaling,montecarlo,fine_lock,12,measured,26,150,0.670821,392989,392989,0.000000,"{""user_lock_acquisitions"": 500000}",2026-08-12T05:48:26Z
exp2_scaling,montecarlo,fp_reduce,12,measured,10,151,0.011264,392989,392989,0.000000,"{""user_lock_acquisitions"": 0}",2026-08-12T05:48:26Z
exp2_scaling,montecarlo,no_lock,12,measured,22,152,0.688376,53611,392989,86.358142,"{""user_lock_acquisitions"": 0}",2026-08-12T05:48:26Z
exp2_scaling,montecarlo,fp_reduce,12,measured,5,153,0.011118,392989,392989,0.000000,"{""user_lock_acquisitions"": 0}",2026-08-12T05:48:26Z
exp2_scaling,montecarlo,fine_lock,12,measured,4,154,0.664398,392989,392989,0.000000,"{""user_lock_acquisitions"": 500000}",2026-08-12T05:48:27Z
exp2_scaling,montecarlo,coarse_lock,12,measured,29,155,0.010992,392989,392989,0.000000,"{""user_lock_acquisitions"": 12}",2026-08-12T05:48:27Z
exp2_scaling,montecarlo,fine_lock,12,measured,23,156,0.668636,392989,392989,0.000000,"{""user_lock_acquisitions"": 500000}",2026-08-12T05:48:28Z
exp2_scaling,montecarlo,fp_reduce,12,measured,8,157,0.010994,392989,392989,0.000000,"{""user_lock_acquisitions"": 0}",2026-08-12T05:48:28Z
exp2_scaling,montecarlo,no_lock,12,measured,18,158,0.702851,53311,392989,86.434480,"{""user_lock_acquisitions"": 0}",2026-08-12T05:48:28Z
exp2_scaling,montecarlo,imp_threadlocal,12,measured,25,159,0.011258,392989,392989,0.000000,"{""user_lock_acquisitions"": 0}",2026-08-12T05:48:28Z
exp2_scaling,montecarlo,coarse_lock,12,measured,25,160,0.010969,392989,392989,0.000000,"{""user_lock_acquisitions"": 12}",2026-08-12T05:48:29Z
exp2_scaling,montecarlo,coarse_lock,12,measured,17,161,0.011147,392989,392989,0.000000,"{""user_lock_acquisitions"": 12}",2026-08-12T05:48:29Z
exp2_scaling,montecarlo,fine_lock,12,measured,16,162,0.682222,392989,392989,0.000000,"{""user_lock_acquisitions"": 500000}",2026-08-12T05:48:29Z
exp2_scaling,montecarlo,no_lock,12,measured,27,163,0.708696,52735,392989,86.581049,"{""user_lock_acquisitions"": 0}",2026-08-12T05:48:30Z
exp2_scaling,montecarlo,coarse_lock,12,measured,9,164,0.011004,392989,392989,0.000000,"{""user_lock_acquisitions"": 12}",2026-08-12T05:48:30Z
exp2_scaling,montecarlo,fp_reduce,14,warmup,1,0,0.118803,393024,393024,0.000000,"{""user_lock_acquisitions"": 0}",2026-08-12T05:48:30Z
exp2_scaling,montecarlo,no_lock,14,warmup,1,1,0.864430,45622,393024,88.392057,"{""user_lock_acquisitions"": 0}",2026-08-12T05:48:31Z
exp2_scaling,montecarlo,no_lock,14,warmup,2,2,0.984467,45851,393024,88.333791,"{""user_lock_acquisitions"": 0}",2026-08-12T05:48:32Z
exp2_scaling,montecarlo,coarse_lock,14,warmup,0,3,0.011421,393024,393024,0.000000,"{""user_lock_acquisitions"": 14}",2026-08-12T05:48:32Z
exp2_scaling,montecarlo,imp_threadlocal,14,warmup,0,4,0.010567,393024,393024,0.000000,"{""user_lock_acquisitions"": 0}",2026-08-12T05:48:32Z
exp2_scaling,montecarlo,no_lock,14,warmup,0,5,0.933229,45423,393024,88.442691,"{""user_lock_acquisitions"": 0}",2026-08-12T05:48:33Z
exp2_scaling,montecarlo,fine_lock,14,warmup,2,6,0.752239,393024,393024,0.000000,"{""user_lock_acquisitions"": 500000}",2026-08-12T05:48:34Z
exp2_scaling,montecarlo,imp_threadlocal,14,warmup,1,7,0.010269,393024,393024,0.000000,"{""user_lock_acquisitions"": 0}",2026-08-12T05:48:34Z
exp2_scaling,montecarlo,fine_lock,14,warmup,0,8,0.721262,393024,393024,0.000000,"{""user_lock_acquisitions"": 500000}",2026-08-12T05:48:34Z
exp2_scaling,montecarlo,coarse_lock,14,warmup,1,9,0.009856,393024,393024,0.000000,"{""user_lock_acquisitions"": 14}",2026-08-12T05:48:34Z
exp2_scaling,montecarlo,fine_lock,14,warmup,1,10,0.727958,393024,393024,0.000000,"{""user_lock_acquisitions"": 500000}",2026-08-12T05:48:35Z
exp2_scaling,montecarlo,imp_threadlocal,14,warmup,2,11,0.009862,393024,393024,0.000000,"{""user_lock_acquisitions"": 0}",2026-08-12T05:48:35Z
exp2_scaling,montecarlo,fp_reduce,14,warmup,0,12,0.009600,393024,393024,0.000000,"{""user_lock_acquisitions"": 0}",2026-08-12T05:48:35Z
exp2_scaling,montecarlo,fp_reduce,14,warmup,2,13,0.009584,393024,393024,0.000000,"{""user_lock_acquisitions"": 0}",2026-08-12T05:48:35Z
exp2_scaling,montecarlo,coarse_lock,14,warmup,2,14,0.010809,393024,393024,0.000000,"{""user_lock_acquisitions"": 14}",2026-08-12T05:48:35Z
exp2_scaling,montecarlo,no_lock,14,measured,27,15,0.867144,45033,393024,88.541921,"{""user_lock_acquisitions"": 0}",2026-08-12T05:48:36Z
exp2_scaling,montecarlo,fp_reduce,14,measured,2,16,0.009867,393024,393024,0.000000,"{""user_lock_acquisitions"": 0}",2026-08-12T05:48:36Z
exp2_scaling,montecarlo,no_lock,14,measured,22,17,0.862082,44762,393024,88.610874,"{""user_lock_acquisitions"": 0}",2026-08-12T05:48:37Z
exp2_scaling,montecarlo,coarse_lock,14,measured,28,18,0.009888,393024,393024,0.000000,"{""user_lock_acquisitions"": 14}",2026-08-12T05:48:37Z
exp2_scaling,montecarlo,fp_reduce,14,measured,16,19,0.009665,393024,393024,0.000000,"{""user_lock_acquisitions"": 0}",2026-08-12T05:48:37Z
exp2_scaling,montecarlo,fp_reduce,14,measured,26,20,0.009626,393024,393024,0.000000,"{""user_lock_acquisitions"": 0}",2026-08-12T05:48:37Z
exp2_scaling,montecarlo,no_lock,14,measured,16,21,0.844999,44890,393024,88.578306,"{""user_lock_acquisitions"": 0}",2026-08-12T05:48:38Z
exp2_scaling,montecarlo,imp_threadlocal,14,measured,21,22,0.010193,393024,393024,0.000000,"{""user_lock_acquisitions"": 0}",2026-08-12T05:48:38Z
exp2_scaling,montecarlo,no_lock,14,measured,23,23,0.862617,45560,393024,88.407833,"{""user_lock_acquisitions"": 0}",2026-08-12T05:48:39Z
exp2_scaling,montecarlo,coarse_lock,14,measured,25,24,0.010230,393024,393024,0.000000,"{""user_lock_acquisitions"": 14}",2026-08-12T05:48:39Z
exp2_scaling,montecarlo,no_lock,14,measured,11,25,0.871439,46032,393024,88.287738,"{""user_lock_acquisitions"": 0}",2026-08-12T05:48:39Z
exp2_scaling,montecarlo,fine_lock,14,measured,17,26,0.758829,393024,393024,0.000000,"{""user_lock_acquisitions"": 500000}",2026-08-12T05:48:40Z
exp2_scaling,montecarlo,fine_lock,14,measured,14,27,0.727674,393024,393024,0.000000,"{""user_lock_acquisitions"": 500000}",2026-08-12T05:48:41Z
exp2_scaling,montecarlo,fine_lock,14,measured,10,28,0.744642,393024,393024,0.000000,"{""user_lock_acquisitions"": 500000}",2026-08-12T05:48:42Z
exp2_scaling,montecarlo,fine_lock,14,measured,11,29,0.726683,393024,393024,0.000000,"{""user_lock_acquisitions"": 500000}",2026-08-12T05:48:42Z
exp2_scaling,montecarlo,fp_reduce,14,measured,10,30,0.010228,393024,393024,0.000000,"{""user_lock_acquisitions"": 0}",2026-08-12T05:48:42Z
exp2_scaling,montecarlo,fine_lock,14,measured,6,31,0.728847,393024,393024,0.000000,"{""user_lock_acquisitions"": 500000}",2026-08-12T05:48:43Z
exp2_scaling,montecarlo,imp_threadlocal,14,measured,23,32,0.009997,393024,393024,0.000000,"{""user_lock_acquisitions"": 0}",2026-08-12T05:48:43Z
exp2_scaling,montecarlo,fp_reduce,14,measured,13,33,0.009808,393024,393024,0.000000,"{""user_lock_acquisitions"": 0}",2026-08-12T05:48:43Z
exp2_scaling,montecarlo,fine_lock,14,measured,29,34,0.915410,393024,393024,0.000000,"{""user_lock_acquisitions"": 500000}",2026-08-12T05:48:44Z
exp2_scaling,montecarlo,fp_reduce,14,measured,19,35,0.010258,393024,393024,0.000000,"{""user_lock_acquisitions"": 0}",2026-08-12T05:48:44Z
exp2_scaling,montecarlo,coarse_lock,14,measured,17,36,0.009933,393024,393024,0.000000,"{""user_lock_acquisitions"": 14}",2026-08-12T05:48:44Z
exp2_scaling,montecarlo,coarse_lock,14,measured,7,37,0.009817,393024,393024,0.000000,"{""user_lock_acquisitions"": 14}",2026-08-12T05:48:44Z
exp2_scaling,montecarlo,imp_threadlocal,14,measured,18,38,0.009733,393024,393024,0.000000,"{""user_lock_acquisitions"": 0}",2026-08-12T05:48:44Z
exp2_scaling,montecarlo,fine_lock,14,measured,0,39,0.742715,393024,393024,0.000000,"{""user_lock_acquisitions"": 500000}",2026-08-12T05:48:45Z
exp2_scaling,montecarlo,imp_threadlocal,14,measured,3,40,0.010169,393024,393024,0.000000,"{""user_lock_acquisitions"": 0}",2026-08-12T05:48:45Z
exp2_scaling,montecarlo,fp_reduce,14,measured,9,41,0.009878,393024,393024,0.000000,"{""user_lock_acquisitions"": 0}",2026-08-12T05:48:45Z
exp2_scaling,montecarlo,fine_lock,14,measured,28,42,0.734284,393024,393024,0.000000,"{""user_lock_acquisitions"": 500000}",2026-08-12T05:48:46Z
exp2_scaling,montecarlo,fp_reduce,14,measured,6,43,0.010072,393024,393024,0.000000,"{""user_lock_acquisitions"": 0}",2026-08-12T05:48:46Z
exp2_scaling,montecarlo,imp_threadlocal,14,measured,12,44,0.009722,393024,393024,0.000000,"{""user_lock_acquisitions"": 0}",2026-08-12T05:48:46Z
exp2_scaling,montecarlo,fine_lock,14,measured,2,45,0.741218,393024,393024,0.000000,"{""user_lock_acquisitions"": 500000}",2026-08-12T05:48:46Z
exp2_scaling,montecarlo,fine_lock,14,measured,13,46,0.740958,393024,393024,0.000000,"{""user_lock_acquisitions"": 500000}",2026-08-12T05:48:47Z
exp2_scaling,montecarlo,imp_threadlocal,14,measured,6,47,0.009823,393024,393024,0.000000,"{""user_lock_acquisitions"": 0}",2026-08-12T05:48:47Z
exp2_scaling,montecarlo,fine_lock,14,measured,18,48,0.727429,393024,393024,0.000000,"{""user_lock_acquisitions"": 500000}",2026-08-12T05:48:48Z
exp2_scaling,montecarlo,coarse_lock,14,measured,2,49,0.009858,393024,393024,0.000000,"{""user_lock_acquisitions"": 14}",2026-08-12T05:48:48Z
exp2_scaling,montecarlo,imp_threadlocal,14,measured,2,50,0.009739,393024,393024,0.000000,"{""user_lock_acquisitions"": 0}",2026-08-12T05:48:48Z
exp2_scaling,montecarlo,no_lock,14,measured,6,51,0.866093,44733,393024,88.618252,"{""user_lock_acquisitions"": 0}",2026-08-12T05:48:49Z
exp2_scaling,montecarlo,imp_threadlocal,14,measured,8,52,0.009940,393024,393024,0.000000,"{""user_lock_acquisitions"": 0}",2026-08-12T05:48:49Z
exp2_scaling,montecarlo,no_lock,14,measured,0,53,0.872568,45705,393024,88.370939,"{""user_lock_acquisitions"": 0}",2026-08-12T05:48:50Z
exp2_scaling,montecarlo,fp_reduce,14,measured,20,54,0.009932,393024,393024,0.000000,"{""user_lock_acquisitions"": 0}",2026-08-12T05:48:50Z
exp2_scaling,montecarlo,no_lock,14,measured,4,55,0.856984,44558,393024,88.662779,"{""user_lock_acquisitions"": 0}",2026-08-12T05:48:51Z
exp2_scaling,montecarlo,fp_reduce,14,measured,29,56,0.009998,393024,393024,0.000000,"{""user_lock_acquisitions"": 0}",2026-08-12T05:48:51Z
exp2_scaling,montecarlo,no_lock,14,measured,9,57,0.867707,44916,393024,88.571690,"{""user_lock_acquisitions"": 0}",2026-08-12T05:48:51Z
exp2_scaling,montecarlo,coarse_lock,14,measured,10,58,0.010121,393024,393024,0.000000,"{""user_lock_acquisitions"": 14}",2026-08-12T05:48:51Z
exp2_scaling,montecarlo,fp_reduce,14,measured,12,59,0.009985,393024,393024,0.000000,"{""user_lock_acquisitions"": 0}",2026-08-12T05:48:51Z
exp2_scaling,montecarlo,fp_reduce,14,measured,11,60,0.009736,393024,393024,0.000000,"{""user_lock_acquisitions"": 0}",2026-08-12T05:48:51Z
exp2_scaling,montecarlo,fine_lock,14,measured,25,61,0.732990,393024,393024,0.000000,"{""user_lock_acquisitions"": 500000}",2026-08-12T05:48:52Z
exp2_scaling,montecarlo,coarse_lock,14,measured,9,62,0.009920,393024,393024,0.000000,"{""user_lock_acquisitions"": 14}",2026-08-12T05:48:52Z
exp2_scaling,montecarlo,imp_threadlocal,14,measured,1,63,0.009657,393024,393024,0.000000,"{""user_lock_acquisitions"": 0}",2026-08-12T05:48:52Z
exp2_scaling,montecarlo,no_lock,14,measured,2,64,0.870678,45004,393024,88.549300,"{""user_lock_acquisitions"": 0}",2026-08-12T05:48:53Z
exp2_scaling,montecarlo,fp_reduce,14,measured,23,65,0.010088,393024,393024,0.000000,"{""user_lock_acquisitions"": 0}",2026-08-12T05:48:53Z
exp2_scaling,montecarlo,no_lock,14,measured,25,66,0.864462,45771,393024,88.354146,"{""user_lock_acquisitions"": 0}",2026-08-12T05:48:54Z
exp2_scaling,montecarlo,no_lock,14,measured,29,67,0.858327,46670,393024,88.125407,"{""user_lock_acquisitions"": 0}",2026-08-12T05:48:55Z
exp2_scaling,montecarlo,no_lock,14,measured,10,68,0.848554,45351,393024,88.461010,"{""user_lock_acquisitions"": 0}",2026-08-12T05:48:56Z
exp2_scaling,montecarlo,imp_threadlocal,14,measured,25,69,0.010008,393024,393024,0.000000,"{""user_lock_acquisitions"": 0}",2026-08-12T05:48:56Z
exp2_scaling,montecarlo,coarse_lock,14,measured,4,70,0.010227,393024,393024,0.000000,"{""user_lock_acquisitions"": 14}",2026-08-12T05:48:56Z
exp2_scaling,montecarlo,no_lock,14,measured,19,71,0.887251,45228,393024,88.492306,"{""user_lock_acquisitions"": 0}",2026-08-12T05:48:57Z
exp2_scaling,montecarlo,imp_threadlocal,14,measured,4,72,0.010166,393024,393024,0.000000,"{""user_lock_acquisitions"": 0}",2026-08-12T05:48:57Z
exp2_scaling,montecarlo,fine_lock,14,measured,12,73,0.737360,393024,393024,0.000000,"{""user_lock_acquisitions"": 500000}",2026-08-12T05:48:57Z
exp2_scaling,montecarlo,imp_threadlocal,14,measured,27,74,0.009952,393024,393024,0.000000,"{""user_lock_acquisitions"": 0}",2026-08-12T05:48:57Z
exp2_scaling,montecarlo,no_lock,14,measured,18,75,0.833532,45186,393024,88.502992,"{""user_lock_acquisitions"": 0}",2026-08-12T05:48:58Z
exp2_scaling,montecarlo,fp_reduce,14,measured,1,76,0.009946,393024,393024,0.000000,"{""user_lock_acquisitions"": 0}",2026-08-12T05:48:58Z
exp2_scaling,montecarlo,fp_reduce,14,measured,14,77,0.009755,393024,393024,0.000000,"{""user_lock_acquisitions"": 0}",2026-08-12T05:48:58Z
exp2_scaling,montecarlo,imp_threadlocal,14,measured,20,78,0.009992,393024,393024,0.000000,"{""user_lock_acquisitions"": 0}",2026-08-12T05:48:58Z
exp2_scaling,montecarlo,coarse_lock,14,measured,26,79,0.010218,393024,393024,0.000000,"{""user_lock_acquisitions"": 14}",2026-08-12T05:48:58Z
exp2_scaling,montecarlo,no_lock,14,measured,15,80,0.847991,45584,393024,88.401726,"{""user_lock_acquisitions"": 0}",2026-08-12T05:48:59Z
exp2_scaling,montecarlo,imp_threadlocal,14,measured,26,81,0.010071,393024,393024,0.000000,"{""user_lock_acquisitions"": 0}",2026-08-12T05:48:59Z
exp2_scaling,montecarlo,imp_threadlocal,14,measured,19,82,0.009805,393024,393024,0.000000,"{""user_lock_acquisitions"": 0}",2026-08-12T05:48:59Z
exp2_scaling,montecarlo,fp_reduce,14,measured,7,83,0.009650,393024,393024,0.000000,"{""user_lock_acquisitions"": 0}",2026-08-12T05:48:59Z
exp2_scaling,montecarlo,coarse_lock,14,measured,12,84,0.009575,393024,393024,0.000000,"{""user_lock_acquisitions"": 14}",2026-08-12T05:48:59Z
exp2_scaling,montecarlo,coarse_lock,14,measured,24,85,0.009793,393024,393024,0.000000,"{""user_lock_acquisitions"": 14}",2026-08-12T05:48:59Z
exp2_scaling,montecarlo,coarse_lock,14,measured,11,86,0.009987,393024,393024,0.000000,"{""user_lock_acquisitions"": 14}",2026-08-12T05:48:59Z
exp2_scaling,montecarlo,coarse_lock,14,measured,22,87,0.009867,393024,393024,0.000000,"{""user_lock_acquisitions"": 14}",2026-08-12T05:48:59Z
exp2_scaling,montecarlo,coarse_lock,14,measured,0,88,0.009548,393024,393024,0.000000,"{""user_lock_acquisitions"": 14}",2026-08-12T05:48:59Z
exp2_scaling,montecarlo,imp_threadlocal,14,measured,17,89,0.009562,393024,393024,0.000000,"{""user_lock_acquisitions"": 0}",2026-08-12T05:48:59Z
exp2_scaling,montecarlo,no_lock,14,measured,1,90,0.867625,45840,393024,88.336590,"{""user_lock_acquisitions"": 0}",2026-08-12T05:49:00Z
exp2_scaling,montecarlo,imp_threadlocal,14,measured,14,91,0.010398,393024,393024,0.000000,"{""user_lock_acquisitions"": 0}",2026-08-12T05:49:00Z
exp2_scaling,montecarlo,imp_threadlocal,14,measured,15,92,0.011096,393024,393024,0.000000,"{""user_lock_acquisitions"": 0}",2026-08-12T05:49:00Z
exp2_scaling,montecarlo,imp_threadlocal,14,measured,0,93,0.010120,393024,393024,0.000000,"{""user_lock_acquisitions"": 0}",2026-08-12T05:49:00Z
exp2_scaling,montecarlo,fp_reduce,14,measured,22,94,0.009952,393024,393024,0.000000,"{""user_lock_acquisitions"": 0}",2026-08-12T05:49:00Z
exp2_scaling,montecarlo,no_lock,14,measured,26,95,0.876240,45247,393024,88.487472,"{""user_lock_acquisitions"": 0}",2026-08-12T05:49:01Z
exp2_scaling,montecarlo,coarse_lock,14,measured,16,96,0.009897,393024,393024,0.000000,"{""user_lock_acquisitions"": 14}",2026-08-12T05:49:01Z
exp2_scaling,montecarlo,no_lock,14,measured,5,97,0.873459,44768,393024,88.609347,"{""user_lock_acquisitions"": 0}",2026-08-12T05:49:02Z
exp2_scaling,montecarlo,imp_threadlocal,14,measured,28,98,0.010059,393024,393024,0.000000,"{""user_lock_acquisitions"": 0}",2026-08-12T05:49:02Z
exp2_scaling,montecarlo,fine_lock,14,measured,23,99,0.740465,393024,393024,0.000000,"{""user_lock_acquisitions"": 500000}",2026-08-12T05:49:03Z
exp2_scaling,montecarlo,imp_threadlocal,14,measured,7,100,0.010159,393024,393024,0.000000,"{""user_lock_acquisitions"": 0}",2026-08-12T05:49:03Z
exp2_scaling,montecarlo,imp_threadlocal,14,measured,29,101,0.009939,393024,393024,0.000000,"{""user_lock_acquisitions"": 0}",2026-08-12T05:49:03Z
exp2_scaling,montecarlo,coarse_lock,14,measured,1,102,0.009911,393024,393024,0.000000,"{""user_lock_acquisitions"": 14}",2026-08-12T05:49:03Z
exp2_scaling,montecarlo,no_lock,14,measured,3,103,0.860095,45215,393024,88.495613,"{""user_lock_acquisitions"": 0}",2026-08-12T05:49:03Z
exp2_scaling,montecarlo,coarse_lock,14,measured,8,104,0.009936,393024,393024,0.000000,"{""user_lock_acquisitions"": 14}",2026-08-12T05:49:03Z
exp2_scaling,montecarlo,coarse_lock,14,measured,23,105,0.009947,393024,393024,0.000000,"{""user_lock_acquisitions"": 14}",2026-08-12T05:49:03Z
exp2_scaling,montecarlo,fp_reduce,14,measured,25,106,0.009594,393024,393024,0.000000,"{""user_lock_acquisitions"": 0}",2026-08-12T05:49:03Z
exp2_scaling,montecarlo,fp_reduce,14,measured,3,107,0.009735,393024,393024,0.000000,"{""user_lock_acquisitions"": 0}",2026-08-12T05:49:03Z
exp2_scaling,montecarlo,fine_lock,14,measured,24,108,0.721769,393024,393024,0.000000,"{""user_lock_acquisitions"": 500000}",2026-08-12T05:49:04Z
exp2_scaling,montecarlo,fine_lock,14,measured,3,109,0.727279,393024,393024,0.000000,"{""user_lock_acquisitions"": 500000}",2026-08-12T05:49:05Z
exp2_scaling,montecarlo,no_lock,14,measured,20,110,0.833508,45710,393024,88.369667,"{""user_lock_acquisitions"": 0}",2026-08-12T05:49:06Z
exp2_scaling,montecarlo,fine_lock,14,measured,9,111,0.715371,393024,393024,0.000000,"{""user_lock_acquisitions"": 500000}",2026-08-12T05:49:06Z
exp2_scaling,montecarlo,fine_lock,14,measured,21,112,0.733898,393024,393024,0.000000,"{""user_lock_acquisitions"": 500000}",2026-08-12T05:49:07Z
exp2_scaling,montecarlo,coarse_lock,14,measured,14,113,0.011077,393024,393024,0.000000,"{""user_lock_acquisitions"": 14}",2026-08-12T05:49:07Z
exp2_scaling,montecarlo,fine_lock,14,measured,4,114,0.869584,393024,393024,0.000000,"{""user_lock_acquisitions"": 500000}",2026-08-12T05:49:08Z
exp2_scaling,montecarlo,fp_reduce,14,measured,0,115,0.009929,393024,393024,0.000000,"{""user_lock_acquisitions"": 0}",2026-08-12T05:49:08Z
exp2_scaling,montecarlo,fp_reduce,14,measured,24,116,0.009766,393024,393024,0.000000,"{""user_lock_acquisitions"": 0}",2026-08-12T05:49:08Z
exp2_scaling,montecarlo,no_lock,14,measured,13,117,0.869836,45032,393024,88.542176,"{""user_lock_acquisitions"": 0}",2026-08-12T05:49:09Z
exp2_scaling,montecarlo,imp_threadlocal,14,measured,22,118,0.009958,393024,393024,0.000000,"{""user_lock_acquisitions"": 0}",2026-08-12T05:49:09Z
exp2_scaling,montecarlo,coarse_lock,14,measured,15,119,0.009779,393024,393024,0.000000,"{""user_lock_acquisitions"": 14}",2026-08-12T05:49:09Z
exp2_scaling,montecarlo,no_lock,14,measured,7,120,0.840070,45409,393024,88.446253,"{""user_lock_acquisitions"": 0}",2026-08-12T05:49:10Z
exp2_scaling,montecarlo,fp_reduce,14,measured,4,121,0.010072,393024,393024,0.000000,"{""user_lock_acquisitions"": 0}",2026-08-12T05:49:10Z
exp2_scaling,montecarlo,imp_threadlocal,14,measured,10,122,0.010044,393024,393024,0.000000,"{""user_lock_acquisitions"": 0}",2026-08-12T05:49:10Z
exp2_scaling,montecarlo,fp_reduce,14,measured,28,123,0.009761,393024,393024,0.000000,"{""user_lock_acquisitions"": 0}",2026-08-12T05:49:10Z
exp2_scaling,montecarlo,fp_reduce,14,measured,5,124,0.009948,393024,393024,0.000000,"{""user_lock_acquisitions"": 0}",2026-08-12T05:49:10Z
exp2_scaling,montecarlo,no_lock,14,measured,17,125,0.857750,45425,393024,88.442182,"{""user_lock_acquisitions"": 0}",2026-08-12T05:49:11Z
exp2_scaling,montecarlo,imp_threadlocal,14,measured,13,126,0.010139,393024,393024,0.000000,"{""user_lock_acquisitions"": 0}",2026-08-12T05:49:11Z
exp2_scaling,montecarlo,coarse_lock,14,measured,27,127,0.009829,393024,393024,0.000000,"{""user_lock_acquisitions"": 14}",2026-08-12T05:49:11Z
exp2_scaling,montecarlo,coarse_lock,14,measured,29,128,0.010045,393024,393024,0.000000,"{""user_lock_acquisitions"": 14}",2026-08-12T05:49:11Z
exp2_scaling,montecarlo,imp_threadlocal,14,measured,16,129,0.009659,393024,393024,0.000000,"{""user_lock_acquisitions"": 0}",2026-08-12T05:49:11Z
exp2_scaling,montecarlo,no_lock,14,measured,21,130,0.856297,45407,393024,88.446762,"{""user_lock_acquisitions"": 0}",2026-08-12T05:49:12Z
exp2_scaling,montecarlo,no_lock,14,measured,28,131,0.845280,45601,393024,88.397401,"{""user_lock_acquisitions"": 0}",2026-08-12T05:49:12Z
exp2_scaling,montecarlo,coarse_lock,14,measured,3,132,0.009955,393024,393024,0.000000,"{""user_lock_acquisitions"": 14}",2026-08-12T05:49:12Z
exp2_scaling,montecarlo,fine_lock,14,measured,5,133,0.726544,393024,393024,0.000000,"{""user_lock_acquisitions"": 500000}",2026-08-12T05:49:13Z
exp2_scaling,montecarlo,fine_lock,14,measured,20,134,0.713759,393024,393024,0.000000,"{""user_lock_acquisitions"": 500000}",2026-08-12T05:49:14Z
exp2_scaling,montecarlo,fine_lock,14,measured,8,135,0.717171,393024,393024,0.000000,"{""user_lock_acquisitions"": 500000}",2026-08-12T05:49:15Z
exp2_scaling,montecarlo,fp_reduce,14,measured,15,136,0.010058,393024,393024,0.000000,"{""user_lock_acquisitions"": 0}",2026-08-12T05:49:15Z
exp2_scaling,montecarlo,fine_lock,14,measured,26,137,0.720043,393024,393024,0.000000,"{""user_lock_acquisitions"": 500000}",2026-08-12T05:49:15Z
exp2_scaling,montecarlo,coarse_lock,14,measured,13,138,0.009959,393024,393024,0.000000,"{""user_lock_acquisitions"": 14}",2026-08-12T05:49:15Z
exp2_scaling,montecarlo,coarse_lock,14,measured,19,139,0.009808,393024,393024,0.000000,"{""user_lock_acquisitions"": 14}",2026-08-12T05:49:15Z
exp2_scaling,montecarlo,fp_reduce,14,measured,21,140,0.009571,393024,393024,0.000000,"{""user_lock_acquisitions"": 0}",2026-08-12T05:49:15Z
exp2_scaling,montecarlo,no_lock,14,measured,12,141,0.828838,45315,393024,88.470170,"{""user_lock_acquisitions"": 0}",2026-08-12T05:49:16Z
exp2_scaling,montecarlo,fp_reduce,14,measured,18,142,0.010287,393024,393024,0.000000,"{""user_lock_acquisitions"": 0}",2026-08-12T05:49:16Z
exp2_scaling,montecarlo,coarse_lock,14,measured,6,143,0.009753,393024,393024,0.000000,"{""user_lock_acquisitions"": 14}",2026-08-12T05:49:16Z
exp2_scaling,montecarlo,coarse_lock,14,measured,21,144,0.009690,393024,393024,0.000000,"{""user_lock_acquisitions"": 14}",2026-08-12T05:49:16Z
exp2_scaling,montecarlo,fine_lock,14,measured,22,145,0.738793,393024,393024,0.000000,"{""user_lock_acquisitions"": 500000}",2026-08-12T05:49:17Z
exp2_scaling,montecarlo,no_lock,14,measured,8,146,0.836916,46214,393024,88.241431,"{""user_lock_acquisitions"": 0}",2026-08-12T05:49:18Z
exp2_scaling,montecarlo,imp_threadlocal,14,measured,24,147,0.010098,393024,393024,0.000000,"{""user_lock_acquisitions"": 0}",2026-08-12T05:49:18Z
exp2_scaling,montecarlo,imp_threadlocal,14,measured,5,148,0.010012,393024,393024,0.000000,"{""user_lock_acquisitions"": 0}",2026-08-12T05:49:18Z
exp2_scaling,montecarlo,imp_threadlocal,14,measured,11,149,0.009806,393024,393024,0.000000,"{""user_lock_acquisitions"": 0}",2026-08-12T05:49:18Z
exp2_scaling,montecarlo,fine_lock,14,measured,16,150,0.738025,393024,393024,0.000000,"{""user_lock_acquisitions"": 500000}",2026-08-12T05:49:19Z
exp2_scaling,montecarlo,fine_lock,14,measured,7,151,0.729260,393024,393024,0.000000,"{""user_lock_acquisitions"": 500000}",2026-08-12T05:49:19Z
exp2_scaling,montecarlo,imp_threadlocal,14,measured,9,152,0.010120,393024,393024,0.000000,"{""user_lock_acquisitions"": 0}",2026-08-12T05:49:19Z
exp2_scaling,montecarlo,fine_lock,14,measured,19,153,0.728229,393024,393024,0.000000,"{""user_lock_acquisitions"": 500000}",2026-08-12T05:49:20Z
exp2_scaling,montecarlo,fp_reduce,14,measured,8,154,0.011415,393024,393024,0.000000,"{""user_lock_acquisitions"": 0}",2026-08-12T05:49:20Z
exp2_scaling,montecarlo,fp_reduce,14,measured,27,155,0.010982,393024,393024,0.000000,"{""user_lock_acquisitions"": 0}",2026-08-12T05:49:20Z
exp2_scaling,montecarlo,fp_reduce,14,measured,17,156,0.010652,393024,393024,0.000000,"{""user_lock_acquisitions"": 0}",2026-08-12T05:49:20Z
exp2_scaling,montecarlo,fine_lock,14,measured,15,157,0.765562,393024,393024,0.000000,"{""user_lock_acquisitions"": 500000}",2026-08-12T05:49:21Z
exp2_scaling,montecarlo,no_lock,14,measured,14,158,0.883484,44580,393024,88.657181,"{""user_lock_acquisitions"": 0}",2026-08-12T05:49:22Z
exp2_scaling,montecarlo,fine_lock,14,measured,1,159,0.738342,393024,393024,0.000000,"{""user_lock_acquisitions"": 500000}",2026-08-12T05:49:22Z
exp2_scaling,montecarlo,no_lock,14,measured,24,160,0.846931,46048,393024,88.283667,"{""user_lock_acquisitions"": 0}",2026-08-12T05:49:23Z
exp2_scaling,montecarlo,coarse_lock,14,measured,20,161,0.010313,393024,393024,0.000000,"{""user_lock_acquisitions"": 14}",2026-08-12T05:49:23Z
exp2_scaling,montecarlo,fine_lock,14,measured,27,162,0.741824,393024,393024,0.000000,"{""user_lock_acquisitions"": 500000}",2026-08-12T05:49:24Z
exp2_scaling,montecarlo,coarse_lock,14,measured,5,163,0.009972,393024,393024,0.000000,"{""user_lock_acquisitions"": 14}",2026-08-12T05:49:24Z
exp2_scaling,montecarlo,coarse_lock,14,measured,18,164,0.010220,393024,393024,0.000000,"{""user_lock_acquisitions"": 14}",2026-08-12T05:49:24Z
exp2_scaling,montecarlo,no_lock,16,warmup,1,0,1.102448,39233,392928,90.015219,"{""user_lock_acquisitions"": 0}",2026-08-12T05:49:25Z
exp2_scaling,montecarlo,imp_threadlocal,16,warmup,0,1,0.015256,392928,392928,0.000000,"{""user_lock_acquisitions"": 0}",2026-08-12T05:49:25Z
exp2_scaling,montecarlo,fine_lock,16,warmup,1,2,0.745595,392928,392928,0.000000,"{""user_lock_acquisitions"": 500000}",2026-08-12T05:49:26Z
exp2_scaling,montecarlo,fp_reduce,16,warmup,0,3,0.009331,392928,392928,0.000000,"{""user_lock_acquisitions"": 0}",2026-08-12T05:49:26Z
exp2_scaling,montecarlo,fine_lock,16,warmup,0,4,0.768854,392928,392928,0.000000,"{""user_lock_acquisitions"": 500000}",2026-08-12T05:49:27Z
exp2_scaling,montecarlo,no_lock,16,warmup,2,5,1.000561,38850,392928,90.112692,"{""user_lock_acquisitions"": 0}",2026-08-12T05:49:28Z
exp2_scaling,montecarlo,coarse_lock,16,warmup,1,6,0.009725,392928,392928,0.000000,"{""user_lock_acquisitions"": 16}",2026-08-12T05:49:28Z
exp2_scaling,montecarlo,no_lock,16,warmup,0,7,1.031551,39416,392928,89.968646,"{""user_lock_acquisitions"": 0}",2026-08-12T05:49:29Z
exp2_scaling,montecarlo,coarse_lock,16,warmup,2,8,0.009797,392928,392928,0.000000,"{""user_lock_acquisitions"": 16}",2026-08-12T05:49:29Z
exp2_scaling,montecarlo,imp_threadlocal,16,warmup,2,9,0.009477,392928,392928,0.000000,"{""user_lock_acquisitions"": 0}",2026-08-12T05:49:29Z
exp2_scaling,montecarlo,coarse_lock,16,warmup,0,10,0.009417,392928,392928,0.000000,"{""user_lock_acquisitions"": 16}",2026-08-12T05:49:29Z
exp2_scaling,montecarlo,fine_lock,16,warmup,2,11,0.754516,392928,392928,0.000000,"{""user_lock_acquisitions"": 500000}",2026-08-12T05:49:30Z
exp2_scaling,montecarlo,imp_threadlocal,16,warmup,1,12,0.009549,392928,392928,0.000000,"{""user_lock_acquisitions"": 0}",2026-08-12T05:49:30Z
exp2_scaling,montecarlo,fp_reduce,16,warmup,1,13,0.009169,392928,392928,0.000000,"{""user_lock_acquisitions"": 0}",2026-08-12T05:49:30Z
exp2_scaling,montecarlo,fp_reduce,16,warmup,2,14,0.009096,392928,392928,0.000000,"{""user_lock_acquisitions"": 0}",2026-08-12T05:49:30Z
exp2_scaling,montecarlo,coarse_lock,16,measured,10,15,0.009555,392928,392928,0.000000,"{""user_lock_acquisitions"": 16}",2026-08-12T05:49:30Z
exp2_scaling,montecarlo,no_lock,16,measured,22,16,1.175925,38700,392928,90.150867,"{""user_lock_acquisitions"": 0}",2026-08-12T05:49:31Z
exp2_scaling,montecarlo,no_lock,16,measured,11,17,1.034744,39396,392928,89.973736,"{""user_lock_acquisitions"": 0}",2026-08-12T05:49:32Z
exp2_scaling,montecarlo,fine_lock,16,measured,12,18,0.769226,392928,392928,0.000000,"{""user_lock_acquisitions"": 500000}",2026-08-12T05:49:33Z
exp2_scaling,montecarlo,fp_reduce,16,measured,10,19,0.009606,392928,392928,0.000000,"{""user_lock_acquisitions"": 0}",2026-08-12T05:49:33Z
exp2_scaling,montecarlo,imp_threadlocal,16,measured,14,20,0.011190,392928,392928,0.000000,"{""user_lock_acquisitions"": 0}",2026-08-12T05:49:33Z
exp2_scaling,montecarlo,fine_lock,16,measured,27,21,0.735802,392928,392928,0.000000,"{""user_lock_acquisitions"": 500000}",2026-08-12T05:49:33Z
exp2_scaling,montecarlo,imp_threadlocal,16,measured,6,22,0.009430,392928,392928,0.000000,"{""user_lock_acquisitions"": 0}",2026-08-12T05:49:33Z
exp2_scaling,montecarlo,fine_lock,16,measured,1,23,0.770020,392928,392928,0.000000,"{""user_lock_acquisitions"": 500000}",2026-08-12T05:49:34Z
exp2_scaling,montecarlo,fine_lock,16,measured,16,24,0.755015,392928,392928,0.000000,"{""user_lock_acquisitions"": 500000}",2026-08-12T05:49:35Z
exp2_scaling,montecarlo,fp_reduce,16,measured,23,25,0.009344,392928,392928,0.000000,"{""user_lock_acquisitions"": 0}",2026-08-12T05:49:35Z
exp2_scaling,montecarlo,no_lock,16,measured,27,26,1.014895,39471,392928,89.954648,"{""user_lock_acquisitions"": 0}",2026-08-12T05:49:36Z
exp2_scaling,montecarlo,fp_reduce,16,measured,16,27,0.009478,392928,392928,0.000000,"{""user_lock_acquisitions"": 0}",2026-08-12T05:49:36Z
exp2_scaling,montecarlo,no_lock,16,measured,13,28,1.035401,38621,392928,90.170973,"{""user_lock_acquisitions"": 0}",2026-08-12T05:49:37Z
exp2_scaling,montecarlo,coarse_lock,16,measured,24,29,0.009289,392928,392928,0.000000,"{""user_lock_acquisitions"": 16}",2026-08-12T05:49:37Z
exp2_scaling,montecarlo,coarse_lock,16,measured,3,30,0.009005,392928,392928,0.000000,"{""user_lock_acquisitions"": 16}",2026-08-12T05:49:37Z
exp2_scaling,montecarlo,coarse_lock,16,measured,29,31,0.009181,392928,392928,0.000000,"{""user_lock_acquisitions"": 16}",2026-08-12T05:49:37Z
exp2_scaling,montecarlo,imp_threadlocal,16,measured,17,32,0.009213,392928,392928,0.000000,"{""user_lock_acquisitions"": 0}",2026-08-12T05:49:37Z
exp2_scaling,montecarlo,coarse_lock,16,measured,5,33,0.009258,392928,392928,0.000000,"{""user_lock_acquisitions"": 16}",2026-08-12T05:49:37Z
exp2_scaling,montecarlo,coarse_lock,16,measured,23,34,0.009744,392928,392928,0.000000,"{""user_lock_acquisitions"": 16}",2026-08-12T05:49:37Z
exp2_scaling,montecarlo,imp_threadlocal,16,measured,13,35,0.009147,392928,392928,0.000000,"{""user_lock_acquisitions"": 0}",2026-08-12T05:49:37Z
exp2_scaling,montecarlo,coarse_lock,16,measured,9,36,0.009320,392928,392928,0.000000,"{""user_lock_acquisitions"": 16}",2026-08-12T05:49:37Z
exp2_scaling,montecarlo,coarse_lock,16,measured,22,37,0.009027,392928,392928,0.000000,"{""user_lock_acquisitions"": 16}",2026-08-12T05:49:37Z
exp2_scaling,montecarlo,coarse_lock,16,measured,21,38,0.009051,392928,392928,0.000000,"{""user_lock_acquisitions"": 16}",2026-08-12T05:49:37Z
exp2_scaling,montecarlo,coarse_lock,16,measured,6,39,0.008941,392928,392928,0.000000,"{""user_lock_acquisitions"": 16}",2026-08-12T05:49:37Z
exp2_scaling,montecarlo,imp_threadlocal,16,measured,7,40,0.009025,392928,392928,0.000000,"{""user_lock_acquisitions"": 0}",2026-08-12T05:49:37Z
exp2_scaling,montecarlo,fp_reduce,16,measured,6,41,0.009087,392928,392928,0.000000,"{""user_lock_acquisitions"": 0}",2026-08-12T05:49:37Z
exp2_scaling,montecarlo,fine_lock,16,measured,15,42,0.750048,392928,392928,0.000000,"{""user_lock_acquisitions"": 500000}",2026-08-12T05:49:38Z
exp2_scaling,montecarlo,fine_lock,16,measured,3,43,0.743050,392928,392928,0.000000,"{""user_lock_acquisitions"": 500000}",2026-08-12T05:49:39Z
exp2_scaling,montecarlo,no_lock,16,measured,28,44,1.008762,38185,392928,90.281935,"{""user_lock_acquisitions"": 0}",2026-08-12T05:49:40Z
exp2_scaling,montecarlo,imp_threadlocal,16,measured,18,45,0.009339,392928,392928,0.000000,"{""user_lock_acquisitions"": 0}",2026-08-12T05:49:40Z
exp2_scaling,montecarlo,fine_lock,16,measured,25,46,0.773095,392928,392928,0.000000,"{""user_lock_acquisitions"": 500000}",2026-08-12T05:49:40Z
exp2_scaling,montecarlo,fp_reduce,16,measured,19,47,0.009402,392928,392928,0.000000,"{""user_lock_acquisitions"": 0}",2026-08-12T05:49:40Z
exp2_scaling,montecarlo,no_lock,16,measured,2,48,1.001618,39218,392928,90.019037,"{""user_lock_acquisitions"": 0}",2026-08-12T05:49:41Z
exp2_scaling,montecarlo,no_lock,16,measured,26,49,1.187883,39103,392928,90.048304,"{""user_lock_acquisitions"": 0}",2026-08-12T05:49:43Z
exp2_scaling,montecarlo,no_lock,16,measured,25,50,1.006152,39578,392928,89.927417,"{""user_lock_acquisitions"": 0}",2026-08-12T05:49:44Z
exp2_scaling,montecarlo,no_lock,16,measured,0,51,1.022800,38500,392928,90.201767,"{""user_lock_acquisitions"": 0}",2026-08-12T05:49:45Z
exp2_scaling,montecarlo,fp_reduce,16,measured,7,52,0.009337,392928,392928,0.000000,"{""user_lock_acquisitions"": 0}",2026-08-12T05:49:45Z
exp2_scaling,montecarlo,fp_reduce,16,measured,9,53,0.009223,392928,392928,0.000000,"{""user_lock_acquisitions"": 0}",2026-08-12T05:49:45Z
exp2_scaling,montecarlo,imp_threadlocal,16,measured,1,54,0.009305,392928,392928,0.000000,"{""user_lock_acquisitions"": 0}",2026-08-12T05:49:45Z
exp2_scaling,montecarlo,fine_lock,16,measured,4,55,0.763779,392928,392928,0.000000,"{""user_lock_acquisitions"": 500000}",2026-08-12T05:49:45Z
exp2_scaling,montecarlo,fp_reduce,16,measured,11,56,0.009207,392928,392928,0.000000,"{""user_lock_acquisitions"": 0}",2026-08-12T05:49:45Z
exp2_scaling,montecarlo,coarse_lock,16,measured,2,57,0.009363,392928,392928,0.000000,"{""user_lock_acquisitions"": 16}",2026-08-12T05:49:45Z
exp2_scaling,montecarlo,coarse_lock,16,measured,26,58,0.009313,392928,392928,0.000000,"{""user_lock_acquisitions"": 16}",2026-08-12T05:49:45Z
exp2_scaling,montecarlo,no_lock,16,measured,12,59,1.002722,38887,392928,90.103276,"{""user_lock_acquisitions"": 0}",2026-08-12T05:49:46Z
exp2_scaling,montecarlo,fine_lock,16,measured,8,60,0.734818,392928,392928,0.000000,"{""user_lock_acquisitions"": 500000}",2026-08-12T05:49:47Z
exp2_scaling,montecarlo,fp_reduce,16,measured,18,61,0.009728,392928,392928,0.000000,"{""user_lock_acquisitions"": 0}",2026-08-12T05:49:47Z
exp2_scaling,montecarlo,fine_lock,16,measured,26,62,0.723050,392928,392928,0.000000,"{""user_lock_acquisitions"": 500000}",2026-08-12T05:49:48Z
exp2_scaling,montecarlo,fp_reduce,16,measured,3,63,0.009245,392928,392928,0.000000,"{""user_lock_acquisitions"": 0}",2026-08-12T05:49:48Z
exp2_scaling,montecarlo,no_lock,16,measured,3,64,0.987380,38922,392928,90.094368,"{""user_lock_acquisitions"": 0}",2026-08-12T05:49:49Z
exp2_scaling,montecarlo,imp_threadlocal,16,measured,23,65,0.009316,392928,392928,0.000000,"{""user_lock_acquisitions"": 0}",2026-08-12T05:49:49Z
exp2_scaling,montecarlo,imp_threadlocal,16,measured,12,66,0.009052,392928,392928,0.000000,"{""user_lock_acquisitions"": 0}",2026-08-12T05:49:49Z
exp2_scaling,montecarlo,fine_lock,16,measured,21,67,0.740268,392928,392928,0.000000,"{""user_lock_acquisitions"": 500000}",2026-08-12T05:49:50Z
exp2_scaling,montecarlo,no_lock,16,measured,19,68,1.017920,40076,392928,89.800676,"{""user_lock_acquisitions"": 0}",2026-08-12T05:49:51Z
exp2_scaling,montecarlo,coarse_lock,16,measured,20,69,0.009382,392928,392928,0.000000,"{""user_lock_acquisitions"": 16}",2026-08-12T05:49:51Z
exp2_scaling,montecarlo,fp_reduce,16,measured,26,70,0.009023,392928,392928,0.000000,"{""user_lock_acquisitions"": 0}",2026-08-12T05:49:51Z
exp2_scaling,montecarlo,imp_threadlocal,16,measured,29,71,0.009669,392928,392928,0.000000,"{""user_lock_acquisitions"": 0}",2026-08-12T05:49:51Z
exp2_scaling,montecarlo,no_lock,16,measured,7,72,1.020388,38180,392928,90.283207,"{""user_lock_acquisitions"": 0}",2026-08-12T05:49:52Z
exp2_scaling,montecarlo,coarse_lock,16,measured,17,73,0.009296,392928,392928,0.000000,"{""user_lock_acquisitions"": 16}",2026-08-12T05:49:52Z
exp2_scaling,montecarlo,fine_lock,16,measured,23,74,0.736879,392928,392928,0.000000,"{""user_lock_acquisitions"": 500000}",2026-08-12T05:49:52Z
exp2_scaling,montecarlo,coarse_lock,16,measured,15,75,0.009460,392928,392928,0.000000,"{""user_lock_acquisitions"": 16}",2026-08-12T05:49:52Z
exp2_scaling,montecarlo,no_lock,16,measured,20,76,1.024990,38909,392928,90.097677,"{""user_lock_acquisitions"": 0}",2026-08-12T05:49:53Z
exp2_scaling,montecarlo,imp_threadlocal,16,measured,0,77,0.009217,392928,392928,0.000000,"{""user_lock_acquisitions"": 0}",2026-08-12T05:49:54Z
exp2_scaling,montecarlo,coarse_lock,16,measured,1,78,0.009104,392928,392928,0.000000,"{""user_lock_acquisitions"": 16}",2026-08-12T05:49:54Z
exp2_scaling,montecarlo,fp_reduce,16,measured,0,79,0.009627,392928,392928,0.000000,"{""user_lock_acquisitions"": 0}",2026-08-12T05:49:54Z
exp2_scaling,montecarlo,no_lock,16,measured,23,80,1.002209,38681,392928,90.155703,"{""user_lock_acquisitions"": 0}",2026-08-12T05:49:55Z
exp2_scaling,montecarlo,imp_threadlocal,16,measured,5,81,0.009513,392928,392928,0.000000,"{""user_lock_acquisitions"": 0}",2026-08-12T05:49:55Z
exp2_scaling,montecarlo,fp_reduce,16,measured,24,82,0.009087,392928,392928,0.000000,"{""user_lock_acquisitions"": 0}",2026-08-12T05:49:55Z
exp2_scaling,montecarlo,no_lock,16,measured,21,83,1.025233,38749,392928,90.138397,"{""user_lock_acquisitions"": 0}",2026-08-12T05:49:56Z
exp2_scaling,montecarlo,fine_lock,16,measured,10,84,0.758047,392928,392928,0.000000,"{""user_lock_acquisitions"": 500000}",2026-08-12T05:49:56Z
exp2_scaling,montecarlo,imp_threadlocal,16,measured,20,85,0.009285,392928,392928,0.000000,"{""user_lock_acquisitions"": 0}",2026-08-12T05:49:56Z
exp2_scaling,montecarlo,imp_threadlocal,16,measured,10,86,0.009049,392928,392928,0.000000,"{""user_lock_acquisitions"": 0}",2026-08-12T05:49:56Z
exp2_scaling,montecarlo,fine_lock,16,measured,2,87,0.729815,392928,392928,0.000000,"{""user_lock_acquisitions"": 500000}",2026-08-12T05:49:57Z
exp2_scaling,montecarlo,coarse_lock,16,measured,27,88,0.009078,392928,392928,0.000000,"{""user_lock_acquisitions"": 16}",2026-08-12T05:49:57Z
exp2_scaling,montecarlo,no_lock,16,measured,5,89,0.993041,38695,392928,90.152140,"{""user_lock_acquisitions"": 0}",2026-08-12T05:49:58Z
exp2_scaling,montecarlo,imp_threadlocal,16,measured,4,90,0.009184,392928,392928,0.000000,"{""user_lock_acquisitions"": 0}",2026-08-12T05:49:58Z
exp2_scaling,montecarlo,fine_lock,16,measured,17,91,0.751560,392928,392928,0.000000,"{""user_lock_acquisitions"": 500000}",2026-08-12T05:49:59Z
exp2_scaling,montecarlo,no_lock,16,measured,15,92,1.015434,38257,392928,90.263611,"{""user_lock_acquisitions"": 0}",2026-08-12T05:50:00Z
exp2_scaling,montecarlo,fp_reduce,16,measured,13,93,0.009316,392928,392928,0.000000,"{""user_lock_acquisitions"": 0}",2026-08-12T05:50:00Z
exp2_scaling,montecarlo,fine_lock,16,measured,22,94,0.722652,392928,392928,0.000000,"{""user_lock_acquisitions"": 500000}",2026-08-12T05:50:01Z
exp2_scaling,montecarlo,fp_reduce,16,measured,5,95,0.009109,392928,392928,0.000000,"{""user_lock_acquisitions"": 0}",2026-08-12T05:50:01Z
exp2_scaling,montecarlo,imp_threadlocal,16,measured,25,96,0.008898,392928,392928,0.000000,"{""user_lock_acquisitions"": 0}",2026-08-12T05:50:01Z
exp2_scaling,montecarlo,fp_reduce,16,measured,12,97,0.008926,392928,392928,0.000000,"{""user_lock_acquisitions"": 0}",2026-08-12T05:50:01Z
exp2_scaling,montecarlo,coarse_lock,16,measured,16,98,0.009119,392928,392928,0.000000,"{""user_lock_acquisitions"": 16}",2026-08-12T05:50:01Z
exp2_scaling,montecarlo,coarse_lock,16,measured,0,99,0.008852,392928,392928,0.000000,"{""user_lock_acquisitions"": 16}",2026-08-12T05:50:01Z
exp2_scaling,montecarlo,no_lock,16,measured,8,100,1.028332,38396,392928,90.228235,"{""user_lock_acquisitions"": 0}",2026-08-12T05:50:02Z
exp2_scaling,montecarlo,fp_reduce,16,measured,27,101,0.009207,392928,392928,0.000000,"{""user_lock_acquisitions"": 0}",2026-08-12T05:50:02Z
exp2_scaling,montecarlo,fp_reduce,16,measured,20,102,0.009037,392928,392928,0.000000,"{""user_lock_acquisitions"": 0}",2026-08-12T05:50:02Z
exp2_scaling,montecarlo,no_lock,16,measured,10,103,1.000978,38590,392928,90.178862,"{""user_lock_acquisitions"": 0}",2026-08-12T05:50:03Z
exp2_scaling,montecarlo,fine_lock,16,measured,19,104,0.720010,392928,392928,0.000000,"{""user_lock_acquisitions"": 500000}",2026-08-12T05:50:03Z
exp2_scaling,montecarlo,coarse_lock,16,measured,7,105,0.009193,392928,392928,0.000000,"{""user_lock_acquisitions"": 16}",2026-08-12T05:50:03Z
exp2_scaling,montecarlo,fine_lock,16,measured,13,106,0.745159,392928,392928,0.000000,"{""user_lock_acquisitions"": 500000}",2026-08-12T05:50:04Z
exp2_scaling,montecarlo,no_lock,16,measured,16,107,0.998121,38593,392928,90.178099,"{""user_lock_acquisitions"": 0}",2026-08-12T05:50:05Z
exp2_scaling,montecarlo,coarse_lock,16,measured,4,108,0.010111,392928,392928,0.000000,"{""user_lock_acquisitions"": 16}",2026-08-12T05:50:05Z
exp2_scaling,montecarlo,imp_threadlocal,16,measured,21,109,0.009166,392928,392928,0.000000,"{""user_lock_acquisitions"": 0}",2026-08-12T05:50:05Z
exp2_scaling,montecarlo,imp_threadlocal,16,measured,26,110,0.008905,392928,392928,0.000000,"{""user_lock_acquisitions"": 0}",2026-08-12T05:50:05Z
exp2_scaling,montecarlo,fine_lock,16,measured,5,111,0.750190,392928,392928,0.000000,"{""user_lock_acquisitions"": 500000}",2026-08-12T05:50:06Z
exp2_scaling,montecarlo,imp_threadlocal,16,measured,16,112,0.009313,392928,392928,0.000000,"{""user_lock_acquisitions"": 0}",2026-08-12T05:50:06Z
exp2_scaling,montecarlo,imp_threadlocal,16,measured,28,113,0.009188,392928,392928,0.000000,"{""user_lock_acquisitions"": 0}",2026-08-12T05:50:06Z
exp2_scaling,montecarlo,fine_lock,16,measured,14,114,0.724361,392928,392928,0.000000,"{""user_lock_acquisitions"": 500000}",2026-08-12T05:50:07Z
exp2_scaling,montecarlo,no_lock,16,measured,6,115,1.021021,37990,392928,90.331562,"{""user_lock_acquisitions"": 0}",2026-08-12T05:50:08Z
exp2_scaling,montecarlo,no_lock,16,measured,24,116,1.003466,39140,392928,90.038888,"{""user_lock_acquisitions"": 0}",2026-08-12T05:50:09Z
exp2_scaling,montecarlo,no_lock,16,measured,14,117,0.997490,39230,392928,90.015983,"{""user_lock_acquisitions"": 0}",2026-08-12T05:50:10Z
exp2_scaling,montecarlo,no_lock,16,measured,1,118,0.993865,39344,392928,89.986970,"{""user_lock_acquisitions"": 0}",2026-08-12T05:50:11Z
exp2_scaling,montecarlo,fp_reduce,16,measured,8,119,0.009312,392928,392928,0.000000,"{""user_lock_acquisitions"": 0}",2026-08-12T05:50:11Z
exp2_scaling,montecarlo,coarse_lock,16,measured,13,120,0.009070,392928,392928,0.000000,"{""user_lock_acquisitions"": 16}",2026-08-12T05:50:11Z
exp2_scaling,montecarlo,imp_threadlocal,16,measured,15,121,0.008983,392928,392928,0.000000,"{""user_lock_acquisitions"": 0}",2026-08-12T05:50:11Z
exp2_scaling,montecarlo,imp_threadlocal,16,measured,2,122,0.008939,392928,392928,0.000000,"{""user_lock_acquisitions"": 0}",2026-08-12T05:50:11Z
exp2_scaling,montecarlo,coarse_lock,16,measured,28,123,0.008957,392928,392928,0.000000,"{""user_lock_acquisitions"": 16}",2026-08-12T05:50:11Z
exp2_scaling,montecarlo,fp_reduce,16,measured,15,124,0.009266,392928,392928,0.000000,"{""user_lock_acquisitions"": 0}",2026-08-12T05:50:11Z
exp2_scaling,montecarlo,coarse_lock,16,measured,19,125,0.009213,392928,392928,0.000000,"{""user_lock_acquisitions"": 16}",2026-08-12T05:50:11Z
exp2_scaling,montecarlo,coarse_lock,16,measured,12,126,0.009096,392928,392928,0.000000,"{""user_lock_acquisitions"": 16}",2026-08-12T05:50:11Z
exp2_scaling,montecarlo,fine_lock,16,measured,7,127,0.758317,392928,392928,0.000000,"{""user_lock_acquisitions"": 500000}",2026-08-12T05:50:12Z
exp2_scaling,montecarlo,coarse_lock,16,measured,11,128,0.009284,392928,392928,0.000000,"{""user_lock_acquisitions"": 16}",2026-08-12T05:50:12Z
exp2_scaling,montecarlo,fine_lock,16,measured,11,129,0.732076,392928,392928,0.000000,"{""user_lock_acquisitions"": 500000}",2026-08-12T05:50:12Z
exp2_scaling,montecarlo,fp_reduce,16,measured,1,130,0.009507,392928,392928,0.000000,"{""user_lock_acquisitions"": 0}",2026-08-12T05:50:12Z
exp2_scaling,montecarlo,fp_reduce,16,measured,21,131,0.009122,392928,392928,0.000000,"{""user_lock_acquisitions"": 0}",2026-08-12T05:50:12Z
exp2_scaling,montecarlo,fine_lock,16,measured,9,132,0.748275,392928,392928,0.000000,"{""user_lock_acquisitions"": 500000}",2026-08-12T05:50:13Z
exp2_scaling,montecarlo,fp_reduce,16,measured,14,133,0.009273,392928,392928,0.000000,"{""user_lock_acquisitions"": 0}",2026-08-12T05:50:13Z
exp2_scaling,montecarlo,coarse_lock,16,measured,18,134,0.008885,392928,392928,0.000000,"{""user_lock_acquisitions"": 16}",2026-08-12T05:50:13Z
exp2_scaling,montecarlo,imp_threadlocal,16,measured,19,135,0.009146,392928,392928,0.000000,"{""user_lock_acquisitions"": 0}",2026-08-12T05:50:13Z
exp2_scaling,montecarlo,fp_reduce,16,measured,4,136,0.008825,392928,392928,0.000000,"{""user_lock_acquisitions"": 0}",2026-08-12T05:50:13Z
exp2_scaling,montecarlo,fine_lock,16,measured,18,137,0.729817,392928,392928,0.000000,"{""user_lock_acquisitions"": 500000}",2026-08-12T05:50:14Z
exp2_scaling,montecarlo,no_lock,16,measured,17,138,1.039235,38615,392928,90.172500,"{""user_lock_acquisitions"": 0}",2026-08-12T05:50:15Z
exp2_scaling,montecarlo,fp_reduce,16,measured,2,139,0.009280,392928,392928,0.000000,"{""user_lock_acquisitions"": 0}",2026-08-12T05:50:15Z
exp2_scaling,montecarlo,fine_lock,16,measured,20,140,0.732948,392928,392928,0.000000,"{""user_lock_acquisitions"": 500000}",2026-08-12T05:50:16Z
exp2_scaling,montecarlo,no_lock,16,measured,9,141,0.997875,38514,392928,90.198204,"{""user_lock_acquisitions"": 0}",2026-08-12T05:50:17Z
exp2_scaling,montecarlo,fp_reduce,16,measured,22,142,0.009317,392928,392928,0.000000,"{""user_lock_acquisitions"": 0}",2026-08-12T05:50:17Z
exp2_scaling,montecarlo,imp_threadlocal,16,measured,3,143,0.009059,392928,392928,0.000000,"{""user_lock_acquisitions"": 0}",2026-08-12T05:50:17Z
exp2_scaling,montecarlo,imp_threadlocal,16,measured,27,144,0.008945,392928,392928,0.000000,"{""user_lock_acquisitions"": 0}",2026-08-12T05:50:17Z
exp2_scaling,montecarlo,imp_threadlocal,16,measured,9,145,0.008941,392928,392928,0.000000,"{""user_lock_acquisitions"": 0}",2026-08-12T05:50:17Z
exp2_scaling,montecarlo,no_lock,16,measured,29,146,1.141509,39310,392928,89.995623,"{""user_lock_acquisitions"": 0}",2026-08-12T05:50:18Z
exp2_scaling,montecarlo,no_lock,16,measured,18,147,1.012312,38757,392928,90.136361,"{""user_lock_acquisitions"": 0}",2026-08-12T05:50:19Z
exp2_scaling,montecarlo,imp_threadlocal,16,measured,24,148,0.009487,392928,392928,0.000000,"{""user_lock_acquisitions"": 0}",2026-08-12T05:50:19Z
exp2_scaling,montecarlo,fp_reduce,16,measured,25,149,0.008946,392928,392928,0.000000,"{""user_lock_acquisitions"": 0}",2026-08-12T05:50:19Z
exp2_scaling,montecarlo,no_lock,16,measured,4,150,0.996692,38993,392928,90.076299,"{""user_lock_acquisitions"": 0}",2026-08-12T05:50:20Z
exp2_scaling,montecarlo,fine_lock,16,measured,6,151,0.727438,392928,392928,0.000000,"{""user_lock_acquisitions"": 500000}",2026-08-12T05:50:21Z
exp2_scaling,montecarlo,fine_lock,16,measured,0,152,0.710100,392928,392928,0.000000,"{""user_lock_acquisitions"": 500000}",2026-08-12T05:50:21Z
exp2_scaling,montecarlo,imp_threadlocal,16,measured,11,153,0.009249,392928,392928,0.000000,"{""user_lock_acquisitions"": 0}",2026-08-12T05:50:21Z
exp2_scaling,montecarlo,coarse_lock,16,measured,14,154,0.008985,392928,392928,0.000000,"{""user_lock_acquisitions"": 16}",2026-08-12T05:50:21Z
exp2_scaling,montecarlo,coarse_lock,16,measured,8,155,0.008777,392928,392928,0.000000,"{""user_lock_acquisitions"": 16}",2026-08-12T05:50:21Z
exp2_scaling,montecarlo,coarse_lock,16,measured,25,156,0.008828,392928,392928,0.000000,"{""user_lock_acquisitions"": 16}",2026-08-12T05:50:21Z
exp2_scaling,montecarlo,imp_threadlocal,16,measured,22,157,0.008842,392928,392928,0.000000,"{""user_lock_acquisitions"": 0}",2026-08-12T05:50:21Z
exp2_scaling,montecarlo,fine_lock,16,measured,28,158,0.729382,392928,392928,0.000000,"{""user_lock_acquisitions"": 500000}",2026-08-12T05:50:22Z
exp2_scaling,montecarlo,imp_threadlocal,16,measured,8,159,0.009299,392928,392928,0.000000,"{""user_lock_acquisitions"": 0}",2026-08-12T05:50:22Z
exp2_scaling,montecarlo,fp_reduce,16,measured,28,160,0.009298,392928,392928,0.000000,"{""user_lock_acquisitions"": 0}",2026-08-12T05:50:22Z
exp2_scaling,montecarlo,fp_reduce,16,measured,29,161,0.009229,392928,392928,0.000000,"{""user_lock_acquisitions"": 0}",2026-08-12T05:50:22Z
exp2_scaling,montecarlo,fine_lock,16,measured,29,162,0.727734,392928,392928,0.000000,"{""user_lock_acquisitions"": 500000}",2026-08-12T05:50:23Z
exp2_scaling,montecarlo,fine_lock,16,measured,24,163,0.716037,392928,392928,0.000000,"{""user_lock_acquisitions"": 500000}",2026-08-12T05:50:23Z
exp2_scaling,montecarlo,fp_reduce,16,measured,17,164,0.009418,392928,392928,0.000000,"{""user_lock_acquisitions"": 0}",2026-08-12T05:50:23Z
exp2_scaling,montecarlo,fp_reduce,1,verify,0,0,0.110182,392695,392695,0.000000,"{""user_lock_acquisitions"": 0}",2026-08-12T05:50:24Z
exp2_scaling,montecarlo,imp_threadlocal,1,verify,0,1,0.109742,392695,392695,0.000000,"{""user_lock_acquisitions"": 0}",2026-08-12T05:50:24Z
exp2_scaling,montecarlo,coarse_lock,1,verify,0,2,0.109746,392695,392695,0.000000,"{""user_lock_acquisitions"": 1, ""measured_lock_acquisitions"": 1}",2026-08-12T05:50:24Z
exp2_scaling,montecarlo,fine_lock,1,verify,0,3,0.264876,392695,392695,0.000000,"{""user_lock_acquisitions"": 500000, ""measured_lock_acquisitions"": 500000}",2026-08-12T05:50:24Z
exp2_scaling,montecarlo,no_lock,1,verify,0,4,0.139741,392695,392695,0.000000,"{""user_lock_acquisitions"": 0}",2026-08-12T05:50:24Z
exp2_scaling,montecarlo,fp_reduce,2,verify,0,0,0.055568,392878,392878,0.000000,"{""user_lock_acquisitions"": 0}",2026-08-12T05:50:24Z
exp2_scaling,montecarlo,imp_threadlocal,2,verify,0,1,0.055520,392878,392878,0.000000,"{""user_lock_acquisitions"": 0}",2026-08-12T05:50:24Z
exp2_scaling,montecarlo,coarse_lock,2,verify,0,2,0.055520,392878,392878,0.000000,"{""user_lock_acquisitions"": 2, ""measured_lock_acquisitions"": 2}",2026-08-12T05:50:24Z
exp2_scaling,montecarlo,fine_lock,2,verify,0,3,0.298936,392878,392878,0.000000,"{""user_lock_acquisitions"": 500000, ""measured_lock_acquisitions"": 500000}",2026-08-12T05:50:25Z
exp2_scaling,montecarlo,no_lock,2,verify,0,4,0.194756,249734,392878,36.434720,"{""user_lock_acquisitions"": 0}",2026-08-12T05:50:25Z
exp2_scaling,montecarlo,fp_reduce,4,verify,0,0,0.028329,392589,392589,0.000000,"{""user_lock_acquisitions"": 0}",2026-08-12T05:50:25Z
exp2_scaling,montecarlo,imp_threadlocal,4,verify,0,1,0.028126,392589,392589,0.000000,"{""user_lock_acquisitions"": 0}",2026-08-12T05:50:25Z
exp2_scaling,montecarlo,coarse_lock,4,verify,0,2,0.028042,392589,392589,0.000000,"{""user_lock_acquisitions"": 4, ""measured_lock_acquisitions"": 4}",2026-08-12T05:50:25Z
exp2_scaling,montecarlo,fine_lock,4,verify,0,3,0.393878,392589,392589,0.000000,"{""user_lock_acquisitions"": 500000, ""measured_lock_acquisitions"": 500000}",2026-08-12T05:50:25Z
exp2_scaling,montecarlo,no_lock,4,verify,0,4,0.233316,125172,392589,68.116274,"{""user_lock_acquisitions"": 0}",2026-08-12T05:50:26Z
exp2_scaling,montecarlo,fp_reduce,6,verify,0,0,0.019542,392563,392563,0.000000,"{""user_lock_acquisitions"": 0}",2026-08-12T05:50:26Z
exp2_scaling,montecarlo,imp_threadlocal,6,verify,0,1,0.019253,392563,392563,0.000000,"{""user_lock_acquisitions"": 0}",2026-08-12T05:50:26Z
exp2_scaling,montecarlo,coarse_lock,6,verify,0,2,0.019251,392563,392563,0.000000,"{""user_lock_acquisitions"": 6, ""measured_lock_acquisitions"": 6}",2026-08-12T05:50:26Z
exp2_scaling,montecarlo,fine_lock,6,verify,0,3,0.580463,392563,392563,0.000000,"{""user_lock_acquisitions"": 500000, ""measured_lock_acquisitions"": 500000}",2026-08-12T05:50:26Z
exp2_scaling,montecarlo,no_lock,6,verify,0,4,0.291263,89280,392563,77.257154,"{""user_lock_acquisitions"": 0}",2026-08-12T05:50:27Z
exp2_scaling,montecarlo,fp_reduce,8,verify,0,0,0.015370,392576,392576,0.000000,"{""user_lock_acquisitions"": 0}",2026-08-12T05:50:27Z
exp2_scaling,montecarlo,imp_threadlocal,8,verify,0,1,0.015085,392576,392576,0.000000,"{""user_lock_acquisitions"": 0}",2026-08-12T05:50:27Z
exp2_scaling,montecarlo,coarse_lock,8,verify,0,2,0.015095,392576,392576,0.000000,"{""user_lock_acquisitions"": 8, ""measured_lock_acquisitions"": 8}",2026-08-12T05:50:27Z
exp2_scaling,montecarlo,fine_lock,8,verify,0,3,0.754679,392576,392576,0.000000,"{""user_lock_acquisitions"": 500000, ""measured_lock_acquisitions"": 500000}",2026-08-12T05:50:27Z
exp2_scaling,montecarlo,no_lock,8,verify,0,4,0.394932,76018,392576,80.636106,"{""user_lock_acquisitions"": 0}",2026-08-12T05:50:28Z
exp2_scaling,montecarlo,fp_reduce,10,verify,0,0,0.012901,392947,392947,0.000000,"{""user_lock_acquisitions"": 0}",2026-08-12T05:50:28Z
exp2_scaling,montecarlo,imp_threadlocal,10,verify,0,1,0.012420,392947,392947,0.000000,"{""user_lock_acquisitions"": 0}",2026-08-12T05:50:28Z
exp2_scaling,montecarlo,coarse_lock,10,verify,0,2,0.012304,392947,392947,0.000000,"{""user_lock_acquisitions"": 10, ""measured_lock_acquisitions"": 10}",2026-08-12T05:50:28Z
exp2_scaling,montecarlo,fine_lock,10,verify,0,3,0.821963,392947,392947,0.000000,"{""user_lock_acquisitions"": 500000, ""measured_lock_acquisitions"": 500000}",2026-08-12T05:50:29Z
exp2_scaling,montecarlo,no_lock,10,verify,0,4,0.539346,64064,392947,83.696529,"{""user_lock_acquisitions"": 0}",2026-08-12T05:50:29Z
exp2_scaling,montecarlo,fp_reduce,12,verify,0,0,0.011318,392989,392989,0.000000,"{""user_lock_acquisitions"": 0}",2026-08-12T05:50:29Z
exp2_scaling,montecarlo,imp_threadlocal,12,verify,0,1,0.010836,392989,392989,0.000000,"{""user_lock_acquisitions"": 0}",2026-08-12T05:50:29Z
exp2_scaling,montecarlo,coarse_lock,12,verify,0,2,0.010719,392989,392989,0.000000,"{""user_lock_acquisitions"": 12, ""measured_lock_acquisitions"": 12}",2026-08-12T05:50:29Z
exp2_scaling,montecarlo,fine_lock,12,verify,0,3,0.798154,392989,392989,0.000000,"{""user_lock_acquisitions"": 500000, ""measured_lock_acquisitions"": 500000}",2026-08-12T05:50:30Z
exp2_scaling,montecarlo,no_lock,12,verify,0,4,0.684362,53766,392989,86.318701,"{""user_lock_acquisitions"": 0}",2026-08-12T05:50:31Z
exp2_scaling,montecarlo,fp_reduce,14,verify,0,0,0.010019,393024,393024,0.000000,"{""user_lock_acquisitions"": 0}",2026-08-12T05:50:31Z
exp2_scaling,montecarlo,imp_threadlocal,14,verify,0,1,0.009704,393024,393024,0.000000,"{""user_lock_acquisitions"": 0}",2026-08-12T05:50:31Z
exp2_scaling,montecarlo,coarse_lock,14,verify,0,2,0.009528,393024,393024,0.000000,"{""user_lock_acquisitions"": 14, ""measured_lock_acquisitions"": 14}",2026-08-12T05:50:31Z
exp2_scaling,montecarlo,fine_lock,14,verify,0,3,0.825888,393024,393024,0.000000,"{""user_lock_acquisitions"": 500000, ""measured_lock_acquisitions"": 500000}",2026-08-12T05:50:31Z
exp2_scaling,montecarlo,no_lock,14,verify,0,4,0.843962,45384,393024,88.452614,"{""user_lock_acquisitions"": 0}",2026-08-12T05:50:32Z
exp2_scaling,montecarlo,fp_reduce,16,verify,0,0,0.009230,392928,392928,0.000000,"{""user_lock_acquisitions"": 0}",2026-08-12T05:50:32Z
exp2_scaling,montecarlo,imp_threadlocal,16,verify,0,1,0.009022,392928,392928,0.000000,"{""user_lock_acquisitions"": 0}",2026-08-12T05:50:32Z
exp2_scaling,montecarlo,coarse_lock,16,verify,0,2,0.009174,392928,392928,0.000000,"{""user_lock_acquisitions"": 16, ""measured_lock_acquisitions"": 16}",2026-08-12T05:50:32Z
exp2_scaling,montecarlo,fine_lock,16,verify,0,3,0.797872,392928,392928,0.000000,"{""user_lock_acquisitions"": 500000, ""measured_lock_acquisitions"": 500000}",2026-08-12T05:50:33Z
exp2_scaling,montecarlo,no_lock,16,verify,0,4,1.031942,38487,392928,90.205076,"{""user_lock_acquisitions"": 0}",2026-08-12T05:50:34Z
exp2_scaling,montecarlo,fp_reduce,1,memory,0,0,0.585847,392695,392695,0.000000,"{""user_lock_acquisitions"": 0, ""tracemalloc_peak_bytes"": 96277}",2026-08-12T05:50:35Z
exp2_scaling,montecarlo,imp_threadlocal,1,memory,0,1,0.579095,392695,392695,0.000000,"{""user_lock_acquisitions"": 0, ""tracemalloc_peak_bytes"": 92539}",2026-08-12T05:50:35Z
exp2_scaling,montecarlo,coarse_lock,1,memory,0,2,0.594424,392695,392695,0.000000,"{""user_lock_acquisitions"": 1, ""tracemalloc_peak_bytes"": 92759}",2026-08-12T05:50:36Z
exp2_scaling,montecarlo,fine_lock,1,memory,0,3,0.905595,392695,392695,0.000000,"{""user_lock_acquisitions"": 500000, ""tracemalloc_peak_bytes"": 92293}",2026-08-12T05:50:37Z
exp2_scaling,montecarlo,no_lock,1,memory,0,4,0.709792,392695,392695,0.000000,"{""user_lock_acquisitions"": 0, ""tracemalloc_peak_bytes"": 96451}",2026-08-12T05:50:38Z
exp2_scaling,montecarlo,fp_reduce,2,memory,0,0,0.700531,392878,392878,0.000000,"{""user_lock_acquisitions"": 0, ""tracemalloc_peak_bytes"": 182655}",2026-08-12T05:50:38Z
exp2_scaling,montecarlo,imp_threadlocal,2,memory,0,1,0.701155,392878,392878,0.000000,"{""user_lock_acquisitions"": 0, ""tracemalloc_peak_bytes"": 186053}",2026-08-12T05:50:39Z
exp2_scaling,montecarlo,coarse_lock,2,memory,0,2,0.711314,392878,392878,0.000000,"{""user_lock_acquisitions"": 2, ""tracemalloc_peak_bytes"": 182337}",2026-08-12T05:50:40Z
exp2_scaling,montecarlo,fine_lock,2,memory,0,3,1.599669,392878,392878,0.000000,"{""user_lock_acquisitions"": 500000, ""tracemalloc_peak_bytes"": 187423}",2026-08-12T05:50:41Z
exp2_scaling,montecarlo,no_lock,2,memory,0,4,0.911616,308190,392878,21.555801,"{""user_lock_acquisitions"": 0, ""tracemalloc_peak_bytes"": 187853}",2026-08-12T05:50:42Z
exp2_scaling,montecarlo,fp_reduce,4,memory,0,0,0.890846,392589,392589,0.000000,"{""user_lock_acquisitions"": 0, ""tracemalloc_peak_bytes"": 366107}",2026-08-12T05:50:43Z
exp2_scaling,montecarlo,imp_threadlocal,4,memory,0,1,0.909995,392589,392589,0.000000,"{""user_lock_acquisitions"": 0, ""tracemalloc_peak_bytes"": 365081}",2026-08-12T05:50:44Z
exp2_scaling,montecarlo,coarse_lock,4,memory,0,2,0.877655,392589,392589,0.000000,"{""user_lock_acquisitions"": 4, ""tracemalloc_peak_bytes"": 365461}",2026-08-12T05:50:45Z
exp2_scaling,montecarlo,fine_lock,4,memory,0,3,2.866583,392589,392589,0.000000,"{""user_lock_acquisitions"": 500000, ""tracemalloc_peak_bytes"": 369843}",2026-08-12T05:50:48Z
exp2_scaling,montecarlo,no_lock,4,memory,0,4,1.214807,242410,392589,38.253492,"{""user_lock_acquisitions"": 0, ""tracemalloc_peak_bytes"": 400321}",2026-08-12T05:50:49Z
exp2_scaling,montecarlo,fp_reduce,6,memory,0,0,1.159947,392563,392563,0.000000,"{""user_lock_acquisitions"": 0, ""tracemalloc_peak_bytes"": 549983}",2026-08-12T05:50:50Z
exp2_scaling,montecarlo,imp_threadlocal,6,memory,0,1,1.131293,392563,392563,0.000000,"{""user_lock_acquisitions"": 0, ""tracemalloc_peak_bytes"": 544861}",2026-08-12T05:50:51Z
exp2_scaling,montecarlo,coarse_lock,6,memory,0,2,1.143475,392563,392563,0.000000,"{""user_lock_acquisitions"": 6, ""tracemalloc_peak_bytes"": 545081}",2026-08-12T05:50:52Z
exp2_scaling,montecarlo,fine_lock,6,memory,0,3,3.571445,392563,392563,0.000000,"{""user_lock_acquisitions"": 500000, ""tracemalloc_peak_bytes"": 552695}",2026-08-12T05:50:56Z
exp2_scaling,montecarlo,no_lock,6,memory,0,4,1.568131,194480,392563,50.458907,"{""user_lock_acquisitions"": 0, ""tracemalloc_peak_bytes"": 596693}",2026-08-12T05:50:58Z
exp2_scaling,montecarlo,fp_reduce,8,memory,0,0,1.502178,392576,392576,0.000000,"{""user_lock_acquisitions"": 0, ""tracemalloc_peak_bytes"": 724643}",2026-08-12T05:50:59Z
exp2_scaling,montecarlo,imp_threadlocal,8,memory,0,1,1.423873,392576,392576,0.000000,"{""user_lock_acquisitions"": 0, ""tracemalloc_peak_bytes"": 728033}",2026-08-12T05:51:00Z
exp2_scaling,montecarlo,coarse_lock,8,memory,0,2,1.572427,392576,392576,0.000000,"{""user_lock_acquisitions"": 8, ""tracemalloc_peak_bytes"": 728253}",2026-08-12T05:51:02Z
exp2_scaling,montecarlo,fine_lock,8,memory,0,3,3.650689,392576,392576,0.000000,"{""user_lock_acquisitions"": 500000, ""tracemalloc_peak_bytes"": 739099}",2026-08-12T05:51:06Z
exp2_scaling,montecarlo,no_lock,8,memory,0,4,2.123153,164834,392576,58.012207,"{""user_lock_acquisitions"": 0, ""tracemalloc_peak_bytes"": 792105}",2026-08-12T05:51:08Z
exp2_scaling,montecarlo,fp_reduce,10,memory,0,0,2.011852,392947,392947,0.000000,"{""user_lock_acquisitions"": 0, ""tracemalloc_peak_bytes"": 912495}",2026-08-12T05:51:10Z
exp2_scaling,montecarlo,imp_threadlocal,10,memory,0,1,2.077104,392947,392947,0.000000,"{""user_lock_acquisitions"": 0, ""tracemalloc_peak_bytes"": 898325}",2026-08-12T05:51:12Z
exp2_scaling,montecarlo,coarse_lock,10,memory,0,2,2.060310,392947,392947,0.000000,"{""user_lock_acquisitions"": 10, ""tracemalloc_peak_bytes"": 911849}",2026-08-12T05:51:14Z
exp2_scaling,montecarlo,fine_lock,10,memory,0,3,3.678988,392947,392947,0.000000,"{""user_lock_acquisitions"": 500000, ""tracemalloc_peak_bytes"": 912623}",2026-08-12T05:51:18Z
exp2_scaling,montecarlo,no_lock,10,memory,0,4,2.806789,150927,392947,61.591003,"{""user_lock_acquisitions"": 0, ""tracemalloc_peak_bytes"": 986293}",2026-08-12T05:51:20Z
exp2_scaling,montecarlo,fp_reduce,12,memory,0,0,2.649232,392989,392989,0.000000,"{""user_lock_acquisitions"": 0, ""tracemalloc_peak_bytes"": 1083493}",2026-08-12T05:51:23Z
exp2_scaling,montecarlo,imp_threadlocal,12,memory,0,1,2.592036,392989,392989,0.000000,"{""user_lock_acquisitions"": 0, ""tracemalloc_peak_bytes"": 1077427}",2026-08-12T05:51:26Z
exp2_scaling,montecarlo,coarse_lock,12,memory,0,2,2.629972,392989,392989,0.000000,"{""user_lock_acquisitions"": 12, ""tracemalloc_peak_bytes"": 1077647}",2026-08-12T05:51:28Z
exp2_scaling,montecarlo,fine_lock,12,memory,0,3,3.672120,392989,392989,0.000000,"{""user_lock_acquisitions"": 500000, ""tracemalloc_peak_bytes"": 1099621}",2026-08-12T05:51:32Z
exp2_scaling,montecarlo,no_lock,12,memory,0,4,3.543889,139480,392989,64.507912,"{""user_lock_acquisitions"": 0, ""tracemalloc_peak_bytes"": 1165363}",2026-08-12T05:51:36Z
exp2_scaling,montecarlo,fp_reduce,14,memory,0,0,3.351977,393024,393024,0.000000,"{""user_lock_acquisitions"": 0, ""tracemalloc_peak_bytes"": 1261827}",2026-08-12T05:51:39Z
exp2_scaling,montecarlo,imp_threadlocal,14,memory,0,1,3.298449,393024,393024,0.000000,"{""user_lock_acquisitions"": 0, ""tracemalloc_peak_bytes"": 1260961}",2026-08-12T05:51:42Z
exp2_scaling,montecarlo,coarse_lock,14,memory,0,2,3.323713,393024,393024,0.000000,"{""user_lock_acquisitions"": 14, ""tracemalloc_peak_bytes"": 1261181}",2026-08-12T05:51:45Z
exp2_scaling,montecarlo,fine_lock,14,memory,0,3,3.673476,393024,393024,0.000000,"{""user_lock_acquisitions"": 500000, ""tracemalloc_peak_bytes"": 1281723}",2026-08-12T05:51:49Z
exp2_scaling,montecarlo,no_lock,14,memory,0,4,4.218119,130925,393024,66.687785,"{""user_lock_acquisitions"": 0, ""tracemalloc_peak_bytes"": 1351929}",2026-08-12T05:51:53Z
exp2_scaling,montecarlo,fp_reduce,16,memory,0,0,3.806296,392928,392928,0.000000,"{""user_lock_acquisitions"": 0, ""tracemalloc_peak_bytes"": 1440745}",2026-08-12T05:51:57Z
exp2_scaling,montecarlo,imp_threadlocal,16,memory,0,1,3.976683,392928,392928,0.000000,"{""user_lock_acquisitions"": 0, ""tracemalloc_peak_bytes"": 1444263}",2026-08-12T05:52:01Z
exp2_scaling,montecarlo,coarse_lock,16,memory,0,2,3.867411,392928,392928,0.000000,"{""user_lock_acquisitions"": 16, ""tracemalloc_peak_bytes"": 1444483}",2026-08-12T05:52:05Z
exp2_scaling,montecarlo,fine_lock,16,memory,0,3,3.743076,392928,392928,0.000000,"{""user_lock_acquisitions"": 500000, ""tracemalloc_peak_bytes"": 1468257}",2026-08-12T05:52:09Z
exp2_scaling,montecarlo,no_lock,16,memory,0,4,5.019436,124629,392928,68.281975,"{""user_lock_acquisitions"": 0, ""tracemalloc_peak_bytes"": 1546863}",2026-08-12T05:52:14Z
