experiment,workload,condition,n_threads,phase,rep,order_idx,wall_s,result,expected,error_pct,aux,timestamp_utc
exp2_scaling,synthetic,fp_reduce,1,warmup,2,0,0.147820,831537362.185985,831537362.1859643,0.000000,"{""user_lock_acquisitions"": 0}",2026-08-12T05:38:03Z
exp2_scaling,synthetic,fp_sum_genexpr,1,warmup,0,1,0.079194,831537362.1859643,831537362.1859643,0.000000,"{""user_lock_acquisitions"": 0}",2026-08-12T05:38:04Z
exp2_scaling,synthetic,queue_agg,1,warmup,1,2,0.071246,831537362.185985,831537362.1859643,0.000000,"{""user_lock_acquisitions"": 0}",2026-08-12T05:38:04Z
exp2_scaling,synthetic,no_lock,1,warmup,2,3,0.091419,831537362.185985,831537362.1859643,0.000000,"{""user_lock_acquisitions"": 0}",2026-08-12T05:38:04Z
exp2_scaling,synthetic,imp_threadlocal,1,warmup,0,4,0.072997,831537362.185985,831537362.1859643,0.000000,"{""user_lock_acquisitions"": 0}",2026-08-12T05:38:04Z
exp2_scaling,synthetic,fp_sum_genexpr,1,warmup,1,5,0.077654,831537362.1859643,831537362.1859643,0.000000,"{""user_lock_acquisitions"": 0}",2026-08-12T05:38:04Z
exp2_scaling,synthetic,fp_sum_genexpr,1,warmup,2,6,0.077766,831537362.1859643,831537362.1859643,0.000000,"{""user_lock_acquisitions"": 0}",2026-08-12T05:38:04Z
exp2_scaling,synthetic,no_lock,1,warmup,1,7,0.093047,831537362.185985,831537362.1859643,0.000000,"{""user_lock_acquisitions"": 0}",2026-08-12T05:38:04Z
exp2_scaling,synthetic,coarse_lock,1,warmup,1,8,0.073291,831537362.185985,831537362.1859643,0.000000,"{""user_lock_acquisitions"": 1}",2026-08-12T05:38:04Z
exp2_scaling,synthetic,fp_reduce,1,warmup,0,9,0.072799,831537362.185985,831537362.1859643,0.000000,"{""user_lock_acquisitions"": 0}",2026-08-12T05:38:04Z
exp2_scaling,synthetic,fine_lock,1,warmup,1,10,0.158450,831537362.185985,831537362.1859643,0.000000,"{""user_lock_acquisitions"": 500000}",2026-08-12T05:38:04Z
exp2_scaling,synthetic,fine_lock,1,warmup,2,11,0.157447,831537362.185985,831537362.1859643,0.000000,"{""user_lock_acquisitions"": 500000}",2026-08-12T05:38:04Z
exp2_scaling,synthetic,batched_lock,1,warmup,2,12,0.083280,831537362.1859645,831537362.1859643,0.000000,"{""user_lock_acquisitions"": 500}",2026-08-12T05:38:05Z
exp2_scaling,synthetic,coarse_lock,1,warmup,2,13,0.073000,831537362.185985,831537362.1859643,0.000000,"{""user_lock_acquisitions"": 1}",2026-08-12T05:38:05Z
exp2_scaling,synthetic,imp_threadlocal,1,warmup,1,14,0.073052,831537362.185985,831537362.1859643,0.000000,"{""user_lock_acquisitions"": 0}",2026-08-12T05:38:05Z
exp2_scaling,synthetic,no_lock,1,warmup,0,15,0.093123,831537362.185985,831537362.1859643,0.000000,"{""user_lock_acquisitions"": 0}",2026-08-12T05:38:05Z
exp2_scaling,synthetic,fine_lock,1,warmup,0,16,0.157373,831537362.185985,831537362.1859643,0.000000,"{""user_lock_acquisitions"": 500000}",2026-08-12T05:38:05Z
exp2_scaling,synthetic,batched_lock,1,warmup,0,17,0.083339,831537362.1859645,831537362.1859643,0.000000,"{""user_lock_acquisitions"": 500}",2026-08-12T05:38:05Z
exp2_scaling,synthetic,fp_reduce,1,warmup,1,18,0.072920,831537362.185985,831537362.1859643,0.000000,"{""user_lock_acquisitions"": 0}",2026-08-12T05:38:05Z
exp2_scaling,synthetic,queue_agg,1,warmup,2,19,0.072183,831537362.185985,831537362.1859643,0.000000,"{""user_lock_acquisitions"": 0}",2026-08-12T05:38:05Z
exp2_scaling,synthetic,coarse_lock,1,warmup,0,20,0.072822,831537362.185985,831537362.1859643,0.000000,"{""user_lock_acquisitions"": 1}",2026-08-12T05:38:05Z
exp2_scaling,synthetic,batched_lock,1,warmup,1,21,0.083408,831537362.1859645,831537362.1859643,0.000000,"{""user_lock_acquisitions"": 500}",2026-08-12T05:38:05Z
exp2_scaling,synthetic,queue_agg,1,warmup,0,22,0.071370,831537362.185985,831537362.1859643,0.000000,"{""user_lock_acquisitions"": 0}",2026-08-12T05:38:05Z
exp2_scaling,synthetic,imp_threadlocal,1,warmup,2,23,0.072600,831537362.185985,831537362.1859643,0.000000,"{""user_lock_acquisitions"": 0}",2026-08-12T05:38:05Z
exp2_scaling,synthetic,fine_lock,1,measured,4,24,0.158043,831537362.185985,831537362.1859643,0.000000,"{""user_lock_acquisitions"": 500000}",2026-08-12T05:38:06Z
exp2_scaling,synthetic,no_lock,1,measured,18,25,0.092831,831537362.185985,831537362.1859643,0.000000,"{""user_lock_acquisitions"": 0}",2026-08-12T05:38:06Z
exp2_scaling,synthetic,queue_agg,1,measured,7,26,0.071375,831537362.185985,831537362.1859643,0.000000,"{""user_lock_acquisitions"": 0}",2026-08-12T05:38:06Z
exp2_scaling,synthetic,no_lock,1,measured,8,27,0.090874,831537362.185985,831537362.1859643,0.000000,"{""user_lock_acquisitions"": 0}",2026-08-12T05:38:06Z
exp2_scaling,synthetic,imp_threadlocal,1,measured,4,28,0.072959,831537362.185985,831537362.1859643,0.000000,"{""user_lock_acquisitions"": 0}",2026-08-12T05:38:06Z
exp2_scaling,synthetic,coarse_lock,1,measured,5,29,0.072493,831537362.185985,831537362.1859643,0.000000,"{""user_lock_acquisitions"": 1}",2026-08-12T05:38:06Z
exp2_scaling,synthetic,fp_reduce,1,measured,26,30,0.072960,831537362.185985,831537362.1859643,0.000000,"{""user_lock_acquisitions"": 0}",2026-08-12T05:38:06Z
exp2_scaling,synthetic,fine_lock,1,measured,16,31,0.157408,831537362.185985,831537362.1859643,0.000000,"{""user_lock_acquisitions"": 500000}",2026-08-12T05:38:06Z
exp2_scaling,synthetic,queue_agg,1,measured,13,32,0.071359,831537362.185985,831537362.1859643,0.000000,"{""user_lock_acquisitions"": 0}",2026-08-12T05:38:06Z
exp2_scaling,synthetic,batched_lock,1,measured,22,33,0.083151,831537362.1859645,831537362.1859643,0.000000,"{""user_lock_acquisitions"": 500}",2026-08-12T05:38:06Z
exp2_scaling,synthetic,batched_lock,1,measured,27,34,0.083167,831537362.1859645,831537362.1859643,0.000000,"{""user_lock_acquisitions"": 500}",2026-08-12T05:38:07Z
exp2_scaling,synthetic,imp_threadlocal,1,measured,2,35,0.072269,831537362.185985,831537362.1859643,0.000000,"{""user_lock_acquisitions"": 0}",2026-08-12T05:38:07Z
exp2_scaling,synthetic,fp_reduce,1,measured,21,36,0.072887,831537362.185985,831537362.1859643,0.000000,"{""user_lock_acquisitions"": 0}",2026-08-12T05:38:07Z
exp2_scaling,synthetic,imp_threadlocal,1,measured,5,37,0.071862,831537362.185985,831537362.1859643,0.000000,"{""user_lock_acquisitions"": 0}",2026-08-12T05:38:07Z
exp2_scaling,synthetic,queue_agg,1,measured,5,38,0.070887,831537362.185985,831537362.1859643,0.000000,"{""user_lock_acquisitions"": 0}",2026-08-12T05:38:07Z
exp2_scaling,synthetic,no_lock,1,measured,23,39,0.090777,831537362.185985,831537362.1859643,0.000000,"{""user_lock_acquisitions"": 0}",2026-08-12T05:38:07Z
exp2_scaling,synthetic,imp_threadlocal,1,measured,29,40,0.072493,831537362.185985,831537362.1859643,0.000000,"{""user_lock_acquisitions"": 0}",2026-08-12T05:38:07Z
exp2_scaling,synthetic,batched_lock,1,measured,25,41,0.082348,831537362.1859645,831537362.1859643,0.000000,"{""user_lock_acquisitions"": 500}",2026-08-12T05:38:07Z
exp2_scaling,synthetic,fine_lock,1,measured,9,42,0.157920,831537362.185985,831537362.1859643,0.000000,"{""user_lock_acquisitions"": 500000}",2026-08-12T05:38:07Z
exp2_scaling,synthetic,batched_lock,1,measured,0,43,0.082455,831537362.1859645,831537362.1859643,0.000000,"{""user_lock_acquisitions"": 500}",2026-08-12T05:38:07Z
exp2_scaling,synthetic,queue_agg,1,measured,18,44,0.070377,831537362.185985,831537362.1859643,0.000000,"{""user_lock_acquisitions"": 0}",2026-08-12T05:38:07Z
exp2_scaling,synthetic,no_lock,1,measured,7,45,0.090053,831537362.185985,831537362.1859643,0.000000,"{""user_lock_acquisitions"": 0}",2026-08-12T05:38:07Z
exp2_scaling,synthetic,batched_lock,1,measured,29,46,0.082519,831537362.1859645,831537362.1859643,0.000000,"{""user_lock_acquisitions"": 500}",2026-08-12T05:38:08Z
exp2_scaling,synthetic,coarse_lock,1,measured,29,47,0.071602,831537362.185985,831537362.1859643,0.000000,"{""user_lock_acquisitions"": 1}",2026-08-12T05:38:08Z
exp2_scaling,synthetic,fine_lock,1,measured,13,48,0.157061,831537362.185985,831537362.1859643,0.000000,"{""user_lock_acquisitions"": 500000}",2026-08-12T05:38:08Z
exp2_scaling,synthetic,queue_agg,1,measured,24,49,0.070605,831537362.185985,831537362.1859643,0.000000,"{""user_lock_acquisitions"": 0}",2026-08-12T05:38:08Z
exp2_scaling,synthetic,fp_sum_genexpr,1,measured,10,50,0.076781,831537362.1859643,831537362.1859643,0.000000,"{""user_lock_acquisitions"": 0}",2026-08-12T05:38:08Z
exp2_scaling,synthetic,no_lock,1,measured,13,51,0.090415,831537362.185985,831537362.1859643,0.000000,"{""user_lock_acquisitions"": 0}",2026-08-12T05:38:08Z
exp2_scaling,synthetic,batched_lock,1,measured,14,52,0.082141,831537362.1859645,831537362.1859643,0.000000,"{""user_lock_acquisitions"": 500}",2026-08-12T05:38:08Z
exp2_scaling,synthetic,coarse_lock,1,measured,9,53,0.071686,831537362.185985,831537362.1859643,0.000000,"{""user_lock_acquisitions"": 1}",2026-08-12T05:38:08Z
exp2_scaling,synthetic,fp_reduce,1,measured,8,54,0.072098,831537362.185985,831537362.1859643,0.000000,"{""user_lock_acquisitions"": 0}",2026-08-12T05:38:08Z
exp2_scaling,synthetic,imp_threadlocal,1,measured,10,55,0.071669,831537362.185985,831537362.1859643,0.000000,"{""user_lock_acquisitions"": 0}",2026-08-12T05:38:08Z
exp2_scaling,synthetic,batched_lock,1,measured,5,56,0.082626,831537362.1859645,831537362.1859643,0.000000,"{""user_lock_acquisitions"": 500}",2026-08-12T05:38:08Z
exp2_scaling,synthetic,coarse_lock,1,measured,4,57,0.071795,831537362.185985,831537362.1859643,0.000000,"{""user_lock_acquisitions"": 1}",2026-08-12T05:38:08Z
exp2_scaling,synthetic,fine_lock,1,measured,12,58,0.157227,831537362.185985,831537362.1859643,0.000000,"{""user_lock_acquisitions"": 500000}",2026-08-12T05:38:09Z
exp2_scaling,synthetic,coarse_lock,1,measured,18,59,0.071585,831537362.185985,831537362.1859643,0.000000,"{""user_lock_acquisitions"": 1}",2026-08-12T05:38:09Z
exp2_scaling,synthetic,no_lock,1,measured,20,60,0.089821,831537362.185985,831537362.1859643,0.000000,"{""user_lock_acquisitions"": 0}",2026-08-12T05:38:09Z
exp2_scaling,synthetic,fine_lock,1,measured,22,61,0.157324,831537362.185985,831537362.1859643,0.000000,"{""user_lock_acquisitions"": 500000}",2026-08-12T05:38:09Z
exp2_scaling,synthetic,no_lock,1,measured,9,62,0.089885,831537362.185985,831537362.1859643,0.000000,"{""user_lock_acquisitions"": 0}",2026-08-12T05:38:09Z
exp2_scaling,synthetic,fp_reduce,1,measured,22,63,0.072023,831537362.185985,831537362.1859643,0.000000,"{""user_lock_acquisitions"": 0}",2026-08-12T05:38:09Z
exp2_scaling,synthetic,no_lock,1,measured,26,64,0.090323,831537362.185985,831537362.1859643,0.000000,"{""user_lock_acquisitions"": 0}",2026-08-12T05:38:09Z
exp2_scaling,synthetic,queue_agg,1,measured,8,65,0.070240,831537362.185985,831537362.1859643,0.000000,"{""user_lock_acquisitions"": 0}",2026-08-12T05:38:09Z
exp2_scaling,synthetic,coarse_lock,1,measured,22,66,0.072053,831537362.185985,831537362.1859643,0.000000,"{""user_lock_acquisitions"": 1}",2026-08-12T05:38:09Z
exp2_scaling,synthetic,no_lock,1,measured,25,67,0.090704,831537362.185985,831537362.1859643,0.000000,"{""user_lock_acquisitions"": 0}",2026-08-12T05:38:09Z
exp2_scaling,synthetic,no_lock,1,measured,1,68,0.090046,831537362.185985,831537362.1859643,0.000000,"{""user_lock_acquisitions"": 0}",2026-08-12T05:38:10Z
exp2_scaling,synthetic,imp_threadlocal,1,measured,16,69,0.071560,831537362.185985,831537362.1859643,0.000000,"{""user_lock_acquisitions"": 0}",2026-08-12T05:38:10Z
exp2_scaling,synthetic,queue_agg,1,measured,11,70,0.070843,831537362.185985,831537362.1859643,0.000000,"{""user_lock_acquisitions"": 0}",2026-08-12T05:38:10Z
exp2_scaling,synthetic,fp_reduce,1,measured,3,71,0.071642,831537362.185985,831537362.1859643,0.000000,"{""user_lock_acquisitions"": 0}",2026-08-12T05:38:10Z
exp2_scaling,synthetic,fp_reduce,1,measured,5,72,0.072216,831537362.185985,831537362.1859643,0.000000,"{""user_lock_acquisitions"": 0}",2026-08-12T05:38:10Z
exp2_scaling,synthetic,no_lock,1,measured,29,73,0.091057,831537362.185985,831537362.1859643,0.000000,"{""user_lock_acquisitions"": 0}",2026-08-12T05:38:10Z
exp2_scaling,synthetic,imp_threadlocal,1,measured,8,74,0.072187,831537362.185985,831537362.1859643,0.000000,"{""user_lock_acquisitions"": 0}",2026-08-12T05:38:10Z
exp2_scaling,synthetic,imp_threadlocal,1,measured,23,75,0.071599,831537362.185985,831537362.1859643,0.000000,"{""user_lock_acquisitions"": 0}",2026-08-12T05:38:10Z
exp2_scaling,synthetic,fine_lock,1,measured,7,76,0.157017,831537362.185985,831537362.1859643,0.000000,"{""user_lock_acquisitions"": 500000}",2026-08-12T05:38:10Z
exp2_scaling,synthetic,imp_threadlocal,1,measured,19,77,0.071463,831537362.185985,831537362.1859643,0.000000,"{""user_lock_acquisitions"": 0}",2026-08-12T05:38:10Z
exp2_scaling,synthetic,imp_threadlocal,1,measured,21,78,0.071983,831537362.185985,831537362.1859643,0.000000,"{""user_lock_acquisitions"": 0}",2026-08-12T05:38:10Z
exp2_scaling,synthetic,imp_threadlocal,1,measured,28,79,0.071661,831537362.185985,831537362.1859643,0.000000,"{""user_lock_acquisitions"": 0}",2026-08-12T05:38:10Z
exp2_scaling,synthetic,fp_reduce,1,measured,17,80,0.071919,831537362.185985,831537362.1859643,0.000000,"{""user_lock_acquisitions"": 0}",2026-08-12T05:38:10Z
exp2_scaling,synthetic,queue_agg,1,measured,6,81,0.070292,831537362.185985,831537362.1859643,0.000000,"{""user_lock_acquisitions"": 0}",2026-08-12T05:38:11Z
exp2_scaling,synthetic,imp_threadlocal,1,measured,7,82,0.071658,831537362.185985,831537362.1859643,0.000000,"{""user_lock_acquisitions"": 0}",2026-08-12T05:38:11Z
exp2_scaling,synthetic,no_lock,1,measured,27,83,0.089015,831537362.185985,831537362.1859643,0.000000,"{""user_lock_acquisitions"": 0}",2026-08-12T05:38:11Z
exp2_scaling,synthetic,coarse_lock,1,measured,23,84,0.071824,831537362.185985,831537362.1859643,0.000000,"{""user_lock_acquisitions"": 1}",2026-08-12T05:38:11Z
exp2_scaling,synthetic,imp_threadlocal,1,measured,6,85,0.071611,831537362.185985,831537362.1859643,0.000000,"{""user_lock_acquisitions"": 0}",2026-08-12T05:38:11Z
exp2_scaling,synthetic,batched_lock,1,measured,6,86,0.082310,831537362.1859645,831537362.1859643,0.000000,"{""user_lock_acquisitions"": 500}",2026-08-12T05:38:11Z
exp2_scaling,synthetic,fp_reduce,1,measured,1,87,0.071592,831537362.185985,831537362.1859643,0.000000,"{""user_lock_acquisitions"": 0}",2026-08-12T05:38:11Z
exp2_scaling,synthetic,batched_lock,1,measured,28,88,0.082246,831537362.1859645,831537362.1859643,0.000000,"{""user_lock_acquisitions"": 500}",2026-08-12T05:38:11Z
exp2_scaling,synthetic,batched_lock,1,measured,19,89,0.082317,831537362.1859645,831537362.1859643,0.000000,"{""user_lock_acquisitions"": 500}",2026-08-12T05:38:11Z
exp2_scaling,synthetic,queue_agg,1,measured,28,90,0.070777,831537362.185985,831537362.1859643,0.000000,"{""user_lock_acquisitions"": 0}",2026-08-12T05:38:11Z
exp2_scaling,synthetic,coarse_lock,1,measured,6,91,0.071764,831537362.185985,831537362.1859643,0.000000,"{""user_lock_acquisitions"": 1}",2026-08-12T05:38:11Z
exp2_scaling,synthetic,batched_lock,1,measured,16,92,0.082356,831537362.1859645,831537362.1859643,0.000000,"{""user_lock_acquisitions"": 500}",2026-08-12T05:38:11Z
exp2_scaling,synthetic,fp_reduce,1,measured,4,93,0.071474,831537362.185985,831537362.1859643,0.000000,"{""user_lock_acquisitions"": 0}",2026-08-12T05:38:11Z
exp2_scaling,synthetic,batched_lock,1,measured,2,94,0.082637,831537362.1859645,831537362.1859643,0.000000,"{""user_lock_acquisitions"": 500}",2026-08-12T05:38:12Z
exp2_scaling,synthetic,queue_agg,1,measured,19,95,0.070450,831537362.185985,831537362.1859643,0.000000,"{""user_lock_acquisitions"": 0}",2026-08-12T05:38:12Z
exp2_scaling,synthetic,fine_lock,1,measured,0,96,0.157024,831537362.185985,831537362.1859643,0.000000,"{""user_lock_acquisitions"": 500000}",2026-08-12T05:38:12Z
exp2_scaling,synthetic,fp_reduce,1,measured,29,97,0.072098,831537362.185985,831537362.1859643,0.000000,"{""user_lock_acquisitions"": 0}",2026-08-12T05:38:12Z
exp2_scaling,synthetic,fine_lock,1,measured,28,98,0.157321,831537362.185985,831537362.1859643,0.000000,"{""user_lock_acquisitions"": 500000}",2026-08-12T05:38:12Z
exp2_scaling,synthetic,no_lock,1,measured,12,99,0.091661,831537362.185985,831537362.1859643,0.000000,"{""user_lock_acquisitions"": 0}",2026-08-12T05:38:12Z
exp2_scaling,synthetic,imp_threadlocal,1,measured,18,100,0.071983,831537362.185985,831537362.1859643,0.000000,"{""user_lock_acquisitions"": 0}",2026-08-12T05:38:12Z
exp2_scaling,synthetic,fp_sum_genexpr,1,measured,14,101,0.077524,831537362.1859643,831537362.1859643,0.000000,"{""user_lock_acquisitions"": 0}",2026-08-12T05:38:12Z
exp2_scaling,synthetic,queue_agg,1,measured,22,102,0.070626,831537362.185985,831537362.1859643,0.000000,"{""user_lock_acquisitions"": 0}",2026-08-12T05:38:12Z
exp2_scaling,synthetic,queue_agg,1,measured,20,103,0.070792,831537362.185985,831537362.1859643,0.000000,"{""user_lock_acquisitions"": 0}",2026-08-12T05:38:12Z
exp2_scaling,synthetic,fine_lock,1,measured,24,104,0.157105,831537362.185985,831537362.1859643,0.000000,"{""user_lock_acquisitions"": 500000}",2026-08-12T05:38:13Z
exp2_scaling,synthetic,coarse_lock,1,measured,11,105,0.071952,831537362.185985,831537362.1859643,0.000000,"{""user_lock_acquisitions"": 1}",2026-08-12T05:38:13Z
exp2_scaling,synthetic,coarse_lock,1,measured,20,106,0.071940,831537362.185985,831537362.1859643,0.000000,"{""user_lock_acquisitions"": 1}",2026-08-12T05:38:13Z
exp2_scaling,synthetic,fp_reduce,1,measured,14,107,0.071981,831537362.185985,831537362.1859643,0.000000,"{""user_lock_acquisitions"": 0}",2026-08-12T05:38:13Z
exp2_scaling,synthetic,batched_lock,1,measured,8,108,0.082555,831537362.1859645,831537362.1859643,0.000000,"{""user_lock_acquisitions"": 500}",2026-08-12T05:38:13Z
exp2_scaling,synthetic,batched_lock,1,measured,23,109,0.082464,831537362.1859645,831537362.1859643,0.000000,"{""user_lock_acquisitions"": 500}",2026-08-12T05:38:13Z
exp2_scaling,synthetic,coarse_lock,1,measured,19,110,0.072172,831537362.185985,831537362.1859643,0.000000,"{""user_lock_acquisitions"": 1}",2026-08-12T05:38:13Z
exp2_scaling,synthetic,batched_lock,1,measured,11,111,0.082284,831537362.1859645,831537362.1859643,0.000000,"{""user_lock_acquisitions"": 500}",2026-08-12T05:38:13Z
exp2_scaling,synthetic,fp_reduce,1,measured,18,112,0.074137,831537362.185985,831537362.1859643,0.000000,"{""user_lock_acquisitions"": 0}",2026-08-12T05:38:13Z
exp2_scaling,synthetic,fp_reduce,1,measured,6,113,0.071366,831537362.185985,831537362.1859643,0.000000,"{""user_lock_acquisitions"": 0}",2026-08-12T05:38:13Z
exp2_scaling,synthetic,coarse_lock,1,measured,12,114,0.072613,831537362.185985,831537362.1859643,0.000000,"{""user_lock_acquisitions"": 1}",2026-08-12T05:38:13Z
exp2_scaling,synthetic,queue_agg,1,measured,21,115,0.070276,831537362.185985,831537362.1859643,0.000000,"{""user_lock_acquisitions"": 0}",2026-08-12T05:38:13Z
exp2_scaling,synthetic,fine_lock,1,measured,5,116,0.158058,831537362.185985,831537362.1859643,0.000000,"{""user_lock_acquisitions"": 500000}",2026-08-12T05:38:14Z
exp2_scaling,synthetic,fp_reduce,1,measured,28,117,0.072308,831537362.185985,831537362.1859643,0.000000,"{""user_lock_acquisitions"": 0}",2026-08-12T05:38:14Z
exp2_scaling,synthetic,imp_threadlocal,1,measured,3,118,0.072058,831537362.185985,831537362.1859643,0.000000,"{""user_lock_acquisitions"": 0}",2026-08-12T05:38:14Z
exp2_scaling,synthetic,fine_lock,1,measured,21,119,0.157994,831537362.185985,831537362.1859643,0.000000,"{""user_lock_acquisitions"": 500000}",2026-08-12T05:38:14Z
exp2_scaling,synthetic,imp_threadlocal,1,measured,14,120,0.072448,831537362.185985,831537362.1859643,0.000000,"{""user_lock_acquisitions"": 0}",2026-08-12T05:38:14Z
exp2_scaling,synthetic,no_lock,1,measured,11,121,0.090347,831537362.185985,831537362.1859643,0.000000,"{""user_lock_acquisitions"": 0}",2026-08-12T05:38:14Z
exp2_scaling,synthetic,fine_lock,1,measured,11,122,0.156978,831537362.185985,831537362.1859643,0.000000,"{""user_lock_acquisitions"": 500000}",2026-08-12T05:38:14Z
exp2_scaling,synthetic,fp_sum_genexpr,1,measured,1,123,0.077129,831537362.1859643,831537362.1859643,0.000000,"{""user_lock_acquisitions"": 0}",2026-08-12T05:38:14Z
exp2_scaling,synthetic,batched_lock,1,measured,1,124,0.082811,831537362.1859645,831537362.1859643,0.000000,"{""user_lock_acquisitions"": 500}",2026-08-12T05:38:14Z
exp2_scaling,synthetic,batched_lock,1,measured,10,125,0.082277,831537362.1859645,831537362.1859643,0.000000,"{""user_lock_acquisitions"": 500}",2026-08-12T05:38:14Z
exp2_scaling,synthetic,coarse_lock,1,measured,7,126,0.072107,831537362.185985,831537362.1859643,0.000000,"{""user_lock_acquisitions"": 1}",2026-08-12T05:38:14Z
exp2_scaling,synthetic,imp_threadlocal,1,measured,0,127,0.071417,831537362.185985,831537362.1859643,0.000000,"{""user_lock_acquisitions"": 0}",2026-08-12T05:38:15Z
exp2_scaling,synthetic,fp_sum_genexpr,1,measured,22,128,0.077084,831537362.1859643,831537362.1859643,0.000000,"{""user_lock_acquisitions"": 0}",2026-08-12T05:38:15Z
exp2_scaling,synthetic,coarse_lock,1,measured,0,129,0.071436,831537362.185985,831537362.1859643,0.000000,"{""user_lock_acquisitions"": 1}",2026-08-12T05:38:15Z
exp2_scaling,synthetic,coarse_lock,1,measured,16,130,0.072511,831537362.185985,831537362.1859643,0.000000,"{""user_lock_acquisitions"": 1}",2026-08-12T05:38:15Z
exp2_scaling,synthetic,fp_reduce,1,measured,0,131,0.072369,831537362.185985,831537362.1859643,0.000000,"{""user_lock_acquisitions"": 0}",2026-08-12T05:38:15Z
exp2_scaling,synthetic,fp_reduce,1,measured,11,132,0.071946,831537362.185985,831537362.1859643,0.000000,"{""user_lock_acquisitions"": 0}",2026-08-12T05:38:15Z
exp2_scaling,synthetic,queue_agg,1,measured,12,133,0.071131,831537362.185985,831537362.1859643,0.000000,"{""user_lock_acquisitions"": 0}",2026-08-12T05:38:15Z
exp2_scaling,synthetic,fp_sum_genexpr,1,measured,26,134,0.076624,831537362.1859643,831537362.1859643,0.000000,"{""user_lock_acquisitions"": 0}",2026-08-12T05:38:15Z
exp2_scaling,synthetic,fp_sum_genexpr,1,measured,29,135,0.077167,831537362.1859643,831537362.1859643,0.000000,"{""user_lock_acquisitions"": 0}",2026-08-12T05:38:15Z
exp2_scaling,synthetic,coarse_lock,1,measured,10,136,0.072019,831537362.185985,831537362.1859643,0.000000,"{""user_lock_acquisitions"": 1}",2026-08-12T05:38:15Z
exp2_scaling,synthetic,imp_threadlocal,1,measured,17,137,0.071993,831537362.185985,831537362.1859643,0.000000,"{""user_lock_acquisitions"": 0}",2026-08-12T05:38:15Z
exp2_scaling,synthetic,fine_lock,1,measured,14,138,0.157411,831537362.185985,831537362.1859643,0.000000,"{""user_lock_acquisitions"": 500000}",2026-08-12T05:38:15Z
exp2_scaling,synthetic,imp_threadlocal,1,measured,26,139,0.071555,831537362.185985,831537362.1859643,0.000000,"{""user_lock_acquisitions"": 0}",2026-08-12T05:38:16Z
exp2_scaling,synthetic,batched_lock,1,measured,18,140,0.082342,831537362.1859645,831537362.1859643,0.000000,"{""user_lock_acquisitions"": 500}",2026-08-12T05:38:16Z
exp2_scaling,synthetic,no_lock,1,measured,24,141,0.089949,831537362.185985,831537362.1859643,0.000000,"{""user_lock_acquisitions"": 0}",2026-08-12T05:38:16Z
exp2_scaling,synthetic,fine_lock,1,measured,25,142,0.157188,831537362.185985,831537362.1859643,0.000000,"{""user_lock_acquisitions"": 500000}",2026-08-12T05:38:16Z
exp2_scaling,synthetic,coarse_lock,1,measured,26,143,0.072075,831537362.185985,831537362.1859643,0.000000,"{""user_lock_acquisitions"": 1}",2026-08-12T05:38:16Z
exp2_scaling,synthetic,queue_agg,1,measured,16,144,0.070525,831537362.185985,831537362.1859643,0.000000,"{""user_lock_acquisitions"": 0}",2026-08-12T05:38:16Z
exp2_scaling,synthetic,imp_threadlocal,1,measured,13,145,0.071809,831537362.185985,831537362.1859643,0.000000,"{""user_lock_acquisitions"": 0}",2026-08-12T05:38:16Z
exp2_scaling,synthetic,fine_lock,1,measured,10,146,0.157241,831537362.185985,831537362.1859643,0.000000,"{""user_lock_acquisitions"": 500000}",2026-08-12T05:38:16Z
exp2_scaling,synthetic,fp_sum_genexpr,1,measured,8,147,0.076824,831537362.1859643,831537362.1859643,0.000000,"{""user_lock_acquisitions"": 0}",2026-08-12T05:38:16Z
exp2_scaling,synthetic,imp_threadlocal,1,measured,9,148,0.072398,831537362.185985,831537362.1859643,0.000000,"{""user_lock_acquisitions"": 0}",2026-08-12T05:38:16Z
exp2_scaling,synthetic,queue_agg,1,measured,1,149,0.070590,831537362.185985,831537362.1859643,0.000000,"{""user_lock_acquisitions"": 0}",2026-08-12T05:38:16Z
exp2_scaling,synthetic,coarse_lock,1,measured,3,150,0.072147,831537362.185985,831537362.1859643,0.000000,"{""user_lock_acquisitions"": 1}",2026-08-12T05:38:17Z
exp2_scaling,synthetic,fp_sum_genexpr,1,measured,11,151,0.077068,831537362.1859643,831537362.1859643,0.000000,"{""user_lock_acquisitions"": 0}",2026-08-12T05:38:17Z
exp2_scaling,synthetic,queue_agg,1,measured,2,152,0.070259,831537362.185985,831537362.1859643,0.000000,"{""user_lock_acquisitions"": 0}",2026-08-12T05:38:17Z
exp2_scaling,synthetic,fp_reduce,1,measured,2,153,0.071326,831537362.185985,831537362.1859643,0.000000,"{""user_lock_acquisitions"": 0}",2026-08-12T05:38:17Z
exp2_scaling,synthetic,batched_lock,1,measured,21,154,0.082725,831537362.1859645,831537362.1859643,0.000000,"{""user_lock_acquisitions"": 500}",2026-08-12T05:38:17Z
exp2_scaling,synthetic,fp_sum_genexpr,1,measured,28,155,0.076764,831537362.1859643,831537362.1859643,0.000000,"{""user_lock_acquisitions"": 0}",2026-08-12T05:38:17Z
exp2_scaling,synthetic,queue_agg,1,measured,29,156,0.071126,831537362.185985,831537362.1859643,0.000000,"{""user_lock_acquisitions"": 0}",2026-08-12T05:38:17Z
exp2_scaling,synthetic,fp_reduce,1,measured,10,157,0.071620,831537362.185985,831537362.1859643,0.000000,"{""user_lock_acquisitions"": 0}",2026-08-12T05:38:17Z
exp2_scaling,synthetic,no_lock,1,measured,15,158,0.092131,831537362.185985,831537362.1859643,0.000000,"{""user_lock_acquisitions"": 0}",2026-08-12T05:38:17Z
exp2_scaling,synthetic,imp_threadlocal,1,measured,25,159,0.071693,831537362.185985,831537362.1859643,0.000000,"{""user_lock_acquisitions"": 0}",2026-08-12T05:38:17Z
exp2_scaling,synthetic,coarse_lock,1,measured,27,160,0.072300,831537362.185985,831537362.1859643,0.000000,"{""user_lock_acquisitions"": 1}",2026-08-12T05:38:17Z
exp2_scaling,synthetic,fp_reduce,1,measured,16,161,0.071359,831537362.185985,831537362.1859643,0.000000,"{""user_lock_acquisitions"": 0}",2026-08-12T05:38:17Z
exp2_scaling,synthetic,fp_sum_genexpr,1,measured,2,162,0.077145,831537362.1859643,831537362.1859643,0.000000,"{""user_lock_acquisitions"": 0}",2026-08-12T05:38:17Z
exp2_scaling,synthetic,fp_reduce,1,measured,25,163,0.072313,831537362.185985,831537362.1859643,0.000000,"{""user_lock_acquisitions"": 0}",2026-08-12T05:38:17Z
exp2_scaling,synthetic,fp_sum_genexpr,1,measured,15,164,0.076843,831537362.1859643,831537362.1859643,0.000000,"{""user_lock_acquisitions"": 0}",2026-08-12T05:38:18Z
exp2_scaling,synthetic,fp_sum_genexpr,1,measured,5,165,0.077497,831537362.1859643,831537362.1859643,0.000000,"{""user_lock_acquisitions"": 0}",2026-08-12T05:38:18Z
exp2_scaling,synthetic,batched_lock,1,measured,15,166,0.082291,831537362.1859645,831537362.1859643,0.000000,"{""user_lock_acquisitions"": 500}",2026-08-12T05:38:18Z
exp2_scaling,synthetic,no_lock,1,measured,22,167,0.090177,831537362.185985,831537362.1859643,0.000000,"{""user_lock_acquisitions"": 0}",2026-08-12T05:38:18Z
exp2_scaling,synthetic,fp_reduce,1,measured,20,168,0.072062,831537362.185985,831537362.1859643,0.000000,"{""user_lock_acquisitions"": 0}",2026-08-12T05:38:18Z
exp2_scaling,synthetic,coarse_lock,1,measured,14,169,0.071779,831537362.185985,831537362.1859643,0.000000,"{""user_lock_acquisitions"": 1}",2026-08-12T05:38:18Z
exp2_scaling,synthetic,fp_sum_genexpr,1,measured,0,170,0.076683,831537362.1859643,831537362.1859643,0.000000,"{""user_lock_acquisitions"": 0}",2026-08-12T05:38:18Z
exp2_scaling,synthetic,fine_lock,1,measured,2,171,0.157919,831537362.185985,831537362.1859643,0.000000,"{""user_lock_acquisitions"": 500000}",2026-08-12T05:38:18Z
exp2_scaling,synthetic,no_lock,1,measured,6,172,0.089742,831537362.185985,831537362.1859643,0.000000,"{""user_lock_acquisitions"": 0}",2026-08-12T05:38:18Z
exp2_scaling,synthetic,no_lock,1,measured,16,173,0.089898,831537362.185985,831537362.1859643,0.000000,"{""user_lock_acquisitions"": 0}",2026-08-12T05:38:18Z
exp2_scaling,synthetic,queue_agg,1,measured,10,174,0.070915,831537362.185985,831537362.1859643,0.000000,"{""user_lock_acquisitions"": 0}",2026-08-12T05:38:18Z
exp2_scaling,synthetic,no_lock,1,measured,14,175,0.090020,831537362.185985,831537362.1859643,0.000000,"{""user_lock_acquisitions"": 0}",2026-08-12T05:38:19Z
exp2_scaling,synthetic,queue_agg,1,measured,0,176,0.071068,831537362.185985,831537362.1859643,0.000000,"{""user_lock_acquisitions"": 0}",2026-08-12T05:38:19Z
exp2_scaling,synthetic,no_lock,1,measured,0,177,0.090118,831537362.185985,831537362.1859643,0.000000,"{""user_lock_acquisitions"": 0}",2026-08-12T05:38:19Z
exp2_scaling,synthetic,queue_agg,1,measured,14,178,0.070501,831537362.185985,831537362.1859643,0.000000,"{""user_lock_acquisitions"": 0}",2026-08-12T05:38:19Z
exp2_scaling,synthetic,no_lock,1,measured,4,179,0.089784,831537362.185985,831537362.1859643,0.000000,"{""user_lock_acquisitions"": 0}",2026-08-12T05:38:19Z
exp2_scaling,synthetic,queue_agg,1,measured,25,180,0.070441,831537362.185985,831537362.1859643,0.000000,"{""user_lock_acquisitions"": 0}",2026-08-12T05:38:19Z
exp2_scaling,synthetic,fp_sum_genexpr,1,measured,23,181,0.077312,831537362.1859643,831537362.1859643,0.000000,"{""user_lock_acquisitions"": 0}",2026-08-12T05:38:19Z
exp2_scaling,synthetic,imp_threadlocal,1,measured,24,182,0.072035,831537362.185985,831537362.1859643,0.000000,"{""user_lock_acquisitions"": 0}",2026-08-12T05:38:19Z
exp2_scaling,synthetic,no_lock,1,measured,2,183,0.090668,831537362.185985,831537362.1859643,0.000000,"{""user_lock_acquisitions"": 0}",2026-08-12T05:38:19Z
exp2_scaling,synthetic,fine_lock,1,measured,19,184,0.157410,831537362.185985,831537362.1859643,0.000000,"{""user_lock_acquisitions"": 500000}",2026-08-12T05:38:19Z
exp2_scaling,synthetic,coarse_lock,1,measured,13,185,0.071769,831537362.185985,831537362.1859643,0.000000,"{""user_lock_acquisitions"": 1}",2026-08-12T05:38:19Z
exp2_scaling,synthetic,queue_agg,1,measured,23,186,0.070743,831537362.185985,831537362.1859643,0.000000,"{""user_lock_acquisitions"": 0}",2026-08-12T05:38:19Z
exp2_scaling,synthetic,fp_sum_genexpr,1,measured,18,187,0.076739,831537362.1859643,831537362.1859643,0.000000,"{""user_lock_acquisitions"": 0}",2026-08-12T05:38:20Z
exp2_scaling,synthetic,coarse_lock,1,measured,1,188,0.072049,831537362.185985,831537362.1859643,0.000000,"{""user_lock_acquisitions"": 1}",2026-08-12T05:38:20Z
exp2_scaling,synthetic,fp_sum_genexpr,1,measured,13,189,0.077439,831537362.1859643,831537362.1859643,0.000000,"{""user_lock_acquisitions"": 0}",2026-08-12T05:38:20Z
exp2_scaling,synthetic,fp_reduce,1,measured,15,190,0.072087,831537362.185985,831537362.1859643,0.000000,"{""user_lock_acquisitions"": 0}",2026-08-12T05:38:20Z
exp2_scaling,synthetic,fp_sum_genexpr,1,measured,3,191,0.076360,831537362.1859643,831537362.1859643,0.000000,"{""user_lock_acquisitions"": 0}",2026-08-12T05:38:20Z
exp2_scaling,synthetic,imp_threadlocal,1,measured,20,192,0.073050,831537362.185985,831537362.1859643,0.000000,"{""user_lock_acquisitions"": 0}",2026-08-12T05:38:20Z
exp2_scaling,synthetic,fine_lock,1,measured,1,193,0.157554,831537362.185985,831537362.1859643,0.000000,"{""user_lock_acquisitions"": 500000}",2026-08-12T05:38:20Z
exp2_scaling,synthetic,fp_reduce,1,measured,19,194,0.072092,831537362.185985,831537362.1859643,0.000000,"{""user_lock_acquisitions"": 0}",2026-08-12T05:38:20Z
exp2_scaling,synthetic,imp_threadlocal,1,measured,1,195,0.072336,831537362.185985,831537362.1859643,0.000000,"{""user_lock_acquisitions"": 0}",2026-08-12T05:38:20Z
exp2_scaling,synthetic,coarse_lock,1,measured,24,196,0.072314,831537362.185985,831537362.1859643,0.000000,"{""user_lock_acquisitions"": 1}",2026-08-12T05:38:20Z
exp2_scaling,synthetic,queue_agg,1,measured,15,197,0.070780,831537362.185985,831537362.1859643,0.000000,"{""user_lock_acquisitions"": 0}",2026-08-12T05:38:20Z
exp2_scaling,synthetic,queue_agg,1,measured,17,198,0.070452,831537362.185985,831537362.1859643,0.000000,"{""user_lock_acquisitions"": 0}",2026-08-12T05:38:20Z
exp2_scaling,synthetic,batched_lock,1,measured,12,199,0.082688,831537362.1859645,831537362.1859643,0.000000,"{""user_lock_acquisitions"": 500}",2026-08-12T05:38:21Z
exp2_scaling,synthetic,fp_sum_genexpr,1,measured,27,200,0.076921,831537362.1859643,831537362.1859643,0.000000,"{""user_lock_acquisitions"": 0}",2026-08-12T05:38:21Z
exp2_scaling,synthetic,fp_reduce,1,measured,9,201,0.071463,831537362.185985,831537362.1859643,0.000000,"{""user_lock_acquisitions"": 0}",2026-08-12T05:38:21Z
exp2_scaling,synthetic,coarse_lock,1,measured,28,202,0.071927,831537362.185985,831537362.1859643,0.000000,"{""user_lock_acquisitions"": 1}",2026-08-12T05:38:21Z
exp2_scaling,synthetic,fp_sum_genexpr,1,measured,19,203,0.076694,831537362.1859643,831537362.1859643,0.000000,"{""user_lock_acquisitions"": 0}",2026-08-12T05:38:21Z
exp2_scaling,synthetic,batched_lock,1,measured,7,204,0.082306,831537362.1859645,831537362.1859643,0.000000,"{""user_lock_acquisitions"": 500}",2026-08-12T05:38:21Z
exp2_scaling,synthetic,fine_lock,1,measured,3,205,0.157114,831537362.185985,831537362.1859643,0.000000,"{""user_lock_acquisitions"": 500000}",2026-08-12T05:38:21Z
exp2_scaling,synthetic,fp_sum_genexpr,1,measured,16,206,0.077609,831537362.1859643,831537362.1859643,0.000000,"{""user_lock_acquisitions"": 0}",2026-08-12T05:38:21Z
exp2_scaling,synthetic,fine_lock,1,measured,8,207,0.156978,831537362.185985,831537362.1859643,0.000000,"{""user_lock_acquisitions"": 500000}",2026-08-12T05:38:21Z
exp2_scaling,synthetic,fp_sum_genexpr,1,measured,25,208,0.076567,831537362.1859643,831537362.1859643,0.000000,"{""user_lock_acquisitions"": 0}",2026-08-12T05:38:21Z
exp2_scaling,synthetic,queue_agg,1,measured,27,209,0.070819,831537362.185985,831537362.1859643,0.000000,"{""user_lock_acquisitions"": 0}",2026-08-12T05:38:21Z
exp2_scaling,synthetic,no_lock,1,measured,17,210,0.089251,831537362.185985,831537362.1859643,0.000000,"{""user_lock_acquisitions"": 0}",2026-08-12T05:38:22Z
exp2_scaling,synthetic,coarse_lock,1,measured,15,211,0.071531,831537362.185985,831537362.1859643,0.000000,"{""user_lock_acquisitions"": 1}",2026-08-12T05:38:22Z
exp2_scaling,synthetic,coarse_lock,1,measured,21,212,0.072667,831537362.185985,831537362.1859643,0.000000,"{""user_lock_acquisitions"": 1}",2026-08-12T05:38:22Z
exp2_scaling,synthetic,fine_lock,1,measured,20,213,0.157451,831537362.185985,831537362.1859643,0.000000,"{""user_lock_acquisitions"": 500000}",2026-08-12T05:38:22Z
exp2_scaling,synthetic,batched_lock,1,measured,26,214,0.082790,831537362.1859645,831537362.1859643,0.000000,"{""user_lock_acquisitions"": 500}",2026-08-12T05:38:22Z
exp2_scaling,synthetic,batched_lock,1,measured,13,215,0.082849,831537362.1859645,831537362.1859643,0.000000,"{""user_lock_acquisitions"": 500}",2026-08-12T05:38:22Z
exp2_scaling,synthetic,coarse_lock,1,measured,2,216,0.072141,831537362.185985,831537362.1859643,0.000000,"{""user_lock_acquisitions"": 1}",2026-08-12T05:38:22Z
exp2_scaling,synthetic,fp_sum_genexpr,1,measured,6,217,0.077699,831537362.1859643,831537362.1859643,0.000000,"{""user_lock_acquisitions"": 0}",2026-08-12T05:38:22Z
exp2_scaling,synthetic,coarse_lock,1,measured,25,218,0.072094,831537362.185985,831537362.1859643,0.000000,"{""user_lock_acquisitions"": 1}",2026-08-12T05:38:22Z
exp2_scaling,synthetic,fp_sum_genexpr,1,measured,12,219,0.076752,831537362.1859643,831537362.1859643,0.000000,"{""user_lock_acquisitions"": 0}",2026-08-12T05:38:22Z
exp2_scaling,synthetic,fine_lock,1,measured,15,220,0.157075,831537362.185985,831537362.1859643,0.000000,"{""user_lock_acquisitions"": 500000}",2026-08-12T05:38:22Z
exp2_scaling,synthetic,batched_lock,1,measured,4,221,0.082755,831537362.1859645,831537362.1859643,0.000000,"{""user_lock_acquisitions"": 500}",2026-08-12T05:38:23Z
exp2_scaling,synthetic,fp_reduce,1,measured,12,222,0.072028,831537362.185985,831537362.1859643,0.000000,"{""user_lock_acquisitions"": 0}",2026-08-12T05:38:23Z
exp2_scaling,synthetic,fp_sum_genexpr,1,measured,9,223,0.076888,831537362.1859643,831537362.1859643,0.000000,"{""user_lock_acquisitions"": 0}",2026-08-12T05:38:23Z
exp2_scaling,synthetic,queue_agg,1,measured,3,224,0.071378,831537362.185985,831537362.1859643,0.000000,"{""user_lock_acquisitions"": 0}",2026-08-12T05:38:23Z
exp2_scaling,synthetic,fine_lock,1,measured,6,225,0.157072,831537362.185985,831537362.1859643,0.000000,"{""user_lock_acquisitions"": 500000}",2026-08-12T05:38:23Z
exp2_scaling,synthetic,batched_lock,1,measured,17,226,0.082492,831537362.1859645,831537362.1859643,0.000000,"{""user_lock_acquisitions"": 500}",2026-08-12T05:38:23Z
exp2_scaling,synthetic,fp_sum_genexpr,1,measured,20,227,0.076695,831537362.1859643,831537362.1859643,0.000000,"{""user_lock_acquisitions"": 0}",2026-08-12T05:38:23Z
exp2_scaling,synthetic,no_lock,1,measured,3,228,0.090690,831537362.185985,831537362.1859643,0.000000,"{""user_lock_acquisitions"": 0}",2026-08-12T05:38:23Z
exp2_scaling,synthetic,imp_threadlocal,1,measured,12,229,0.071599,831537362.185985,831537362.1859643,0.000000,"{""user_lock_acquisitions"": 0}",2026-08-12T05:38:23Z
exp2_scaling,synthetic,fine_lock,1,measured,26,230,0.157391,831537362.185985,831537362.1859643,0.000000,"{""user_lock_acquisitions"": 500000}",2026-08-12T05:38:23Z
exp2_scaling,synthetic,queue_agg,1,measured,4,231,0.070439,831537362.185985,831537362.1859643,0.000000,"{""user_lock_acquisitions"": 0}",2026-08-12T05:38:23Z
exp2_scaling,synthetic,fine_lock,1,measured,17,232,0.157269,831537362.185985,831537362.1859643,0.000000,"{""user_lock_acquisitions"": 500000}",2026-08-12T05:38:24Z
exp2_scaling,synthetic,fp_reduce,1,measured,7,233,0.071611,831537362.185985,831537362.1859643,0.000000,"{""user_lock_acquisitions"": 0}",2026-08-12T05:38:24Z
exp2_scaling,synthetic,fp_sum_genexpr,1,measured,24,234,0.077261,831537362.1859643,831537362.1859643,0.000000,"{""user_lock_acquisitions"": 0}",2026-08-12T05:38:24Z
exp2_scaling,synthetic,fp_sum_genexpr,1,measured,17,235,0.076617,831537362.1859643,831537362.1859643,0.000000,"{""user_lock_acquisitions"": 0}",2026-08-12T05:38:24Z
exp2_scaling,synthetic,fp_sum_genexpr,1,measured,21,236,0.077672,831537362.1859643,831537362.1859643,0.000000,"{""user_lock_acquisitions"": 0}",2026-08-12T05:38:24Z
exp2_scaling,synthetic,no_lock,1,measured,10,237,0.090435,831537362.185985,831537362.1859643,0.000000,"{""user_lock_acquisitions"": 0}",2026-08-12T05:38:24Z
exp2_scaling,synthetic,coarse_lock,1,measured,8,238,0.072392,831537362.185985,831537362.1859643,0.000000,"{""user_lock_acquisitions"": 1}",2026-08-12T05:38:24Z
exp2_scaling,synthetic,fp_reduce,1,measured,13,239,0.071625,831537362.185985,831537362.1859643,0.000000,"{""user_lock_acquisitions"": 0}",2026-08-12T05:38:24Z
exp2_scaling,synthetic,no_lock,1,measured,19,240,0.089666,831537362.185985,831537362.1859643,0.000000,"{""user_lock_acquisitions"": 0}",2026-08-12T05:38:24Z
exp2_scaling,synthetic,batched_lock,1,measured,9,241,0.082507,831537362.1859645,831537362.1859643,0.000000,"{""user_lock_acquisitions"": 500}",2026-08-12T05:38:24Z
exp2_scaling,synthetic,imp_threadlocal,1,measured,11,242,0.072166,831537362.185985,831537362.1859643,0.000000,"{""user_lock_acquisitions"": 0}",2026-08-12T05:38:24Z
exp2_scaling,synthetic,fine_lock,1,measured,18,243,0.157230,831537362.185985,831537362.1859643,0.000000,"{""user_lock_acquisitions"": 500000}",2026-08-12T05:38:25Z
exp2_scaling,synthetic,fp_sum_genexpr,1,measured,7,244,0.076913,831537362.1859643,831537362.1859643,0.000000,"{""user_lock_acquisitions"": 0}",2026-08-12T05:38:25Z
exp2_scaling,synthetic,imp_threadlocal,1,measured,22,245,0.071679,831537362.185985,831537362.1859643,0.000000,"{""user_lock_acquisitions"": 0}",2026-08-12T05:38:25Z
exp2_scaling,synthetic,fine_lock,1,measured,29,246,0.157261,831537362.185985,831537362.1859643,0.000000,"{""user_lock_acquisitions"": 500000}",2026-08-12T05:38:25Z
exp2_scaling,synthetic,queue_agg,1,measured,9,247,0.070562,831537362.185985,831537362.1859643,0.000000,"{""user_lock_acquisitions"": 0}",2026-08-12T05:38:25Z
exp2_scaling,synthetic,batched_lock,1,measured,3,248,0.082426,831537362.1859645,831537362.1859643,0.000000,"{""user_lock_acquisitions"": 500}",2026-08-12T05:38:25Z
exp2_scaling,synthetic,no_lock,1,measured,28,249,0.090017,831537362.185985,831537362.1859643,0.000000,"{""user_lock_acquisitions"": 0}",2026-08-12T05:38:25Z
exp2_scaling,synthetic,fp_sum_genexpr,1,measured,4,250,0.076685,831537362.1859643,831537362.1859643,0.000000,"{""user_lock_acquisitions"": 0}",2026-08-12T05:38:25Z
exp2_scaling,synthetic,coarse_lock,1,measured,17,251,0.071444,831537362.185985,831537362.1859643,0.000000,"{""user_lock_acquisitions"": 1}",2026-08-12T05:38:25Z
exp2_scaling,synthetic,fine_lock,1,measured,23,252,0.157490,831537362.185985,831537362.1859643,0.000000,"{""user_lock_acquisitions"": 500000}",2026-08-12T05:38:25Z
exp2_scaling,synthetic,fp_reduce,1,measured,24,253,0.072826,831537362.185985,831537362.1859643,0.000000,"{""user_lock_acquisitions"": 0}",2026-08-12T05:38:25Z
exp2_scaling,synthetic,queue_agg,1,measured,26,254,0.070723,831537362.185985,831537362.1859643,0.000000,"{""user_lock_acquisitions"": 0}",2026-08-12T05:38:26Z
exp2_scaling,synthetic,fp_reduce,1,measured,23,255,0.071533,831537362.185985,831537362.1859643,0.000000,"{""user_lock_acquisitions"": 0}",2026-08-12T05:38:26Z
exp2_scaling,synthetic,imp_threadlocal,1,measured,27,256,0.072492,831537362.185985,831537362.1859643,0.000000,"{""user_lock_acquisitions"": 0}",2026-08-12T05:38:26Z
exp2_scaling,synthetic,fine_lock,1,measured,27,257,0.156939,831537362.185985,831537362.1859643,0.000000,"{""user_lock_acquisitions"": 500000}",2026-08-12T05:38:26Z
exp2_scaling,synthetic,batched_lock,1,measured,20,258,0.082509,831537362.1859645,831537362.1859643,0.000000,"{""user_lock_acquisitions"": 500}",2026-08-12T05:38:26Z
exp2_scaling,synthetic,fp_reduce,1,measured,27,259,0.071517,831537362.185985,831537362.1859643,0.000000,"{""user_lock_acquisitions"": 0}",2026-08-12T05:38:26Z
exp2_scaling,synthetic,imp_threadlocal,1,measured,15,260,0.073463,831537362.185985,831537362.1859643,0.000000,"{""user_lock_acquisitions"": 0}",2026-08-12T05:38:26Z
exp2_scaling,synthetic,batched_lock,1,measured,24,261,0.082631,831537362.1859645,831537362.1859643,0.000000,"{""user_lock_acquisitions"": 500}",2026-08-12T05:38:26Z
exp2_scaling,synthetic,no_lock,1,measured,21,262,0.089265,831537362.185985,831537362.1859643,0.000000,"{""user_lock_acquisitions"": 0}",2026-08-12T05:38:26Z
exp2_scaling,synthetic,no_lock,1,measured,5,263,0.089918,831537362.185985,831537362.1859643,0.000000,"{""user_lock_acquisitions"": 0}",2026-08-12T05:38:26Z
exp2_scaling,synthetic,coarse_lock,2,warmup,1,0,0.037078,831537362.1859523,831537362.1859643,0.000000,"{""user_lock_acquisitions"": 2}",2026-08-12T05:38:26Z
exp2_scaling,synthetic,batched_lock,2,warmup,1,1,0.042163,831537362.1859646,831537362.1859643,0.000000,"{""user_lock_acquisitions"": 500}",2026-08-12T05:38:26Z
exp2_scaling,synthetic,fine_lock,2,warmup,0,2,0.170183,831537362.1859931,831537362.1859643,0.000000,"{""user_lock_acquisitions"": 500000}",2026-08-12T05:38:27Z
exp2_scaling,synthetic,no_lock,2,warmup,1,3,0.118637,538943578.8145083,831537362.1859643,35.187088,"{""user_lock_acquisitions"": 0}",2026-08-12T05:38:27Z
exp2_scaling,synthetic,imp_threadlocal,2,warmup,2,4,0.037018,831537362.1859523,831537362.1859643,0.000000,"{""user_lock_acquisitions"": 0}",2026-08-12T05:38:27Z
exp2_scaling,synthetic,queue_agg,2,warmup,0,5,0.036421,831537362.1859523,831537362.1859643,0.000000,"{""user_lock_acquisitions"": 0}",2026-08-12T05:38:27Z
exp2_scaling,synthetic,imp_threadlocal,2,warmup,0,6,0.036474,831537362.1859523,831537362.1859643,0.000000,"{""user_lock_acquisitions"": 0}",2026-08-12T05:38:27Z
exp2_scaling,synthetic,batched_lock,2,warmup,2,7,0.042171,831537362.1859646,831537362.1859643,0.000000,"{""user_lock_acquisitions"": 500}",2026-08-12T05:38:27Z
exp2_scaling,synthetic,queue_agg,2,warmup,1,8,0.036611,831537362.1859523,831537362.1859643,0.000000,"{""user_lock_acquisitions"": 0}",2026-08-12T05:38:27Z
exp2_scaling,synthetic,fine_lock,2,warmup,2,9,0.172084,831537362.1859938,831537362.1859643,0.000000,"{""user_lock_acquisitions"": 500000}",2026-08-12T05:38:27Z
exp2_scaling,synthetic,fp_reduce,2,warmup,0,10,0.036781,831537362.1859523,831537362.1859643,0.000000,"{""user_lock_acquisitions"": 0}",2026-08-12T05:38:27Z
exp2_scaling,synthetic,fp_sum_genexpr,2,warmup,0,11,0.039467,831537362.1859643,831537362.1859643,0.000000,"{""user_lock_acquisitions"": 0}",2026-08-12T05:38:27Z
exp2_scaling,synthetic,fp_reduce,2,warmup,2,12,0.036430,831537362.1859523,831537362.1859643,0.000000,"{""user_lock_acquisitions"": 0}",2026-08-12T05:38:27Z
exp2_scaling,synthetic,no_lock,2,warmup,0,13,0.115297,467261681.08880174,831537362.1859643,43.807494,"{""user_lock_acquisitions"": 0}",2026-08-12T05:38:27Z
exp2_scaling,synthetic,coarse_lock,2,warmup,0,14,0.036949,831537362.1859523,831537362.1859643,0.000000,"{""user_lock_acquisitions"": 2}",2026-08-12T05:38:27Z
exp2_scaling,synthetic,fine_lock,2,warmup,1,15,0.170914,831537362.1859921,831537362.1859643,0.000000,"{""user_lock_acquisitions"": 500000}",2026-08-12T05:38:28Z
exp2_scaling,synthetic,fp_sum_genexpr,2,warmup,2,16,0.039792,831537362.1859643,831537362.1859643,0.000000,"{""user_lock_acquisitions"": 0}",2026-08-12T05:38:28Z
exp2_scaling,synthetic,queue_agg,2,warmup,2,17,0.035931,831537362.1859523,831537362.1859643,0.000000,"{""user_lock_acquisitions"": 0}",2026-08-12T05:38:28Z
exp2_scaling,synthetic,batched_lock,2,warmup,0,18,0.042545,831537362.1859645,831537362.1859643,0.000000,"{""user_lock_acquisitions"": 500}",2026-08-12T05:38:28Z
exp2_scaling,synthetic,fp_reduce,2,warmup,1,19,0.036453,831537362.1859523,831537362.1859643,0.000000,"{""user_lock_acquisitions"": 0}",2026-08-12T05:38:28Z
exp2_scaling,synthetic,no_lock,2,warmup,2,20,0.116959,463526533.80674654,831537362.1859643,44.256680,"{""user_lock_acquisitions"": 0}",2026-08-12T05:38:28Z
exp2_scaling,synthetic,imp_threadlocal,2,warmup,1,21,0.036365,831537362.1859523,831537362.1859643,0.000000,"{""user_lock_acquisitions"": 0}",2026-08-12T05:38:28Z
exp2_scaling,synthetic,coarse_lock,2,warmup,2,22,0.035953,831537362.1859523,831537362.1859643,0.000000,"{""user_lock_acquisitions"": 2}",2026-08-12T05:38:28Z
exp2_scaling,synthetic,fp_sum_genexpr,2,warmup,1,23,0.039336,831537362.1859643,831537362.1859643,0.000000,"{""user_lock_acquisitions"": 0}",2026-08-12T05:38:28Z
exp2_scaling,synthetic,imp_threadlocal,2,measured,29,24,0.036630,831537362.1859523,831537362.1859643,0.000000,"{""user_lock_acquisitions"": 0}",2026-08-12T05:38:28Z
exp2_scaling,synthetic,coarse_lock,2,measured,1,25,0.037232,831537362.1859523,831537362.1859643,0.000000,"{""user_lock_acquisitions"": 2}",2026-08-12T05:38:28Z
exp2_scaling,synthetic,coarse_lock,2,measured,5,26,0.037143,831537362.1859523,831537362.1859643,0.000000,"{""user_lock_acquisitions"": 2}",2026-08-12T05:38:28Z
exp2_scaling,synthetic,queue_agg,2,measured,10,27,0.036171,831537362.1859523,831537362.1859643,0.000000,"{""user_lock_acquisitions"": 0}",2026-08-12T05:38:28Z
exp2_scaling,synthetic,fine_lock,2,measured,13,28,0.170560,831537362.1859964,831537362.1859643,0.000000,"{""user_lock_acquisitions"": 500000}",2026-08-12T05:38:28Z
exp2_scaling,synthetic,no_lock,2,measured,7,29,0.109283,490655629.5035615,831537362.1859643,40.994157,"{""user_lock_acquisitions"": 0}",2026-08-12T05:38:28Z
exp2_scaling,synthetic,queue_agg,2,measured,3,30,0.036024,831537362.1859523,831537362.1859643,0.000000,"{""user_lock_acquisitions"": 0}",2026-08-12T05:38:28Z
exp2_scaling,synthetic,fp_sum_genexpr,2,measured,16,31,0.039140,831537362.1859643,831537362.1859643,0.000000,"{""user_lock_acquisitions"": 0}",2026-08-12T05:38:28Z
exp2_scaling,synthetic,coarse_lock,2,measured,14,32,0.036133,831537362.1859523,831537362.1859643,0.000000,"{""user_lock_acquisitions"": 2}",2026-08-12T05:38:28Z
exp2_scaling,synthetic,fine_lock,2,measured,27,33,0.169487,831537362.185997,831537362.1859643,0.000000,"{""user_lock_acquisitions"": 500000}",2026-08-12T05:38:29Z
exp2_scaling,synthetic,imp_threadlocal,2,measured,10,34,0.036365,831537362.1859523,831537362.1859643,0.000000,"{""user_lock_acquisitions"": 0}",2026-08-12T05:38:29Z
exp2_scaling,synthetic,fp_sum_genexpr,2,measured,7,35,0.038989,831537362.1859643,831537362.1859643,0.000000,"{""user_lock_acquisitions"": 0}",2026-08-12T05:38:29Z
exp2_scaling,synthetic,fp_reduce,2,measured,28,36,0.036176,831537362.1859523,831537362.1859643,0.000000,"{""user_lock_acquisitions"": 0}",2026-08-12T05:38:29Z
exp2_scaling,synthetic,coarse_lock,2,measured,17,37,0.036153,831537362.1859523,831537362.1859643,0.000000,"{""user_lock_acquisitions"": 2}",2026-08-12T05:38:29Z
exp2_scaling,synthetic,fp_reduce,2,measured,6,38,0.036372,831537362.1859523,831537362.1859643,0.000000,"{""user_lock_acquisitions"": 0}",2026-08-12T05:38:29Z
exp2_scaling,synthetic,no_lock,2,measured,15,39,0.110467,458741620.3363495,831537362.1859643,44.832110,"{""user_lock_acquisitions"": 0}",2026-08-12T05:38:29Z
exp2_scaling,synthetic,fp_reduce,2,measured,5,40,0.036738,831537362.1859523,831537362.1859643,0.000000,"{""user_lock_acquisitions"": 0}",2026-08-12T05:38:29Z
exp2_scaling,synthetic,fp_sum_genexpr,2,measured,13,41,0.039164,831537362.1859643,831537362.1859643,0.000000,"{""user_lock_acquisitions"": 0}",2026-08-12T05:38:29Z
exp2_scaling,synthetic,imp_threadlocal,2,measured,8,42,0.036734,831537362.1859523,831537362.1859643,0.000000,"{""user_lock_acquisitions"": 0}",2026-08-12T05:38:29Z
exp2_scaling,synthetic,coarse_lock,2,measured,18,43,0.036938,831537362.1859523,831537362.1859643,0.000000,"{""user_lock_acquisitions"": 2}",2026-08-12T05:38:29Z
exp2_scaling,synthetic,fine_lock,2,measured,2,44,0.170410,831537362.1860014,831537362.1859643,0.000000,"{""user_lock_acquisitions"": 500000}",2026-08-12T05:38:29Z
exp2_scaling,synthetic,batched_lock,2,measured,16,45,0.043102,831537362.1859646,831537362.1859643,0.000000,"{""user_lock_acquisitions"": 500}",2026-08-12T05:38:29Z
exp2_scaling,synthetic,no_lock,2,measured,29,46,0.115621,470207414.27385324,831537362.1859643,43.453243,"{""user_lock_acquisitions"": 0}",2026-08-12T05:38:29Z
exp2_scaling,synthetic,no_lock,2,measured,8,47,0.111860,493290069.4526708,831537362.1859643,40.677342,"{""user_lock_acquisitions"": 0}",2026-08-12T05:38:29Z
exp2_scaling,synthetic,fp_sum_genexpr,2,measured,3,48,0.038894,831537362.1859643,831537362.1859643,0.000000,"{""user_lock_acquisitions"": 0}",2026-08-12T05:38:30Z
exp2_scaling,synthetic,fine_lock,2,measured,23,49,0.168967,831537362.1859915,831537362.1859643,0.000000,"{""user_lock_acquisitions"": 500000}",2026-08-12T05:38:30Z
exp2_scaling,synthetic,fp_reduce,2,measured,15,50,0.036544,831537362.1859523,831537362.1859643,0.000000,"{""user_lock_acquisitions"": 0}",2026-08-12T05:38:30Z
exp2_scaling,synthetic,fp_reduce,2,measured,1,51,0.036188,831537362.1859523,831537362.1859643,0.000000,"{""user_lock_acquisitions"": 0}",2026-08-12T05:38:30Z
exp2_scaling,synthetic,fp_sum_genexpr,2,measured,1,52,0.040274,831537362.1859643,831537362.1859643,0.000000,"{""user_lock_acquisitions"": 0}",2026-08-12T05:38:30Z
exp2_scaling,synthetic,fp_reduce,2,measured,24,53,0.036863,831537362.1859523,831537362.1859643,0.000000,"{""user_lock_acquisitions"": 0}",2026-08-12T05:38:30Z
exp2_scaling,synthetic,fp_sum_genexpr,2,measured,11,54,0.039153,831537362.1859643,831537362.1859643,0.000000,"{""user_lock_acquisitions"": 0}",2026-08-12T05:38:30Z
exp2_scaling,synthetic,fine_lock,2,measured,10,55,0.169252,831537362.1859924,831537362.1859643,0.000000,"{""user_lock_acquisitions"": 500000}",2026-08-12T05:38:30Z
exp2_scaling,synthetic,fp_sum_genexpr,2,measured,15,56,0.038682,831537362.1859643,831537362.1859643,0.000000,"{""user_lock_acquisitions"": 0}",2026-08-12T05:38:30Z
exp2_scaling,synthetic,fine_lock,2,measured,12,57,0.169215,831537362.1859993,831537362.1859643,0.000000,"{""user_lock_acquisitions"": 500000}",2026-08-12T05:38:30Z
exp2_scaling,synthetic,fp_reduce,2,measured,19,58,0.035883,831537362.1859523,831537362.1859643,0.000000,"{""user_lock_acquisitions"": 0}",2026-08-12T05:38:30Z
exp2_scaling,synthetic,fp_sum_genexpr,2,measured,28,59,0.038748,831537362.1859643,831537362.1859643,0.000000,"{""user_lock_acquisitions"": 0}",2026-08-12T05:38:30Z
exp2_scaling,synthetic,no_lock,2,measured,12,60,0.115265,573679570.242719,831537362.1859643,31.009766,"{""user_lock_acquisitions"": 0}",2026-08-12T05:38:30Z
exp2_scaling,synthetic,fine_lock,2,measured,11,61,0.169613,831537362.1859934,831537362.1859643,0.000000,"{""user_lock_acquisitions"": 500000}",2026-08-12T05:38:31Z
exp2_scaling,synthetic,fp_sum_genexpr,2,measured,5,62,0.039021,831537362.1859643,831537362.1859643,0.000000,"{""user_lock_acquisitions"": 0}",2026-08-12T05:38:31Z
exp2_scaling,synthetic,imp_threadlocal,2,measured,16,63,0.036446,831537362.1859523,831537362.1859643,0.000000,"{""user_lock_acquisitions"": 0}",2026-08-12T05:38:31Z
exp2_scaling,synthetic,queue_agg,2,measured,1,64,0.036176,831537362.1859523,831537362.1859643,0.000000,"{""user_lock_acquisitions"": 0}",2026-08-12T05:38:31Z
exp2_scaling,synthetic,batched_lock,2,measured,21,65,0.042435,831537362.1859647,831537362.1859643,0.000000,"{""user_lock_acquisitions"": 500}",2026-08-12T05:38:31Z
exp2_scaling,synthetic,queue_agg,2,measured,19,66,0.035901,831537362.1859523,831537362.1859643,0.000000,"{""user_lock_acquisitions"": 0}",2026-08-12T05:38:31Z
exp2_scaling,synthetic,imp_threadlocal,2,measured,20,67,0.036694,831537362.1859523,831537362.1859643,0.000000,"{""user_lock_acquisitions"": 0}",2026-08-12T05:38:31Z
exp2_scaling,synthetic,fp_reduce,2,measured,23,68,0.036008,831537362.1859523,831537362.1859643,0.000000,"{""user_lock_acquisitions"": 0}",2026-08-12T05:38:31Z
exp2_scaling,synthetic,fp_sum_genexpr,2,measured,25,69,0.039288,831537362.1859643,831537362.1859643,0.000000,"{""user_lock_acquisitions"": 0}",2026-08-12T05:38:31Z
exp2_scaling,synthetic,fine_lock,2,measured,26,70,0.169639,831537362.1859981,831537362.1859643,0.000000,"{""user_lock_acquisitions"": 500000}",2026-08-12T05:38:31Z
exp2_scaling,synthetic,fp_reduce,2,measured,16,71,0.036282,831537362.1859523,831537362.1859643,0.000000,"{""user_lock_acquisitions"": 0}",2026-08-12T05:38:31Z
exp2_scaling,synthetic,fine_lock,2,measured,3,72,0.169318,831537362.1859994,831537362.1859643,0.000000,"{""user_lock_acquisitions"": 500000}",2026-08-12T05:38:31Z
exp2_scaling,synthetic,imp_threadlocal,2,measured,18,73,0.036613,831537362.1859523,831537362.1859643,0.000000,"{""user_lock_acquisitions"": 0}",2026-08-12T05:38:31Z
exp2_scaling,synthetic,fp_sum_genexpr,2,measured,4,74,0.038861,831537362.1859643,831537362.1859643,0.000000,"{""user_lock_acquisitions"": 0}",2026-08-12T05:38:31Z
exp2_scaling,synthetic,queue_agg,2,measured,26,75,0.035987,831537362.1859523,831537362.1859643,0.000000,"{""user_lock_acquisitions"": 0}",2026-08-12T05:38:31Z
exp2_scaling,synthetic,fp_reduce,2,measured,29,76,0.036377,831537362.1859523,831537362.1859643,0.000000,"{""user_lock_acquisitions"": 0}",2026-08-12T05:38:31Z
exp2_scaling,synthetic,batched_lock,2,measured,6,77,0.042812,831537362.1859646,831537362.1859643,0.000000,"{""user_lock_acquisitions"": 500}",2026-08-12T05:38:32Z
exp2_scaling,synthetic,fine_lock,2,measured,28,78,0.169862,831537362.1860024,831537362.1859643,0.000000,"{""user_lock_acquisitions"": 500000}",2026-08-12T05:38:32Z
exp2_scaling,synthetic,imp_threadlocal,2,measured,1,79,0.036044,831537362.1859523,831537362.1859643,0.000000,"{""user_lock_acquisitions"": 0}",2026-08-12T05:38:32Z
exp2_scaling,synthetic,no_lock,2,measured,25,80,0.113755,472509379.0527404,831537362.1859643,43.176410,"{""user_lock_acquisitions"": 0}",2026-08-12T05:38:32Z
exp2_scaling,synthetic,fp_reduce,2,measured,13,81,0.036620,831537362.1859523,831537362.1859643,0.000000,"{""user_lock_acquisitions"": 0}",2026-08-12T05:38:32Z
exp2_scaling,synthetic,fp_sum_genexpr,2,measured,23,82,0.038917,831537362.1859643,831537362.1859643,0.000000,"{""user_lock_acquisitions"": 0}",2026-08-12T05:38:32Z
exp2_scaling,synthetic,queue_agg,2,measured,22,83,0.036684,831537362.1859523,831537362.1859643,0.000000,"{""user_lock_acquisitions"": 0}",2026-08-12T05:38:32Z
exp2_scaling,synthetic,fp_reduce,2,measured,0,84,0.036711,831537362.1859523,831537362.1859643,0.000000,"{""user_lock_acquisitions"": 0}",2026-08-12T05:38:32Z
exp2_scaling,synthetic,no_lock,2,measured,6,85,0.112952,496453416.16004044,831537362.1859643,40.296920,"{""user_lock_acquisitions"": 0}",2026-08-12T05:38:32Z
exp2_scaling,synthetic,fine_lock,2,measured,16,86,0.170464,831537362.1860054,831537362.1859643,0.000000,"{""user_lock_acquisitions"": 500000}",2026-08-12T05:38:32Z
exp2_scaling,synthetic,fine_lock,2,measured,20,87,0.169701,831537362.1859981,831537362.1859643,0.000000,"{""user_lock_acquisitions"": 500000}",2026-08-12T05:38:32Z
exp2_scaling,synthetic,fp_sum_genexpr,2,measured,22,88,0.038990,831537362.1859643,831537362.1859643,0.000000,"{""user_lock_acquisitions"": 0}",2026-08-12T05:38:32Z
exp2_scaling,synthetic,queue_agg,2,measured,5,89,0.036553,831537362.1859523,831537362.1859643,0.000000,"{""user_lock_acquisitions"": 0}",2026-08-12T05:38:33Z
exp2_scaling,synthetic,queue_agg,2,measured,27,90,0.036953,831537362.1859523,831537362.1859643,0.000000,"{""user_lock_acquisitions"": 0}",2026-08-12T05:38:33Z
exp2_scaling,synthetic,fp_sum_genexpr,2,measured,18,91,0.039311,831537362.1859643,831537362.1859643,0.000000,"{""user_lock_acquisitions"": 0}",2026-08-12T05:38:33Z
exp2_scaling,synthetic,no_lock,2,measured,4,92,0.117686,479295603.3796983,831537362.1859643,42.360305,"{""user_lock_acquisitions"": 0}",2026-08-12T05:38:33Z
exp2_scaling,synthetic,imp_threadlocal,2,measured,11,93,0.036507,831537362.1859523,831537362.1859643,0.000000,"{""user_lock_acquisitions"": 0}",2026-08-12T05:38:33Z
exp2_scaling,synthetic,batched_lock,2,measured,22,94,0.042708,831537362.1859647,831537362.1859643,0.000000,"{""user_lock_acquisitions"": 500}",2026-08-12T05:38:33Z
exp2_scaling,synthetic,imp_threadlocal,2,measured,26,95,0.036235,831537362.1859523,831537362.1859643,0.000000,"{""user_lock_acquisitions"": 0}",2026-08-12T05:38:33Z
exp2_scaling,synthetic,fine_lock,2,measured,7,96,0.169345,831537362.1860018,831537362.1859643,0.000000,"{""user_lock_acquisitions"": 500000}",2026-08-12T05:38:33Z
exp2_scaling,synthetic,queue_agg,2,measured,25,97,0.036626,831537362.1859523,831537362.1859643,0.000000,"{""user_lock_acquisitions"": 0}",2026-08-12T05:38:33Z
exp2_scaling,synthetic,queue_agg,2,measured,29,98,0.036415,831537362.1859523,831537362.1859643,0.000000,"{""user_lock_acquisitions"": 0}",2026-08-12T05:38:33Z
exp2_scaling,synthetic,fine_lock,2,measured,14,99,0.168064,831537362.1860019,831537362.1859643,0.000000,"{""user_lock_acquisitions"": 500000}",2026-08-12T05:38:33Z
exp2_scaling,synthetic,coarse_lock,2,measured,11,100,0.036197,831537362.1859523,831537362.1859643,0.000000,"{""user_lock_acquisitions"": 2}",2026-08-12T05:38:33Z
exp2_scaling,synthetic,imp_threadlocal,2,measured,28,101,0.035947,831537362.1859523,831537362.1859643,0.000000,"{""user_lock_acquisitions"": 0}",2026-08-12T05:38:33Z
exp2_scaling,synthetic,no_lock,2,measured,0,102,0.108846,438360360.8198514,831537362.1859643,47.283143,"{""user_lock_acquisitions"": 0}",2026-08-12T05:38:33Z
exp2_scaling,synthetic,no_lock,2,measured,14,103,0.115713,405453978.1572819,831537362.1859643,51.240438,"{""user_lock_acquisitions"": 0}",2026-08-12T05:38:34Z
exp2_scaling,synthetic,fp_sum_genexpr,2,measured,17,104,0.038969,831537362.1859643,831537362.1859643,0.000000,"{""user_lock_acquisitions"": 0}",2026-08-12T05:38:34Z
exp2_scaling,synthetic,imp_threadlocal,2,measured,5,105,0.036492,831537362.1859523,831537362.1859643,0.000000,"{""user_lock_acquisitions"": 0}",2026-08-12T05:38:34Z
exp2_scaling,synthetic,coarse_lock,2,measured,21,106,0.035948,831537362.1859523,831537362.1859643,0.000000,"{""user_lock_acquisitions"": 2}",2026-08-12T05:38:34Z
exp2_scaling,synthetic,coarse_lock,2,measured,28,107,0.036556,831537362.1859523,831537362.1859643,0.000000,"{""user_lock_acquisitions"": 2}",2026-08-12T05:38:34Z
exp2_scaling,synthetic,queue_agg,2,measured,17,108,0.036270,831537362.1859523,831537362.1859643,0.000000,"{""user_lock_acquisitions"": 0}",2026-08-12T05:38:34Z
exp2_scaling,synthetic,coarse_lock,2,measured,13,109,0.035995,831537362.1859523,831537362.1859643,0.000000,"{""user_lock_acquisitions"": 2}",2026-08-12T05:38:34Z
exp2_scaling,synthetic,imp_threadlocal,2,measured,24,110,0.036164,831537362.1859523,831537362.1859643,0.000000,"{""user_lock_acquisitions"": 0}",2026-08-12T05:38:34Z
exp2_scaling,synthetic,batched_lock,2,measured,12,111,0.042687,831537362.1859646,831537362.1859643,0.000000,"{""user_lock_acquisitions"": 500}",2026-08-12T05:38:34Z
exp2_scaling,synthetic,fp_reduce,2,measured,18,112,0.036721,831537362.1859523,831537362.1859643,0.000000,"{""user_lock_acquisitions"": 0}",2026-08-12T05:38:34Z
exp2_scaling,synthetic,imp_threadlocal,2,measured,14,113,0.036579,831537362.1859523,831537362.1859643,0.000000,"{""user_lock_acquisitions"": 0}",2026-08-12T05:38:34Z
exp2_scaling,synthetic,no_lock,2,measured,28,114,0.122032,509799270.9786057,831537362.1859643,38.691959,"{""user_lock_acquisitions"": 0}",2026-08-12T05:38:34Z
exp2_scaling,synthetic,fp_reduce,2,measured,14,115,0.036115,831537362.1859523,831537362.1859643,0.000000,"{""user_lock_acquisitions"": 0}",2026-08-12T05:38:34Z
exp2_scaling,synthetic,fine_lock,2,measured,19,116,0.168668,831537362.1859937,831537362.1859643,0.000000,"{""user_lock_acquisitions"": 500000}",2026-08-12T05:38:34Z
exp2_scaling,synthetic,coarse_lock,2,measured,26,117,0.036699,831537362.1859523,831537362.1859643,0.000000,"{""user_lock_acquisitions"": 2}",2026-08-12T05:38:34Z
exp2_scaling,synthetic,coarse_lock,2,measured,0,118,0.036389,831537362.1859523,831537362.1859643,0.000000,"{""user_lock_acquisitions"": 2}",2026-08-12T05:38:34Z
exp2_scaling,synthetic,imp_threadlocal,2,measured,0,119,0.036404,831537362.1859523,831537362.1859643,0.000000,"{""user_lock_acquisitions"": 0}",2026-08-12T05:38:34Z
exp2_scaling,synthetic,batched_lock,2,measured,29,120,0.042899,831537362.1859646,831537362.1859643,0.000000,"{""user_lock_acquisitions"": 500}",2026-08-12T05:38:34Z
exp2_scaling,synthetic,fine_lock,2,measured,25,121,0.169457,831537362.1859928,831537362.1859643,0.000000,"{""user_lock_acquisitions"": 500000}",2026-08-12T05:38:35Z
exp2_scaling,synthetic,no_lock,2,measured,2,122,0.122663,434722216.5217528,831537362.1859643,47.720663,"{""user_lock_acquisitions"": 0}",2026-08-12T05:38:35Z
exp2_scaling,synthetic,batched_lock,2,measured,15,123,0.042507,831537362.1859647,831537362.1859643,0.000000,"{""user_lock_acquisitions"": 500}",2026-08-12T05:38:35Z
exp2_scaling,synthetic,batched_lock,2,measured,20,124,0.042857,831537362.1859646,831537362.1859643,0.000000,"{""user_lock_acquisitions"": 500}",2026-08-12T05:38:35Z
exp2_scaling,synthetic,imp_threadlocal,2,measured,13,125,0.036732,831537362.1859523,831537362.1859643,0.000000,"{""user_lock_acquisitions"": 0}",2026-08-12T05:38:35Z
exp2_scaling,synthetic,queue_agg,2,measured,8,126,0.035850,831537362.1859523,831537362.1859643,0.000000,"{""user_lock_acquisitions"": 0}",2026-08-12T05:38:35Z
exp2_scaling,synthetic,coarse_lock,2,measured,8,127,0.036568,831537362.1859523,831537362.1859643,0.000000,"{""user_lock_acquisitions"": 2}",2026-08-12T05:38:35Z
exp2_scaling,synthetic,fp_reduce,2,measured,17,128,0.036141,831537362.1859523,831537362.1859643,0.000000,"{""user_lock_acquisitions"": 0}",2026-08-12T05:38:35Z
exp2_scaling,synthetic,queue_agg,2,measured,23,129,0.036027,831537362.1859523,831537362.1859643,0.000000,"{""user_lock_acquisitions"": 0}",2026-08-12T05:38:35Z
exp2_scaling,synthetic,fp_sum_genexpr,2,measured,24,130,0.039233,831537362.1859643,831537362.1859643,0.000000,"{""user_lock_acquisitions"": 0}",2026-08-12T05:38:35Z
exp2_scaling,synthetic,coarse_lock,2,measured,25,131,0.037197,831537362.1859523,831537362.1859643,0.000000,"{""user_lock_acquisitions"": 2}",2026-08-12T05:38:35Z
exp2_scaling,synthetic,fp_reduce,2,measured,11,132,0.036277,831537362.1859523,831537362.1859643,0.000000,"{""user_lock_acquisitions"": 0}",2026-08-12T05:38:35Z
exp2_scaling,synthetic,queue_agg,2,measured,24,133,0.036323,831537362.1859523,831537362.1859643,0.000000,"{""user_lock_acquisitions"": 0}",2026-08-12T05:38:35Z
exp2_scaling,synthetic,imp_threadlocal,2,measured,17,134,0.036516,831537362.1859523,831537362.1859643,0.000000,"{""user_lock_acquisitions"": 0}",2026-08-12T05:38:35Z
exp2_scaling,synthetic,coarse_lock,2,measured,16,135,0.036989,831537362.1859523,831537362.1859643,0.000000,"{""user_lock_acquisitions"": 2}",2026-08-12T05:38:35Z
exp2_scaling,synthetic,fp_reduce,2,measured,7,136,0.036275,831537362.1859523,831537362.1859643,0.000000,"{""user_lock_acquisitions"": 0}",2026-08-12T05:38:35Z
exp2_scaling,synthetic,batched_lock,2,measured,27,137,0.043048,831537362.1859646,831537362.1859643,0.000000,"{""user_lock_acquisitions"": 500}",2026-08-12T05:38:35Z
exp2_scaling,synthetic,queue_agg,2,measured,6,138,0.035940,831537362.1859523,831537362.1859643,0.000000,"{""user_lock_acquisitions"": 0}",2026-08-12T05:38:35Z
exp2_scaling,synthetic,coarse_lock,2,measured,15,139,0.036815,831537362.1859523,831537362.1859643,0.000000,"{""user_lock_acquisitions"": 2}",2026-08-12T05:38:35Z
exp2_scaling,synthetic,queue_agg,2,measured,18,140,0.035849,831537362.1859523,831537362.1859643,0.000000,"{""user_lock_acquisitions"": 0}",2026-08-12T05:38:35Z
exp2_scaling,synthetic,batched_lock,2,measured,13,141,0.042711,831537362.1859646,831537362.1859643,0.000000,"{""user_lock_acquisitions"": 500}",2026-08-12T05:38:35Z
exp2_scaling,synthetic,fp_sum_genexpr,2,measured,6,142,0.038966,831537362.1859643,831537362.1859643,0.000000,"{""user_lock_acquisitions"": 0}",2026-08-12T05:38:35Z
exp2_scaling,synthetic,imp_threadlocal,2,measured,3,143,0.037014,831537362.1859523,831537362.1859643,0.000000,"{""user_lock_acquisitions"": 0}",2026-08-12T05:38:35Z
exp2_scaling,synthetic,fine_lock,2,measured,29,144,0.170950,831537362.185999,831537362.1859643,0.000000,"{""user_lock_acquisitions"": 500000}",2026-08-12T05:38:36Z
exp2_scaling,synthetic,batched_lock,2,measured,11,145,0.043060,831537362.1859646,831537362.1859643,0.000000,"{""user_lock_acquisitions"": 500}",2026-08-12T05:38:36Z
exp2_scaling,synthetic,imp_threadlocal,2,measured,2,146,0.036729,831537362.1859523,831537362.1859643,0.000000,"{""user_lock_acquisitions"": 0}",2026-08-12T05:38:36Z
exp2_scaling,synthetic,fine_lock,2,measured,15,147,0.168628,831537362.1859931,831537362.1859643,0.000000,"{""user_lock_acquisitions"": 500000}",2026-08-12T05:38:36Z
exp2_scaling,synthetic,batched_lock,2,measured,17,148,0.042310,831537362.1859647,831537362.1859643,0.000000,"{""user_lock_acquisitions"": 500}",2026-08-12T05:38:36Z
exp2_scaling,synthetic,batched_lock,2,measured,3,149,0.042463,831537362.1859646,831537362.1859643,0.000000,"{""user_lock_acquisitions"": 500}",2026-08-12T05:38:36Z
exp2_scaling,synthetic,no_lock,2,measured,18,150,0.122091,448435400.4284662,831537362.1859643,46.071527,"{""user_lock_acquisitions"": 0}",2026-08-12T05:38:36Z
exp2_scaling,synthetic,no_lock,2,measured,1,151,0.113422,444349803.15891165,831537362.1859643,46.562858,"{""user_lock_acquisitions"": 0}",2026-08-12T05:38:36Z
exp2_scaling,synthetic,fp_reduce,2,measured,8,152,0.036792,831537362.1859523,831537362.1859643,0.000000,"{""user_lock_acquisitions"": 0}",2026-08-12T05:38:36Z
exp2_scaling,synthetic,fp_reduce,2,measured,22,153,0.036289,831537362.1859523,831537362.1859643,0.000000,"{""user_lock_acquisitions"": 0}",2026-08-12T05:38:36Z
exp2_scaling,synthetic,no_lock,2,measured,17,154,0.125941,499696060.1111841,831537362.1859643,39.906962,"{""user_lock_acquisitions"": 0}",2026-08-12T05:38:36Z
exp2_scaling,synthetic,no_lock,2,measured,13,155,0.114846,478330195.5525752,831537362.1859643,42.476404,"{""user_lock_acquisitions"": 0}",2026-08-12T05:38:37Z
exp2_scaling,synthetic,fp_sum_genexpr,2,measured,27,156,0.039084,831537362.1859643,831537362.1859643,0.000000,"{""user_lock_acquisitions"": 0}",2026-08-12T05:38:37Z
exp2_scaling,synthetic,batched_lock,2,measured,14,157,0.043038,831537362.1859645,831537362.1859643,0.000000,"{""user_lock_acquisitions"": 500}",2026-08-12T05:38:37Z
exp2_scaling,synthetic,batched_lock,2,measured,23,158,0.042791,831537362.1859646,831537362.1859643,0.000000,"{""user_lock_acquisitions"": 500}",2026-08-12T05:38:37Z
exp2_scaling,synthetic,imp_threadlocal,2,measured,21,159,0.037014,831537362.1859523,831537362.1859643,0.000000,"{""user_lock_acquisitions"": 0}",2026-08-12T05:38:37Z
exp2_scaling,synthetic,batched_lock,2,measured,28,160,0.042869,831537362.1859647,831537362.1859643,0.000000,"{""user_lock_acquisitions"": 500}",2026-08-12T05:38:37Z
exp2_scaling,synthetic,coarse_lock,2,measured,12,161,0.036394,831537362.1859523,831537362.1859643,0.000000,"{""user_lock_acquisitions"": 2}",2026-08-12T05:38:37Z
exp2_scaling,synthetic,coarse_lock,2,measured,2,162,0.036531,831537362.1859523,831537362.1859643,0.000000,"{""user_lock_acquisitions"": 2}",2026-08-12T05:38:37Z
exp2_scaling,synthetic,queue_agg,2,measured,4,163,0.036550,831537362.1859523,831537362.1859643,0.000000,"{""user_lock_acquisitions"": 0}",2026-08-12T05:38:37Z
exp2_scaling,synthetic,batched_lock,2,measured,25,164,0.042689,831537362.1859646,831537362.1859643,0.000000,"{""user_lock_acquisitions"": 500}",2026-08-12T05:38:37Z
exp2_scaling,synthetic,fp_reduce,2,measured,21,165,0.036377,831537362.1859523,831537362.1859643,0.000000,"{""user_lock_acquisitions"": 0}",2026-08-12T05:38:37Z
exp2_scaling,synthetic,queue_agg,2,measured,13,166,0.037021,831537362.1859523,831537362.1859643,0.000000,"{""user_lock_acquisitions"": 0}",2026-08-12T05:38:37Z
exp2_scaling,synthetic,batched_lock,2,measured,10,167,0.042416,831537362.1859646,831537362.1859643,0.000000,"{""user_lock_acquisitions"": 500}",2026-08-12T05:38:37Z
exp2_scaling,synthetic,queue_agg,2,measured,12,168,0.036421,831537362.1859523,831537362.1859643,0.000000,"{""user_lock_acquisitions"": 0}",2026-08-12T05:38:37Z
exp2_scaling,synthetic,fp_reduce,2,measured,4,169,0.036704,831537362.1859523,831537362.1859643,0.000000,"{""user_lock_acquisitions"": 0}",2026-08-12T05:38:37Z
exp2_scaling,synthetic,coarse_lock,2,measured,6,170,0.037185,831537362.1859523,831537362.1859643,0.000000,"{""user_lock_acquisitions"": 2}",2026-08-12T05:38:37Z
exp2_scaling,synthetic,no_lock,2,measured,23,171,0.118232,460853485.3282863,831537362.1859643,44.578138,"{""user_lock_acquisitions"": 0}",2026-08-12T05:38:37Z
exp2_scaling,synthetic,batched_lock,2,measured,2,172,0.043043,831537362.1859645,831537362.1859643,0.000000,"{""user_lock_acquisitions"": 500}",2026-08-12T05:38:37Z
exp2_scaling,synthetic,imp_threadlocal,2,measured,6,173,0.036630,831537362.1859523,831537362.1859643,0.000000,"{""user_lock_acquisitions"": 0}",2026-08-12T05:38:37Z
exp2_scaling,synthetic,fp_sum_genexpr,2,measured,20,174,0.038893,831537362.1859643,831537362.1859643,0.000000,"{""user_lock_acquisitions"": 0}",2026-08-12T05:38:37Z
exp2_scaling,synthetic,no_lock,2,measured,9,175,0.120635,427305388.2828533,831537362.1859643,48.612605,"{""user_lock_acquisitions"": 0}",2026-08-12T05:38:37Z
exp2_scaling,synthetic,queue_agg,2,measured,14,176,0.036473,831537362.1859523,831537362.1859643,0.000000,"{""user_lock_acquisitions"": 0}",2026-08-12T05:38:37Z
exp2_scaling,synthetic,imp_threadlocal,2,measured,22,177,0.036364,831537362.1859523,831537362.1859643,0.000000,"{""user_lock_acquisitions"": 0}",2026-08-12T05:38:38Z
exp2_scaling,synthetic,fp_reduce,2,measured,12,178,0.036398,831537362.1859523,831537362.1859643,0.000000,"{""user_lock_acquisitions"": 0}",2026-08-12T05:38:38Z
exp2_scaling,synthetic,coarse_lock,2,measured,27,179,0.036348,831537362.1859523,831537362.1859643,0.000000,"{""user_lock_acquisitions"": 2}",2026-08-12T05:38:38Z
exp2_scaling,synthetic,fp_sum_genexpr,2,measured,0,180,0.039447,831537362.1859643,831537362.1859643,0.000000,"{""user_lock_acquisitions"": 0}",2026-08-12T05:38:38Z
exp2_scaling,synthetic,fine_lock,2,measured,6,181,0.168862,831537362.185997,831537362.1859643,0.000000,"{""user_lock_acquisitions"": 500000}",2026-08-12T05:38:38Z
exp2_scaling,synthetic,fine_lock,2,measured,1,182,0.171126,831537362.1859983,831537362.1859643,0.000000,"{""user_lock_acquisitions"": 500000}",2026-08-12T05:38:38Z
exp2_scaling,synthetic,batched_lock,2,measured,8,183,0.042681,831537362.1859646,831537362.1859643,0.000000,"{""user_lock_acquisitions"": 500}",2026-08-12T05:38:38Z
exp2_scaling,synthetic,fp_sum_genexpr,2,measured,12,184,0.039885,831537362.1859643,831537362.1859643,0.000000,"{""user_lock_acquisitions"": 0}",2026-08-12T05:38:38Z
exp2_scaling,synthetic,queue_agg,2,measured,28,185,0.036057,831537362.1859523,831537362.1859643,0.000000,"{""user_lock_acquisitions"": 0}",2026-08-12T05:38:38Z
exp2_scaling,synthetic,batched_lock,2,measured,4,186,0.043009,831537362.1859646,831537362.1859643,0.000000,"{""user_lock_acquisitions"": 500}",2026-08-12T05:38:38Z
exp2_scaling,synthetic,queue_agg,2,measured,21,187,0.036478,831537362.1859523,831537362.1859643,0.000000,"{""user_lock_acquisitions"": 0}",2026-08-12T05:38:38Z
exp2_scaling,synthetic,no_lock,2,measured,26,188,0.116007,436994881.25709397,831537362.1859643,47.447355,"{""user_lock_acquisitions"": 0}",2026-08-12T05:38:38Z
exp2_scaling,synthetic,queue_agg,2,measured,11,189,0.036465,831537362.1859523,831537362.1859643,0.000000,"{""user_lock_acquisitions"": 0}",2026-08-12T05:38:38Z
exp2_scaling,synthetic,coarse_lock,2,measured,10,190,0.036345,831537362.1859523,831537362.1859643,0.000000,"{""user_lock_acquisitions"": 2}",2026-08-12T05:38:38Z
exp2_scaling,synthetic,no_lock,2,measured,16,191,0.123955,565370059.7442828,831537362.1859643,32.009061,"{""user_lock_acquisitions"": 0}",2026-08-12T05:38:38Z
exp2_scaling,synthetic,coarse_lock,2,measured,20,192,0.036377,831537362.1859523,831537362.1859643,0.000000,"{""user_lock_acquisitions"": 2}",2026-08-12T05:38:39Z
exp2_scaling,synthetic,fp_reduce,2,measured,27,193,0.036409,831537362.1859523,831537362.1859643,0.000000,"{""user_lock_acquisitions"": 0}",2026-08-12T05:38:39Z
exp2_scaling,synthetic,no_lock,2,measured,22,194,0.114819,486554412.8930075,831537362.1859643,41.487366,"{""user_lock_acquisitions"": 0}",2026-08-12T05:38:39Z
exp2_scaling,synthetic,imp_threadlocal,2,measured,7,195,0.036141,831537362.1859523,831537362.1859643,0.000000,"{""user_lock_acquisitions"": 0}",2026-08-12T05:38:39Z
exp2_scaling,synthetic,imp_threadlocal,2,measured,27,196,0.036629,831537362.1859523,831537362.1859643,0.000000,"{""user_lock_acquisitions"": 0}",2026-08-12T05:38:39Z
exp2_scaling,synthetic,no_lock,2,measured,20,197,0.111782,440712966.7510352,831537362.1859643,47.000221,"{""user_lock_acquisitions"": 0}",2026-08-12T05:38:39Z
exp2_scaling,synthetic,fine_lock,2,measured,4,198,0.169743,831537362.1860018,831537362.1859643,0.000000,"{""user_lock_acquisitions"": 500000}",2026-08-12T05:38:39Z
exp2_scaling,synthetic,no_lock,2,measured,3,199,0.116601,446544834.6491186,831537362.1859643,46.298885,"{""user_lock_acquisitions"": 0}",2026-08-12T05:38:39Z
exp2_scaling,synthetic,fine_lock,2,measured,9,200,0.171070,831537362.1859965,831537362.1859643,0.000000,"{""user_lock_acquisitions"": 500000}",2026-08-12T05:38:39Z
exp2_scaling,synthetic,fp_sum_genexpr,2,measured,29,201,0.039337,831537362.1859643,831537362.1859643,0.000000,"{""user_lock_acquisitions"": 0}",2026-08-12T05:38:39Z
exp2_scaling,synthetic,imp_threadlocal,2,measured,19,202,0.036161,831537362.1859523,831537362.1859643,0.000000,"{""user_lock_acquisitions"": 0}",2026-08-12T05:38:39Z
exp2_scaling,synthetic,fp_reduce,2,measured,9,203,0.036619,831537362.1859523,831537362.1859643,0.000000,"{""user_lock_acquisitions"": 0}",2026-08-12T05:38:39Z
exp2_scaling,synthetic,fp_sum_genexpr,2,measured,2,204,0.039229,831537362.1859643,831537362.1859643,0.000000,"{""user_lock_acquisitions"": 0}",2026-08-12T05:38:39Z
exp2_scaling,synthetic,no_lock,2,measured,19,205,0.120938,416817831.6179189,831537362.1859643,49.873830,"{""user_lock_acquisitions"": 0}",2026-08-12T05:38:40Z
exp2_scaling,synthetic,no_lock,2,measured,24,206,0.112087,509791349.0337474,831537362.1859643,38.692911,"{""user_lock_acquisitions"": 0}",2026-08-12T05:38:40Z
exp2_scaling,synthetic,batched_lock,2,measured,9,207,0.042575,831537362.1859647,831537362.1859643,0.000000,"{""user_lock_acquisitions"": 500}",2026-08-12T05:38:40Z
exp2_scaling,synthetic,fp_reduce,2,measured,10,208,0.035905,831537362.1859523,831537362.1859643,0.000000,"{""user_lock_acquisitions"": 0}",2026-08-12T05:38:40Z
exp2_scaling,synthetic,fp_sum_genexpr,2,measured,8,209,0.038641,831537362.1859643,831537362.1859643,0.000000,"{""user_lock_acquisitions"": 0}",2026-08-12T05:38:40Z
exp2_scaling,synthetic,batched_lock,2,measured,26,210,0.042862,831537362.1859646,831537362.1859643,0.000000,"{""user_lock_acquisitions"": 500}",2026-08-12T05:38:40Z
exp2_scaling,synthetic,fine_lock,2,measured,18,211,0.170579,831537362.1859933,831537362.1859643,0.000000,"{""user_lock_acquisitions"": 500000}",2026-08-12T05:38:40Z
exp2_scaling,synthetic,batched_lock,2,measured,7,212,0.042622,831537362.1859647,831537362.1859643,0.000000,"{""user_lock_acquisitions"": 500}",2026-08-12T05:38:40Z
exp2_scaling,synthetic,coarse_lock,2,measured,22,213,0.036574,831537362.1859523,831537362.1859643,0.000000,"{""user_lock_acquisitions"": 2}",2026-08-12T05:38:40Z
exp2_scaling,synthetic,no_lock,2,measured,27,214,0.116346,507492152.63210565,831537362.1859643,38.969411,"{""user_lock_acquisitions"": 0}",2026-08-12T05:38:40Z
exp2_scaling,synthetic,coarse_lock,2,measured,23,215,0.036682,831537362.1859523,831537362.1859643,0.000000,"{""user_lock_acquisitions"": 2}",2026-08-12T05:38:40Z
exp2_scaling,synthetic,queue_agg,2,measured,15,216,0.036378,831537362.1859523,831537362.1859643,0.000000,"{""user_lock_acquisitions"": 0}",2026-08-12T05:38:40Z
exp2_scaling,synthetic,fp_sum_genexpr,2,measured,10,217,0.039001,831537362.1859643,831537362.1859643,0.000000,"{""user_lock_acquisitions"": 0}",2026-08-12T05:38:40Z
exp2_scaling,synthetic,coarse_lock,2,measured,7,218,0.036307,831537362.1859523,831537362.1859643,0.000000,"{""user_lock_acquisitions"": 2}",2026-08-12T05:38:40Z
exp2_scaling,synthetic,queue_agg,2,measured,2,219,0.036638,831537362.1859523,831537362.1859643,0.000000,"{""user_lock_acquisitions"": 0}",2026-08-12T05:38:40Z
exp2_scaling,synthetic,imp_threadlocal,2,measured,25,220,0.036153,831537362.1859523,831537362.1859643,0.000000,"{""user_lock_acquisitions"": 0}",2026-08-12T05:38:40Z
exp2_scaling,synthetic,coarse_lock,2,measured,4,221,0.036410,831537362.1859523,831537362.1859643,0.000000,"{""user_lock_acquisitions"": 2}",2026-08-12T05:38:41Z
exp2_scaling,synthetic,queue_agg,2,measured,20,222,0.036188,831537362.1859523,831537362.1859643,0.000000,"{""user_lock_acquisitions"": 0}",2026-08-12T05:38:41Z
exp2_scaling,synthetic,fp_reduce,2,measured,26,223,0.036695,831537362.1859523,831537362.1859643,0.000000,"{""user_lock_acquisitions"": 0}",2026-08-12T05:38:41Z
exp2_scaling,synthetic,queue_agg,2,measured,9,224,0.036640,831537362.1859523,831537362.1859643,0.000000,"{""user_lock_acquisitions"": 0}",2026-08-12T05:38:41Z
exp2_scaling,synthetic,coarse_lock,2,measured,9,225,0.036700,831537362.1859523,831537362.1859643,0.000000,"{""user_lock_acquisitions"": 2}",2026-08-12T05:38:41Z
exp2_scaling,synthetic,fp_sum_genexpr,2,measured,26,226,0.038857,831537362.1859643,831537362.1859643,0.000000,"{""user_lock_acquisitions"": 0}",2026-08-12T05:38:41Z
exp2_scaling,synthetic,coarse_lock,2,measured,29,227,0.036438,831537362.1859523,831537362.1859643,0.000000,"{""user_lock_acquisitions"": 2}",2026-08-12T05:38:41Z
exp2_scaling,synthetic,batched_lock,2,measured,0,228,0.042684,831537362.1859647,831537362.1859643,0.000000,"{""user_lock_acquisitions"": 500}",2026-08-12T05:38:41Z
exp2_scaling,synthetic,fine_lock,2,measured,5,229,0.169882,831537362.1859976,831537362.1859643,0.000000,"{""user_lock_acquisitions"": 500000}",2026-08-12T05:38:41Z
exp2_scaling,synthetic,fine_lock,2,measured,21,230,0.170777,831537362.1860039,831537362.1859643,0.000000,"{""user_lock_acquisitions"": 500000}",2026-08-12T05:38:41Z
exp2_scaling,synthetic,imp_threadlocal,2,measured,15,231,0.036159,831537362.1859523,831537362.1859643,0.000000,"{""user_lock_acquisitions"": 0}",2026-08-12T05:38:41Z
exp2_scaling,synthetic,imp_threadlocal,2,measured,9,232,0.036144,831537362.1859523,831537362.1859643,0.000000,"{""user_lock_acquisitions"": 0}",2026-08-12T05:38:41Z
exp2_scaling,synthetic,queue_agg,2,measured,7,233,0.036081,831537362.1859523,831537362.1859643,0.000000,"{""user_lock_acquisitions"": 0}",2026-08-12T05:38:41Z
exp2_scaling,synthetic,no_lock,2,measured,5,234,0.117618,437056326.1603895,831537362.1859643,47.439965,"{""user_lock_acquisitions"": 0}",2026-08-12T05:38:41Z
exp2_scaling,synthetic,fine_lock,2,measured,17,235,0.169491,831537362.1860024,831537362.1859643,0.000000,"{""user_lock_acquisitions"": 500000}",2026-08-12T05:38:42Z
exp2_scaling,synthetic,fine_lock,2,measured,8,236,0.170101,831537362.1860014,831537362.1859643,0.000000,"{""user_lock_acquisitions"": 500000}",2026-08-12T05:38:42Z
exp2_scaling,synthetic,fp_reduce,2,measured,2,237,0.036343,831537362.1859523,831537362.1859643,0.000000,"{""user_lock_acquisitions"": 0}",2026-08-12T05:38:42Z
exp2_scaling,synthetic,coarse_lock,2,measured,24,238,0.036830,831537362.1859523,831537362.1859643,0.000000,"{""user_lock_acquisitions"": 2}",2026-08-12T05:38:42Z
exp2_scaling,synthetic,batched_lock,2,measured,1,239,0.042894,831537362.1859647,831537362.1859643,0.000000,"{""user_lock_acquisitions"": 500}",2026-08-12T05:38:42Z
exp2_scaling,synthetic,fp_sum_genexpr,2,measured,9,240,0.039073,831537362.1859643,831537362.1859643,0.000000,"{""user_lock_acquisitions"": 0}",2026-08-12T05:38:42Z
exp2_scaling,synthetic,fine_lock,2,measured,24,241,0.170751,831537362.1859947,831537362.1859643,0.000000,"{""user_lock_acquisitions"": 500000}",2026-08-12T05:38:42Z
exp2_scaling,synthetic,fine_lock,2,measured,0,242,0.169171,831537362.1860025,831537362.1859643,0.000000,"{""user_lock_acquisitions"": 500000}",2026-08-12T05:38:42Z
exp2_scaling,synthetic,imp_threadlocal,2,measured,23,243,0.036339,831537362.1859523,831537362.1859643,0.000000,"{""user_lock_acquisitions"": 0}",2026-08-12T05:38:42Z
exp2_scaling,synthetic,no_lock,2,measured,21,244,0.119136,526058617.95674413,831537362.1859643,36.736623,"{""user_lock_acquisitions"": 0}",2026-08-12T05:38:42Z
exp2_scaling,synthetic,queue_agg,2,measured,0,245,0.036034,831537362.1859523,831537362.1859643,0.000000,"{""user_lock_acquisitions"": 0}",2026-08-12T05:38:42Z
exp2_scaling,synthetic,fp_sum_genexpr,2,measured,19,246,0.039094,831537362.1859643,831537362.1859643,0.000000,"{""user_lock_acquisitions"": 0}",2026-08-12T05:38:42Z
exp2_scaling,synthetic,fp_sum_genexpr,2,measured,14,247,0.038737,831537362.1859643,831537362.1859643,0.000000,"{""user_lock_acquisitions"": 0}",2026-08-12T05:38:42Z
exp2_scaling,synthetic,queue_agg,2,measured,16,248,0.036046,831537362.1859523,831537362.1859643,0.000000,"{""user_lock_acquisitions"": 0}",2026-08-12T05:38:42Z
exp2_scaling,synthetic,batched_lock,2,measured,5,249,0.043011,831537362.1859646,831537362.1859643,0.000000,"{""user_lock_acquisitions"": 500}",2026-08-12T05:38:43Z
exp2_scaling,synthetic,batched_lock,2,measured,18,250,0.042845,831537362.1859647,831537362.1859643,0.000000,"{""user_lock_acquisitions"": 500}",2026-08-12T05:38:43Z
exp2_scaling,synthetic,batched_lock,2,measured,19,251,0.042786,831537362.1859645,831537362.1859643,0.000000,"{""user_lock_acquisitions"": 500}",2026-08-12T05:38:43Z
exp2_scaling,synthetic,fp_sum_genexpr,2,measured,21,252,0.039260,831537362.1859643,831537362.1859643,0.000000,"{""user_lock_acquisitions"": 0}",2026-08-12T05:38:43Z
exp2_scaling,synthetic,coarse_lock,2,measured,3,253,0.036622,831537362.1859523,831537362.1859643,0.000000,"{""user_lock_acquisitions"": 2}",2026-08-12T05:38:43Z
exp2_scaling,synthetic,fp_reduce,2,measured,20,254,0.036239,831537362.1859523,831537362.1859643,0.000000,"{""user_lock_acquisitions"": 0}",2026-08-12T05:38:43Z
exp2_scaling,synthetic,fine_lock,2,measured,22,255,0.170945,831537362.1859924,831537362.1859643,0.000000,"{""user_lock_acquisitions"": 500000}",2026-08-12T05:38:43Z
exp2_scaling,synthetic,coarse_lock,2,measured,19,256,0.036773,831537362.1859523,831537362.1859643,0.000000,"{""user_lock_acquisitions"": 2}",2026-08-12T05:38:43Z
exp2_scaling,synthetic,fp_reduce,2,measured,3,257,0.036721,831537362.1859523,831537362.1859643,0.000000,"{""user_lock_acquisitions"": 0}",2026-08-12T05:38:43Z
exp2_scaling,synthetic,imp_threadlocal,2,measured,12,258,0.036792,831537362.1859523,831537362.1859643,0.000000,"{""user_lock_acquisitions"": 0}",2026-08-12T05:38:43Z
exp2_scaling,synthetic,no_lock,2,measured,10,259,0.111074,403929096.537793,831537362.1859643,51.423819,"{""user_lock_acquisitions"": 0}",2026-08-12T05:38:43Z
exp2_scaling,synthetic,batched_lock,2,measured,24,260,0.042517,831537362.1859647,831537362.1859643,0.000000,"{""user_lock_acquisitions"": 500}",2026-08-12T05:38:43Z
exp2_scaling,synthetic,fp_reduce,2,measured,25,261,0.036747,831537362.1859523,831537362.1859643,0.000000,"{""user_lock_acquisitions"": 0}",2026-08-12T05:38:43Z
exp2_scaling,synthetic,imp_threadlocal,2,measured,4,262,0.036264,831537362.1859523,831537362.1859643,0.000000,"{""user_lock_acquisitions"": 0}",2026-08-12T05:38:43Z
exp2_scaling,synthetic,no_lock,2,measured,11,263,0.117893,493530693.3444255,831537362.1859643,40.648404,"{""user_lock_acquisitions"": 0}",2026-08-12T05:38:43Z
exp2_scaling,synthetic,batched_lock,4,warmup,1,0,0.021982,831537362.185964,831537362.1859643,0.000000,"{""user_lock_acquisitions"": 500}",2026-08-12T05:38:43Z
exp2_scaling,synthetic,fine_lock,4,warmup,2,1,0.212050,831537362.1859702,831537362.1859643,0.000000,"{""user_lock_acquisitions"": 500000}",2026-08-12T05:38:44Z
exp2_scaling,synthetic,no_lock,4,warmup,1,2,0.171660,312223705.5613451,831537362.1859643,62.452234,"{""user_lock_acquisitions"": 0}",2026-08-12T05:38:44Z
exp2_scaling,synthetic,no_lock,4,warmup,0,3,0.166783,310003256.1066771,831537362.1859643,62.719263,"{""user_lock_acquisitions"": 0}",2026-08-12T05:38:44Z
exp2_scaling,synthetic,queue_agg,4,warmup,1,4,0.018571,831537362.1859666,831537362.1859643,0.000000,"{""user_lock_acquisitions"": 0}",2026-08-12T05:38:44Z
exp2_scaling,synthetic,queue_agg,4,warmup,2,5,0.018746,831537362.1859667,831537362.1859643,0.000000,"{""user_lock_acquisitions"": 0}",2026-08-12T05:38:44Z
exp2_scaling,synthetic,coarse_lock,4,warmup,0,6,0.018710,831537362.1859666,831537362.1859643,0.000000,"{""user_lock_acquisitions"": 4}",2026-08-12T05:38:44Z
exp2_scaling,synthetic,queue_agg,4,warmup,0,7,0.018635,831537362.1859667,831537362.1859643,0.000000,"{""user_lock_acquisitions"": 0}",2026-08-12T05:38:44Z
exp2_scaling,synthetic,imp_threadlocal,4,warmup,1,8,0.018482,831537362.1859667,831537362.1859643,0.000000,"{""user_lock_acquisitions"": 0}",2026-08-12T05:38:44Z
exp2_scaling,synthetic,imp_threadlocal,4,warmup,0,9,0.018436,831537362.1859667,831537362.1859643,0.000000,"{""user_lock_acquisitions"": 0}",2026-08-12T05:38:44Z
exp2_scaling,synthetic,batched_lock,4,warmup,2,10,0.021965,831537362.185964,831537362.1859643,0.000000,"{""user_lock_acquisitions"": 500}",2026-08-12T05:38:44Z
exp2_scaling,synthetic,fine_lock,4,warmup,0,11,0.201301,831537362.1859728,831537362.1859643,0.000000,"{""user_lock_acquisitions"": 500000}",2026-08-12T05:38:44Z
exp2_scaling,synthetic,fp_reduce,4,warmup,1,12,0.018491,831537362.1859667,831537362.1859643,0.000000,"{""user_lock_acquisitions"": 0}",2026-08-12T05:38:44Z
exp2_scaling,synthetic,batched_lock,4,warmup,0,13,0.021770,831537362.185964,831537362.1859643,0.000000,"{""user_lock_acquisitions"": 500}",2026-08-12T05:38:44Z
exp2_scaling,synthetic,fp_reduce,4,warmup,0,14,0.018401,831537362.1859667,831537362.1859643,0.000000,"{""user_lock_acquisitions"": 0}",2026-08-12T05:38:44Z
exp2_scaling,synthetic,imp_threadlocal,4,warmup,2,15,0.018432,831537362.1859667,831537362.1859643,0.000000,"{""user_lock_acquisitions"": 0}",2026-08-12T05:38:44Z
exp2_scaling,synthetic,fp_sum_genexpr,4,warmup,0,16,0.020310,831537362.1859643,831537362.1859643,0.000000,"{""user_lock_acquisitions"": 0}",2026-08-12T05:38:44Z
exp2_scaling,synthetic,fp_sum_genexpr,4,warmup,2,17,0.020080,831537362.1859643,831537362.1859643,0.000000,"{""user_lock_acquisitions"": 0}",2026-08-12T05:38:44Z
exp2_scaling,synthetic,no_lock,4,warmup,2,18,0.160286,287584264.78777117,831537362.1859643,65.415353,"{""user_lock_acquisitions"": 0}",2026-08-12T05:38:45Z
exp2_scaling,synthetic,coarse_lock,4,warmup,1,19,0.018500,831537362.1859667,831537362.1859643,0.000000,"{""user_lock_acquisitions"": 4}",2026-08-12T05:38:45Z
exp2_scaling,synthetic,fine_lock,4,warmup,1,20,0.203487,831537362.1859689,831537362.1859643,0.000000,"{""user_lock_acquisitions"": 500000}",2026-08-12T05:38:45Z
exp2_scaling,synthetic,fp_sum_genexpr,4,warmup,1,21,0.021061,831537362.1859643,831537362.1859643,0.000000,"{""user_lock_acquisitions"": 0}",2026-08-12T05:38:45Z
exp2_scaling,synthetic,fp_reduce,4,warmup,2,22,0.018660,831537362.1859667,831537362.1859643,0.000000,"{""user_lock_acquisitions"": 0}",2026-08-12T05:38:45Z
exp2_scaling,synthetic,coarse_lock,4,warmup,2,23,0.018657,831537362.1859666,831537362.1859643,0.000000,"{""user_lock_acquisitions"": 4}",2026-08-12T05:38:45Z
exp2_scaling,synthetic,batched_lock,4,measured,8,24,0.021726,831537362.185964,831537362.1859643,0.000000,"{""user_lock_acquisitions"": 500}",2026-08-12T05:38:45Z
exp2_scaling,synthetic,imp_threadlocal,4,measured,16,25,0.018414,831537362.1859667,831537362.1859643,0.000000,"{""user_lock_acquisitions"": 0}",2026-08-12T05:38:45Z
exp2_scaling,synthetic,queue_agg,4,measured,0,26,0.019042,831537362.1859666,831537362.1859643,0.000000,"{""user_lock_acquisitions"": 0}",2026-08-12T05:38:45Z
exp2_scaling,synthetic,batched_lock,4,measured,19,27,0.022197,831537362.185964,831537362.1859643,0.000000,"{""user_lock_acquisitions"": 500}",2026-08-12T05:38:45Z
exp2_scaling,synthetic,queue_agg,4,measured,2,28,0.018424,831537362.1859666,831537362.1859643,0.000000,"{""user_lock_acquisitions"": 0}",2026-08-12T05:38:45Z
exp2_scaling,synthetic,imp_threadlocal,4,measured,15,29,0.018458,831537362.1859667,831537362.1859643,0.000000,"{""user_lock_acquisitions"": 0}",2026-08-12T05:38:45Z
exp2_scaling,synthetic,fp_sum_genexpr,4,measured,28,30,0.020279,831537362.1859643,831537362.1859643,0.000000,"{""user_lock_acquisitions"": 0}",2026-08-12T05:38:45Z
exp2_scaling,synthetic,fp_reduce,4,measured,22,31,0.018388,831537362.1859667,831537362.1859643,0.000000,"{""user_lock_acquisitions"": 0}",2026-08-12T05:38:45Z
exp2_scaling,synthetic,coarse_lock,4,measured,17,32,0.018779,831537362.1859666,831537362.1859643,0.000000,"{""user_lock_acquisitions"": 4}",2026-08-12T05:38:45Z
exp2_scaling,synthetic,coarse_lock,4,measured,5,33,0.018409,831537362.1859666,831537362.1859643,0.000000,"{""user_lock_acquisitions"": 4}",2026-08-12T05:38:45Z
exp2_scaling,synthetic,fp_reduce,4,measured,1,34,0.018519,831537362.1859667,831537362.1859643,0.000000,"{""user_lock_acquisitions"": 0}",2026-08-12T05:38:45Z
exp2_scaling,synthetic,imp_threadlocal,4,measured,1,35,0.018327,831537362.1859667,831537362.1859643,0.000000,"{""user_lock_acquisitions"": 0}",2026-08-12T05:38:45Z
exp2_scaling,synthetic,coarse_lock,4,measured,7,36,0.018460,831537362.1859666,831537362.1859643,0.000000,"{""user_lock_acquisitions"": 4}",2026-08-12T05:38:45Z
exp2_scaling,synthetic,fp_reduce,4,measured,18,37,0.018704,831537362.1859667,831537362.1859643,0.000000,"{""user_lock_acquisitions"": 0}",2026-08-12T05:38:45Z
exp2_scaling,synthetic,fp_reduce,4,measured,6,38,0.018498,831537362.1859667,831537362.1859643,0.000000,"{""user_lock_acquisitions"": 0}",2026-08-12T05:38:45Z
exp2_scaling,synthetic,batched_lock,4,measured,25,39,0.022050,831537362.1859641,831537362.1859643,0.000000,"{""user_lock_acquisitions"": 500}",2026-08-12T05:38:45Z
exp2_scaling,synthetic,no_lock,4,measured,10,40,0.174408,301782128.06226707,831537362.1859643,63.707929,"{""user_lock_acquisitions"": 0}",2026-08-12T05:38:45Z
exp2_scaling,synthetic,fp_reduce,4,measured,12,41,0.018973,831537362.1859667,831537362.1859643,0.000000,"{""user_lock_acquisitions"": 0}",2026-08-12T05:38:45Z
exp2_scaling,synthetic,fp_sum_genexpr,4,measured,4,42,0.020769,831537362.1859643,831537362.1859643,0.000000,"{""user_lock_acquisitions"": 0}",2026-08-12T05:38:45Z
exp2_scaling,synthetic,fine_lock,4,measured,18,43,0.206396,831537362.1859728,831537362.1859643,0.000000,"{""user_lock_acquisitions"": 500000}",2026-08-12T05:38:46Z
exp2_scaling,synthetic,batched_lock,4,measured,15,44,0.022040,831537362.185964,831537362.1859643,0.000000,"{""user_lock_acquisitions"": 500}",2026-08-12T05:38:46Z
exp2_scaling,synthetic,queue_agg,4,measured,26,45,0.018523,831537362.1859666,831537362.1859643,0.000000,"{""user_lock_acquisitions"": 0}",2026-08-12T05:38:46Z
exp2_scaling,synthetic,fine_lock,4,measured,9,46,0.205381,831537362.1859708,831537362.1859643,0.000000,"{""user_lock_acquisitions"": 500000}",2026-08-12T05:38:46Z
exp2_scaling,synthetic,queue_agg,4,measured,6,47,0.018860,831537362.1859667,831537362.1859643,0.000000,"{""user_lock_acquisitions"": 0}",2026-08-12T05:38:46Z
exp2_scaling,synthetic,no_lock,4,measured,8,48,0.175330,308776093.61586934,831537362.1859643,62.866841,"{""user_lock_acquisitions"": 0}",2026-08-12T05:38:46Z
exp2_scaling,synthetic,fp_sum_genexpr,4,measured,22,49,0.020470,831537362.1859643,831537362.1859643,0.000000,"{""user_lock_acquisitions"": 0}",2026-08-12T05:38:46Z
exp2_scaling,synthetic,queue_agg,4,measured,7,50,0.018452,831537362.1859667,831537362.1859643,0.000000,"{""user_lock_acquisitions"": 0}",2026-08-12T05:38:46Z
exp2_scaling,synthetic,no_lock,4,measured,15,51,0.165950,297057232.75581706,831537362.1859643,64.276141,"{""user_lock_acquisitions"": 0}",2026-08-12T05:38:46Z
exp2_scaling,synthetic,fp_sum_genexpr,4,measured,1,52,0.020449,831537362.1859643,831537362.1859643,0.000000,"{""user_lock_acquisitions"": 0}",2026-08-12T05:38:46Z
exp2_scaling,synthetic,queue_agg,4,measured,15,53,0.018757,831537362.1859667,831537362.1859643,0.000000,"{""user_lock_acquisitions"": 0}",2026-08-12T05:38:46Z
exp2_scaling,synthetic,no_lock,4,measured,9,54,0.169313,302521068.3355931,831537362.1859643,63.619065,"{""user_lock_acquisitions"": 0}",2026-08-12T05:38:46Z
exp2_scaling,synthetic,queue_agg,4,measured,28,55,0.019160,831537362.1859667,831537362.1859643,0.000000,"{""user_lock_acquisitions"": 0}",2026-08-12T05:38:46Z
exp2_scaling,synthetic,no_lock,4,measured,3,56,0.172932,306178139.74342656,831537362.1859643,63.179268,"{""user_lock_acquisitions"": 0}",2026-08-12T05:38:47Z
exp2_scaling,synthetic,queue_agg,4,measured,16,57,0.018621,831537362.1859667,831537362.1859643,0.000000,"{""user_lock_acquisitions"": 0}",2026-08-12T05:38:47Z
exp2_scaling,synthetic,fine_lock,4,measured,14,58,0.201548,831537362.1859719,831537362.1859643,0.000000,"{""user_lock_acquisitions"": 500000}",2026-08-12T05:38:47Z
exp2_scaling,synthetic,no_lock,4,measured,12,59,0.166661,305678648.15068036,831537362.1859643,63.239337,"{""user_lock_acquisitions"": 0}",2026-08-12T05:38:47Z
exp2_scaling,synthetic,queue_agg,4,measured,29,60,0.018725,831537362.1859666,831537362.1859643,0.000000,"{""user_lock_acquisitions"": 0}",2026-08-12T05:38:47Z
exp2_scaling,synthetic,imp_threadlocal,4,measured,19,61,0.018743,831537362.1859667,831537362.1859643,0.000000,"{""user_lock_acquisitions"": 0}",2026-08-12T05:38:47Z
exp2_scaling,synthetic,fp_reduce,4,measured,0,62,0.018675,831537362.1859667,831537362.1859643,0.000000,"{""user_lock_acquisitions"": 0}",2026-08-12T05:38:47Z
exp2_scaling,synthetic,fine_lock,4,measured,5,63,0.204355,831537362.1859733,831537362.1859643,0.000000,"{""user_lock_acquisitions"": 500000}",2026-08-12T05:38:47Z
exp2_scaling,synthetic,imp_threadlocal,4,measured,8,64,0.018752,831537362.1859667,831537362.1859643,0.000000,"{""user_lock_acquisitions"": 0}",2026-08-12T05:38:47Z
exp2_scaling,synthetic,imp_threadlocal,4,measured,17,65,0.019003,831537362.1859667,831537362.1859643,0.000000,"{""user_lock_acquisitions"": 0}",2026-08-12T05:38:47Z
exp2_scaling,synthetic,queue_agg,4,measured,4,66,0.018911,831537362.1859666,831537362.1859643,0.000000,"{""user_lock_acquisitions"": 0}",2026-08-12T05:38:47Z
exp2_scaling,synthetic,coarse_lock,4,measured,15,67,0.018983,831537362.1859666,831537362.1859643,0.000000,"{""user_lock_acquisitions"": 4}",2026-08-12T05:38:47Z
exp2_scaling,synthetic,batched_lock,4,measured,1,68,0.021623,831537362.185964,831537362.1859643,0.000000,"{""user_lock_acquisitions"": 500}",2026-08-12T05:38:47Z
exp2_scaling,synthetic,no_lock,4,measured,13,69,0.170105,292873959.8163975,831537362.1859643,64.779218,"{""user_lock_acquisitions"": 0}",2026-08-12T05:38:48Z
exp2_scaling,synthetic,coarse_lock,4,measured,25,70,0.018809,831537362.1859666,831537362.1859643,0.000000,"{""user_lock_acquisitions"": 4}",2026-08-12T05:38:48Z
exp2_scaling,synthetic,imp_threadlocal,4,measured,23,71,0.018675,831537362.1859667,831537362.1859643,0.000000,"{""user_lock_acquisitions"": 0}",2026-08-12T05:38:48Z
exp2_scaling,synthetic,no_lock,4,measured,4,72,0.158698,278686699.674759,831537362.1859643,66.485366,"{""user_lock_acquisitions"": 0}",2026-08-12T05:38:48Z
exp2_scaling,synthetic,fine_lock,4,measured,22,73,0.203553,831537362.1859752,831537362.1859643,0.000000,"{""user_lock_acquisitions"": 500000}",2026-08-12T05:38:48Z
exp2_scaling,synthetic,fp_reduce,4,measured,19,74,0.019093,831537362.1859667,831537362.1859643,0.000000,"{""user_lock_acquisitions"": 0}",2026-08-12T05:38:48Z
exp2_scaling,synthetic,queue_agg,4,measured,19,75,0.019078,831537362.1859667,831537362.1859643,0.000000,"{""user_lock_acquisitions"": 0}",2026-08-12T05:38:48Z
exp2_scaling,synthetic,imp_threadlocal,4,measured,4,76,0.018593,831537362.1859667,831537362.1859643,0.000000,"{""user_lock_acquisitions"": 0}",2026-08-12T05:38:48Z
exp2_scaling,synthetic,imp_threadlocal,4,measured,29,77,0.018601,831537362.1859667,831537362.1859643,0.000000,"{""user_lock_acquisitions"": 0}",2026-08-12T05:38:48Z
exp2_scaling,synthetic,fp_sum_genexpr,4,measured,23,78,0.020047,831537362.1859643,831537362.1859643,0.000000,"{""user_lock_acquisitions"": 0}",2026-08-12T05:38:48Z
exp2_scaling,synthetic,fp_sum_genexpr,4,measured,11,79,0.020038,831537362.1859643,831537362.1859643,0.000000,"{""user_lock_acquisitions"": 0}",2026-08-12T05:38:48Z
exp2_scaling,synthetic,queue_agg,4,measured,11,80,0.018699,831537362.1859667,831537362.1859643,0.000000,"{""user_lock_acquisitions"": 0}",2026-08-12T05:38:48Z
exp2_scaling,synthetic,no_lock,4,measured,6,81,0.161577,289118413.7013394,831537362.1859643,65.230857,"{""user_lock_acquisitions"": 0}",2026-08-12T05:38:48Z
exp2_scaling,synthetic,batched_lock,4,measured,14,82,0.022135,831537362.185964,831537362.1859643,0.000000,"{""user_lock_acquisitions"": 500}",2026-08-12T05:38:48Z
exp2_scaling,synthetic,batched_lock,4,measured,4,83,0.021860,831537362.185964,831537362.1859643,0.000000,"{""user_lock_acquisitions"": 500}",2026-08-12T05:38:48Z
exp2_scaling,synthetic,fp_reduce,4,measured,28,84,0.018470,831537362.1859667,831537362.1859643,0.000000,"{""user_lock_acquisitions"": 0}",2026-08-12T05:38:48Z
exp2_scaling,synthetic,batched_lock,4,measured,16,85,0.021754,831537362.185964,831537362.1859643,0.000000,"{""user_lock_acquisitions"": 500}",2026-08-12T05:38:48Z
exp2_scaling,synthetic,fine_lock,4,measured,1,86,0.206027,831537362.1859728,831537362.1859643,0.000000,"{""user_lock_acquisitions"": 500000}",2026-08-12T05:38:48Z
exp2_scaling,synthetic,coarse_lock,4,measured,2,87,0.018907,831537362.1859667,831537362.1859643,0.000000,"{""user_lock_acquisitions"": 4}",2026-08-12T05:38:49Z
exp2_scaling,synthetic,fp_reduce,4,measured,4,88,0.018590,831537362.1859667,831537362.1859643,0.000000,"{""user_lock_acquisitions"": 0}",2026-08-12T05:38:49Z
exp2_scaling,synthetic,coarse_lock,4,measured,11,89,0.018577,831537362.1859667,831537362.1859643,0.000000,"{""user_lock_acquisitions"": 4}",2026-08-12T05:38:49Z
exp2_scaling,synthetic,fp_sum_genexpr,4,measured,8,90,0.020038,831537362.1859643,831537362.1859643,0.000000,"{""user_lock_acquisitions"": 0}",2026-08-12T05:38:49Z
exp2_scaling,synthetic,no_lock,4,measured,18,91,0.154902,275691476.69557786,831537362.1859643,66.845570,"{""user_lock_acquisitions"": 0}",2026-08-12T05:38:49Z
exp2_scaling,synthetic,imp_threadlocal,4,measured,12,92,0.018649,831537362.1859667,831537362.1859643,0.000000,"{""user_lock_acquisitions"": 0}",2026-08-12T05:38:49Z
exp2_scaling,synthetic,queue_agg,4,measured,18,93,0.019159,831537362.1859667,831537362.1859643,0.000000,"{""user_lock_acquisitions"": 0}",2026-08-12T05:38:49Z
exp2_scaling,synthetic,fine_lock,4,measured,3,94,0.203956,831537362.1859676,831537362.1859643,0.000000,"{""user_lock_acquisitions"": 500000}",2026-08-12T05:38:49Z
exp2_scaling,synthetic,no_lock,4,measured,19,95,0.168125,288993881.2108181,831537362.1859643,65.245833,"{""user_lock_acquisitions"": 0}",2026-08-12T05:38:49Z
exp2_scaling,synthetic,fp_sum_genexpr,4,measured,21,96,0.020420,831537362.1859643,831537362.1859643,0.000000,"{""user_lock_acquisitions"": 0}",2026-08-12T05:38:49Z
exp2_scaling,synthetic,coarse_lock,4,measured,14,97,0.018700,831537362.1859666,831537362.1859643,0.000000,"{""user_lock_acquisitions"": 4}",2026-08-12T05:38:49Z
exp2_scaling,synthetic,queue_agg,4,measured,3,98,0.018627,831537362.1859667,831537362.1859643,0.000000,"{""user_lock_acquisitions"": 0}",2026-08-12T05:38:49Z
exp2_scaling,synthetic,coarse_lock,4,measured,27,99,0.018504,831537362.1859666,831537362.1859643,0.000000,"{""user_lock_acquisitions"": 4}",2026-08-12T05:38:49Z
exp2_scaling,synthetic,imp_threadlocal,4,measured,21,100,0.018634,831537362.1859667,831537362.1859643,0.000000,"{""user_lock_acquisitions"": 0}",2026-08-12T05:38:49Z
exp2_scaling,synthetic,imp_threadlocal,4,measured,0,101,0.018510,831537362.1859667,831537362.1859643,0.000000,"{""user_lock_acquisitions"": 0}",2026-08-12T05:38:49Z
exp2_scaling,synthetic,fine_lock,4,measured,23,102,0.203371,831537362.1859719,831537362.1859643,0.000000,"{""user_lock_acquisitions"": 500000}",2026-08-12T05:38:49Z
exp2_scaling,synthetic,batched_lock,4,measured,7,103,0.021884,831537362.185964,831537362.1859643,0.000000,"{""user_lock_acquisitions"": 500}",2026-08-12T05:38:49Z
exp2_scaling,synthetic,fine_lock,4,measured,13,104,0.201031,831537362.1859723,831537362.1859643,0.000000,"{""user_lock_acquisitions"": 500000}",2026-08-12T05:38:50Z
exp2_scaling,synthetic,batched_lock,4,measured,0,105,0.021971,831537362.185964,831537362.1859643,0.000000,"{""user_lock_acquisitions"": 500}",2026-08-12T05:38:50Z
exp2_scaling,synthetic,coarse_lock,4,measured,28,106,0.018605,831537362.1859666,831537362.1859643,0.000000,"{""user_lock_acquisitions"": 4}",2026-08-12T05:38:50Z
exp2_scaling,synthetic,fp_sum_genexpr,4,measured,29,107,0.020473,831537362.1859643,831537362.1859643,0.000000,"{""user_lock_acquisitions"": 0}",2026-08-12T05:38:50Z
exp2_scaling,synthetic,batched_lock,4,measured,28,108,0.022004,831537362.185964,831537362.1859643,0.000000,"{""user_lock_acquisitions"": 500}",2026-08-12T05:38:50Z
exp2_scaling,synthetic,coarse_lock,4,measured,21,109,0.018716,831537362.1859666,831537362.1859643,0.000000,"{""user_lock_acquisitions"": 4}",2026-08-12T05:38:50Z
exp2_scaling,synthetic,batched_lock,4,measured,29,110,0.022254,831537362.1859639,831537362.1859643,0.000000,"{""user_lock_acquisitions"": 500}",2026-08-12T05:38:50Z
exp2_scaling,synthetic,fp_sum_genexpr,4,measured,17,111,0.020403,831537362.1859643,831537362.1859643,0.000000,"{""user_lock_acquisitions"": 0}",2026-08-12T05:38:50Z
exp2_scaling,synthetic,batched_lock,4,measured,6,112,0.022295,831537362.1859641,831537362.1859643,0.000000,"{""user_lock_acquisitions"": 500}",2026-08-12T05:38:50Z
exp2_scaling,synthetic,fp_reduce,4,measured,9,113,0.018808,831537362.1859667,831537362.1859643,0.000000,"{""user_lock_acquisitions"": 0}",2026-08-12T05:38:50Z
exp2_scaling,synthetic,fine_lock,4,measured,4,114,0.202334,831537362.1859716,831537362.1859643,0.000000,"{""user_lock_acquisitions"": 500000}",2026-08-12T05:38:50Z
exp2_scaling,synthetic,queue_agg,4,measured,14,115,0.018688,831537362.1859667,831537362.1859643,0.000000,"{""user_lock_acquisitions"": 0}",2026-08-12T05:38:50Z
exp2_scaling,synthetic,no_lock,4,measured,5,116,0.168370,311277190.84031385,831537362.1859643,62.566061,"{""user_lock_acquisitions"": 0}",2026-08-12T05:38:50Z
exp2_scaling,synthetic,queue_agg,4,measured,27,117,0.018795,831537362.1859667,831537362.1859643,0.000000,"{""user_lock_acquisitions"": 0}",2026-08-12T05:38:50Z
exp2_scaling,synthetic,batched_lock,4,measured,10,118,0.022112,831537362.185964,831537362.1859643,0.000000,"{""user_lock_acquisitions"": 500}",2026-08-12T05:38:50Z
exp2_scaling,synthetic,fp_reduce,4,measured,5,119,0.018980,831537362.1859667,831537362.1859643,0.000000,"{""user_lock_acquisitions"": 0}",2026-08-12T05:38:50Z
exp2_scaling,synthetic,coarse_lock,4,measured,12,120,0.018715,831537362.1859666,831537362.1859643,0.000000,"{""user_lock_acquisitions"": 4}",2026-08-12T05:38:50Z
exp2_scaling,synthetic,coarse_lock,4,measured,23,121,0.018936,831537362.1859666,831537362.1859643,0.000000,"{""user_lock_acquisitions"": 4}",2026-08-12T05:38:50Z
exp2_scaling,synthetic,batched_lock,4,measured,27,122,0.022029,831537362.185964,831537362.1859643,0.000000,"{""user_lock_acquisitions"": 500}",2026-08-12T05:38:50Z
exp2_scaling,synthetic,queue_agg,4,measured,17,123,0.018608,831537362.1859667,831537362.1859643,0.000000,"{""user_lock_acquisitions"": 0}",2026-08-12T05:38:50Z
exp2_scaling,synthetic,imp_threadlocal,4,measured,6,124,0.018885,831537362.1859667,831537362.1859643,0.000000,"{""user_lock_acquisitions"": 0}",2026-08-12T05:38:50Z
exp2_scaling,synthetic,coarse_lock,4,measured,29,125,0.019012,831537362.1859666,831537362.1859643,0.000000,"{""user_lock_acquisitions"": 4}",2026-08-12T05:38:50Z
exp2_scaling,synthetic,fp_sum_genexpr,4,measured,24,126,0.020335,831537362.1859643,831537362.1859643,0.000000,"{""user_lock_acquisitions"": 0}",2026-08-12T05:38:50Z
exp2_scaling,synthetic,fp_sum_genexpr,4,measured,18,127,0.020118,831537362.1859643,831537362.1859643,0.000000,"{""user_lock_acquisitions"": 0}",2026-08-12T05:38:50Z
exp2_scaling,synthetic,coarse_lock,4,measured,6,128,0.018723,831537362.1859666,831537362.1859643,0.000000,"{""user_lock_acquisitions"": 4}",2026-08-12T05:38:50Z
exp2_scaling,synthetic,fp_sum_genexpr,4,measured,3,129,0.020117,831537362.1859643,831537362.1859643,0.000000,"{""user_lock_acquisitions"": 0}",2026-08-12T05:38:51Z
exp2_scaling,synthetic,imp_threadlocal,4,measured,27,130,0.018424,831537362.1859667,831537362.1859643,0.000000,"{""user_lock_acquisitions"": 0}",2026-08-12T05:38:51Z
exp2_scaling,synthetic,fp_sum_genexpr,4,measured,5,131,0.020377,831537362.1859643,831537362.1859643,0.000000,"{""user_lock_acquisitions"": 0}",2026-08-12T05:38:51Z
exp2_scaling,synthetic,batched_lock,4,measured,9,132,0.021861,831537362.185964,831537362.1859643,0.000000,"{""user_lock_acquisitions"": 500}",2026-08-12T05:38:51Z
exp2_scaling,synthetic,imp_threadlocal,4,measured,18,133,0.018586,831537362.1859667,831537362.1859643,0.000000,"{""user_lock_acquisitions"": 0}",2026-08-12T05:38:51Z
exp2_scaling,synthetic,fine_lock,4,measured,25,134,0.201765,831537362.1859689,831537362.1859643,0.000000,"{""user_lock_acquisitions"": 500000}",2026-08-12T05:38:51Z
exp2_scaling,synthetic,batched_lock,4,measured,5,135,0.022083,831537362.1859641,831537362.1859643,0.000000,"{""user_lock_acquisitions"": 500}",2026-08-12T05:38:51Z
exp2_scaling,synthetic,imp_threadlocal,4,measured,22,136,0.018391,831537362.1859667,831537362.1859643,0.000000,"{""user_lock_acquisitions"": 0}",2026-08-12T05:38:51Z
exp2_scaling,synthetic,imp_threadlocal,4,measured,28,137,0.018477,831537362.1859667,831537362.1859643,0.000000,"{""user_lock_acquisitions"": 0}",2026-08-12T05:38:51Z
exp2_scaling,synthetic,fp_sum_genexpr,4,measured,26,138,0.020697,831537362.1859643,831537362.1859643,0.000000,"{""user_lock_acquisitions"": 0}",2026-08-12T05:38:51Z
exp2_scaling,synthetic,queue_agg,4,measured,24,139,0.018684,831537362.1859667,831537362.1859643,0.000000,"{""user_lock_acquisitions"": 0}",2026-08-12T05:38:51Z
exp2_scaling,synthetic,fine_lock,4,measured,29,140,0.206502,831537362.185972,831537362.1859643,0.000000,"{""user_lock_acquisitions"": 500000}",2026-08-12T05:38:51Z
exp2_scaling,synthetic,no_lock,4,measured,16,141,0.166979,293197065.67108905,831537362.1859643,64.740362,"{""user_lock_acquisitions"": 0}",2026-08-12T05:38:51Z
exp2_scaling,synthetic,fine_lock,4,measured,27,142,0.204713,831537362.185966,831537362.1859643,0.000000,"{""user_lock_acquisitions"": 500000}",2026-08-12T05:38:51Z
exp2_scaling,synthetic,fp_reduce,4,measured,27,143,0.018779,831537362.1859667,831537362.1859643,0.000000,"{""user_lock_acquisitions"": 0}",2026-08-12T05:38:51Z
exp2_scaling,synthetic,coarse_lock,4,measured,4,144,0.021031,831537362.1859667,831537362.1859643,0.000000,"{""user_lock_acquisitions"": 4}",2026-08-12T05:38:52Z
exp2_scaling,synthetic,no_lock,4,measured,1,145,0.174504,310101003.0050627,831537362.1859643,62.707508,"{""user_lock_acquisitions"": 0}",2026-08-12T05:38:52Z
exp2_scaling,synthetic,fp_sum_genexpr,4,measured,20,146,0.020751,831537362.1859643,831537362.1859643,0.000000,"{""user_lock_acquisitions"": 0}",2026-08-12T05:38:52Z
exp2_scaling,synthetic,fp_sum_genexpr,4,measured,0,147,0.020158,831537362.1859643,831537362.1859643,0.000000,"{""user_lock_acquisitions"": 0}",2026-08-12T05:38:52Z
exp2_scaling,synthetic,fine_lock,4,measured,19,148,0.200705,831537362.1859716,831537362.1859643,0.000000,"{""user_lock_acquisitions"": 500000}",2026-08-12T05:38:52Z
exp2_scaling,synthetic,fp_reduce,4,measured,3,149,0.018931,831537362.1859667,831537362.1859643,0.000000,"{""user_lock_acquisitions"": 0}",2026-08-12T05:38:52Z
exp2_scaling,synthetic,queue_agg,4,measured,22,150,0.018629,831537362.1859666,831537362.1859643,0.000000,"{""user_lock_acquisitions"": 0}",2026-08-12T05:38:52Z
exp2_scaling,synthetic,fp_sum_genexpr,4,measured,19,151,0.020169,831537362.1859643,831537362.1859643,0.000000,"{""user_lock_acquisitions"": 0}",2026-08-12T05:38:52Z
exp2_scaling,synthetic,fp_reduce,4,measured,11,152,0.018793,831537362.1859667,831537362.1859643,0.000000,"{""user_lock_acquisitions"": 0}",2026-08-12T05:38:52Z
exp2_scaling,synthetic,no_lock,4,measured,0,153,0.171803,318431698.18155015,831537362.1859643,61.705666,"{""user_lock_acquisitions"": 0}",2026-08-12T05:38:52Z
exp2_scaling,synthetic,coarse_lock,4,measured,1,154,0.018501,831537362.1859666,831537362.1859643,0.000000,"{""user_lock_acquisitions"": 4}",2026-08-12T05:38:52Z
exp2_scaling,synthetic,no_lock,4,measured,14,155,0.157428,297867485.3855667,831537362.1859643,64.178701,"{""user_lock_acquisitions"": 0}",2026-08-12T05:38:52Z
exp2_scaling,synthetic,batched_lock,4,measured,2,156,0.022053,831537362.185964,831537362.1859643,0.000000,"{""user_lock_acquisitions"": 500}",2026-08-12T05:38:52Z
exp2_scaling,synthetic,fp_sum_genexpr,4,measured,12,157,0.020044,831537362.1859643,831537362.1859643,0.000000,"{""user_lock_acquisitions"": 0}",2026-08-12T05:38:52Z
exp2_scaling,synthetic,imp_threadlocal,4,measured,24,158,0.018904,831537362.1859667,831537362.1859643,0.000000,"{""user_lock_acquisitions"": 0}",2026-08-12T05:38:52Z
exp2_scaling,synthetic,imp_threadlocal,4,measured,20,159,0.018642,831537362.1859667,831537362.1859643,0.000000,"{""user_lock_acquisitions"": 0}",2026-08-12T05:38:52Z
exp2_scaling,synthetic,no_lock,4,measured,22,160,0.170103,304257081.5048076,831537362.1859643,63.410293,"{""user_lock_acquisitions"": 0}",2026-08-12T05:38:53Z
exp2_scaling,synthetic,fine_lock,4,measured,26,161,0.203686,831537362.1859701,831537362.1859643,0.000000,"{""user_lock_acquisitions"": 500000}",2026-08-12T05:38:53Z
exp2_scaling,synthetic,fp_reduce,4,measured,8,162,0.018957,831537362.1859667,831537362.1859643,0.000000,"{""user_lock_acquisitions"": 0}",2026-08-12T05:38:53Z
exp2_scaling,synthetic,batched_lock,4,measured,26,163,0.021684,831537362.185964,831537362.1859643,0.000000,"{""user_lock_acquisitions"": 500}",2026-08-12T05:38:53Z
exp2_scaling,synthetic,queue_agg,4,measured,13,164,0.018553,831537362.1859666,831537362.1859643,0.000000,"{""user_lock_acquisitions"": 0}",2026-08-12T05:38:53Z
exp2_scaling,synthetic,fine_lock,4,measured,12,165,0.201375,831537362.1859732,831537362.1859643,0.000000,"{""user_lock_acquisitions"": 500000}",2026-08-12T05:38:53Z
exp2_scaling,synthetic,batched_lock,4,measured,21,166,0.021963,831537362.185964,831537362.1859643,0.000000,"{""user_lock_acquisitions"": 500}",2026-08-12T05:38:53Z
exp2_scaling,synthetic,fp_sum_genexpr,4,measured,25,167,0.020669,831537362.1859643,831537362.1859643,0.000000,"{""user_lock_acquisitions"": 0}",2026-08-12T05:38:53Z
exp2_scaling,synthetic,coarse_lock,4,measured,13,168,0.018636,831537362.1859666,831537362.1859643,0.000000,"{""user_lock_acquisitions"": 4}",2026-08-12T05:38:53Z
exp2_scaling,synthetic,coarse_lock,4,measured,8,169,0.018788,831537362.1859666,831537362.1859643,0.000000,"{""user_lock_acquisitions"": 4}",2026-08-12T05:38:53Z
exp2_scaling,synthetic,fp_sum_genexpr,4,measured,15,170,0.020316,831537362.1859643,831537362.1859643,0.000000,"{""user_lock_acquisitions"": 0}",2026-08-12T05:38:53Z
exp2_scaling,synthetic,fine_lock,4,measured,11,171,0.197312,831537362.1859703,831537362.1859643,0.000000,"{""user_lock_acquisitions"": 500000}",2026-08-12T05:38:53Z
exp2_scaling,synthetic,coarse_lock,4,measured,24,172,0.019209,831537362.1859666,831537362.1859643,0.000000,"{""user_lock_acquisitions"": 4}",2026-08-12T05:38:53Z
exp2_scaling,synthetic,no_lock,4,measured,23,173,0.174438,302075347.40786767,831537362.1859643,63.672667,"{""user_lock_acquisitions"": 0}",2026-08-12T05:38:54Z
exp2_scaling,synthetic,fp_reduce,4,measured,13,174,0.019093,831537362.1859667,831537362.1859643,0.000000,"{""user_lock_acquisitions"": 0}",2026-08-12T05:38:54Z
exp2_scaling,synthetic,queue_agg,4,measured,5,175,0.018848,831537362.1859666,831537362.1859643,0.000000,"{""user_lock_acquisitions"": 0}",2026-08-12T05:38:54Z
exp2_scaling,synthetic,fp_reduce,4,measured,10,176,0.018939,831537362.1859667,831537362.1859643,0.000000,"{""user_lock_acquisitions"": 0}",2026-08-12T05:38:54Z
exp2_scaling,synthetic,fine_lock,4,measured,2,177,0.203624,831537362.1859717,831537362.1859643,0.000000,"{""user_lock_acquisitions"": 500000}",2026-08-12T05:38:54Z
exp2_scaling,synthetic,imp_threadlocal,4,measured,25,178,0.018774,831537362.1859667,831537362.1859643,0.000000,"{""user_lock_acquisitions"": 0}",2026-08-12T05:38:54Z
exp2_scaling,synthetic,fine_lock,4,measured,17,179,0.201671,831537362.1859733,831537362.1859643,0.000000,"{""user_lock_acquisitions"": 500000}",2026-08-12T05:38:54Z
exp2_scaling,synthetic,no_lock,4,measured,2,180,0.176976,304410890.4524084,831537362.1859643,63.391796,"{""user_lock_acquisitions"": 0}",2026-08-12T05:38:54Z
exp2_scaling,synthetic,queue_agg,4,measured,21,181,0.018781,831537362.1859666,831537362.1859643,0.000000,"{""user_lock_acquisitions"": 0}",2026-08-12T05:38:54Z
exp2_scaling,synthetic,batched_lock,4,measured,18,182,0.022117,831537362.185964,831537362.1859643,0.000000,"{""user_lock_acquisitions"": 500}",2026-08-12T05:38:54Z
exp2_scaling,synthetic,fp_reduce,4,measured,25,183,0.018536,831537362.1859667,831537362.1859643,0.000000,"{""user_lock_acquisitions"": 0}",2026-08-12T05:38:54Z
exp2_scaling,synthetic,fine_lock,4,measured,20,184,0.201061,831537362.1859665,831537362.1859643,0.000000,"{""user_lock_acquisitions"": 500000}",2026-08-12T05:38:54Z
exp2_scaling,synthetic,fp_sum_genexpr,4,measured,14,185,0.020246,831537362.1859643,831537362.1859643,0.000000,"{""user_lock_acquisitions"": 0}",2026-08-12T05:38:55Z
exp2_scaling,synthetic,queue_agg,4,measured,25,186,0.018805,831537362.1859667,831537362.1859643,0.000000,"{""user_lock_acquisitions"": 0}",2026-08-12T05:38:55Z
exp2_scaling,synthetic,fine_lock,4,measured,7,187,0.202459,831537362.185967,831537362.1859643,0.000000,"{""user_lock_acquisitions"": 500000}",2026-08-12T05:38:55Z
exp2_scaling,synthetic,fine_lock,4,measured,6,188,0.202492,831537362.1859704,831537362.1859643,0.000000,"{""user_lock_acquisitions"": 500000}",2026-08-12T05:38:55Z
exp2_scaling,synthetic,fine_lock,4,measured,28,189,0.201742,831537362.1859745,831537362.1859643,0.000000,"{""user_lock_acquisitions"": 500000}",2026-08-12T05:38:55Z
exp2_scaling,synthetic,no_lock,4,measured,17,190,0.166476,308780451.8549315,831537362.1859643,62.866317,"{""user_lock_acquisitions"": 0}",2026-08-12T05:38:55Z
exp2_scaling,synthetic,fp_reduce,4,measured,17,191,0.018897,831537362.1859667,831537362.1859643,0.000000,"{""user_lock_acquisitions"": 0}",2026-08-12T05:38:55Z
exp2_scaling,synthetic,queue_agg,4,measured,8,192,0.018588,831537362.1859667,831537362.1859643,0.000000,"{""user_lock_acquisitions"": 0}",2026-08-12T05:38:55Z
exp2_scaling,synthetic,fp_sum_genexpr,4,measured,10,193,0.020266,831537362.1859643,831537362.1859643,0.000000,"{""user_lock_acquisitions"": 0}",2026-08-12T05:38:55Z
exp2_scaling,synthetic,fp_sum_genexpr,4,measured,6,194,0.020083,831537362.1859643,831537362.1859643,0.000000,"{""user_lock_acquisitions"": 0}",2026-08-12T05:38:55Z
exp2_scaling,synthetic,fp_reduce,4,measured,23,195,0.018609,831537362.1859667,831537362.1859643,0.000000,"{""user_lock_acquisitions"": 0}",2026-08-12T05:38:55Z
exp2_scaling,synthetic,fine_lock,4,measured,21,196,0.202940,831537362.1859704,831537362.1859643,0.000000,"{""user_lock_acquisitions"": 500000}",2026-08-12T05:38:56Z
exp2_scaling,synthetic,batched_lock,4,measured,17,197,0.022060,831537362.185964,831537362.1859643,0.000000,"{""user_lock_acquisitions"": 500}",2026-08-12T05:38:56Z
exp2_scaling,synthetic,batched_lock,4,measured,20,198,0.021674,831537362.185964,831537362.1859643,0.000000,"{""user_lock_acquisitions"": 500}",2026-08-12T05:38:56Z
exp2_scaling,synthetic,no_lock,4,measured,29,199,0.166914,300704409.6549877,831537362.1859643,63.837535,"{""user_lock_acquisitions"": 0}",2026-08-12T05:38:56Z
exp2_scaling,synthetic,no_lock,4,measured,7,200,0.166215,309647396.6605334,831537362.1859643,62.762058,"{""user_lock_acquisitions"": 0}",2026-08-12T05:38:56Z
exp2_scaling,synthetic,batched_lock,4,measured,24,201,0.021836,831537362.185964,831537362.1859643,0.000000,"{""user_lock_acquisitions"": 500}",2026-08-12T05:38:56Z
exp2_scaling,synthetic,coarse_lock,4,measured,26,202,0.018388,831537362.1859667,831537362.1859643,0.000000,"{""user_lock_acquisitions"": 4}",2026-08-12T05:38:56Z
exp2_scaling,synthetic,imp_threadlocal,4,measured,5,203,0.018395,831537362.1859667,831537362.1859643,0.000000,"{""user_lock_acquisitions"": 0}",2026-08-12T05:38:56Z
exp2_scaling,synthetic,fp_reduce,4,measured,2,204,0.018410,831537362.1859667,831537362.1859643,0.000000,"{""user_lock_acquisitions"": 0}",2026-08-12T05:38:56Z
exp2_scaling,synthetic,coarse_lock,4,measured,19,205,0.018289,831537362.1859667,831537362.1859643,0.000000,"{""user_lock_acquisitions"": 4}",2026-08-12T05:38:56Z
exp2_scaling,synthetic,coarse_lock,4,measured,16,206,0.018521,831537362.1859666,831537362.1859643,0.000000,"{""user_lock_acquisitions"": 4}",2026-08-12T05:38:56Z
exp2_scaling,synthetic,fine_lock,4,measured,16,207,0.201451,831537362.1859716,831537362.1859643,0.000000,"{""user_lock_acquisitions"": 500000}",2026-08-12T05:38:56Z
exp2_scaling,synthetic,batched_lock,4,measured,13,208,0.022011,831537362.185964,831537362.1859643,0.000000,"{""user_lock_acquisitions"": 500}",2026-08-12T05:38:56Z
exp2_scaling,synthetic,fine_lock,4,measured,24,209,0.202067,831537362.185971,831537362.1859643,0.000000,"{""user_lock_acquisitions"": 500000}",2026-08-12T05:38:57Z
exp2_scaling,synthetic,batched_lock,4,measured,12,210,0.021996,831537362.185964,831537362.1859643,0.000000,"{""user_lock_acquisitions"": 500}",2026-08-12T05:38:57Z
exp2_scaling,synthetic,fp_sum_genexpr,4,measured,13,211,0.021146,831537362.1859643,831537362.1859643,0.000000,"{""user_lock_acquisitions"": 0}",2026-08-12T05:38:57Z
exp2_scaling,synthetic,batched_lock,4,measured,22,212,0.021687,831537362.1859641,831537362.1859643,0.000000,"{""user_lock_acquisitions"": 500}",2026-08-12T05:38:57Z
exp2_scaling,synthetic,fp_reduce,4,measured,16,213,0.018913,831537362.1859667,831537362.1859643,0.000000,"{""user_lock_acquisitions"": 0}",2026-08-12T05:38:57Z
exp2_scaling,synthetic,no_lock,4,measured,24,214,0.184563,311753733.5386537,831537362.1859643,62.508752,"{""user_lock_acquisitions"": 0}",2026-08-12T05:38:57Z
exp2_scaling,synthetic,coarse_lock,4,measured,9,215,0.018679,831537362.1859667,831537362.1859643,0.000000,"{""user_lock_acquisitions"": 4}",2026-08-12T05:38:57Z
exp2_scaling,synthetic,coarse_lock,4,measured,3,216,0.018590,831537362.1859666,831537362.1859643,0.000000,"{""user_lock_acquisitions"": 4}",2026-08-12T05:38:57Z
exp2_scaling,synthetic,fp_reduce,4,measured,14,217,0.018770,831537362.1859667,831537362.1859643,0.000000,"{""user_lock_acquisitions"": 0}",2026-08-12T05:38:57Z
exp2_scaling,synthetic,fp_reduce,4,measured,7,218,0.018806,831537362.1859667,831537362.1859643,0.000000,"{""user_lock_acquisitions"": 0}",2026-08-12T05:38:57Z
exp2_scaling,synthetic,fine_lock,4,measured,8,219,0.204679,831537362.1859722,831537362.1859643,0.000000,"{""user_lock_acquisitions"": 500000}",2026-08-12T05:38:57Z
exp2_scaling,synthetic,coarse_lock,4,measured,18,220,0.018594,831537362.1859666,831537362.1859643,0.000000,"{""user_lock_acquisitions"": 4}",2026-08-12T05:38:57Z
exp2_scaling,synthetic,imp_threadlocal,4,measured,11,221,0.018626,831537362.1859667,831537362.1859643,0.000000,"{""user_lock_acquisitions"": 0}",2026-08-12T05:38:57Z
exp2_scaling,synthetic,fp_reduce,4,measured,26,222,0.018712,831537362.1859667,831537362.1859643,0.000000,"{""user_lock_acquisitions"": 0}",2026-08-12T05:38:57Z
exp2_scaling,synthetic,no_lock,4,measured,28,223,0.167567,300203112.4155598,831537362.1859643,63.897820,"{""user_lock_acquisitions"": 0}",2026-08-12T05:38:57Z
exp2_scaling,synthetic,fp_reduce,4,measured,20,224,0.018627,831537362.1859667,831537362.1859643,0.000000,"{""user_lock_acquisitions"": 0}",2026-08-12T05:38:57Z
exp2_scaling,synthetic,imp_threadlocal,4,measured,7,225,0.018665,831537362.1859667,831537362.1859643,0.000000,"{""user_lock_acquisitions"": 0}",2026-08-12T05:38:57Z
exp2_scaling,synthetic,queue_agg,4,measured,23,226,0.018728,831537362.1859667,831537362.1859643,0.000000,"{""user_lock_acquisitions"": 0}",2026-08-12T05:38:57Z
exp2_scaling,synthetic,queue_agg,4,measured,1,227,0.018710,831537362.1859666,831537362.1859643,0.000000,"{""user_lock_acquisitions"": 0}",2026-08-12T05:38:57Z
exp2_scaling,synthetic,imp_threadlocal,4,measured,13,228,0.018855,831537362.1859667,831537362.1859643,0.000000,"{""user_lock_acquisitions"": 0}",2026-08-12T05:38:57Z
exp2_scaling,synthetic,imp_threadlocal,4,measured,2,229,0.019250,831537362.1859667,831537362.1859643,0.000000,"{""user_lock_acquisitions"": 0}",2026-08-12T05:38:57Z
exp2_scaling,synthetic,no_lock,4,measured,21,230,0.164408,278596691.40986973,831537362.1859643,66.496191,"{""user_lock_acquisitions"": 0}",2026-08-12T05:38:58Z
exp2_scaling,synthetic,imp_threadlocal,4,measured,14,231,0.019136,831537362.1859667,831537362.1859643,0.000000,"{""user_lock_acquisitions"": 0}",2026-08-12T05:38:58Z
exp2_scaling,synthetic,fp_reduce,4,measured,29,232,0.018908,831537362.1859667,831537362.1859643,0.000000,"{""user_lock_acquisitions"": 0}",2026-08-12T05:38:58Z
exp2_scaling,synthetic,no_lock,4,measured,20,233,0.162515,302750285.0810942,831537362.1859643,63.591499,"{""user_lock_acquisitions"": 0}",2026-08-12T05:38:58Z
exp2_scaling,synthetic,fp_sum_genexpr,4,measured,7,234,0.020701,831537362.1859643,831537362.1859643,0.000000,"{""user_lock_acquisitions"": 0}",2026-08-12T05:38:58Z
exp2_scaling,synthetic,imp_threadlocal,4,measured,10,235,0.018663,831537362.1859667,831537362.1859643,0.000000,"{""user_lock_acquisitions"": 0}",2026-08-12T05:38:58Z
exp2_scaling,synthetic,fp_reduce,4,measured,15,236,0.018508,831537362.1859667,831537362.1859643,0.000000,"{""user_lock_acquisitions"": 0}",2026-08-12T05:38:58Z
exp2_scaling,synthetic,queue_agg,4,measured,10,237,0.019037,831537362.1859667,831537362.1859643,0.000000,"{""user_lock_acquisitions"": 0}",2026-08-12T05:38:58Z
exp2_scaling,synthetic,batched_lock,4,measured,11,238,0.022080,831537362.185964,831537362.1859643,0.000000,"{""user_lock_acquisitions"": 500}",2026-08-12T05:38:58Z
exp2_scaling,synthetic,fp_reduce,4,measured,21,239,0.018679,831537362.1859667,831537362.1859643,0.000000,"{""user_lock_acquisitions"": 0}",2026-08-12T05:38:58Z
exp2_scaling,synthetic,fine_lock,4,measured,10,240,0.201666,831537362.1859735,831537362.1859643,0.000000,"{""user_lock_acquisitions"": 500000}",2026-08-12T05:38:58Z
exp2_scaling,synthetic,imp_threadlocal,4,measured,26,241,0.018617,831537362.1859667,831537362.1859643,0.000000,"{""user_lock_acquisitions"": 0}",2026-08-12T05:38:58Z
exp2_scaling,synthetic,imp_threadlocal,4,measured,9,242,0.019087,831537362.1859667,831537362.1859643,0.000000,"{""user_lock_acquisitions"": 0}",2026-08-12T05:38:58Z
exp2_scaling,synthetic,fp_sum_genexpr,4,measured,27,243,0.020380,831537362.1859643,831537362.1859643,0.000000,"{""user_lock_acquisitions"": 0}",2026-08-12T05:38:58Z
exp2_scaling,synthetic,fine_lock,4,measured,15,244,0.199751,831537362.1859754,831537362.1859643,0.000000,"{""user_lock_acquisitions"": 500000}",2026-08-12T05:38:58Z
exp2_scaling,synthetic,queue_agg,4,measured,9,245,0.018682,831537362.1859667,831537362.1859643,0.000000,"{""user_lock_acquisitions"": 0}",2026-08-12T05:38:58Z
exp2_scaling,synthetic,fp_sum_genexpr,4,measured,2,246,0.019870,831537362.1859643,831537362.1859643,0.000000,"{""user_lock_acquisitions"": 0}",2026-08-12T05:38:58Z
exp2_scaling,synthetic,coarse_lock,4,measured,20,247,0.018677,831537362.1859666,831537362.1859643,0.000000,"{""user_lock_acquisitions"": 4}",2026-08-12T05:38:58Z
exp2_scaling,synthetic,no_lock,4,measured,25,248,0.169112,306271781.19179595,831537362.1859643,63.168007,"{""user_lock_acquisitions"": 0}",2026-08-12T05:38:59Z
exp2_scaling,synthetic,fp_sum_genexpr,4,measured,16,249,0.020290,831537362.1859643,831537362.1859643,0.000000,"{""user_lock_acquisitions"": 0}",2026-08-12T05:38:59Z
exp2_scaling,synthetic,coarse_lock,4,measured,22,250,0.018782,831537362.1859666,831537362.1859643,0.000000,"{""user_lock_acquisitions"": 4}",2026-08-12T05:38:59Z
exp2_scaling,synthetic,coarse_lock,4,measured,10,251,0.018661,831537362.1859666,831537362.1859643,0.000000,"{""user_lock_acquisitions"": 4}",2026-08-12T05:38:59Z
exp2_scaling,synthetic,fine_lock,4,measured,0,252,0.203199,831537362.1859732,831537362.1859643,0.000000,"{""user_lock_acquisitions"": 500000}",2026-08-12T05:38:59Z
exp2_scaling,synthetic,queue_agg,4,measured,20,253,0.018843,831537362.1859666,831537362.1859643,0.000000,"{""user_lock_acquisitions"": 0}",2026-08-12T05:38:59Z
exp2_scaling,synthetic,fp_sum_genexpr,4,measured,9,254,0.020670,831537362.1859643,831537362.1859643,0.000000,"{""user_lock_acquisitions"": 0}",2026-08-12T05:38:59Z
exp2_scaling,synthetic,no_lock,4,measured,26,255,0.162181,313321387.00913745,831537362.1859643,62.320227,"{""user_lock_acquisitions"": 0}",2026-08-12T05:38:59Z
exp2_scaling,synthetic,imp_threadlocal,4,measured,3,256,0.018802,831537362.1859667,831537362.1859643,0.000000,"{""user_lock_acquisitions"": 0}",2026-08-12T05:38:59Z
exp2_scaling,synthetic,batched_lock,4,measured,3,257,0.022072,831537362.185964,831537362.1859643,0.000000,"{""user_lock_acquisitions"": 500}",2026-08-12T05:38:59Z
exp2_scaling,synthetic,batched_lock,4,measured,23,258,0.021813,831537362.185964,831537362.1859643,0.000000,"{""user_lock_acquisitions"": 500}",2026-08-12T05:38:59Z
exp2_scaling,synthetic,coarse_lock,4,measured,0,259,0.018824,831537362.1859666,831537362.1859643,0.000000,"{""user_lock_acquisitions"": 4}",2026-08-12T05:38:59Z
exp2_scaling,synthetic,fp_reduce,4,measured,24,260,0.018733,831537362.1859667,831537362.1859643,0.000000,"{""user_lock_acquisitions"": 0}",2026-08-12T05:38:59Z
exp2_scaling,synthetic,no_lock,4,measured,11,261,0.174141,305535592.9395898,831537362.1859643,63.256541,"{""user_lock_acquisitions"": 0}",2026-08-12T05:38:59Z
exp2_scaling,synthetic,queue_agg,4,measured,12,262,0.019084,831537362.1859667,831537362.1859643,0.000000,"{""user_lock_acquisitions"": 0}",2026-08-12T05:38:59Z
exp2_scaling,synthetic,no_lock,4,measured,27,263,0.161082,303478211.29502857,831537362.1859643,63.503960,"{""user_lock_acquisitions"": 0}",2026-08-12T05:38:59Z
exp2_scaling,synthetic,queue_agg,6,warmup,1,0,0.013297,831537362.1859671,831537362.1859643,0.000000,"{""user_lock_acquisitions"": 0}",2026-08-12T05:39:00Z
exp2_scaling,synthetic,no_lock,6,warmup,1,1,0.236315,223868393.72771567,831537362.1859643,73.077771,"{""user_lock_acquisitions"": 0}",2026-08-12T05:39:00Z
exp2_scaling,synthetic,batched_lock,6,warmup,0,2,0.015206,831537362.1859645,831537362.1859643,0.000000,"{""user_lock_acquisitions"": 504}",2026-08-12T05:39:00Z
exp2_scaling,synthetic,coarse_lock,6,warmup,0,3,0.013045,831537362.1859671,831537362.1859643,0.000000,"{""user_lock_acquisitions"": 6}",2026-08-12T05:39:00Z
exp2_scaling,synthetic,queue_agg,6,warmup,0,4,0.012941,831537362.1859671,831537362.1859643,0.000000,"{""user_lock_acquisitions"": 0}",2026-08-12T05:39:00Z
exp2_scaling,synthetic,batched_lock,6,warmup,2,5,0.014994,831537362.1859645,831537362.1859643,0.000000,"{""user_lock_acquisitions"": 504}",2026-08-12T05:39:00Z
exp2_scaling,synthetic,coarse_lock,6,warmup,1,6,0.013311,831537362.1859671,831537362.1859643,0.000000,"{""user_lock_acquisitions"": 6}",2026-08-12T05:39:00Z
exp2_scaling,synthetic,fp_sum_genexpr,6,warmup,2,7,0.013936,831537362.1859645,831537362.1859643,0.000000,"{""user_lock_acquisitions"": 0}",2026-08-12T05:39:00Z
exp2_scaling,synthetic,fp_sum_genexpr,6,warmup,1,8,0.014053,831537362.1859645,831537362.1859643,0.000000,"{""user_lock_acquisitions"": 0}",2026-08-12T05:39:00Z
exp2_scaling,synthetic,fine_lock,6,warmup,1,9,0.265612,831537362.1859356,831537362.1859643,0.000000,"{""user_lock_acquisitions"": 500000}",2026-08-12T05:39:00Z
exp2_scaling,synthetic,queue_agg,6,warmup,2,10,0.013079,831537362.1859671,831537362.1859643,0.000000,"{""user_lock_acquisitions"": 0}",2026-08-12T05:39:00Z
exp2_scaling,synthetic,batched_lock,6,warmup,1,11,0.015112,831537362.1859645,831537362.1859643,0.000000,"{""user_lock_acquisitions"": 504}",2026-08-12T05:39:00Z
exp2_scaling,synthetic,no_lock,6,warmup,2,12,0.253669,217390065.97767827,831537362.1859643,73.856849,"{""user_lock_acquisitions"": 0}",2026-08-12T05:39:00Z
exp2_scaling,synthetic,coarse_lock,6,warmup,2,13,0.013220,831537362.1859671,831537362.1859643,0.000000,"{""user_lock_acquisitions"": 6}",2026-08-12T05:39:00Z
exp2_scaling,synthetic,no_lock,6,warmup,0,14,0.242198,221609448.83474615,831537362.1859643,73.349430,"{""user_lock_acquisitions"": 0}",2026-08-12T05:39:01Z
exp2_scaling,synthetic,fp_reduce,6,warmup,0,15,0.013771,831537362.1859671,831537362.1859643,0.000000,"{""user_lock_acquisitions"": 0}",2026-08-12T05:39:01Z
exp2_scaling,synthetic,fp_reduce,6,warmup,2,16,0.013715,831537362.1859671,831537362.1859643,0.000000,"{""user_lock_acquisitions"": 0}",2026-08-12T05:39:01Z
exp2_scaling,synthetic,fp_reduce,6,warmup,1,17,0.013684,831537362.1859671,831537362.1859643,0.000000,"{""user_lock_acquisitions"": 0}",2026-08-12T05:39:01Z
exp2_scaling,synthetic,imp_threadlocal,6,warmup,0,18,0.013266,831537362.1859671,831537362.1859643,0.000000,"{""user_lock_acquisitions"": 0}",2026-08-12T05:39:01Z
exp2_scaling,synthetic,imp_threadlocal,6,warmup,1,19,0.013385,831537362.1859671,831537362.1859643,0.000000,"{""user_lock_acquisitions"": 0}",2026-08-12T05:39:01Z
exp2_scaling,synthetic,fine_lock,6,warmup,2,20,0.256046,831537362.1859374,831537362.1859643,0.000000,"{""user_lock_acquisitions"": 500000}",2026-08-12T05:39:01Z
exp2_scaling,synthetic,fine_lock,6,warmup,0,21,0.263549,831537362.1859386,831537362.1859643,0.000000,"{""user_lock_acquisitions"": 500000}",2026-08-12T05:39:01Z
exp2_scaling,synthetic,imp_threadlocal,6,warmup,2,22,0.013339,831537362.1859671,831537362.1859643,0.000000,"{""user_lock_acquisitions"": 0}",2026-08-12T05:39:01Z
exp2_scaling,synthetic,fp_sum_genexpr,6,warmup,0,23,0.013940,831537362.1859645,831537362.1859643,0.000000,"{""user_lock_acquisitions"": 0}",2026-08-12T05:39:01Z
exp2_scaling,synthetic,imp_threadlocal,6,measured,27,24,0.013703,831537362.1859671,831537362.1859643,0.000000,"{""user_lock_acquisitions"": 0}",2026-08-12T05:39:01Z
exp2_scaling,synthetic,coarse_lock,6,measured,11,25,0.013355,831537362.1859671,831537362.1859643,0.000000,"{""user_lock_acquisitions"": 6}",2026-08-12T05:39:01Z
exp2_scaling,synthetic,fine_lock,6,measured,10,26,0.267484,831537362.1859386,831537362.1859643,0.000000,"{""user_lock_acquisitions"": 500000}",2026-08-12T05:39:02Z
exp2_scaling,synthetic,fp_sum_genexpr,6,measured,16,27,0.014282,831537362.1859645,831537362.1859643,0.000000,"{""user_lock_acquisitions"": 0}",2026-08-12T05:39:02Z
exp2_scaling,synthetic,queue_agg,6,measured,19,28,0.013294,831537362.1859671,831537362.1859643,0.000000,"{""user_lock_acquisitions"": 0}",2026-08-12T05:39:02Z
exp2_scaling,synthetic,fp_sum_genexpr,6,measured,24,29,0.014019,831537362.1859645,831537362.1859643,0.000000,"{""user_lock_acquisitions"": 0}",2026-08-12T05:39:02Z
exp2_scaling,synthetic,imp_threadlocal,6,measured,18,30,0.013280,831537362.1859671,831537362.1859643,0.000000,"{""user_lock_acquisitions"": 0}",2026-08-12T05:39:02Z
exp2_scaling,synthetic,fp_sum_genexpr,6,measured,22,31,0.014048,831537362.1859645,831537362.1859643,0.000000,"{""user_lock_acquisitions"": 0}",2026-08-12T05:39:02Z
exp2_scaling,synthetic,fp_sum_genexpr,6,measured,25,32,0.013755,831537362.1859645,831537362.1859643,0.000000,"{""user_lock_acquisitions"": 0}",2026-08-12T05:39:02Z
exp2_scaling,synthetic,coarse_lock,6,measured,19,33,0.012988,831537362.1859671,831537362.1859643,0.000000,"{""user_lock_acquisitions"": 6}",2026-08-12T05:39:02Z
exp2_scaling,synthetic,fine_lock,6,measured,3,34,0.265028,831537362.1859397,831537362.1859643,0.000000,"{""user_lock_acquisitions"": 500000}",2026-08-12T05:39:02Z
exp2_scaling,synthetic,batched_lock,6,measured,3,35,0.015200,831537362.1859645,831537362.1859643,0.000000,"{""user_lock_acquisitions"": 504}",2026-08-12T05:39:02Z
exp2_scaling,synthetic,no_lock,6,measured,25,36,0.225464,208106622.08261457,831537362.1859643,74.973269,"{""user_lock_acquisitions"": 0}",2026-08-12T05:39:02Z
exp2_scaling,synthetic,fp_sum_genexpr,6,measured,21,37,0.013898,831537362.1859645,831537362.1859643,0.000000,"{""user_lock_acquisitions"": 0}",2026-08-12T05:39:02Z
exp2_scaling,synthetic,queue_agg,6,measured,9,38,0.013187,831537362.1859671,831537362.1859643,0.000000,"{""user_lock_acquisitions"": 0}",2026-08-12T05:39:02Z
exp2_scaling,synthetic,batched_lock,6,measured,1,39,0.015334,831537362.1859645,831537362.1859643,0.000000,"{""user_lock_acquisitions"": 504}",2026-08-12T05:39:02Z
exp2_scaling,synthetic,coarse_lock,6,measured,2,40,0.013075,831537362.1859671,831537362.1859643,0.000000,"{""user_lock_acquisitions"": 6}",2026-08-12T05:39:02Z
exp2_scaling,synthetic,queue_agg,6,measured,17,41,0.012823,831537362.1859671,831537362.1859643,0.000000,"{""user_lock_acquisitions"": 0}",2026-08-12T05:39:02Z
exp2_scaling,synthetic,queue_agg,6,measured,6,42,0.012986,831537362.1859671,831537362.1859643,0.000000,"{""user_lock_acquisitions"": 0}",2026-08-12T05:39:02Z
exp2_scaling,synthetic,imp_threadlocal,6,measured,21,43,0.013246,831537362.1859671,831537362.1859643,0.000000,"{""user_lock_acquisitions"": 0}",2026-08-12T05:39:02Z
exp2_scaling,synthetic,imp_threadlocal,6,measured,24,44,0.013544,831537362.1859671,831537362.1859643,0.000000,"{""user_lock_acquisitions"": 0}",2026-08-12T05:39:02Z
exp2_scaling,synthetic,no_lock,6,measured,6,45,0.245226,214071705.9244031,831537362.1859643,74.255913,"{""user_lock_acquisitions"": 0}",2026-08-12T05:39:03Z
exp2_scaling,synthetic,fp_sum_genexpr,6,measured,15,46,0.014187,831537362.1859645,831537362.1859643,0.000000,"{""user_lock_acquisitions"": 0}",2026-08-12T05:39:03Z
exp2_scaling,synthetic,coarse_lock,6,measured,21,47,0.013293,831537362.1859671,831537362.1859643,0.000000,"{""user_lock_acquisitions"": 6}",2026-08-12T05:39:03Z
exp2_scaling,synthetic,coarse_lock,6,measured,17,48,0.013146,831537362.1859671,831537362.1859643,0.000000,"{""user_lock_acquisitions"": 6}",2026-08-12T05:39:03Z
exp2_scaling,synthetic,batched_lock,6,measured,24,49,0.015021,831537362.1859645,831537362.1859643,0.000000,"{""user_lock_acquisitions"": 504}",2026-08-12T05:39:03Z
exp2_scaling,synthetic,batched_lock,6,measured,6,50,0.014964,831537362.1859645,831537362.1859643,0.000000,"{""user_lock_acquisitions"": 504}",2026-08-12T05:39:03Z
exp2_scaling,synthetic,queue_agg,6,measured,20,51,0.012851,831537362.1859671,831537362.1859643,0.000000,"{""user_lock_acquisitions"": 0}",2026-08-12T05:39:03Z
exp2_scaling,synthetic,batched_lock,6,measured,4,52,0.015425,831537362.1859645,831537362.1859643,0.000000,"{""user_lock_acquisitions"": 504}",2026-08-12T05:39:03Z
exp2_scaling,synthetic,batched_lock,6,measured,2,53,0.015496,831537362.1859646,831537362.1859643,0.000000,"{""user_lock_acquisitions"": 504}",2026-08-12T05:39:03Z
exp2_scaling,synthetic,no_lock,6,measured,15,54,0.236889,219114982.7210277,831537362.1859643,73.649412,"{""user_lock_acquisitions"": 0}",2026-08-12T05:39:03Z
exp2_scaling,synthetic,fp_sum_genexpr,6,measured,12,55,0.014098,831537362.1859645,831537362.1859643,0.000000,"{""user_lock_acquisitions"": 0}",2026-08-12T05:39:03Z
exp2_scaling,synthetic,queue_agg,6,measured,0,56,0.013188,831537362.1859671,831537362.1859643,0.000000,"{""user_lock_acquisitions"": 0}",2026-08-12T05:39:03Z
exp2_scaling,synthetic,queue_agg,6,measured,11,57,0.013121,831537362.1859671,831537362.1859643,0.000000,"{""user_lock_acquisitions"": 0}",2026-08-12T05:39:03Z
exp2_scaling,synthetic,no_lock,6,measured,12,58,0.247128,226068227.64434034,831537362.1859643,72.813221,"{""user_lock_acquisitions"": 0}",2026-08-12T05:39:03Z
exp2_scaling,synthetic,fp_sum_genexpr,6,measured,10,59,0.013988,831537362.1859645,831537362.1859643,0.000000,"{""user_lock_acquisitions"": 0}",2026-08-12T05:39:03Z
exp2_scaling,synthetic,batched_lock,6,measured,16,60,0.015281,831537362.1859646,831537362.1859643,0.000000,"{""user_lock_acquisitions"": 504}",2026-08-12T05:39:03Z
exp2_scaling,synthetic,batched_lock,6,measured,25,61,0.015102,831537362.1859645,831537362.1859643,0.000000,"{""user_lock_acquisitions"": 504}",2026-08-12T05:39:03Z
exp2_scaling,synthetic,fp_sum_genexpr,6,measured,9,62,0.014159,831537362.1859645,831537362.1859643,0.000000,"{""user_lock_acquisitions"": 0}",2026-08-12T05:39:03Z
exp2_scaling,synthetic,batched_lock,6,measured,5,63,0.015077,831537362.1859645,831537362.1859643,0.000000,"{""user_lock_acquisitions"": 504}",2026-08-12T05:39:03Z
exp2_scaling,synthetic,queue_agg,6,measured,14,64,0.012952,831537362.1859671,831537362.1859643,0.000000,"{""user_lock_acquisitions"": 0}",2026-08-12T05:39:03Z
exp2_scaling,synthetic,batched_lock,6,measured,27,65,0.015373,831537362.1859645,831537362.1859643,0.000000,"{""user_lock_acquisitions"": 504}",2026-08-12T05:39:03Z
exp2_scaling,synthetic,fine_lock,6,measured,5,66,0.250000,831537362.1859359,831537362.1859643,0.000000,"{""user_lock_acquisitions"": 500000}",2026-08-12T05:39:03Z
exp2_scaling,synthetic,fp_reduce,6,measured,8,67,0.013740,831537362.1859671,831537362.1859643,0.000000,"{""user_lock_acquisitions"": 0}",2026-08-12T05:39:04Z
exp2_scaling,synthetic,imp_threadlocal,6,measured,14,68,0.013310,831537362.1859671,831537362.1859643,0.000000,"{""user_lock_acquisitions"": 0}",2026-08-12T05:39:04Z
exp2_scaling,synthetic,fp_reduce,6,measured,28,69,0.013210,831537362.1859671,831537362.1859643,0.000000,"{""user_lock_acquisitions"": 0}",2026-08-12T05:39:04Z
exp2_scaling,synthetic,queue_agg,6,measured,3,70,0.012980,831537362.1859671,831537362.1859643,0.000000,"{""user_lock_acquisitions"": 0}",2026-08-12T05:39:04Z
exp2_scaling,synthetic,fine_lock,6,measured,4,71,0.278737,831537362.1859372,831537362.1859643,0.000000,"{""user_lock_acquisitions"": 500000}",2026-08-12T05:39:04Z
exp2_scaling,synthetic,batched_lock,6,measured,9,72,0.015474,831537362.1859645,831537362.1859643,0.000000,"{""user_lock_acquisitions"": 504}",2026-08-12T05:39:04Z
exp2_scaling,synthetic,fp_sum_genexpr,6,measured,1,73,0.013848,831537362.1859645,831537362.1859643,0.000000,"{""user_lock_acquisitions"": 0}",2026-08-12T05:39:04Z
exp2_scaling,synthetic,fp_sum_genexpr,6,measured,28,74,0.014019,831537362.1859645,831537362.1859643,0.000000,"{""user_lock_acquisitions"": 0}",2026-08-12T05:39:04Z
exp2_scaling,synthetic,fp_sum_genexpr,6,measured,3,75,0.013965,831537362.1859645,831537362.1859643,0.000000,"{""user_lock_acquisitions"": 0}",2026-08-12T05:39:04Z
exp2_scaling,synthetic,queue_agg,6,measured,24,76,0.012949,831537362.1859671,831537362.1859643,0.000000,"{""user_lock_acquisitions"": 0}",2026-08-12T05:39:04Z
exp2_scaling,synthetic,fp_reduce,6,measured,24,77,0.013223,831537362.1859671,831537362.1859643,0.000000,"{""user_lock_acquisitions"": 0}",2026-08-12T05:39:04Z
exp2_scaling,synthetic,coarse_lock,6,measured,18,78,0.013324,831537362.1859671,831537362.1859643,0.000000,"{""user_lock_acquisitions"": 6}",2026-08-12T05:39:04Z
exp2_scaling,synthetic,coarse_lock,6,measured,1,79,0.012945,831537362.1859671,831537362.1859643,0.000000,"{""user_lock_acquisitions"": 6}",2026-08-12T05:39:04Z
exp2_scaling,synthetic,queue_agg,6,measured,29,80,0.013143,831537362.1859671,831537362.1859643,0.000000,"{""user_lock_acquisitions"": 0}",2026-08-12T05:39:04Z
exp2_scaling,synthetic,coarse_lock,6,measured,28,81,0.013287,831537362.1859671,831537362.1859643,0.000000,"{""user_lock_acquisitions"": 6}",2026-08-12T05:39:04Z
exp2_scaling,synthetic,no_lock,6,measured,28,82,0.245520,219432816.12789604,831537362.1859643,73.611190,"{""user_lock_acquisitions"": 0}",2026-08-12T05:39:04Z
exp2_scaling,synthetic,queue_agg,6,measured,21,83,0.013478,831537362.1859671,831537362.1859643,0.000000,"{""user_lock_acquisitions"": 0}",2026-08-12T05:39:04Z
exp2_scaling,synthetic,queue_agg,6,measured,22,84,0.013307,831537362.1859671,831537362.1859643,0.000000,"{""user_lock_acquisitions"": 0}",2026-08-12T05:39:04Z
exp2_scaling,synthetic,no_lock,6,measured,2,85,0.229199,224127498.6343285,831537362.1859643,73.046611,"{""user_lock_acquisitions"": 0}",2026-08-12T05:39:04Z
exp2_scaling,synthetic,coarse_lock,6,measured,0,86,0.013218,831537362.1859671,831537362.1859643,0.000000,"{""user_lock_acquisitions"": 6}",2026-08-12T05:39:04Z
exp2_scaling,synthetic,batched_lock,6,measured,18,87,0.014958,831537362.1859645,831537362.1859643,0.000000,"{""user_lock_acquisitions"": 504}",2026-08-12T05:39:04Z
exp2_scaling,synthetic,imp_threadlocal,6,measured,9,88,0.013213,831537362.1859671,831537362.1859643,0.000000,"{""user_lock_acquisitions"": 0}",2026-08-12T05:39:05Z
exp2_scaling,synthetic,no_lock,6,measured,18,89,0.252949,215845370.14184523,831537362.1859643,74.042613,"{""user_lock_acquisitions"": 0}",2026-08-12T05:39:05Z
exp2_scaling,synthetic,no_lock,6,measured,1,90,0.234696,214741786.22497842,831537362.1859643,74.175329,"{""user_lock_acquisitions"": 0}",2026-08-12T05:39:05Z
exp2_scaling,synthetic,fp_sum_genexpr,6,measured,5,91,0.014087,831537362.1859645,831537362.1859643,0.000000,"{""user_lock_acquisitions"": 0}",2026-08-12T05:39:05Z
exp2_scaling,synthetic,fine_lock,6,measured,18,92,0.264860,831537362.1859396,831537362.1859643,0.000000,"{""user_lock_acquisitions"": 500000}",2026-08-12T05:39:05Z
exp2_scaling,synthetic,batched_lock,6,measured,19,93,0.015321,831537362.1859645,831537362.1859643,0.000000,"{""user_lock_acquisitions"": 504}",2026-08-12T05:39:05Z
exp2_scaling,synthetic,fp_reduce,6,measured,25,94,0.013414,831537362.1859671,831537362.1859643,0.000000,"{""user_lock_acquisitions"": 0}",2026-08-12T05:39:05Z
exp2_scaling,synthetic,fine_lock,6,measured,23,95,0.267165,831537362.1859342,831537362.1859643,0.000000,"{""user_lock_acquisitions"": 500000}",2026-08-12T05:39:06Z
exp2_scaling,synthetic,coarse_lock,6,measured,22,96,0.013605,831537362.1859671,831537362.1859643,0.000000,"{""user_lock_acquisitions"": 6}",2026-08-12T05:39:06Z
exp2_scaling,synthetic,batched_lock,6,measured,8,97,0.015357,831537362.1859646,831537362.1859643,0.000000,"{""user_lock_acquisitions"": 504}",2026-08-12T05:39:06Z
exp2_scaling,synthetic,fp_reduce,6,measured,21,98,0.013542,831537362.1859671,831537362.1859643,0.000000,"{""user_lock_acquisitions"": 0}",2026-08-12T05:39:06Z
exp2_scaling,synthetic,fine_lock,6,measured,11,99,0.260089,831537362.1859406,831537362.1859643,0.000000,"{""user_lock_acquisitions"": 500000}",2026-08-12T05:39:06Z
exp2_scaling,synthetic,imp_threadlocal,6,measured,23,100,0.013505,831537362.1859671,831537362.1859643,0.000000,"{""user_lock_acquisitions"": 0}",2026-08-12T05:39:06Z
exp2_scaling,synthetic,imp_threadlocal,6,measured,10,101,0.013070,831537362.1859671,831537362.1859643,0.000000,"{""user_lock_acquisitions"": 0}",2026-08-12T05:39:06Z
exp2_scaling,synthetic,batched_lock,6,measured,28,102,0.015212,831537362.1859645,831537362.1859643,0.000000,"{""user_lock_acquisitions"": 504}",2026-08-12T05:39:06Z
exp2_scaling,synthetic,imp_threadlocal,6,measured,1,103,0.013589,831537362.1859671,831537362.1859643,0.000000,"{""user_lock_acquisitions"": 0}",2026-08-12T05:39:06Z
exp2_scaling,synthetic,fp_reduce,6,measured,17,104,0.013859,831537362.1859671,831537362.1859643,0.000000,"{""user_lock_acquisitions"": 0}",2026-08-12T05:39:06Z
exp2_scaling,synthetic,imp_threadlocal,6,measured,8,105,0.013424,831537362.1859671,831537362.1859643,0.000000,"{""user_lock_acquisitions"": 0}",2026-08-12T05:39:06Z
exp2_scaling,synthetic,batched_lock,6,measured,7,106,0.015334,831537362.1859645,831537362.1859643,0.000000,"{""user_lock_acquisitions"": 504}",2026-08-12T05:39:06Z
exp2_scaling,synthetic,fp_reduce,6,measured,5,107,0.013713,831537362.1859671,831537362.1859643,0.000000,"{""user_lock_acquisitions"": 0}",2026-08-12T05:39:06Z
exp2_scaling,synthetic,coarse_lock,6,measured,7,108,0.013068,831537362.1859671,831537362.1859643,0.000000,"{""user_lock_acquisitions"": 6}",2026-08-12T05:39:06Z
exp2_scaling,synthetic,queue_agg,6,measured,28,109,0.013237,831537362.1859671,831537362.1859643,0.000000,"{""user_lock_acquisitions"": 0}",2026-08-12T05:39:06Z
exp2_scaling,synthetic,coarse_lock,6,measured,6,110,0.013236,831537362.1859671,831537362.1859643,0.000000,"{""user_lock_acquisitions"": 6}",2026-08-12T05:39:06Z
exp2_scaling,synthetic,fp_reduce,6,measured,7,111,0.013519,831537362.1859671,831537362.1859643,0.000000,"{""user_lock_acquisitions"": 0}",2026-08-12T05:39:06Z
exp2_scaling,synthetic,fp_reduce,6,measured,0,112,0.013431,831537362.1859671,831537362.1859643,0.000000,"{""user_lock_acquisitions"": 0}",2026-08-12T05:39:06Z
exp2_scaling,synthetic,imp_threadlocal,6,measured,12,113,0.013593,831537362.1859671,831537362.1859643,0.000000,"{""user_lock_acquisitions"": 0}",2026-08-12T05:39:06Z
exp2_scaling,synthetic,queue_agg,6,measured,4,114,0.012944,831537362.1859671,831537362.1859643,0.000000,"{""user_lock_acquisitions"": 0}",2026-08-12T05:39:06Z
exp2_scaling,synthetic,batched_lock,6,measured,11,115,0.015170,831537362.1859646,831537362.1859643,0.000000,"{""user_lock_acquisitions"": 504}",2026-08-12T05:39:06Z
exp2_scaling,synthetic,fine_lock,6,measured,0,116,0.261269,831537362.1859379,831537362.1859643,0.000000,"{""user_lock_acquisitions"": 500000}",2026-08-12T05:39:06Z
exp2_scaling,synthetic,coarse_lock,6,measured,20,117,0.013363,831537362.1859671,831537362.1859643,0.000000,"{""user_lock_acquisitions"": 6}",2026-08-12T05:39:06Z
exp2_scaling,synthetic,no_lock,6,measured,8,118,0.231929,210686896.81773007,831537362.1859643,74.662967,"{""user_lock_acquisitions"": 0}",2026-08-12T05:39:07Z
exp2_scaling,synthetic,batched_lock,6,measured,13,119,0.015377,831537362.1859645,831537362.1859643,0.000000,"{""user_lock_acquisitions"": 504}",2026-08-12T05:39:07Z
exp2_scaling,synthetic,imp_threadlocal,6,measured,26,120,0.013215,831537362.1859671,831537362.1859643,0.000000,"{""user_lock_acquisitions"": 0}",2026-08-12T05:39:07Z
exp2_scaling,synthetic,queue_agg,6,measured,15,121,0.012974,831537362.1859671,831537362.1859643,0.000000,"{""user_lock_acquisitions"": 0}",2026-08-12T05:39:07Z
exp2_scaling,synthetic,fp_sum_genexpr,6,measured,29,122,0.013924,831537362.1859645,831537362.1859643,0.000000,"{""user_lock_acquisitions"": 0}",2026-08-12T05:39:07Z
exp2_scaling,synthetic,fp_sum_genexpr,6,measured,2,123,0.014080,831537362.1859645,831537362.1859643,0.000000,"{""user_lock_acquisitions"": 0}",2026-08-12T05:39:07Z
exp2_scaling,synthetic,queue_agg,6,measured,12,124,0.013331,831537362.1859671,831537362.1859643,0.000000,"{""user_lock_acquisitions"": 0}",2026-08-12T05:39:07Z
exp2_scaling,synthetic,coarse_lock,6,measured,15,125,0.013093,831537362.1859671,831537362.1859643,0.000000,"{""user_lock_acquisitions"": 6}",2026-08-12T05:39:07Z
exp2_scaling,synthetic,fine_lock,6,measured,29,126,0.265883,831537362.1859349,831537362.1859643,0.000000,"{""user_lock_acquisitions"": 500000}",2026-08-12T05:39:07Z
exp2_scaling,synthetic,imp_threadlocal,6,measured,11,127,0.013207,831537362.1859671,831537362.1859643,0.000000,"{""user_lock_acquisitions"": 0}",2026-08-12T05:39:07Z
exp2_scaling,synthetic,fine_lock,6,measured,12,128,0.265387,831537362.1859396,831537362.1859643,0.000000,"{""user_lock_acquisitions"": 500000}",2026-08-12T05:39:07Z
exp2_scaling,synthetic,fp_reduce,6,measured,20,129,0.013703,831537362.1859671,831537362.1859643,0.000000,"{""user_lock_acquisitions"": 0}",2026-08-12T05:39:07Z
exp2_scaling,synthetic,imp_threadlocal,6,measured,17,130,0.013211,831537362.1859671,831537362.1859643,0.000000,"{""user_lock_acquisitions"": 0}",2026-08-12T05:39:07Z
exp2_scaling,synthetic,batched_lock,6,measured,26,131,0.015247,831537362.1859645,831537362.1859643,0.000000,"{""user_lock_acquisitions"": 504}",2026-08-12T05:39:07Z
exp2_scaling,synthetic,coarse_lock,6,measured,16,132,0.013059,831537362.1859671,831537362.1859643,0.000000,"{""user_lock_acquisitions"": 6}",2026-08-12T05:39:07Z
exp2_scaling,synthetic,batched_lock,6,measured,29,133,0.015301,831537362.1859645,831537362.1859643,0.000000,"{""user_lock_acquisitions"": 504}",2026-08-12T05:39:07Z
exp2_scaling,synthetic,queue_agg,6,measured,10,134,0.013090,831537362.1859671,831537362.1859643,0.000000,"{""user_lock_acquisitions"": 0}",2026-08-12T05:39:07Z
exp2_scaling,synthetic,imp_threadlocal,6,measured,29,135,0.013394,831537362.1859671,831537362.1859643,0.000000,"{""user_lock_acquisitions"": 0}",2026-08-12T05:39:07Z
exp2_scaling,synthetic,coarse_lock,6,measured,23,136,0.013328,831537362.1859671,831537362.1859643,0.000000,"{""user_lock_acquisitions"": 6}",2026-08-12T05:39:07Z
exp2_scaling,synthetic,batched_lock,6,measured,22,137,0.015317,831537362.1859645,831537362.1859643,0.000000,"{""user_lock_acquisitions"": 504}",2026-08-12T05:39:07Z
exp2_scaling,synthetic,no_lock,6,measured,27,138,0.250840,226106029.17836154,831537362.1859643,72.808675,"{""user_lock_acquisitions"": 0}",2026-08-12T05:39:08Z
exp2_scaling,synthetic,fp_reduce,6,measured,6,139,0.013336,831537362.1859671,831537362.1859643,0.000000,"{""user_lock_acquisitions"": 0}",2026-08-12T05:39:08Z
exp2_scaling,synthetic,queue_agg,6,measured,7,140,0.012979,831537362.1859671,831537362.1859643,0.000000,"{""user_lock_acquisitions"": 0}",2026-08-12T05:39:08Z
exp2_scaling,synthetic,fp_reduce,6,measured,13,141,0.013386,831537362.1859671,831537362.1859643,0.000000,"{""user_lock_acquisitions"": 0}",2026-08-12T05:39:08Z
exp2_scaling,synthetic,no_lock,6,measured,26,142,0.227910,208112478.82660615,831537362.1859643,74.972564,"{""user_lock_acquisitions"": 0}",2026-08-12T05:39:08Z
exp2_scaling,synthetic,fp_sum_genexpr,6,measured,23,143,0.014577,831537362.1859645,831537362.1859643,0.000000,"{""user_lock_acquisitions"": 0}",2026-08-12T05:39:08Z
exp2_scaling,synthetic,fp_reduce,6,measured,9,144,0.013608,831537362.1859671,831537362.1859643,0.000000,"{""user_lock_acquisitions"": 0}",2026-08-12T05:39:08Z
exp2_scaling,synthetic,coarse_lock,6,measured,3,145,0.012960,831537362.1859671,831537362.1859643,0.000000,"{""user_lock_acquisitions"": 6}",2026-08-12T05:39:08Z
exp2_scaling,synthetic,fp_reduce,6,measured,3,146,0.013384,831537362.1859671,831537362.1859643,0.000000,"{""user_lock_acquisitions"": 0}",2026-08-12T05:39:08Z
exp2_scaling,synthetic,imp_threadlocal,6,measured,3,147,0.013292,831537362.1859671,831537362.1859643,0.000000,"{""user_lock_acquisitions"": 0}",2026-08-12T05:39:08Z
exp2_scaling,synthetic,coarse_lock,6,measured,27,148,0.013020,831537362.1859671,831537362.1859643,0.000000,"{""user_lock_acquisitions"": 6}",2026-08-12T05:39:08Z
exp2_scaling,synthetic,fp_sum_genexpr,6,measured,20,149,0.014221,831537362.1859645,831537362.1859643,0.000000,"{""user_lock_acquisitions"": 0}",2026-08-12T05:39:08Z
exp2_scaling,synthetic,no_lock,6,measured,24,150,0.239886,226854468.84521434,831537362.1859643,72.718668,"{""user_lock_acquisitions"": 0}",2026-08-12T05:39:08Z
exp2_scaling,synthetic,fp_sum_genexpr,6,measured,14,151,0.014364,831537362.1859645,831537362.1859643,0.000000,"{""user_lock_acquisitions"": 0}",2026-08-12T05:39:08Z
exp2_scaling,synthetic,imp_threadlocal,6,measured,6,152,0.013501,831537362.1859671,831537362.1859643,0.000000,"{""user_lock_acquisitions"": 0}",2026-08-12T05:39:08Z
exp2_scaling,synthetic,fine_lock,6,measured,25,153,0.266119,831537362.1859356,831537362.1859643,0.000000,"{""user_lock_acquisitions"": 500000}",2026-08-12T05:39:09Z
exp2_scaling,synthetic,no_lock,6,measured,10,154,0.236087,213201791.06405574,831537362.1859643,74.360528,"{""user_lock_acquisitions"": 0}",2026-08-12T05:39:09Z
exp2_scaling,synthetic,coarse_lock,6,measured,14,155,0.013115,831537362.1859671,831537362.1859643,0.000000,"{""user_lock_acquisitions"": 6}",2026-08-12T05:39:09Z
exp2_scaling,synthetic,batched_lock,6,measured,10,156,0.014981,831537362.1859645,831537362.1859643,0.000000,"{""user_lock_acquisitions"": 504}",2026-08-12T05:39:09Z
exp2_scaling,synthetic,coarse_lock,6,measured,13,157,0.012993,831537362.1859671,831537362.1859643,0.000000,"{""user_lock_acquisitions"": 6}",2026-08-12T05:39:09Z
exp2_scaling,synthetic,queue_agg,6,measured,18,158,0.013212,831537362.1859671,831537362.1859643,0.000000,"{""user_lock_acquisitions"": 0}",2026-08-12T05:39:09Z
exp2_scaling,synthetic,fine_lock,6,measured,14,159,0.266269,831537362.1859393,831537362.1859643,0.000000,"{""user_lock_acquisitions"": 500000}",2026-08-12T05:39:09Z
exp2_scaling,synthetic,batched_lock,6,measured,17,160,0.015807,831537362.1859645,831537362.1859643,0.000000,"{""user_lock_acquisitions"": 504}",2026-08-12T05:39:09Z
exp2_scaling,synthetic,fp_sum_genexpr,6,measured,17,161,0.014600,831537362.1859645,831537362.1859643,0.000000,"{""user_lock_acquisitions"": 0}",2026-08-12T05:39:09Z
exp2_scaling,synthetic,fine_lock,6,measured,27,162,0.269820,831537362.1859394,831537362.1859643,0.000000,"{""user_lock_acquisitions"": 500000}",2026-08-12T05:39:09Z
exp2_scaling,synthetic,fp_reduce,6,measured,29,163,0.013479,831537362.1859671,831537362.1859643,0.000000,"{""user_lock_acquisitions"": 0}",2026-08-12T05:39:09Z
exp2_scaling,synthetic,fp_sum_genexpr,6,measured,27,164,0.013843,831537362.1859645,831537362.1859643,0.000000,"{""user_lock_acquisitions"": 0}",2026-08-12T05:39:09Z
exp2_scaling,synthetic,fp_sum_genexpr,6,measured,4,165,0.014221,831537362.1859645,831537362.1859643,0.000000,"{""user_lock_acquisitions"": 0}",2026-08-12T05:39:09Z
exp2_scaling,synthetic,fp_sum_genexpr,6,measured,7,166,0.014159,831537362.1859645,831537362.1859643,0.000000,"{""user_lock_acquisitions"": 0}",2026-08-12T05:39:09Z
exp2_scaling,synthetic,fine_lock,6,measured,21,167,0.263842,831537362.1859378,831537362.1859643,0.000000,"{""user_lock_acquisitions"": 500000}",2026-08-12T05:39:10Z
exp2_scaling,synthetic,batched_lock,6,measured,20,168,0.015279,831537362.1859645,831537362.1859643,0.000000,"{""user_lock_acquisitions"": 504}",2026-08-12T05:39:10Z
exp2_scaling,synthetic,fine_lock,6,measured,1,169,0.258440,831537362.1859381,831537362.1859643,0.000000,"{""user_lock_acquisitions"": 500000}",2026-08-12T05:39:10Z
exp2_scaling,synthetic,imp_threadlocal,6,measured,20,170,0.013324,831537362.1859671,831537362.1859643,0.000000,"{""user_lock_acquisitions"": 0}",2026-08-12T05:39:10Z
exp2_scaling,synthetic,queue_agg,6,measured,13,171,0.012877,831537362.1859671,831537362.1859643,0.000000,"{""user_lock_acquisitions"": 0}",2026-08-12T05:39:10Z
exp2_scaling,synthetic,fp_sum_genexpr,6,measured,19,172,0.014061,831537362.1859645,831537362.1859643,0.000000,"{""user_lock_acquisitions"": 0}",2026-08-12T05:39:10Z
exp2_scaling,synthetic,fine_lock,6,measured,24,173,0.254179,831537362.185939,831537362.1859643,0.000000,"{""user_lock_acquisitions"": 500000}",2026-08-12T05:39:10Z
exp2_scaling,synthetic,queue_agg,6,measured,27,174,0.013067,831537362.1859671,831537362.1859643,0.000000,"{""user_lock_acquisitions"": 0}",2026-08-12T05:39:10Z
exp2_scaling,synthetic,batched_lock,6,measured,15,175,0.015333,831537362.1859645,831537362.1859643,0.000000,"{""user_lock_acquisitions"": 504}",2026-08-12T05:39:10Z
exp2_scaling,synthetic,fp_reduce,6,measured,16,176,0.013504,831537362.1859671,831537362.1859643,0.000000,"{""user_lock_acquisitions"": 0}",2026-08-12T05:39:10Z
exp2_scaling,synthetic,no_lock,6,measured,13,177,0.241172,228600801.6188068,831537362.1859643,72.508655,"{""user_lock_acquisitions"": 0}",2026-08-12T05:39:11Z
exp2_scaling,synthetic,fp_sum_genexpr,6,measured,6,178,0.014440,831537362.1859645,831537362.1859643,0.000000,"{""user_lock_acquisitions"": 0}",2026-08-12T05:39:11Z
exp2_scaling,synthetic,fp_sum_genexpr,6,measured,26,179,0.014011,831537362.1859645,831537362.1859643,0.000000,"{""user_lock_acquisitions"": 0}",2026-08-12T05:39:11Z
exp2_scaling,synthetic,imp_threadlocal,6,measured,4,180,0.013501,831537362.1859671,831537362.1859643,0.000000,"{""user_lock_acquisitions"": 0}",2026-08-12T05:39:11Z
exp2_scaling,synthetic,imp_threadlocal,6,measured,28,181,0.013343,831537362.1859671,831537362.1859643,0.000000,"{""user_lock_acquisitions"": 0}",2026-08-12T05:39:11Z
exp2_scaling,synthetic,fine_lock,6,measured,16,182,0.264850,831537362.1859403,831537362.1859643,0.000000,"{""user_lock_acquisitions"": 500000}",2026-08-12T05:39:11Z
exp2_scaling,synthetic,imp_threadlocal,6,measured,22,183,0.013313,831537362.1859671,831537362.1859643,0.000000,"{""user_lock_acquisitions"": 0}",2026-08-12T05:39:11Z
exp2_scaling,synthetic,batched_lock,6,measured,21,184,0.015274,831537362.1859645,831537362.1859643,0.000000,"{""user_lock_acquisitions"": 504}",2026-08-12T05:39:11Z
exp2_scaling,synthetic,queue_agg,6,measured,16,185,0.012854,831537362.1859671,831537362.1859643,0.000000,"{""user_lock_acquisitions"": 0}",2026-08-12T05:39:11Z
exp2_scaling,synthetic,queue_agg,6,measured,23,186,0.013032,831537362.1859671,831537362.1859643,0.000000,"{""user_lock_acquisitions"": 0}",2026-08-12T05:39:11Z
exp2_scaling,synthetic,fine_lock,6,measured,22,187,0.260097,831537362.1859385,831537362.1859643,0.000000,"{""user_lock_acquisitions"": 500000}",2026-08-12T05:39:11Z
exp2_scaling,synthetic,fine_lock,6,measured,13,188,0.259589,831537362.1859347,831537362.1859643,0.000000,"{""user_lock_acquisitions"": 500000}",2026-08-12T05:39:11Z
exp2_scaling,synthetic,fine_lock,6,measured,17,189,0.259136,831537362.1859375,831537362.1859643,0.000000,"{""user_lock_acquisitions"": 500000}",2026-08-12T05:39:12Z
exp2_scaling,synthetic,fp_reduce,6,measured,27,190,0.013710,831537362.1859671,831537362.1859643,0.000000,"{""user_lock_acquisitions"": 0}",2026-08-12T05:39:12Z
exp2_scaling,synthetic,batched_lock,6,measured,23,191,0.015363,831537362.1859646,831537362.1859643,0.000000,"{""user_lock_acquisitions"": 504}",2026-08-12T05:39:12Z
exp2_scaling,synthetic,coarse_lock,6,measured,26,192,0.013118,831537362.1859671,831537362.1859643,0.000000,"{""user_lock_acquisitions"": 6}",2026-08-12T05:39:12Z
exp2_scaling,synthetic,fp_reduce,6,measured,22,193,0.013357,831537362.1859671,831537362.1859643,0.000000,"{""user_lock_acquisitions"": 0}",2026-08-12T05:39:12Z
exp2_scaling,synthetic,queue_agg,6,measured,5,194,0.012848,831537362.1859671,831537362.1859643,0.000000,"{""user_lock_acquisitions"": 0}",2026-08-12T05:39:12Z
exp2_scaling,synthetic,no_lock,6,measured,14,195,0.249506,226639890.83543524,831537362.1859643,72.744473,"{""user_lock_acquisitions"": 0}",2026-08-12T05:39:12Z
exp2_scaling,synthetic,fine_lock,6,measured,8,196,0.259965,831537362.1859396,831537362.1859643,0.000000,"{""user_lock_acquisitions"": 500000}",2026-08-12T05:39:12Z
exp2_scaling,synthetic,coarse_lock,6,measured,29,197,0.013653,831537362.1859671,831537362.1859643,0.000000,"{""user_lock_acquisitions"": 6}",2026-08-12T05:39:12Z
exp2_scaling,synthetic,fp_reduce,6,measured,1,198,0.013775,831537362.1859671,831537362.1859643,0.000000,"{""user_lock_acquisitions"": 0}",2026-08-12T05:39:12Z
exp2_scaling,synthetic,imp_threadlocal,6,measured,19,199,0.013487,831537362.1859671,831537362.1859643,0.000000,"{""user_lock_acquisitions"": 0}",2026-08-12T05:39:12Z
exp2_scaling,synthetic,fp_reduce,6,measured,26,200,0.013677,831537362.1859671,831537362.1859643,0.000000,"{""user_lock_acquisitions"": 0}",2026-08-12T05:39:12Z
exp2_scaling,synthetic,imp_threadlocal,6,measured,7,201,0.013631,831537362.1859671,831537362.1859643,0.000000,"{""user_lock_acquisitions"": 0}",2026-08-12T05:39:12Z
exp2_scaling,synthetic,no_lock,6,measured,0,202,0.250150,221680438.84985062,831537362.1859643,73.340893,"{""user_lock_acquisitions"": 0}",2026-08-12T05:39:13Z
exp2_scaling,synthetic,coarse_lock,6,measured,25,203,0.013179,831537362.1859671,831537362.1859643,0.000000,"{""user_lock_acquisitions"": 6}",2026-08-12T05:39:13Z
exp2_scaling,synthetic,fine_lock,6,measured,7,204,0.264275,831537362.1859416,831537362.1859643,0.000000,"{""user_lock_acquisitions"": 500000}",2026-08-12T05:39:13Z
exp2_scaling,synthetic,fp_reduce,6,measured,11,205,0.013850,831537362.1859671,831537362.1859643,0.000000,"{""user_lock_acquisitions"": 0}",2026-08-12T05:39:13Z
exp2_scaling,synthetic,fp_reduce,6,measured,12,206,0.013590,831537362.1859671,831537362.1859643,0.000000,"{""user_lock_acquisitions"": 0}",2026-08-12T05:39:13Z
exp2_scaling,synthetic,fp_reduce,6,measured,15,207,0.013188,831537362.1859671,831537362.1859643,0.000000,"{""user_lock_acquisitions"": 0}",2026-08-12T05:39:13Z
exp2_scaling,synthetic,no_lock,6,measured,21,208,0.242181,215476992.7154536,831537362.1859643,74.086914,"{""user_lock_acquisitions"": 0}",2026-08-12T05:39:13Z
exp2_scaling,synthetic,no_lock,6,measured,16,209,0.240781,218752229.26274067,831537362.1859643,73.693037,"{""user_lock_acquisitions"": 0}",2026-08-12T05:39:13Z
exp2_scaling,synthetic,fine_lock,6,measured,19,210,0.275046,831537362.1859355,831537362.1859643,0.000000,"{""user_lock_acquisitions"": 500000}",2026-08-12T05:39:14Z
exp2_scaling,synthetic,fp_sum_genexpr,6,measured,18,211,0.014029,831537362.1859645,831537362.1859643,0.000000,"{""user_lock_acquisitions"": 0}",2026-08-12T05:39:14Z
exp2_scaling,synthetic,imp_threadlocal,6,measured,5,212,0.013378,831537362.1859671,831537362.1859643,0.000000,"{""user_lock_acquisitions"": 0}",2026-08-12T05:39:14Z
exp2_scaling,synthetic,coarse_lock,6,measured,9,213,0.013436,831537362.1859671,831537362.1859643,0.000000,"{""user_lock_acquisitions"": 6}",2026-08-12T05:39:14Z
exp2_scaling,synthetic,no_lock,6,measured,29,214,0.250419,214007268.85201505,831537362.1859643,74.263662,"{""user_lock_acquisitions"": 0}",2026-08-12T05:39:14Z
exp2_scaling,synthetic,batched_lock,6,measured,14,215,0.015377,831537362.1859645,831537362.1859643,0.000000,"{""user_lock_acquisitions"": 504}",2026-08-12T05:39:14Z
exp2_scaling,synthetic,no_lock,6,measured,20,216,0.222417,199514469.13078046,831537362.1859643,76.006554,"{""user_lock_acquisitions"": 0}",2026-08-12T05:39:14Z
exp2_scaling,synthetic,queue_agg,6,measured,25,217,0.013503,831537362.1859671,831537362.1859643,0.000000,"{""user_lock_acquisitions"": 0}",2026-08-12T05:39:14Z
exp2_scaling,synthetic,fp_reduce,6,measured,10,218,0.013341,831537362.1859671,831537362.1859643,0.000000,"{""user_lock_acquisitions"": 0}",2026-08-12T05:39:14Z
exp2_scaling,synthetic,coarse_lock,6,measured,4,219,0.013514,831537362.1859671,831537362.1859643,0.000000,"{""user_lock_acquisitions"": 6}",2026-08-12T05:39:14Z
exp2_scaling,synthetic,fine_lock,6,measured,15,220,0.259582,831537362.1859376,831537362.1859643,0.000000,"{""user_lock_acquisitions"": 500000}",2026-08-12T05:39:15Z
exp2_scaling,synthetic,fp_sum_genexpr,6,measured,13,221,0.013976,831537362.1859645,831537362.1859643,0.000000,"{""user_lock_acquisitions"": 0}",2026-08-12T05:39:15Z
exp2_scaling,synthetic,fp_reduce,6,measured,23,222,0.013355,831537362.1859671,831537362.1859643,0.000000,"{""user_lock_acquisitions"": 0}",2026-08-12T05:39:15Z
exp2_scaling,synthetic,fine_lock,6,measured,6,223,0.263023,831537362.185937,831537362.1859643,0.000000,"{""user_lock_acquisitions"": 500000}",2026-08-12T05:39:15Z
exp2_scaling,synthetic,fp_reduce,6,measured,2,224,0.013606,831537362.1859671,831537362.1859643,0.000000,"{""user_lock_acquisitions"": 0}",2026-08-12T05:39:15Z
exp2_scaling,synthetic,batched_lock,6,measured,0,225,0.015534,831537362.1859645,831537362.1859643,0.000000,"{""user_lock_acquisitions"": 504}",2026-08-12T05:39:15Z
exp2_scaling,synthetic,fp_reduce,6,measured,19,226,0.013325,831537362.1859671,831537362.1859643,0.000000,"{""user_lock_acquisitions"": 0}",2026-08-12T05:39:15Z
exp2_scaling,synthetic,no_lock,6,measured,23,227,0.239009,213775693.3836433,831537362.1859643,74.291511,"{""user_lock_acquisitions"": 0}",2026-08-12T05:39:15Z
exp2_scaling,synthetic,coarse_lock,6,measured,24,228,0.013518,831537362.1859671,831537362.1859643,0.000000,"{""user_lock_acquisitions"": 6}",2026-08-12T05:39:15Z
exp2_scaling,synthetic,coarse_lock,6,measured,5,229,0.013018,831537362.1859671,831537362.1859643,0.000000,"{""user_lock_acquisitions"": 6}",2026-08-12T05:39:15Z
exp2_scaling,synthetic,no_lock,6,measured,3,230,0.239259,215232297.6904252,831537362.1859643,74.116341,"{""user_lock_acquisitions"": 0}",2026-08-12T05:39:15Z
exp2_scaling,synthetic,coarse_lock,6,measured,12,231,0.013491,831537362.1859671,831537362.1859643,0.000000,"{""user_lock_acquisitions"": 6}",2026-08-12T05:39:15Z
exp2_scaling,synthetic,no_lock,6,measured,9,232,0.245196,234935963.5774696,831537362.1859643,71.746794,"{""user_lock_acquisitions"": 0}",2026-08-12T05:39:16Z
exp2_scaling,synthetic,fine_lock,6,measured,20,233,0.262057,831537362.1859387,831537362.1859643,0.000000,"{""user_lock_acquisitions"": 500000}",2026-08-12T05:39:16Z
exp2_scaling,synthetic,imp_threadlocal,6,measured,0,234,0.013569,831537362.1859671,831537362.1859643,0.000000,"{""user_lock_acquisitions"": 0}",2026-08-12T05:39:16Z
exp2_scaling,synthetic,no_lock,6,measured,19,235,0.218779,221079985.76517054,831537362.1859643,73.413103,"{""user_lock_acquisitions"": 0}",2026-08-12T05:39:16Z
exp2_scaling,synthetic,fp_sum_genexpr,6,measured,11,236,0.013914,831537362.1859645,831537362.1859643,0.000000,"{""user_lock_acquisitions"": 0}",2026-08-12T05:39:16Z
exp2_scaling,synthetic,imp_threadlocal,6,measured,15,237,0.013248,831537362.1859671,831537362.1859643,0.000000,"{""user_lock_acquisitions"": 0}",2026-08-12T05:39:16Z
exp2_scaling,synthetic,fine_lock,6,measured,2,238,0.265495,831537362.1859355,831537362.1859643,0.000000,"{""user_lock_acquisitions"": 500000}",2026-08-12T05:39:16Z
exp2_scaling,synthetic,batched_lock,6,measured,12,239,0.015447,831537362.1859645,831537362.1859643,0.000000,"{""user_lock_acquisitions"": 504}",2026-08-12T05:39:16Z
exp2_scaling,synthetic,no_lock,6,measured,17,240,0.234011,227245103.0638047,831537362.1859643,72.671691,"{""user_lock_acquisitions"": 0}",2026-08-12T05:39:17Z
exp2_scaling,synthetic,fp_reduce,6,measured,4,241,0.013644,831537362.1859671,831537362.1859643,0.000000,"{""user_lock_acquisitions"": 0}",2026-08-12T05:39:17Z
exp2_scaling,synthetic,queue_agg,6,measured,2,242,0.013348,831537362.1859671,831537362.1859643,0.000000,"{""user_lock_acquisitions"": 0}",2026-08-12T05:39:17Z
exp2_scaling,synthetic,imp_threadlocal,6,measured,25,243,0.013383,831537362.1859671,831537362.1859643,0.000000,"{""user_lock_acquisitions"": 0}",2026-08-12T05:39:17Z
exp2_scaling,synthetic,imp_threadlocal,6,measured,16,244,0.013900,831537362.1859671,831537362.1859643,0.000000,"{""user_lock_acquisitions"": 0}",2026-08-12T05:39:17Z
exp2_scaling,synthetic,no_lock,6,measured,5,245,0.246633,214559843.7851834,831537362.1859643,74.197209,"{""user_lock_acquisitions"": 0}",2026-08-12T05:39:17Z
exp2_scaling,synthetic,coarse_lock,6,measured,8,246,0.013573,831537362.1859671,831537362.1859643,0.000000,"{""user_lock_acquisitions"": 6}",2026-08-12T05:39:17Z
exp2_scaling,synthetic,queue_agg,6,measured,26,247,0.013153,831537362.1859671,831537362.1859643,0.000000,"{""user_lock_acquisitions"": 0}",2026-08-12T05:39:17Z
exp2_scaling,synthetic,queue_agg,6,measured,1,248,0.013215,831537362.1859671,831537362.1859643,0.000000,"{""user_lock_acquisitions"": 0}",2026-08-12T05:39:17Z
exp2_scaling,synthetic,fp_sum_genexpr,6,measured,8,249,0.014224,831537362.1859645,831537362.1859643,0.000000,"{""user_lock_acquisitions"": 0}",2026-08-12T05:39:17Z
exp2_scaling,synthetic,fine_lock,6,measured,28,250,0.260307,831537362.1859357,831537362.1859643,0.000000,"{""user_lock_acquisitions"": 500000}",2026-08-12T05:39:17Z
exp2_scaling,synthetic,fp_reduce,6,measured,14,251,0.013793,831537362.1859671,831537362.1859643,0.000000,"{""user_lock_acquisitions"": 0}",2026-08-12T05:39:17Z
exp2_scaling,synthetic,no_lock,6,measured,7,252,0.263428,214003238.89844927,831537362.1859643,74.264146,"{""user_lock_acquisitions"": 0}",2026-08-12T05:39:18Z
exp2_scaling,synthetic,fine_lock,6,measured,9,253,0.270601,831537362.1859366,831537362.1859643,0.000000,"{""user_lock_acquisitions"": 500000}",2026-08-12T05:39:18Z
exp2_scaling,synthetic,no_lock,6,measured,22,254,0.260434,220778290.2578488,831537362.1859643,73.449384,"{""user_lock_acquisitions"": 0}",2026-08-12T05:39:18Z
exp2_scaling,synthetic,coarse_lock,6,measured,10,255,0.013137,831537362.1859671,831537362.1859643,0.000000,"{""user_lock_acquisitions"": 6}",2026-08-12T05:39:18Z
exp2_scaling,synthetic,fp_reduce,6,measured,18,256,0.013480,831537362.1859671,831537362.1859643,0.000000,"{""user_lock_acquisitions"": 0}",2026-08-12T05:39:18Z
exp2_scaling,synthetic,fp_sum_genexpr,6,measured,0,257,0.014339,831537362.1859645,831537362.1859643,0.000000,"{""user_lock_acquisitions"": 0}",2026-08-12T05:39:18Z
exp2_scaling,synthetic,queue_agg,6,measured,8,258,0.013222,831537362.1859671,831537362.1859643,0.000000,"{""user_lock_acquisitions"": 0}",2026-08-12T05:39:18Z
exp2_scaling,synthetic,fine_lock,6,measured,26,259,0.255862,831537362.185936,831537362.1859643,0.000000,"{""user_lock_acquisitions"": 500000}",2026-08-12T05:39:18Z
exp2_scaling,synthetic,imp_threadlocal,6,measured,2,260,0.013830,831537362.1859671,831537362.1859643,0.000000,"{""user_lock_acquisitions"": 0}",2026-08-12T05:39:18Z
exp2_scaling,synthetic,imp_threadlocal,6,measured,13,261,0.013433,831537362.1859671,831537362.1859643,0.000000,"{""user_lock_acquisitions"": 0}",2026-08-12T05:39:18Z
exp2_scaling,synthetic,no_lock,6,measured,11,262,0.255206,217626126.80790934,831537362.1859643,73.828461,"{""user_lock_acquisitions"": 0}",2026-08-12T05:39:19Z
exp2_scaling,synthetic,no_lock,6,measured,4,263,0.247910,208256310.69394332,831537362.1859643,74.955267,"{""user_lock_acquisitions"": 0}",2026-08-12T05:39:19Z
exp2_scaling,synthetic,queue_agg,8,warmup,2,0,0.010676,831537362.1859637,831537362.1859643,0.000000,"{""user_lock_acquisitions"": 0}",2026-08-12T05:39:19Z
exp2_scaling,synthetic,fp_reduce,8,warmup,0,1,0.010110,831537362.1859636,831537362.1859643,0.000000,"{""user_lock_acquisitions"": 0}",2026-08-12T05:39:19Z
exp2_scaling,synthetic,fine_lock,8,warmup,1,2,0.352586,831537362.1859871,831537362.1859643,0.000000,"{""user_lock_acquisitions"": 500000}",2026-08-12T05:39:19Z
exp2_scaling,synthetic,imp_threadlocal,8,warmup,2,3,0.010531,831537362.1859636,831537362.1859643,0.000000,"{""user_lock_acquisitions"": 0}",2026-08-12T05:39:19Z
exp2_scaling,synthetic,batched_lock,8,warmup,0,4,0.011723,831537362.1859636,831537362.1859643,0.000000,"{""user_lock_acquisitions"": 504}",2026-08-12T05:39:19Z
exp2_scaling,synthetic,coarse_lock,8,warmup,0,5,0.010240,831537362.1859636,831537362.1859643,0.000000,"{""user_lock_acquisitions"": 8}",2026-08-12T05:39:19Z
exp2_scaling,synthetic,imp_threadlocal,8,warmup,1,6,0.010452,831537362.1859636,831537362.1859643,0.000000,"{""user_lock_acquisitions"": 0}",2026-08-12T05:39:19Z
exp2_scaling,synthetic,queue_agg,8,warmup,1,7,0.010051,831537362.1859636,831537362.1859643,0.000000,"{""user_lock_acquisitions"": 0}",2026-08-12T05:39:19Z
exp2_scaling,synthetic,no_lock,8,warmup,1,8,0.344692,171043435.48833978,831537362.1859643,79.430457,"{""user_lock_acquisitions"": 0}",2026-08-12T05:39:20Z
exp2_scaling,synthetic,queue_agg,8,warmup,0,9,0.010056,831537362.1859637,831537362.1859643,0.000000,"{""user_lock_acquisitions"": 0}",2026-08-12T05:39:20Z
exp2_scaling,synthetic,fp_sum_genexpr,8,warmup,1,10,0.011078,831537362.1859645,831537362.1859643,0.000000,"{""user_lock_acquisitions"": 0}",2026-08-12T05:39:20Z
exp2_scaling,synthetic,fp_sum_genexpr,8,warmup,0,11,0.011079,831537362.1859645,831537362.1859643,0.000000,"{""user_lock_acquisitions"": 0}",2026-08-12T05:39:20Z
exp2_scaling,synthetic,fp_sum_genexpr,8,warmup,2,12,0.010932,831537362.1859645,831537362.1859643,0.000000,"{""user_lock_acquisitions"": 0}",2026-08-12T05:39:20Z
exp2_scaling,synthetic,batched_lock,8,warmup,1,13,0.011632,831537362.1859636,831537362.1859643,0.000000,"{""user_lock_acquisitions"": 504}",2026-08-12T05:39:20Z
exp2_scaling,synthetic,imp_threadlocal,8,warmup,0,14,0.010458,831537362.1859636,831537362.1859643,0.000000,"{""user_lock_acquisitions"": 0}",2026-08-12T05:39:20Z
exp2_scaling,synthetic,no_lock,8,warmup,2,15,0.333962,170673514.02646682,831537362.1859643,79.474943,"{""user_lock_acquisitions"": 0}",2026-08-12T05:39:20Z
exp2_scaling,synthetic,coarse_lock,8,warmup,2,16,0.010480,831537362.1859636,831537362.1859643,0.000000,"{""user_lock_acquisitions"": 8}",2026-08-12T05:39:20Z
exp2_scaling,synthetic,fine_lock,8,warmup,2,17,0.358579,831537362.1859858,831537362.1859643,0.000000,"{""user_lock_acquisitions"": 500000}",2026-08-12T05:39:20Z
exp2_scaling,synthetic,coarse_lock,8,warmup,1,18,0.010619,831537362.1859637,831537362.1859643,0.000000,"{""user_lock_acquisitions"": 8}",2026-08-12T05:39:20Z
exp2_scaling,synthetic,fp_reduce,8,warmup,1,19,0.010095,831537362.1859636,831537362.1859643,0.000000,"{""user_lock_acquisitions"": 0}",2026-08-12T05:39:20Z
exp2_scaling,synthetic,fine_lock,8,warmup,0,20,0.355093,831537362.1859901,831537362.1859643,0.000000,"{""user_lock_acquisitions"": 500000}",2026-08-12T05:39:21Z
exp2_scaling,synthetic,fp_reduce,8,warmup,2,21,0.010312,831537362.1859636,831537362.1859643,0.000000,"{""user_lock_acquisitions"": 0}",2026-08-12T05:39:21Z
exp2_scaling,synthetic,batched_lock,8,warmup,2,22,0.011600,831537362.1859636,831537362.1859643,0.000000,"{""user_lock_acquisitions"": 504}",2026-08-12T05:39:21Z
exp2_scaling,synthetic,no_lock,8,warmup,0,23,0.339633,175342676.60276634,831537362.1859643,78.913434,"{""user_lock_acquisitions"": 0}",2026-08-12T05:39:21Z
exp2_scaling,synthetic,fp_sum_genexpr,8,measured,29,24,0.010957,831537362.1859645,831537362.1859643,0.000000,"{""user_lock_acquisitions"": 0}",2026-08-12T05:39:21Z
exp2_scaling,synthetic,coarse_lock,8,measured,0,25,0.010303,831537362.1859636,831537362.1859643,0.000000,"{""user_lock_acquisitions"": 8}",2026-08-12T05:39:21Z
exp2_scaling,synthetic,fp_reduce,8,measured,15,26,0.010037,831537362.1859636,831537362.1859643,0.000000,"{""user_lock_acquisitions"": 0}",2026-08-12T05:39:21Z
exp2_scaling,synthetic,batched_lock,8,measured,15,27,0.011733,831537362.1859636,831537362.1859643,0.000000,"{""user_lock_acquisitions"": 504}",2026-08-12T05:39:21Z
exp2_scaling,synthetic,no_lock,8,measured,26,28,0.348792,166293313.93351755,831537362.1859643,80.001703,"{""user_lock_acquisitions"": 0}",2026-08-12T05:39:22Z
exp2_scaling,synthetic,fp_sum_genexpr,8,measured,13,29,0.011160,831537362.1859645,831537362.1859643,0.000000,"{""user_lock_acquisitions"": 0}",2026-08-12T05:39:22Z
exp2_scaling,synthetic,queue_agg,8,measured,24,30,0.010477,831537362.1859637,831537362.1859643,0.000000,"{""user_lock_acquisitions"": 0}",2026-08-12T05:39:22Z
exp2_scaling,synthetic,imp_threadlocal,8,measured,20,31,0.010147,831537362.1859636,831537362.1859643,0.000000,"{""user_lock_acquisitions"": 0}",2026-08-12T05:39:22Z
exp2_scaling,synthetic,coarse_lock,8,measured,22,32,0.009985,831537362.1859637,831537362.1859643,0.000000,"{""user_lock_acquisitions"": 8}",2026-08-12T05:39:22Z
exp2_scaling,synthetic,fine_lock,8,measured,6,33,0.366521,831537362.1859863,831537362.1859643,0.000000,"{""user_lock_acquisitions"": 500000}",2026-08-12T05:39:22Z
exp2_scaling,synthetic,fp_reduce,8,measured,26,34,0.010443,831537362.1859636,831537362.1859643,0.000000,"{""user_lock_acquisitions"": 0}",2026-08-12T05:39:22Z
exp2_scaling,synthetic,imp_threadlocal,8,measured,10,35,0.010263,831537362.1859636,831537362.1859643,0.000000,"{""user_lock_acquisitions"": 0}",2026-08-12T05:39:22Z
exp2_scaling,synthetic,coarse_lock,8,measured,15,36,0.010190,831537362.1859637,831537362.1859643,0.000000,"{""user_lock_acquisitions"": 8}",2026-08-12T05:39:22Z
exp2_scaling,synthetic,imp_threadlocal,8,measured,16,37,0.010299,831537362.1859636,831537362.1859643,0.000000,"{""user_lock_acquisitions"": 0}",2026-08-12T05:39:22Z
exp2_scaling,synthetic,no_lock,8,measured,8,38,0.332644,172120022.94176692,831537362.1859643,79.300987,"{""user_lock_acquisitions"": 0}",2026-08-12T05:39:22Z
exp2_scaling,synthetic,no_lock,8,measured,24,39,0.326712,168151021.92821595,831537362.1859643,79.778296,"{""user_lock_acquisitions"": 0}",2026-08-12T05:39:23Z
exp2_scaling,synthetic,fp_sum_genexpr,8,measured,17,40,0.011180,831537362.1859645,831537362.1859643,0.000000,"{""user_lock_acquisitions"": 0}",2026-08-12T05:39:23Z
exp2_scaling,synthetic,batched_lock,8,measured,14,41,0.011994,831537362.1859636,831537362.1859643,0.000000,"{""user_lock_acquisitions"": 504}",2026-08-12T05:39:23Z
exp2_scaling,synthetic,imp_threadlocal,8,measured,28,42,0.010383,831537362.1859636,831537362.1859643,0.000000,"{""user_lock_acquisitions"": 0}",2026-08-12T05:39:23Z
exp2_scaling,synthetic,fp_reduce,8,measured,19,43,0.010225,831537362.1859636,831537362.1859643,0.000000,"{""user_lock_acquisitions"": 0}",2026-08-12T05:39:23Z
exp2_scaling,synthetic,fp_sum_genexpr,8,measured,24,44,0.010659,831537362.1859645,831537362.1859643,0.000000,"{""user_lock_acquisitions"": 0}",2026-08-12T05:39:23Z
exp2_scaling,synthetic,batched_lock,8,measured,1,45,0.011757,831537362.1859637,831537362.1859643,0.000000,"{""user_lock_acquisitions"": 504}",2026-08-12T05:39:23Z
exp2_scaling,synthetic,imp_threadlocal,8,measured,19,46,0.010288,831537362.1859636,831537362.1859643,0.000000,"{""user_lock_acquisitions"": 0}",2026-08-12T05:39:23Z
exp2_scaling,synthetic,no_lock,8,measured,29,47,0.337422,171537704.48446527,831537362.1859643,79.371017,"{""user_lock_acquisitions"": 0}",2026-08-12T05:39:23Z
exp2_scaling,synthetic,queue_agg,8,measured,20,48,0.010508,831537362.1859637,831537362.1859643,0.000000,"{""user_lock_acquisitions"": 0}",2026-08-12T05:39:23Z
exp2_scaling,synthetic,queue_agg,8,measured,1,49,0.010009,831537362.1859636,831537362.1859643,0.000000,"{""user_lock_acquisitions"": 0}",2026-08-12T05:39:23Z
exp2_scaling,synthetic,fp_sum_genexpr,8,measured,0,50,0.010688,831537362.1859645,831537362.1859643,0.000000,"{""user_lock_acquisitions"": 0}",2026-08-12T05:39:23Z
exp2_scaling,synthetic,no_lock,8,measured,7,51,0.339166,167573622.28903,831537362.1859643,79.847734,"{""user_lock_acquisitions"": 0}",2026-08-12T05:39:23Z
exp2_scaling,synthetic,fine_lock,8,measured,24,52,0.357821,831537362.1859857,831537362.1859643,0.000000,"{""user_lock_acquisitions"": 500000}",2026-08-12T05:39:24Z
exp2_scaling,synthetic,coarse_lock,8,measured,8,53,0.009949,831537362.1859637,831537362.1859643,0.000000,"{""user_lock_acquisitions"": 8}",2026-08-12T05:39:24Z
exp2_scaling,synthetic,batched_lock,8,measured,22,54,0.011717,831537362.1859636,831537362.1859643,0.000000,"{""user_lock_acquisitions"": 504}",2026-08-12T05:39:24Z
exp2_scaling,synthetic,fine_lock,8,measured,14,55,0.359395,831537362.1859862,831537362.1859643,0.000000,"{""user_lock_acquisitions"": 500000}",2026-08-12T05:39:24Z
exp2_scaling,synthetic,imp_threadlocal,8,measured,13,56,0.010315,831537362.1859636,831537362.1859643,0.000000,"{""user_lock_acquisitions"": 0}",2026-08-12T05:39:24Z
exp2_scaling,synthetic,batched_lock,8,measured,3,57,0.011662,831537362.1859636,831537362.1859643,0.000000,"{""user_lock_acquisitions"": 504}",2026-08-12T05:39:24Z
exp2_scaling,synthetic,imp_threadlocal,8,measured,15,58,0.010180,831537362.1859636,831537362.1859643,0.000000,"{""user_lock_acquisitions"": 0}",2026-08-12T05:39:24Z
exp2_scaling,synthetic,batched_lock,8,measured,10,59,0.011570,831537362.1859635,831537362.1859643,0.000000,"{""user_lock_acquisitions"": 504}",2026-08-12T05:39:24Z
exp2_scaling,synthetic,fine_lock,8,measured,15,60,0.349094,831537362.1859853,831537362.1859643,0.000000,"{""user_lock_acquisitions"": 500000}",2026-08-12T05:39:25Z
exp2_scaling,synthetic,queue_agg,8,measured,22,61,0.010165,831537362.1859636,831537362.1859643,0.000000,"{""user_lock_acquisitions"": 0}",2026-08-12T05:39:25Z
exp2_scaling,synthetic,queue_agg,8,measured,18,62,0.010119,831537362.1859637,831537362.1859643,0.000000,"{""user_lock_acquisitions"": 0}",2026-08-12T05:39:25Z
exp2_scaling,synthetic,batched_lock,8,measured,11,63,0.011669,831537362.1859635,831537362.1859643,0.000000,"{""user_lock_acquisitions"": 504}",2026-08-12T05:39:25Z
exp2_scaling,synthetic,fp_reduce,8,measured,10,64,0.010357,831537362.1859636,831537362.1859643,0.000000,"{""user_lock_acquisitions"": 0}",2026-08-12T05:39:25Z
exp2_scaling,synthetic,fine_lock,8,measured,28,65,0.349183,831537362.1859864,831537362.1859643,0.000000,"{""user_lock_acquisitions"": 500000}",2026-08-12T05:39:25Z
exp2_scaling,synthetic,imp_threadlocal,8,measured,23,66,0.010116,831537362.1859636,831537362.1859643,0.000000,"{""user_lock_acquisitions"": 0}",2026-08-12T05:39:25Z
exp2_scaling,synthetic,no_lock,8,measured,14,67,0.345314,172227206.28851724,831537362.1859643,79.288098,"{""user_lock_acquisitions"": 0}",2026-08-12T05:39:25Z
exp2_scaling,synthetic,fine_lock,8,measured,29,68,0.353801,831537362.1859865,831537362.1859643,0.000000,"{""user_lock_acquisitions"": 500000}",2026-08-12T05:39:26Z
exp2_scaling,synthetic,queue_agg,8,measured,15,69,0.010755,831537362.1859637,831537362.1859643,0.000000,"{""user_lock_acquisitions"": 0}",2026-08-12T05:39:26Z
exp2_scaling,synthetic,fine_lock,8,measured,13,70,0.365976,831537362.1859848,831537362.1859643,0.000000,"{""user_lock_acquisitions"": 500000}",2026-08-12T05:39:26Z
exp2_scaling,synthetic,imp_threadlocal,8,measured,9,71,0.010436,831537362.1859636,831537362.1859643,0.000000,"{""user_lock_acquisitions"": 0}",2026-08-12T05:39:26Z
exp2_scaling,synthetic,batched_lock,8,measured,2,72,0.011672,831537362.1859636,831537362.1859643,0.000000,"{""user_lock_acquisitions"": 504}",2026-08-12T05:39:26Z
exp2_scaling,synthetic,imp_threadlocal,8,measured,5,73,0.010333,831537362.1859636,831537362.1859643,0.000000,"{""user_lock_acquisitions"": 0}",2026-08-12T05:39:26Z
exp2_scaling,synthetic,coarse_lock,8,measured,12,74,0.010490,831537362.1859637,831537362.1859643,0.000000,"{""user_lock_acquisitions"": 8}",2026-08-12T05:39:26Z
exp2_scaling,synthetic,fine_lock,8,measured,10,75,0.350892,831537362.1859862,831537362.1859643,0.000000,"{""user_lock_acquisitions"": 500000}",2026-08-12T05:39:26Z
exp2_scaling,synthetic,fine_lock,8,measured,21,76,0.357617,831537362.1859891,831537362.1859643,0.000000,"{""user_lock_acquisitions"": 500000}",2026-08-12T05:39:27Z
exp2_scaling,synthetic,fine_lock,8,measured,8,77,0.357743,831537362.1859868,831537362.1859643,0.000000,"{""user_lock_acquisitions"": 500000}",2026-08-12T05:39:27Z
exp2_scaling,synthetic,fine_lock,8,measured,12,78,0.365046,831537362.1859875,831537362.1859643,0.000000,"{""user_lock_acquisitions"": 500000}",2026-08-12T05:39:28Z
exp2_scaling,synthetic,no_lock,8,measured,11,79,0.341175,175125830.37762043,831537362.1859643,78.939512,"{""user_lock_acquisitions"": 0}",2026-08-12T05:39:28Z
exp2_scaling,synthetic,coarse_lock,8,measured,26,80,0.010538,831537362.1859636,831537362.1859643,0.000000,"{""user_lock_acquisitions"": 8}",2026-08-12T05:39:28Z
exp2_scaling,synthetic,fine_lock,8,measured,22,81,0.355300,831537362.1859864,831537362.1859643,0.000000,"{""user_lock_acquisitions"": 500000}",2026-08-12T05:39:28Z
exp2_scaling,synthetic,coarse_lock,8,measured,10,82,0.010624,831537362.1859637,831537362.1859643,0.000000,"{""user_lock_acquisitions"": 8}",2026-08-12T05:39:28Z
exp2_scaling,synthetic,imp_threadlocal,8,measured,26,83,0.009998,831537362.1859636,831537362.1859643,0.000000,"{""user_lock_acquisitions"": 0}",2026-08-12T05:39:28Z
exp2_scaling,synthetic,queue_agg,8,measured,26,84,0.010393,831537362.1859636,831537362.1859643,0.000000,"{""user_lock_acquisitions"": 0}",2026-08-12T05:39:28Z
exp2_scaling,synthetic,queue_agg,8,measured,4,85,0.010245,831537362.1859636,831537362.1859643,0.000000,"{""user_lock_acquisitions"": 0}",2026-08-12T05:39:28Z
exp2_scaling,synthetic,batched_lock,8,measured,20,86,0.011634,831537362.1859637,831537362.1859643,0.000000,"{""user_lock_acquisitions"": 504}",2026-08-12T05:39:28Z
exp2_scaling,synthetic,fine_lock,8,measured,1,87,0.355356,831537362.185986,831537362.1859643,0.000000,"{""user_lock_acquisitions"": 500000}",2026-08-12T05:39:29Z
exp2_scaling,synthetic,no_lock,8,measured,6,88,0.336929,169691817.1768472,831537362.1859643,79.593001,"{""user_lock_acquisitions"": 0}",2026-08-12T05:39:29Z
exp2_scaling,synthetic,fp_sum_genexpr,8,measured,11,89,0.011318,831537362.1859645,831537362.1859643,0.000000,"{""user_lock_acquisitions"": 0}",2026-08-12T05:39:29Z
exp2_scaling,synthetic,fp_sum_genexpr,8,measured,14,90,0.011550,831537362.1859645,831537362.1859643,0.000000,"{""user_lock_acquisitions"": 0}",2026-08-12T05:39:29Z
exp2_scaling,synthetic,batched_lock,8,measured,16,91,0.012164,831537362.1859636,831537362.1859643,0.000000,"{""user_lock_acquisitions"": 504}",2026-08-12T05:39:29Z
exp2_scaling,synthetic,imp_threadlocal,8,measured,2,92,0.010584,831537362.1859636,831537362.1859643,0.000000,"{""user_lock_acquisitions"": 0}",2026-08-12T05:39:29Z
exp2_scaling,synthetic,queue_agg,8,measured,12,93,0.010405,831537362.1859636,831537362.1859643,0.000000,"{""user_lock_acquisitions"": 0}",2026-08-12T05:39:29Z
exp2_scaling,synthetic,fp_reduce,8,measured,22,94,0.010483,831537362.1859636,831537362.1859643,0.000000,"{""user_lock_acquisitions"": 0}",2026-08-12T05:39:29Z
exp2_scaling,synthetic,fine_lock,8,measured,9,95,0.365969,831537362.1859884,831537362.1859643,0.000000,"{""user_lock_acquisitions"": 500000}",2026-08-12T05:39:29Z
exp2_scaling,synthetic,batched_lock,8,measured,27,96,0.012070,831537362.1859637,831537362.1859643,0.000000,"{""user_lock_acquisitions"": 504}",2026-08-12T05:39:29Z
exp2_scaling,synthetic,fp_sum_genexpr,8,measured,5,97,0.010877,831537362.1859645,831537362.1859643,0.000000,"{""user_lock_acquisitions"": 0}",2026-08-12T05:39:29Z
exp2_scaling,synthetic,no_lock,8,measured,22,98,0.334535,173200180.97081771,831537362.1859643,79.171089,"{""user_lock_acquisitions"": 0}",2026-08-12T05:39:30Z
exp2_scaling,synthetic,batched_lock,8,measured,29,99,0.011944,831537362.1859635,831537362.1859643,0.000000,"{""user_lock_acquisitions"": 504}",2026-08-12T05:39:30Z
exp2_scaling,synthetic,fp_reduce,8,measured,0,100,0.010189,831537362.1859636,831537362.1859643,0.000000,"{""user_lock_acquisitions"": 0}",2026-08-12T05:39:30Z
exp2_scaling,synthetic,fp_sum_genexpr,8,measured,15,101,0.010736,831537362.1859645,831537362.1859643,0.000000,"{""user_lock_acquisitions"": 0}",2026-08-12T05:39:30Z
exp2_scaling,synthetic,batched_lock,8,measured,0,102,0.011499,831537362.1859636,831537362.1859643,0.000000,"{""user_lock_acquisitions"": 504}",2026-08-12T05:39:30Z
exp2_scaling,synthetic,queue_agg,8,measured,28,103,0.009920,831537362.1859637,831537362.1859643,0.000000,"{""user_lock_acquisitions"": 0}",2026-08-12T05:39:30Z
exp2_scaling,synthetic,fp_sum_genexpr,8,measured,8,104,0.010662,831537362.1859645,831537362.1859643,0.000000,"{""user_lock_acquisitions"": 0}",2026-08-12T05:39:30Z
exp2_scaling,synthetic,batched_lock,8,measured,24,105,0.011707,831537362.1859636,831537362.1859643,0.000000,"{""user_lock_acquisitions"": 504}",2026-08-12T05:39:30Z
exp2_scaling,synthetic,fp_reduce,8,measured,17,106,0.009859,831537362.1859636,831537362.1859643,0.000000,"{""user_lock_acquisitions"": 0}",2026-08-12T05:39:30Z
exp2_scaling,synthetic,batched_lock,8,measured,12,107,0.011500,831537362.1859635,831537362.1859643,0.000000,"{""user_lock_acquisitions"": 504}",2026-08-12T05:39:30Z
exp2_scaling,synthetic,fp_sum_genexpr,8,measured,7,108,0.011207,831537362.1859645,831537362.1859643,0.000000,"{""user_lock_acquisitions"": 0}",2026-08-12T05:39:30Z
exp2_scaling,synthetic,fp_reduce,8,measured,11,109,0.010138,831537362.1859636,831537362.1859643,0.000000,"{""user_lock_acquisitions"": 0}",2026-08-12T05:39:30Z
exp2_scaling,synthetic,queue_agg,8,measured,27,110,0.010189,831537362.1859636,831537362.1859643,0.000000,"{""user_lock_acquisitions"": 0}",2026-08-12T05:39:30Z
exp2_scaling,synthetic,no_lock,8,measured,16,111,0.343178,168117709.54631972,831537362.1859643,79.782302,"{""user_lock_acquisitions"": 0}",2026-08-12T05:39:30Z
exp2_scaling,synthetic,fp_reduce,8,measured,23,112,0.010317,831537362.1859636,831537362.1859643,0.000000,"{""user_lock_acquisitions"": 0}",2026-08-12T05:39:30Z
exp2_scaling,synthetic,imp_threadlocal,8,measured,21,113,0.010025,831537362.1859636,831537362.1859643,0.000000,"{""user_lock_acquisitions"": 0}",2026-08-12T05:39:30Z
exp2_scaling,synthetic,fine_lock,8,measured,18,114,0.365658,831537362.185986,831537362.1859643,0.000000,"{""user_lock_acquisitions"": 500000}",2026-08-12T05:39:31Z
exp2_scaling,synthetic,imp_threadlocal,8,measured,22,115,0.010646,831537362.1859636,831537362.1859643,0.000000,"{""user_lock_acquisitions"": 0}",2026-08-12T05:39:31Z
exp2_scaling,synthetic,fine_lock,8,measured,26,116,0.354968,831537362.1859857,831537362.1859643,0.000000,"{""user_lock_acquisitions"": 500000}",2026-08-12T05:39:31Z
exp2_scaling,synthetic,imp_threadlocal,8,measured,17,117,0.010575,831537362.1859636,831537362.1859643,0.000000,"{""user_lock_acquisitions"": 0}",2026-08-12T05:39:31Z
exp2_scaling,synthetic,fine_lock,8,measured,2,118,0.343985,831537362.1859859,831537362.1859643,0.000000,"{""user_lock_acquisitions"": 500000}",2026-08-12T05:39:31Z
exp2_scaling,synthetic,no_lock,8,measured,0,119,0.346879,172625433.7156283,831537362.1859643,79.240207,"{""user_lock_acquisitions"": 0}",2026-08-12T05:39:32Z
exp2_scaling,synthetic,batched_lock,8,measured,13,120,0.011955,831537362.1859635,831537362.1859643,0.000000,"{""user_lock_acquisitions"": 504}",2026-08-12T05:39:32Z
exp2_scaling,synthetic,imp_threadlocal,8,measured,24,121,0.010306,831537362.1859636,831537362.1859643,0.000000,"{""user_lock_acquisitions"": 0}",2026-08-12T05:39:32Z
exp2_scaling,synthetic,fp_reduce,8,measured,4,122,0.009964,831537362.1859636,831537362.1859643,0.000000,"{""user_lock_acquisitions"": 0}",2026-08-12T05:39:32Z
exp2_scaling,synthetic,fine_lock,8,measured,5,123,0.354017,831537362.1859834,831537362.1859643,0.000000,"{""user_lock_acquisitions"": 500000}",2026-08-12T05:39:32Z
exp2_scaling,synthetic,fp_sum_genexpr,8,measured,23,124,0.011226,831537362.1859645,831537362.1859643,0.000000,"{""user_lock_acquisitions"": 0}",2026-08-12T05:39:32Z
exp2_scaling,synthetic,queue_agg,8,measured,3,125,0.009997,831537362.1859637,831537362.1859643,0.000000,"{""user_lock_acquisitions"": 0}",2026-08-12T05:39:32Z
exp2_scaling,synthetic,batched_lock,8,measured,4,126,0.011796,831537362.1859637,831537362.1859643,0.000000,"{""user_lock_acquisitions"": 504}",2026-08-12T05:39:32Z
exp2_scaling,synthetic,no_lock,8,measured,5,127,0.343930,164594952.07715082,831537362.1859643,80.205946,"{""user_lock_acquisitions"": 0}",2026-08-12T05:39:33Z
exp2_scaling,synthetic,no_lock,8,measured,13,128,0.334629,167642574.60615715,831537362.1859643,79.839442,"{""user_lock_acquisitions"": 0}",2026-08-12T05:39:33Z
exp2_scaling,synthetic,no_lock,8,measured,3,129,0.330908,172001304.8686707,831537362.1859643,79.315264,"{""user_lock_acquisitions"": 0}",2026-08-12T05:39:33Z
exp2_scaling,synthetic,coarse_lock,8,measured,13,130,0.010500,831537362.1859637,831537362.1859643,0.000000,"{""user_lock_acquisitions"": 8}",2026-08-12T05:39:33Z
exp2_scaling,synthetic,fp_reduce,8,measured,25,131,0.010488,831537362.1859636,831537362.1859643,0.000000,"{""user_lock_acquisitions"": 0}",2026-08-12T05:39:33Z
exp2_scaling,synthetic,fine_lock,8,measured,25,132,0.355481,831537362.1859852,831537362.1859643,0.000000,"{""user_lock_acquisitions"": 500000}",2026-08-12T05:39:34Z
exp2_scaling,synthetic,imp_threadlocal,8,measured,4,133,0.010283,831537362.1859636,831537362.1859643,0.000000,"{""user_lock_acquisitions"": 0}",2026-08-12T05:39:34Z
exp2_scaling,synthetic,fp_reduce,8,measured,3,134,0.010590,831537362.1859636,831537362.1859643,0.000000,"{""user_lock_acquisitions"": 0}",2026-08-12T05:39:34Z
exp2_scaling,synthetic,fp_sum_genexpr,8,measured,9,135,0.011432,831537362.1859645,831537362.1859643,0.000000,"{""user_lock_acquisitions"": 0}",2026-08-12T05:39:34Z
exp2_scaling,synthetic,coarse_lock,8,measured,25,136,0.010394,831537362.1859637,831537362.1859643,0.000000,"{""user_lock_acquisitions"": 8}",2026-08-12T05:39:34Z
exp2_scaling,synthetic,batched_lock,8,measured,5,137,0.011914,831537362.1859636,831537362.1859643,0.000000,"{""user_lock_acquisitions"": 504}",2026-08-12T05:39:34Z
exp2_scaling,synthetic,queue_agg,8,measured,11,138,0.010011,831537362.1859637,831537362.1859643,0.000000,"{""user_lock_acquisitions"": 0}",2026-08-12T05:39:34Z
exp2_scaling,synthetic,fp_reduce,8,measured,14,139,0.010479,831537362.1859636,831537362.1859643,0.000000,"{""user_lock_acquisitions"": 0}",2026-08-12T05:39:34Z
exp2_scaling,synthetic,queue_agg,8,measured,14,140,0.009994,831537362.1859637,831537362.1859643,0.000000,"{""user_lock_acquisitions"": 0}",2026-08-12T05:39:34Z
exp2_scaling,synthetic,fine_lock,8,measured,20,141,0.359573,831537362.1859868,831537362.1859643,0.000000,"{""user_lock_acquisitions"": 500000}",2026-08-12T05:39:34Z
exp2_scaling,synthetic,fp_sum_genexpr,8,measured,16,142,0.011251,831537362.1859645,831537362.1859643,0.000000,"{""user_lock_acquisitions"": 0}",2026-08-12T05:39:34Z
exp2_scaling,synthetic,fp_sum_genexpr,8,measured,26,143,0.011138,831537362.1859645,831537362.1859643,0.000000,"{""user_lock_acquisitions"": 0}",2026-08-12T05:39:34Z
exp2_scaling,synthetic,queue_agg,8,measured,8,144,0.010548,831537362.1859636,831537362.1859643,0.000000,"{""user_lock_acquisitions"": 0}",2026-08-12T05:39:34Z
exp2_scaling,synthetic,fp_reduce,8,measured,28,145,0.010562,831537362.1859636,831537362.1859643,0.000000,"{""user_lock_acquisitions"": 0}",2026-08-12T05:39:34Z
exp2_scaling,synthetic,queue_agg,8,measured,6,146,0.010435,831537362.1859636,831537362.1859643,0.000000,"{""user_lock_acquisitions"": 0}",2026-08-12T05:39:34Z
exp2_scaling,synthetic,batched_lock,8,measured,9,147,0.011654,831537362.1859636,831537362.1859643,0.000000,"{""user_lock_acquisitions"": 504}",2026-08-12T05:39:34Z
exp2_scaling,synthetic,fine_lock,8,measured,16,148,0.356742,831537362.1859856,831537362.1859643,0.000000,"{""user_lock_acquisitions"": 500000}",2026-08-12T05:39:34Z
exp2_scaling,synthetic,batched_lock,8,measured,28,149,0.011758,831537362.1859636,831537362.1859643,0.000000,"{""user_lock_acquisitions"": 504}",2026-08-12T05:39:34Z
exp2_scaling,synthetic,queue_agg,8,measured,13,150,0.010174,831537362.1859636,831537362.1859643,0.000000,"{""user_lock_acquisitions"": 0}",2026-08-12T05:39:34Z
exp2_scaling,synthetic,fp_reduce,8,measured,13,151,0.010243,831537362.1859636,831537362.1859643,0.000000,"{""user_lock_acquisitions"": 0}",2026-08-12T05:39:34Z
exp2_scaling,synthetic,queue_agg,8,measured,25,152,0.010032,831537362.1859637,831537362.1859643,0.000000,"{""user_lock_acquisitions"": 0}",2026-08-12T05:39:34Z
exp2_scaling,synthetic,fp_sum_genexpr,8,measured,10,153,0.011051,831537362.1859645,831537362.1859643,0.000000,"{""user_lock_acquisitions"": 0}",2026-08-12T05:39:34Z
exp2_scaling,synthetic,coarse_lock,8,measured,21,154,0.010509,831537362.1859637,831537362.1859643,0.000000,"{""user_lock_acquisitions"": 8}",2026-08-12T05:39:34Z
exp2_scaling,synthetic,queue_agg,8,measured,23,155,0.010335,831537362.1859637,831537362.1859643,0.000000,"{""user_lock_acquisitions"": 0}",2026-08-12T05:39:35Z
exp2_scaling,synthetic,no_lock,8,measured,17,156,0.341016,170945058.33519936,831537362.1859643,79.442288,"{""user_lock_acquisitions"": 0}",2026-08-12T05:39:35Z
exp2_scaling,synthetic,no_lock,8,measured,4,157,0.339404,168444103.54106203,831537362.1859643,79.743050,"{""user_lock_acquisitions"": 0}",2026-08-12T05:39:35Z
exp2_scaling,synthetic,coarse_lock,8,measured,7,158,0.010302,831537362.1859637,831537362.1859643,0.000000,"{""user_lock_acquisitions"": 8}",2026-08-12T05:39:35Z
exp2_scaling,synthetic,fp_sum_genexpr,8,measured,2,159,0.010851,831537362.1859645,831537362.1859643,0.000000,"{""user_lock_acquisitions"": 0}",2026-08-12T05:39:35Z
exp2_scaling,synthetic,coarse_lock,8,measured,24,160,0.010397,831537362.1859637,831537362.1859643,0.000000,"{""user_lock_acquisitions"": 8}",2026-08-12T05:39:35Z
exp2_scaling,synthetic,queue_agg,8,measured,29,161,0.010203,831537362.1859639,831537362.1859643,0.000000,"{""user_lock_acquisitions"": 0}",2026-08-12T05:39:35Z
exp2_scaling,synthetic,coarse_lock,8,measured,18,162,0.010112,831537362.1859637,831537362.1859643,0.000000,"{""user_lock_acquisitions"": 8}",2026-08-12T05:39:35Z
exp2_scaling,synthetic,no_lock,8,measured,20,163,0.347739,169116043.46177322,831537362.1859643,79.662244,"{""user_lock_acquisitions"": 0}",2026-08-12T05:39:36Z
exp2_scaling,synthetic,imp_threadlocal,8,measured,12,164,0.010199,831537362.1859636,831537362.1859643,0.000000,"{""user_lock_acquisitions"": 0}",2026-08-12T05:39:36Z
exp2_scaling,synthetic,no_lock,8,measured,10,165,0.344337,170090309.8999699,831537362.1859643,79.545079,"{""user_lock_acquisitions"": 0}",2026-08-12T05:39:36Z
exp2_scaling,synthetic,coarse_lock,8,measured,4,166,0.010368,831537362.1859636,831537362.1859643,0.000000,"{""user_lock_acquisitions"": 8}",2026-08-12T05:39:36Z
exp2_scaling,synthetic,fp_sum_genexpr,8,measured,28,167,0.010741,831537362.1859645,831537362.1859643,0.000000,"{""user_lock_acquisitions"": 0}",2026-08-12T05:39:36Z
exp2_scaling,synthetic,batched_lock,8,measured,19,168,0.012270,831537362.1859637,831537362.1859643,0.000000,"{""user_lock_acquisitions"": 504}",2026-08-12T05:39:36Z
exp2_scaling,synthetic,no_lock,8,measured,23,169,0.337646,169724852.71563524,831537362.1859643,79.589029,"{""user_lock_acquisitions"": 0}",2026-08-12T05:39:36Z
exp2_scaling,synthetic,coarse_lock,8,measured,20,170,0.010497,831537362.1859636,831537362.1859643,0.000000,"{""user_lock_acquisitions"": 8}",2026-08-12T05:39:36Z
exp2_scaling,synthetic,fp_sum_genexpr,8,measured,19,171,0.010950,831537362.1859645,831537362.1859643,0.000000,"{""user_lock_acquisitions"": 0}",2026-08-12T05:39:36Z
exp2_scaling,synthetic,coarse_lock,8,measured,2,172,0.010000,831537362.1859637,831537362.1859643,0.000000,"{""user_lock_acquisitions"": 8}",2026-08-12T05:39:36Z
exp2_scaling,synthetic,imp_threadlocal,8,measured,25,173,0.010107,831537362.1859636,831537362.1859643,0.000000,"{""user_lock_acquisitions"": 0}",2026-08-12T05:39:36Z
exp2_scaling,synthetic,fp_sum_genexpr,8,measured,22,174,0.010916,831537362.1859645,831537362.1859643,0.000000,"{""user_lock_acquisitions"": 0}",2026-08-12T05:39:36Z
exp2_scaling,synthetic,fine_lock,8,measured,7,175,0.354826,831537362.1859839,831537362.1859643,0.000000,"{""user_lock_acquisitions"": 500000}",2026-08-12T05:39:37Z
exp2_scaling,synthetic,fp_reduce,8,measured,27,176,0.010523,831537362.1859636,831537362.1859643,0.000000,"{""user_lock_acquisitions"": 0}",2026-08-12T05:39:37Z
exp2_scaling,synthetic,queue_agg,8,measured,9,177,0.009970,831537362.1859639,831537362.1859643,0.000000,"{""user_lock_acquisitions"": 0}",2026-08-12T05:39:37Z
exp2_scaling,synthetic,fp_reduce,8,measured,6,178,0.010122,831537362.1859636,831537362.1859643,0.000000,"{""user_lock_acquisitions"": 0}",2026-08-12T05:39:37Z
exp2_scaling,synthetic,imp_threadlocal,8,measured,18,179,0.010320,831537362.1859636,831537362.1859643,0.000000,"{""user_lock_acquisitions"": 0}",2026-08-12T05:39:37Z
exp2_scaling,synthetic,coarse_lock,8,measured,29,180,0.010224,831537362.1859636,831537362.1859643,0.000000,"{""user_lock_acquisitions"": 8}",2026-08-12T05:39:37Z
exp2_scaling,synthetic,imp_threadlocal,8,measured,27,181,0.010207,831537362.1859636,831537362.1859643,0.000000,"{""user_lock_acquisitions"": 0}",2026-08-12T05:39:37Z
exp2_scaling,synthetic,fp_reduce,8,measured,9,182,0.010193,831537362.1859636,831537362.1859643,0.000000,"{""user_lock_acquisitions"": 0}",2026-08-12T05:39:37Z
exp2_scaling,synthetic,fine_lock,8,measured,17,183,0.360709,831537362.1859837,831537362.1859643,0.000000,"{""user_lock_acquisitions"": 500000}",2026-08-12T05:39:37Z
exp2_scaling,synthetic,coarse_lock,8,measured,16,184,0.010151,831537362.1859637,831537362.1859643,0.000000,"{""user_lock_acquisitions"": 8}",2026-08-12T05:39:37Z
exp2_scaling,synthetic,fp_reduce,8,measured,5,185,0.010155,831537362.1859636,831537362.1859643,0.000000,"{""user_lock_acquisitions"": 0}",2026-08-12T05:39:37Z
exp2_scaling,synthetic,fp_sum_genexpr,8,measured,20,186,0.010748,831537362.1859645,831537362.1859643,0.000000,"{""user_lock_acquisitions"": 0}",2026-08-12T05:39:37Z
exp2_scaling,synthetic,no_lock,8,measured,28,187,0.328796,171885544.8889734,831537362.1859643,79.329186,"{""user_lock_acquisitions"": 0}",2026-08-12T05:39:38Z
exp2_scaling,synthetic,fine_lock,8,measured,4,188,0.353847,831537362.185985,831537362.1859643,0.000000,"{""user_lock_acquisitions"": 500000}",2026-08-12T05:39:38Z
exp2_scaling,synthetic,queue_agg,8,measured,16,189,0.010320,831537362.1859636,831537362.1859643,0.000000,"{""user_lock_acquisitions"": 0}",2026-08-12T05:39:38Z
exp2_scaling,synthetic,batched_lock,8,measured,23,190,0.011705,831537362.1859636,831537362.1859643,0.000000,"{""user_lock_acquisitions"": 504}",2026-08-12T05:39:38Z
exp2_scaling,synthetic,fp_reduce,8,measured,8,191,0.010325,831537362.1859636,831537362.1859643,0.000000,"{""user_lock_acquisitions"": 0}",2026-08-12T05:39:38Z
exp2_scaling,synthetic,batched_lock,8,measured,25,192,0.012138,831537362.1859637,831537362.1859643,0.000000,"{""user_lock_acquisitions"": 504}",2026-08-12T05:39:38Z
exp2_scaling,synthetic,coarse_lock,8,measured,27,193,0.010592,831537362.1859637,831537362.1859643,0.000000,"{""user_lock_acquisitions"": 8}",2026-08-12T05:39:38Z
exp2_scaling,synthetic,fp_reduce,8,measured,16,194,0.010154,831537362.1859636,831537362.1859643,0.000000,"{""user_lock_acquisitions"": 0}",2026-08-12T05:39:38Z
exp2_scaling,synthetic,no_lock,8,measured,2,195,0.326146,173422286.6529447,831537362.1859643,79.144378,"{""user_lock_acquisitions"": 0}",2026-08-12T05:39:38Z
exp2_scaling,synthetic,fp_sum_genexpr,8,measured,1,196,0.011072,831537362.1859645,831537362.1859643,0.000000,"{""user_lock_acquisitions"": 0}",2026-08-12T05:39:38Z
exp2_scaling,synthetic,no_lock,8,measured,9,197,0.350601,175412848.15297183,831537362.1859643,78.904995,"{""user_lock_acquisitions"": 0}",2026-08-12T05:39:39Z
exp2_scaling,synthetic,fp_reduce,8,measured,7,198,0.010470,831537362.1859636,831537362.1859643,0.000000,"{""user_lock_acquisitions"": 0}",2026-08-12T05:39:39Z
exp2_scaling,synthetic,batched_lock,8,measured,18,199,0.011630,831537362.1859635,831537362.1859643,0.000000,"{""user_lock_acquisitions"": 504}",2026-08-12T05:39:39Z
exp2_scaling,synthetic,imp_threadlocal,8,measured,0,200,0.010289,831537362.1859636,831537362.1859643,0.000000,"{""user_lock_acquisitions"": 0}",2026-08-12T05:39:39Z
exp2_scaling,synthetic,fp_reduce,8,measured,18,201,0.010238,831537362.1859636,831537362.1859643,0.000000,"{""user_lock_acquisitions"": 0}",2026-08-12T05:39:39Z
exp2_scaling,synthetic,fine_lock,8,measured,0,202,0.359953,831537362.1859922,831537362.1859643,0.000000,"{""user_lock_acquisitions"": 500000}",2026-08-12T05:39:39Z
exp2_scaling,synthetic,imp_threadlocal,8,measured,29,203,0.010516,831537362.1859636,831537362.1859643,0.000000,"{""user_lock_acquisitions"": 0}",2026-08-12T05:39:39Z
exp2_scaling,synthetic,fp_reduce,8,measured,29,204,0.010187,831537362.1859636,831537362.1859643,0.000000,"{""user_lock_acquisitions"": 0}",2026-08-12T05:39:39Z
exp2_scaling,synthetic,queue_agg,8,measured,19,205,0.009945,831537362.1859637,831537362.1859643,0.000000,"{""user_lock_acquisitions"": 0}",2026-08-12T05:39:39Z
exp2_scaling,synthetic,imp_threadlocal,8,measured,14,206,0.010207,831537362.1859636,831537362.1859643,0.000000,"{""user_lock_acquisitions"": 0}",2026-08-12T05:39:39Z
exp2_scaling,synthetic,coarse_lock,8,measured,9,207,0.009840,831537362.1859637,831537362.1859643,0.000000,"{""user_lock_acquisitions"": 8}",2026-08-12T05:39:39Z
exp2_scaling,synthetic,coarse_lock,8,measured,14,208,0.010202,831537362.1859637,831537362.1859643,0.000000,"{""user_lock_acquisitions"": 8}",2026-08-12T05:39:39Z
exp2_scaling,synthetic,fp_sum_genexpr,8,measured,12,209,0.010825,831537362.1859645,831537362.1859643,0.000000,"{""user_lock_acquisitions"": 0}",2026-08-12T05:39:39Z
exp2_scaling,synthetic,fine_lock,8,measured,3,210,0.372223,831537362.185987,831537362.1859643,0.000000,"{""user_lock_acquisitions"": 500000}",2026-08-12T05:39:39Z
exp2_scaling,synthetic,batched_lock,8,measured,8,211,0.011854,831537362.1859636,831537362.1859643,0.000000,"{""user_lock_acquisitions"": 504}",2026-08-12T05:39:39Z
exp2_scaling,synthetic,coarse_lock,8,measured,28,212,0.010160,831537362.1859637,831537362.1859643,0.000000,"{""user_lock_acquisitions"": 8}",2026-08-12T05:39:39Z
exp2_scaling,synthetic,imp_threadlocal,8,measured,6,213,0.010292,831537362.1859636,831537362.1859643,0.000000,"{""user_lock_acquisitions"": 0}",2026-08-12T05:39:39Z
exp2_scaling,synthetic,fp_reduce,8,measured,21,214,0.010485,831537362.1859636,831537362.1859643,0.000000,"{""user_lock_acquisitions"": 0}",2026-08-12T05:39:40Z
exp2_scaling,synthetic,coarse_lock,8,measured,19,215,0.009919,831537362.1859637,831537362.1859643,0.000000,"{""user_lock_acquisitions"": 8}",2026-08-12T05:39:40Z
exp2_scaling,synthetic,fp_sum_genexpr,8,measured,18,216,0.010876,831537362.1859645,831537362.1859643,0.000000,"{""user_lock_acquisitions"": 0}",2026-08-12T05:39:40Z
exp2_scaling,synthetic,no_lock,8,measured,15,217,0.343732,163941623.1682368,831537362.1859643,80.284515,"{""user_lock_acquisitions"": 0}",2026-08-12T05:39:40Z
exp2_scaling,synthetic,batched_lock,8,measured,17,218,0.011862,831537362.1859637,831537362.1859643,0.000000,"{""user_lock_acquisitions"": 504}",2026-08-12T05:39:40Z
exp2_scaling,synthetic,fp_reduce,8,measured,12,219,0.010481,831537362.1859636,831537362.1859643,0.000000,"{""user_lock_acquisitions"": 0}",2026-08-12T05:39:40Z
exp2_scaling,synthetic,no_lock,8,measured,18,220,0.341824,170972609.47341186,831537362.1859643,79.438974,"{""user_lock_acquisitions"": 0}",2026-08-12T05:39:40Z
exp2_scaling,synthetic,imp_threadlocal,8,measured,3,221,0.010500,831537362.1859636,831537362.1859643,0.000000,"{""user_lock_acquisitions"": 0}",2026-08-12T05:39:40Z
exp2_scaling,synthetic,coarse_lock,8,measured,23,222,0.010154,831537362.1859637,831537362.1859643,0.000000,"{""user_lock_acquisitions"": 8}",2026-08-12T05:39:40Z
exp2_scaling,synthetic,queue_agg,8,measured,5,223,0.010032,831537362.1859637,831537362.1859643,0.000000,"{""user_lock_acquisitions"": 0}",2026-08-12T05:39:40Z
exp2_scaling,synthetic,fp_reduce,8,measured,1,224,0.010031,831537362.1859636,831537362.1859643,0.000000,"{""user_lock_acquisitions"": 0}",2026-08-12T05:39:40Z
exp2_scaling,synthetic,batched_lock,8,measured,6,225,0.011609,831537362.1859636,831537362.1859643,0.000000,"{""user_lock_acquisitions"": 504}",2026-08-12T05:39:40Z
exp2_scaling,synthetic,fp_sum_genexpr,8,measured,3,226,0.011057,831537362.1859645,831537362.1859643,0.000000,"{""user_lock_acquisitions"": 0}",2026-08-12T05:39:40Z
exp2_scaling,synthetic,fine_lock,8,measured,27,227,0.357740,831537362.1859874,831537362.1859643,0.000000,"{""user_lock_acquisitions"": 500000}",2026-08-12T05:39:41Z
exp2_scaling,synthetic,queue_agg,8,measured,17,228,0.010348,831537362.1859637,831537362.1859643,0.000000,"{""user_lock_acquisitions"": 0}",2026-08-12T05:39:41Z
exp2_scaling,synthetic,no_lock,8,measured,21,229,0.361100,171656029.82084802,831537362.1859643,79.356787,"{""user_lock_acquisitions"": 0}",2026-08-12T05:39:41Z
exp2_scaling,synthetic,batched_lock,8,measured,26,230,0.012062,831537362.1859637,831537362.1859643,0.000000,"{""user_lock_acquisitions"": 504}",2026-08-12T05:39:41Z
exp2_scaling,synthetic,fp_sum_genexpr,8,measured,6,231,0.011087,831537362.1859645,831537362.1859643,0.000000,"{""user_lock_acquisitions"": 0}",2026-08-12T05:39:41Z
exp2_scaling,synthetic,no_lock,8,measured,1,232,0.332796,172631757.6098985,831537362.1859643,79.239447,"{""user_lock_acquisitions"": 0}",2026-08-12T05:39:41Z
exp2_scaling,synthetic,fine_lock,8,measured,23,233,0.353575,831537362.185985,831537362.1859643,0.000000,"{""user_lock_acquisitions"": 500000}",2026-08-12T05:39:42Z
exp2_scaling,synthetic,coarse_lock,8,measured,6,234,0.010170,831537362.1859636,831537362.1859643,0.000000,"{""user_lock_acquisitions"": 8}",2026-08-12T05:39:42Z
exp2_scaling,synthetic,queue_agg,8,measured,2,235,0.009876,831537362.1859637,831537362.1859643,0.000000,"{""user_lock_acquisitions"": 0}",2026-08-12T05:39:42Z
exp2_scaling,synthetic,imp_threadlocal,8,measured,1,236,0.010498,831537362.1859636,831537362.1859643,0.000000,"{""user_lock_acquisitions"": 0}",2026-08-12T05:39:42Z
exp2_scaling,synthetic,coarse_lock,8,measured,11,237,0.009768,831537362.1859637,831537362.1859643,0.000000,"{""user_lock_acquisitions"": 8}",2026-08-12T05:39:42Z
exp2_scaling,synthetic,imp_threadlocal,8,measured,7,238,0.010355,831537362.1859636,831537362.1859643,0.000000,"{""user_lock_acquisitions"": 0}",2026-08-12T05:39:42Z
exp2_scaling,synthetic,no_lock,8,measured,25,239,0.364295,167697628.37032294,831537362.1859643,79.832821,"{""user_lock_acquisitions"": 0}",2026-08-12T05:39:42Z
exp2_scaling,synthetic,batched_lock,8,measured,7,240,0.011835,831537362.1859635,831537362.1859643,0.000000,"{""user_lock_acquisitions"": 504}",2026-08-12T05:39:42Z
exp2_scaling,synthetic,no_lock,8,measured,19,241,0.337120,166970388.1497261,831537362.1859643,79.920278,"{""user_lock_acquisitions"": 0}",2026-08-12T05:39:43Z
exp2_scaling,synthetic,fp_sum_genexpr,8,measured,25,242,0.011219,831537362.1859645,831537362.1859643,0.000000,"{""user_lock_acquisitions"": 0}",2026-08-12T05:39:43Z
exp2_scaling,synthetic,coarse_lock,8,measured,3,243,0.010099,831537362.1859636,831537362.1859643,0.000000,"{""user_lock_acquisitions"": 8}",2026-08-12T05:39:43Z
exp2_scaling,synthetic,queue_agg,8,measured,7,244,0.010227,831537362.1859637,831537362.1859643,0.000000,"{""user_lock_acquisitions"": 0}",2026-08-12T05:39:43Z
exp2_scaling,synthetic,fp_reduce,8,measured,2,245,0.010602,831537362.1859636,831537362.1859643,0.000000,"{""user_lock_acquisitions"": 0}",2026-08-12T05:39:43Z
exp2_scaling,synthetic,no_lock,8,measured,27,246,0.340194,174821510.91243005,831537362.1859643,78.976109,"{""user_lock_acquisitions"": 0}",2026-08-12T05:39:43Z
exp2_scaling,synthetic,coarse_lock,8,measured,17,247,0.010405,831537362.1859637,831537362.1859643,0.000000,"{""user_lock_acquisitions"": 8}",2026-08-12T05:39:43Z
exp2_scaling,synthetic,fp_sum_genexpr,8,measured,4,248,0.010721,831537362.1859645,831537362.1859643,0.000000,"{""user_lock_acquisitions"": 0}",2026-08-12T05:39:43Z
exp2_scaling,synthetic,coarse_lock,8,measured,1,249,0.010393,831537362.1859636,831537362.1859643,0.000000,"{""user_lock_acquisitions"": 8}",2026-08-12T05:39:43Z
exp2_scaling,synthetic,no_lock,8,measured,12,250,0.334335,173351046.44221365,831537362.1859643,79.152946,"{""user_lock_acquisitions"": 0}",2026-08-12T05:39:43Z
exp2_scaling,synthetic,imp_threadlocal,8,measured,8,251,0.010692,831537362.1859636,831537362.1859643,0.000000,"{""user_lock_acquisitions"": 0}",2026-08-12T05:39:43Z
exp2_scaling,synthetic,fp_reduce,8,measured,24,252,0.010009,831537362.1859636,831537362.1859643,0.000000,"{""user_lock_acquisitions"": 0}",2026-08-12T05:39:43Z
exp2_scaling,synthetic,coarse_lock,8,measured,5,253,0.009973,831537362.1859637,831537362.1859643,0.000000,"{""user_lock_acquisitions"": 8}",2026-08-12T05:39:43Z
exp2_scaling,synthetic,fp_sum_genexpr,8,measured,27,254,0.011132,831537362.1859645,831537362.1859643,0.000000,"{""user_lock_acquisitions"": 0}",2026-08-12T05:39:43Z
exp2_scaling,synthetic,fp_reduce,8,measured,20,255,0.010128,831537362.1859636,831537362.1859643,0.000000,"{""user_lock_acquisitions"": 0}",2026-08-12T05:39:43Z
exp2_scaling,synthetic,queue_agg,8,measured,0,256,0.010026,831537362.1859637,831537362.1859643,0.000000,"{""user_lock_acquisitions"": 0}",2026-08-12T05:39:43Z
exp2_scaling,synthetic,queue_agg,8,measured,21,257,0.009871,831537362.1859637,831537362.1859643,0.000000,"{""user_lock_acquisitions"": 0}",2026-08-12T05:39:43Z
exp2_scaling,synthetic,batched_lock,8,measured,21,258,0.011207,831537362.1859637,831537362.1859643,0.000000,"{""user_lock_acquisitions"": 504}",2026-08-12T05:39:43Z
exp2_scaling,synthetic,imp_threadlocal,8,measured,11,259,0.009993,831537362.1859636,831537362.1859643,0.000000,"{""user_lock_acquisitions"": 0}",2026-08-12T05:39:43Z
exp2_scaling,synthetic,fp_sum_genexpr,8,measured,21,260,0.011020,831537362.1859645,831537362.1859643,0.000000,"{""user_lock_acquisitions"": 0}",2026-08-12T05:39:43Z
exp2_scaling,synthetic,queue_agg,8,measured,10,261,0.009800,831537362.1859637,831537362.1859643,0.000000,"{""user_lock_acquisitions"": 0}",2026-08-12T05:39:43Z
exp2_scaling,synthetic,fine_lock,8,measured,19,262,0.351860,831537362.1859871,831537362.1859643,0.000000,"{""user_lock_acquisitions"": 500000}",2026-08-12T05:39:44Z
exp2_scaling,synthetic,fine_lock,8,measured,11,263,0.369858,831537362.18599,831537362.1859643,0.000000,"{""user_lock_acquisitions"": 500000}",2026-08-12T05:39:44Z
exp2_scaling,synthetic,imp_threadlocal,10,warmup,2,0,0.009113,831537362.1859647,831537362.1859643,0.000000,"{""user_lock_acquisitions"": 0}",2026-08-12T05:39:44Z
exp2_scaling,synthetic,coarse_lock,10,warmup,2,1,0.009052,831537362.1859648,831537362.1859643,0.000000,"{""user_lock_acquisitions"": 10}",2026-08-12T05:39:44Z
exp2_scaling,synthetic,no_lock,10,warmup,0,2,0.464445,139617611.94099855,831537362.1859643,83.209701,"{""user_lock_acquisitions"": 0}",2026-08-12T05:39:45Z
exp2_scaling,synthetic,fp_sum_genexpr,10,warmup,2,3,0.009457,831537362.1859643,831537362.1859643,0.000000,"{""user_lock_acquisitions"": 0}",2026-08-12T05:39:45Z
exp2_scaling,synthetic,queue_agg,10,warmup,2,4,0.008572,831537362.1859648,831537362.1859643,0.000000,"{""user_lock_acquisitions"": 0}",2026-08-12T05:39:45Z
exp2_scaling,synthetic,fine_lock,10,warmup,0,5,0.511290,831537362.1859832,831537362.1859643,0.000000,"{""user_lock_acquisitions"": 500000}",2026-08-12T05:39:45Z
exp2_scaling,synthetic,fine_lock,10,warmup,2,6,0.495499,831537362.1859874,831537362.1859643,0.000000,"{""user_lock_acquisitions"": 500000}",2026-08-12T05:39:46Z
exp2_scaling,synthetic,imp_threadlocal,10,warmup,0,7,0.009155,831537362.1859647,831537362.1859643,0.000000,"{""user_lock_acquisitions"": 0}",2026-08-12T05:39:46Z
exp2_scaling,synthetic,batched_lock,10,warmup,2,8,0.010051,831537362.1859646,831537362.1859643,0.000000,"{""user_lock_acquisitions"": 500}",2026-08-12T05:39:46Z
exp2_scaling,synthetic,queue_agg,10,warmup,1,9,0.009135,831537362.1859647,831537362.1859643,0.000000,"{""user_lock_acquisitions"": 0}",2026-08-12T05:39:46Z
exp2_scaling,synthetic,no_lock,10,warmup,2,10,0.493643,142839175.42364934,831537362.1859643,82.822278,"{""user_lock_acquisitions"": 0}",2026-08-12T05:39:46Z
exp2_scaling,synthetic,fp_sum_genexpr,10,warmup,0,11,0.009522,831537362.1859643,831537362.1859643,0.000000,"{""user_lock_acquisitions"": 0}",2026-08-12T05:39:46Z
exp2_scaling,synthetic,fp_reduce,10,warmup,1,12,0.009307,831537362.1859647,831537362.1859643,0.000000,"{""user_lock_acquisitions"": 0}",2026-08-12T05:39:46Z
exp2_scaling,synthetic,coarse_lock,10,warmup,0,13,0.008735,831537362.1859648,831537362.1859643,0.000000,"{""user_lock_acquisitions"": 10}",2026-08-12T05:39:46Z
exp2_scaling,synthetic,fp_reduce,10,warmup,2,14,0.008695,831537362.1859647,831537362.1859643,0.000000,"{""user_lock_acquisitions"": 0}",2026-08-12T05:39:46Z
exp2_scaling,synthetic,fine_lock,10,warmup,1,15,0.497048,831537362.1859894,831537362.1859643,0.000000,"{""user_lock_acquisitions"": 500000}",2026-08-12T05:39:47Z
exp2_scaling,synthetic,batched_lock,10,warmup,0,16,0.010428,831537362.1859645,831537362.1859643,0.000000,"{""user_lock_acquisitions"": 500}",2026-08-12T05:39:47Z
exp2_scaling,synthetic,fp_reduce,10,warmup,0,17,0.008944,831537362.1859647,831537362.1859643,0.000000,"{""user_lock_acquisitions"": 0}",2026-08-12T05:39:47Z
exp2_scaling,synthetic,coarse_lock,10,warmup,1,18,0.008759,831537362.1859647,831537362.1859643,0.000000,"{""user_lock_acquisitions"": 10}",2026-08-12T05:39:47Z
exp2_scaling,synthetic,imp_threadlocal,10,warmup,1,19,0.008700,831537362.1859647,831537362.1859643,0.000000,"{""user_lock_acquisitions"": 0}",2026-08-12T05:39:47Z
exp2_scaling,synthetic,queue_agg,10,warmup,0,20,0.008741,831537362.1859648,831537362.1859643,0.000000,"{""user_lock_acquisitions"": 0}",2026-08-12T05:39:47Z
exp2_scaling,synthetic,no_lock,10,warmup,1,21,0.457574,145643126.3132772,831537362.1859643,82.485077,"{""user_lock_acquisitions"": 0}",2026-08-12T05:39:47Z
exp2_scaling,synthetic,batched_lock,10,warmup,1,22,0.010288,831537362.1859645,831537362.1859643,0.000000,"{""user_lock_acquisitions"": 500}",2026-08-12T05:39:47Z
exp2_scaling,synthetic,fp_sum_genexpr,10,warmup,1,23,0.009416,831537362.1859643,831537362.1859643,0.000000,"{""user_lock_acquisitions"": 0}",2026-08-12T05:39:47Z
exp2_scaling,synthetic,batched_lock,10,measured,23,24,0.010085,831537362.1859645,831537362.1859643,0.000000,"{""user_lock_acquisitions"": 500}",2026-08-12T05:39:47Z
exp2_scaling,synthetic,fp_reduce,10,measured,19,25,0.008875,831537362.1859647,831537362.1859643,0.000000,"{""user_lock_acquisitions"": 0}",2026-08-12T05:39:47Z
exp2_scaling,synthetic,batched_lock,10,measured,13,26,0.009773,831537362.1859645,831537362.1859643,0.000000,"{""user_lock_acquisitions"": 500}",2026-08-12T05:39:47Z
exp2_scaling,synthetic,no_lock,10,measured,27,27,0.462892,138396425.7326761,831537362.1859643,83.356560,"{""user_lock_acquisitions"": 0}",2026-08-12T05:39:48Z
exp2_scaling,synthetic,batched_lock,10,measured,12,28,0.010441,831537362.1859643,831537362.1859643,0.000000,"{""user_lock_acquisitions"": 500}",2026-08-12T05:39:48Z
exp2_scaling,synthetic,no_lock,10,measured,0,29,0.481012,138813504.41726467,831537362.1859643,83.306402,"{""user_lock_acquisitions"": 0}",2026-08-12T05:39:48Z
exp2_scaling,synthetic,fp_reduce,10,measured,17,30,0.009147,831537362.1859647,831537362.1859643,0.000000,"{""user_lock_acquisitions"": 0}",2026-08-12T05:39:48Z
exp2_scaling,synthetic,fp_sum_genexpr,10,measured,10,31,0.009628,831537362.1859643,831537362.1859643,0.000000,"{""user_lock_acquisitions"": 0}",2026-08-12T05:39:48Z
exp2_scaling,synthetic,no_lock,10,measured,15,32,0.490778,140303207.8308242,831537362.1859643,83.127251,"{""user_lock_acquisitions"": 0}",2026-08-12T05:39:49Z
exp2_scaling,synthetic,batched_lock,10,measured,9,33,0.010247,831537362.1859645,831537362.1859643,0.000000,"{""user_lock_acquisitions"": 500}",2026-08-12T05:39:49Z
exp2_scaling,synthetic,fine_lock,10,measured,24,34,0.490386,831537362.1859881,831537362.1859643,0.000000,"{""user_lock_acquisitions"": 500000}",2026-08-12T05:39:49Z
exp2_scaling,synthetic,imp_threadlocal,10,measured,0,35,0.009051,831537362.1859647,831537362.1859643,0.000000,"{""user_lock_acquisitions"": 0}",2026-08-12T05:39:49Z
exp2_scaling,synthetic,imp_threadlocal,10,measured,5,36,0.008663,831537362.1859647,831537362.1859643,0.000000,"{""user_lock_acquisitions"": 0}",2026-08-12T05:39:49Z
exp2_scaling,synthetic,coarse_lock,10,measured,5,37,0.008536,831537362.1859648,831537362.1859643,0.000000,"{""user_lock_acquisitions"": 10}",2026-08-12T05:39:49Z
exp2_scaling,synthetic,imp_threadlocal,10,measured,6,38,0.008488,831537362.1859647,831537362.1859643,0.000000,"{""user_lock_acquisitions"": 0}",2026-08-12T05:39:49Z
exp2_scaling,synthetic,queue_agg,10,measured,24,39,0.008556,831537362.1859648,831537362.1859643,0.000000,"{""user_lock_acquisitions"": 0}",2026-08-12T05:39:49Z
exp2_scaling,synthetic,queue_agg,10,measured,10,40,0.008982,831537362.1859648,831537362.1859643,0.000000,"{""user_lock_acquisitions"": 0}",2026-08-12T05:39:49Z
exp2_scaling,synthetic,fp_reduce,10,measured,14,41,0.008794,831537362.1859647,831537362.1859643,0.000000,"{""user_lock_acquisitions"": 0}",2026-08-12T05:39:49Z
exp2_scaling,synthetic,coarse_lock,10,measured,28,42,0.008592,831537362.1859648,831537362.1859643,0.000000,"{""user_lock_acquisitions"": 10}",2026-08-12T05:39:49Z
exp2_scaling,synthetic,fp_sum_genexpr,10,measured,1,43,0.009278,831537362.1859643,831537362.1859643,0.000000,"{""user_lock_acquisitions"": 0}",2026-08-12T05:39:49Z
exp2_scaling,synthetic,no_lock,10,measured,13,44,0.452889,143947542.3083562,831537362.1859643,82.688987,"{""user_lock_acquisitions"": 0}",2026-08-12T05:39:50Z
exp2_scaling,synthetic,fine_lock,10,measured,20,45,0.514880,831537362.1859862,831537362.1859643,0.000000,"{""user_lock_acquisitions"": 500000}",2026-08-12T05:39:50Z
exp2_scaling,synthetic,no_lock,10,measured,2,46,0.467132,141455528.7199259,831537362.1859643,82.988674,"{""user_lock_acquisitions"": 0}",2026-08-12T05:39:51Z
exp2_scaling,synthetic,coarse_lock,10,measured,22,47,0.009229,831537362.1859648,831537362.1859643,0.000000,"{""user_lock_acquisitions"": 10}",2026-08-12T05:39:51Z
exp2_scaling,synthetic,fp_reduce,10,measured,5,48,0.008859,831537362.1859647,831537362.1859643,0.000000,"{""user_lock_acquisitions"": 0}",2026-08-12T05:39:51Z
exp2_scaling,synthetic,fp_reduce,10,measured,2,49,0.008924,831537362.1859647,831537362.1859643,0.000000,"{""user_lock_acquisitions"": 0}",2026-08-12T05:39:51Z
exp2_scaling,synthetic,batched_lock,10,measured,24,50,0.010082,831537362.1859645,831537362.1859643,0.000000,"{""user_lock_acquisitions"": 500}",2026-08-12T05:39:51Z
exp2_scaling,synthetic,fine_lock,10,measured,25,51,0.516435,831537362.185985,831537362.1859643,0.000000,"{""user_lock_acquisitions"": 500000}",2026-08-12T05:39:51Z
exp2_scaling,synthetic,imp_threadlocal,10,measured,19,52,0.009021,831537362.1859647,831537362.1859643,0.000000,"{""user_lock_acquisitions"": 0}",2026-08-12T05:39:51Z
exp2_scaling,synthetic,queue_agg,10,measured,13,53,0.008746,831537362.1859647,831537362.1859643,0.000000,"{""user_lock_acquisitions"": 0}",2026-08-12T05:39:51Z
exp2_scaling,synthetic,no_lock,10,measured,16,54,0.468441,141478393.8294719,831537362.1859643,82.985925,"{""user_lock_acquisitions"": 0}",2026-08-12T05:39:52Z
exp2_scaling,synthetic,coarse_lock,10,measured,1,55,0.008916,831537362.1859647,831537362.1859643,0.000000,"{""user_lock_acquisitions"": 10}",2026-08-12T05:39:52Z
exp2_scaling,synthetic,no_lock,10,measured,18,56,0.495460,142699505.56322148,831537362.1859643,82.839075,"{""user_lock_acquisitions"": 0}",2026-08-12T05:39:52Z
exp2_scaling,synthetic,fine_lock,10,measured,12,57,0.523179,831537362.1859854,831537362.1859643,0.000000,"{""user_lock_acquisitions"": 500000}",2026-08-12T05:39:53Z
exp2_scaling,synthetic,batched_lock,10,measured,25,58,0.010410,831537362.1859645,831537362.1859643,0.000000,"{""user_lock_acquisitions"": 500}",2026-08-12T05:39:53Z
exp2_scaling,synthetic,batched_lock,10,measured,17,59,0.010361,831537362.1859645,831537362.1859643,0.000000,"{""user_lock_acquisitions"": 500}",2026-08-12T05:39:53Z
exp2_scaling,synthetic,batched_lock,10,measured,27,60,0.010299,831537362.1859646,831537362.1859643,0.000000,"{""user_lock_acquisitions"": 500}",2026-08-12T05:39:53Z
exp2_scaling,synthetic,imp_threadlocal,10,measured,20,61,0.009065,831537362.1859647,831537362.1859643,0.000000,"{""user_lock_acquisitions"": 0}",2026-08-12T05:39:53Z
exp2_scaling,synthetic,coarse_lock,10,measured,11,62,0.009094,831537362.1859648,831537362.1859643,0.000000,"{""user_lock_acquisitions"": 10}",2026-08-12T05:39:53Z
exp2_scaling,synthetic,batched_lock,10,measured,0,63,0.010503,831537362.1859643,831537362.1859643,0.000000,"{""user_lock_acquisitions"": 500}",2026-08-12T05:39:53Z
exp2_scaling,synthetic,imp_threadlocal,10,measured,12,64,0.009225,831537362.1859647,831537362.1859643,0.000000,"{""user_lock_acquisitions"": 0}",2026-08-12T05:39:53Z
exp2_scaling,synthetic,fine_lock,10,measured,2,65,0.503644,831537362.1859853,831537362.1859643,0.000000,"{""user_lock_acquisitions"": 500000}",2026-08-12T05:39:53Z
exp2_scaling,synthetic,batched_lock,10,measured,28,66,0.010375,831537362.1859643,831537362.1859643,0.000000,"{""user_lock_acquisitions"": 500}",2026-08-12T05:39:53Z
exp2_scaling,synthetic,no_lock,10,measured,21,67,0.557986,140718296.13839495,831537362.1859643,83.077333,"{""user_lock_acquisitions"": 0}",2026-08-12T05:39:54Z
exp2_scaling,synthetic,batched_lock,10,measured,3,68,0.010416,831537362.1859645,831537362.1859643,0.000000,"{""user_lock_acquisitions"": 500}",2026-08-12T05:39:54Z
exp2_scaling,synthetic,no_lock,10,measured,26,69,0.477862,142381796.9948067,831537362.1859643,82.877282,"{""user_lock_acquisitions"": 0}",2026-08-12T05:39:54Z
exp2_scaling,synthetic,batched_lock,10,measured,16,70,0.010209,831537362.1859645,831537362.1859643,0.000000,"{""user_lock_acquisitions"": 500}",2026-08-12T05:39:54Z
exp2_scaling,synthetic,fp_sum_genexpr,10,measured,27,71,0.009738,831537362.1859643,831537362.1859643,0.000000,"{""user_lock_acquisitions"": 0}",2026-08-12T05:39:54Z
exp2_scaling,synthetic,fp_reduce,10,measured,0,72,0.008766,831537362.1859647,831537362.1859643,0.000000,"{""user_lock_acquisitions"": 0}",2026-08-12T05:39:54Z
exp2_scaling,synthetic,queue_agg,10,measured,19,73,0.010386,831537362.1859647,831537362.1859643,0.000000,"{""user_lock_acquisitions"": 0}",2026-08-12T05:39:54Z
exp2_scaling,synthetic,queue_agg,10,measured,21,74,0.009014,831537362.1859647,831537362.1859643,0.000000,"{""user_lock_acquisitions"": 0}",2026-08-12T05:39:54Z
exp2_scaling,synthetic,coarse_lock,10,measured,13,75,0.008735,831537362.1859648,831537362.1859643,0.000000,"{""user_lock_acquisitions"": 10}",2026-08-12T05:39:54Z
exp2_scaling,synthetic,no_lock,10,measured,5,76,0.480816,140634021.21124548,831537362.1859643,83.087468,"{""user_lock_acquisitions"": 0}",2026-08-12T05:39:55Z
exp2_scaling,synthetic,imp_threadlocal,10,measured,18,77,0.008820,831537362.1859647,831537362.1859643,0.000000,"{""user_lock_acquisitions"": 0}",2026-08-12T05:39:55Z
exp2_scaling,synthetic,no_lock,10,measured,10,78,0.478793,142405170.08107722,831537362.1859643,82.874471,"{""user_lock_acquisitions"": 0}",2026-08-12T05:39:55Z
exp2_scaling,synthetic,fp_reduce,10,measured,3,79,0.009054,831537362.1859647,831537362.1859643,0.000000,"{""user_lock_acquisitions"": 0}",2026-08-12T05:39:55Z
exp2_scaling,synthetic,coarse_lock,10,measured,2,80,0.008646,831537362.1859647,831537362.1859643,0.000000,"{""user_lock_acquisitions"": 10}",2026-08-12T05:39:55Z
exp2_scaling,synthetic,fp_sum_genexpr,10,measured,17,81,0.009377,831537362.1859643,831537362.1859643,0.000000,"{""user_lock_acquisitions"": 0}",2026-08-12T05:39:55Z
exp2_scaling,synthetic,batched_lock,10,measured,2,82,0.009912,831537362.1859645,831537362.1859643,0.000000,"{""user_lock_acquisitions"": 500}",2026-08-12T05:39:55Z
exp2_scaling,synthetic,batched_lock,10,measured,10,83,0.009876,831537362.1859643,831537362.1859643,0.000000,"{""user_lock_acquisitions"": 500}",2026-08-12T05:39:55Z
exp2_scaling,synthetic,fp_reduce,10,measured,6,84,0.008482,831537362.1859647,831537362.1859643,0.000000,"{""user_lock_acquisitions"": 0}",2026-08-12T05:39:55Z
exp2_scaling,synthetic,fp_sum_genexpr,10,measured,9,85,0.009103,831537362.1859643,831537362.1859643,0.000000,"{""user_lock_acquisitions"": 0}",2026-08-12T05:39:55Z
exp2_scaling,synthetic,coarse_lock,10,measured,10,86,0.008555,831537362.1859648,831537362.1859643,0.000000,"{""user_lock_acquisitions"": 10}",2026-08-12T05:39:55Z
exp2_scaling,synthetic,batched_lock,10,measured,18,87,0.009958,831537362.1859643,831537362.1859643,0.000000,"{""user_lock_acquisitions"": 500}",2026-08-12T05:39:56Z
exp2_scaling,synthetic,imp_threadlocal,10,measured,4,88,0.008501,831537362.1859647,831537362.1859643,0.000000,"{""user_lock_acquisitions"": 0}",2026-08-12T05:39:56Z
exp2_scaling,synthetic,coarse_lock,10,measured,19,89,0.008635,831537362.1859648,831537362.1859643,0.000000,"{""user_lock_acquisitions"": 10}",2026-08-12T05:39:56Z
exp2_scaling,synthetic,no_lock,10,measured,9,90,0.467630,140821697.8327875,831537362.1859643,83.064898,"{""user_lock_acquisitions"": 0}",2026-08-12T05:39:56Z
exp2_scaling,synthetic,fp_sum_genexpr,10,measured,25,91,0.009380,831537362.1859643,831537362.1859643,0.000000,"{""user_lock_acquisitions"": 0}",2026-08-12T05:39:56Z
exp2_scaling,synthetic,coarse_lock,10,measured,20,92,0.008841,831537362.1859648,831537362.1859643,0.000000,"{""user_lock_acquisitions"": 10}",2026-08-12T05:39:56Z
exp2_scaling,synthetic,no_lock,10,measured,29,93,0.479726,139450172.38881937,831537362.1859643,83.229837,"{""user_lock_acquisitions"": 0}",2026-08-12T05:39:56Z
exp2_scaling,synthetic,coarse_lock,10,measured,15,94,0.008950,831537362.1859648,831537362.1859643,0.000000,"{""user_lock_acquisitions"": 10}",2026-08-12T05:39:56Z
exp2_scaling,synthetic,coarse_lock,10,measured,25,95,0.008651,831537362.1859648,831537362.1859643,0.000000,"{""user_lock_acquisitions"": 10}",2026-08-12T05:39:57Z
exp2_scaling,synthetic,fp_sum_genexpr,10,measured,19,96,0.009229,831537362.1859643,831537362.1859643,0.000000,"{""user_lock_acquisitions"": 0}",2026-08-12T05:39:57Z
exp2_scaling,synthetic,coarse_lock,10,measured,29,97,0.008885,831537362.1859647,831537362.1859643,0.000000,"{""user_lock_acquisitions"": 10}",2026-08-12T05:39:57Z
exp2_scaling,synthetic,imp_threadlocal,10,measured,10,98,0.008831,831537362.1859647,831537362.1859643,0.000000,"{""user_lock_acquisitions"": 0}",2026-08-12T05:39:57Z
exp2_scaling,synthetic,imp_threadlocal,10,measured,22,99,0.008611,831537362.1859647,831537362.1859643,0.000000,"{""user_lock_acquisitions"": 0}",2026-08-12T05:39:57Z
exp2_scaling,synthetic,batched_lock,10,measured,19,100,0.010029,831537362.1859643,831537362.1859643,0.000000,"{""user_lock_acquisitions"": 500}",2026-08-12T05:39:57Z
exp2_scaling,synthetic,no_lock,10,measured,25,101,0.481956,143265260.4400821,831537362.1859643,82.771037,"{""user_lock_acquisitions"": 0}",2026-08-12T05:39:57Z
exp2_scaling,synthetic,no_lock,10,measured,28,102,0.463317,144704127.76120633,831537362.1859643,82.598000,"{""user_lock_acquisitions"": 0}",2026-08-12T05:39:57Z
exp2_scaling,synthetic,fp_sum_genexpr,10,measured,29,103,0.009582,831537362.1859643,831537362.1859643,0.000000,"{""user_lock_acquisitions"": 0}",2026-08-12T05:39:58Z
exp2_scaling,synthetic,queue_agg,10,measured,17,104,0.009014,831537362.1859648,831537362.1859643,0.000000,"{""user_lock_acquisitions"": 0}",2026-08-12T05:39:58Z
exp2_scaling,synthetic,queue_agg,10,measured,14,105,0.008882,831537362.1859647,831537362.1859643,0.000000,"{""user_lock_acquisitions"": 0}",2026-08-12T05:39:58Z
exp2_scaling,synthetic,fine_lock,10,measured,22,106,0.506401,831537362.1859862,831537362.1859643,0.000000,"{""user_lock_acquisitions"": 500000}",2026-08-12T05:39:58Z
exp2_scaling,synthetic,batched_lock,10,measured,8,107,0.010421,831537362.1859645,831537362.1859643,0.000000,"{""user_lock_acquisitions"": 500}",2026-08-12T05:39:58Z
exp2_scaling,synthetic,coarse_lock,10,measured,27,108,0.008739,831537362.1859648,831537362.1859643,0.000000,"{""user_lock_acquisitions"": 10}",2026-08-12T05:39:58Z
exp2_scaling,synthetic,no_lock,10,measured,1,109,0.478172,147215561.20676807,831537362.1859643,82.295978,"{""user_lock_acquisitions"": 0}",2026-08-12T05:39:59Z
exp2_scaling,synthetic,queue_agg,10,measured,25,110,0.008993,831537362.1859648,831537362.1859643,0.000000,"{""user_lock_acquisitions"": 0}",2026-08-12T05:39:59Z
exp2_scaling,synthetic,queue_agg,10,measured,18,111,0.008766,831537362.1859647,831537362.1859643,0.000000,"{""user_lock_acquisitions"": 0}",2026-08-12T05:39:59Z
exp2_scaling,synthetic,fine_lock,10,measured,6,112,0.500550,831537362.1859883,831537362.1859643,0.000000,"{""user_lock_acquisitions"": 500000}",2026-08-12T05:39:59Z
exp2_scaling,synthetic,no_lock,10,measured,11,113,0.485409,142290989.32306436,831537362.1859643,82.888203,"{""user_lock_acquisitions"": 0}",2026-08-12T05:40:00Z
exp2_scaling,synthetic,fine_lock,10,measured,11,114,0.513715,831537362.1859872,831537362.1859643,0.000000,"{""user_lock_acquisitions"": 500000}",2026-08-12T05:40:00Z
exp2_scaling,synthetic,fine_lock,10,measured,1,115,0.512605,831537362.1859872,831537362.1859643,0.000000,"{""user_lock_acquisitions"": 500000}",2026-08-12T05:40:01Z
exp2_scaling,synthetic,imp_threadlocal,10,measured,1,116,0.008903,831537362.1859647,831537362.1859643,0.000000,"{""user_lock_acquisitions"": 0}",2026-08-12T05:40:01Z
exp2_scaling,synthetic,fp_sum_genexpr,10,measured,16,117,0.009642,831537362.1859643,831537362.1859643,0.000000,"{""user_lock_acquisitions"": 0}",2026-08-12T05:40:01Z
exp2_scaling,synthetic,imp_threadlocal,10,measured,26,118,0.008873,831537362.1859647,831537362.1859643,0.000000,"{""user_lock_acquisitions"": 0}",2026-08-12T05:40:01Z
exp2_scaling,synthetic,imp_threadlocal,10,measured,27,119,0.008908,831537362.1859647,831537362.1859643,0.000000,"{""user_lock_acquisitions"": 0}",2026-08-12T05:40:01Z
exp2_scaling,synthetic,fine_lock,10,measured,23,120,0.501546,831537362.1859872,831537362.1859643,0.000000,"{""user_lock_acquisitions"": 500000}",2026-08-12T05:40:01Z
exp2_scaling,synthetic,queue_agg,10,measured,23,121,0.008869,831537362.1859648,831537362.1859643,0.000000,"{""user_lock_acquisitions"": 0}",2026-08-12T05:40:01Z
exp2_scaling,synthetic,fp_sum_genexpr,10,measured,2,122,0.009773,831537362.1859643,831537362.1859643,0.000000,"{""user_lock_acquisitions"": 0}",2026-08-12T05:40:01Z
exp2_scaling,synthetic,fp_sum_genexpr,10,measured,3,123,0.009686,831537362.1859643,831537362.1859643,0.000000,"{""user_lock_acquisitions"": 0}",2026-08-12T05:40:01Z
exp2_scaling,synthetic,coarse_lock,10,measured,7,124,0.008598,831537362.1859648,831537362.1859643,0.000000,"{""user_lock_acquisitions"": 10}",2026-08-12T05:40:01Z
exp2_scaling,synthetic,queue_agg,10,measured,22,125,0.008746,831537362.1859647,831537362.1859643,0.000000,"{""user_lock_acquisitions"": 0}",2026-08-12T05:40:01Z
exp2_scaling,synthetic,queue_agg,10,measured,7,126,0.008377,831537362.1859647,831537362.1859643,0.000000,"{""user_lock_acquisitions"": 0}",2026-08-12T05:40:01Z
exp2_scaling,synthetic,batched_lock,10,measured,15,127,0.009884,831537362.1859643,831537362.1859643,0.000000,"{""user_lock_acquisitions"": 500}",2026-08-12T05:40:01Z
exp2_scaling,synthetic,queue_agg,10,measured,6,128,0.008542,831537362.1859647,831537362.1859643,0.000000,"{""user_lock_acquisitions"": 0}",2026-08-12T05:40:01Z
exp2_scaling,synthetic,batched_lock,10,measured,22,129,0.010057,831537362.1859642,831537362.1859643,0.000000,"{""user_lock_acquisitions"": 500}",2026-08-12T05:40:01Z
exp2_scaling,synthetic,queue_agg,10,measured,26,130,0.008826,831537362.1859648,831537362.1859643,0.000000,"{""user_lock_acquisitions"": 0}",2026-08-12T05:40:01Z
exp2_scaling,synthetic,fp_sum_genexpr,10,measured,11,131,0.009257,831537362.1859643,831537362.1859643,0.000000,"{""user_lock_acquisitions"": 0}",2026-08-12T05:40:01Z
exp2_scaling,synthetic,fp_reduce,10,measured,24,132,0.009298,831537362.1859647,831537362.1859643,0.000000,"{""user_lock_acquisitions"": 0}",2026-08-12T05:40:01Z
exp2_scaling,synthetic,queue_agg,10,measured,20,133,0.009328,831537362.1859648,831537362.1859643,0.000000,"{""user_lock_acquisitions"": 0}",2026-08-12T05:40:01Z
exp2_scaling,synthetic,batched_lock,10,measured,5,134,0.010712,831537362.1859645,831537362.1859643,0.000000,"{""user_lock_acquisitions"": 500}",2026-08-12T05:40:01Z
exp2_scaling,synthetic,no_lock,10,measured,4,135,0.495693,143172929.49501833,831537362.1859643,82.782141,"{""user_lock_acquisitions"": 0}",2026-08-12T05:40:02Z
exp2_scaling,synthetic,fine_lock,10,measured,3,136,0.512761,831537362.1859872,831537362.1859643,0.000000,"{""user_lock_acquisitions"": 500000}",2026-08-12T05:40:02Z
exp2_scaling,synthetic,coarse_lock,10,measured,14,137,0.009056,831537362.1859648,831537362.1859643,0.000000,"{""user_lock_acquisitions"": 10}",2026-08-12T05:40:02Z
exp2_scaling,synthetic,no_lock,10,measured,24,138,0.498455,139639834.47405797,831537362.1859643,83.207028,"{""user_lock_acquisitions"": 0}",2026-08-12T05:40:03Z
exp2_scaling,synthetic,coarse_lock,10,measured,24,139,0.009073,831537362.1859648,831537362.1859643,0.000000,"{""user_lock_acquisitions"": 10}",2026-08-12T05:40:03Z
exp2_scaling,synthetic,fine_lock,10,measured,4,140,0.521242,831537362.1859875,831537362.1859643,0.000000,"{""user_lock_acquisitions"": 500000}",2026-08-12T05:40:03Z
exp2_scaling,synthetic,queue_agg,10,measured,5,141,0.008984,831537362.1859648,831537362.1859643,0.000000,"{""user_lock_acquisitions"": 0}",2026-08-12T05:40:03Z
exp2_scaling,synthetic,batched_lock,10,measured,21,142,0.010058,831537362.1859645,831537362.1859643,0.000000,"{""user_lock_acquisitions"": 500}",2026-08-12T05:40:03Z
exp2_scaling,synthetic,no_lock,10,measured,20,143,0.481029,141471307.50808203,831537362.1859643,82.986777,"{""user_lock_acquisitions"": 0}",2026-08-12T05:40:04Z
exp2_scaling,synthetic,queue_agg,10,measured,27,144,0.008748,831537362.1859647,831537362.1859643,0.000000,"{""user_lock_acquisitions"": 0}",2026-08-12T05:40:04Z
exp2_scaling,synthetic,imp_threadlocal,10,measured,17,145,0.009010,831537362.1859647,831537362.1859643,0.000000,"{""user_lock_acquisitions"": 0}",2026-08-12T05:40:04Z
exp2_scaling,synthetic,fine_lock,10,measured,10,146,0.501232,831537362.1859833,831537362.1859643,0.000000,"{""user_lock_acquisitions"": 500000}",2026-08-12T05:40:04Z
exp2_scaling,synthetic,fp_sum_genexpr,10,measured,21,147,0.009562,831537362.1859643,831537362.1859643,0.000000,"{""user_lock_acquisitions"": 0}",2026-08-12T05:40:04Z
exp2_scaling,synthetic,fine_lock,10,measured,14,148,0.509234,831537362.1859903,831537362.1859643,0.000000,"{""user_lock_acquisitions"": 500000}",2026-08-12T05:40:05Z
exp2_scaling,synthetic,fp_reduce,10,measured,28,149,0.009137,831537362.1859647,831537362.1859643,0.000000,"{""user_lock_acquisitions"": 0}",2026-08-12T05:40:05Z
exp2_scaling,synthetic,queue_agg,10,measured,0,150,0.008813,831537362.1859647,831537362.1859643,0.000000,"{""user_lock_acquisitions"": 0}",2026-08-12T05:40:05Z
exp2_scaling,synthetic,fp_sum_genexpr,10,measured,23,151,0.009274,831537362.1859643,831537362.1859643,0.000000,"{""user_lock_acquisitions"": 0}",2026-08-12T05:40:05Z
exp2_scaling,synthetic,no_lock,10,measured,23,152,0.481694,142479468.52672616,831537362.1859643,82.865536,"{""user_lock_acquisitions"": 0}",2026-08-12T05:40:05Z
exp2_scaling,synthetic,fp_reduce,10,measured,22,153,0.009303,831537362.1859647,831537362.1859643,0.000000,"{""user_lock_acquisitions"": 0}",2026-08-12T05:40:05Z
exp2_scaling,synthetic,fp_reduce,10,measured,7,154,0.008681,831537362.1859647,831537362.1859643,0.000000,"{""user_lock_acquisitions"": 0}",2026-08-12T05:40:05Z
exp2_scaling,synthetic,fine_lock,10,measured,9,155,0.506771,831537362.1859884,831537362.1859643,0.000000,"{""user_lock_acquisitions"": 500000}",2026-08-12T05:40:06Z
exp2_scaling,synthetic,coarse_lock,10,measured,17,156,0.009084,831537362.1859648,831537362.1859643,0.000000,"{""user_lock_acquisitions"": 10}",2026-08-12T05:40:06Z
exp2_scaling,synthetic,fine_lock,10,measured,28,157,0.513646,831537362.1859928,831537362.1859643,0.000000,"{""user_lock_acquisitions"": 500000}",2026-08-12T05:40:06Z
exp2_scaling,synthetic,fp_reduce,10,measured,8,158,0.009169,831537362.1859647,831537362.1859643,0.000000,"{""user_lock_acquisitions"": 0}",2026-08-12T05:40:06Z
exp2_scaling,synthetic,imp_threadlocal,10,measured,21,159,0.008783,831537362.1859647,831537362.1859643,0.000000,"{""user_lock_acquisitions"": 0}",2026-08-12T05:40:06Z
exp2_scaling,synthetic,coarse_lock,10,measured,0,160,0.008731,831537362.1859647,831537362.1859643,0.000000,"{""user_lock_acquisitions"": 10}",2026-08-12T05:40:06Z
exp2_scaling,synthetic,fp_reduce,10,measured,25,161,0.008612,831537362.1859647,831537362.1859643,0.000000,"{""user_lock_acquisitions"": 0}",2026-08-12T05:40:06Z
exp2_scaling,synthetic,coarse_lock,10,measured,8,162,0.008851,831537362.1859648,831537362.1859643,0.000000,"{""user_lock_acquisitions"": 10}",2026-08-12T05:40:06Z
exp2_scaling,synthetic,fp_sum_genexpr,10,measured,6,163,0.009438,831537362.1859643,831537362.1859643,0.000000,"{""user_lock_acquisitions"": 0}",2026-08-12T05:40:06Z
exp2_scaling,synthetic,no_lock,10,measured,8,164,0.469376,143887442.76450408,831537362.1859643,82.696214,"{""user_lock_acquisitions"": 0}",2026-08-12T05:40:07Z
exp2_scaling,synthetic,fp_sum_genexpr,10,measured,22,165,0.009723,831537362.1859643,831537362.1859643,0.000000,"{""user_lock_acquisitions"": 0}",2026-08-12T05:40:07Z
exp2_scaling,synthetic,no_lock,10,measured,17,166,0.472314,139971382.7295547,831537362.1859643,83.167157,"{""user_lock_acquisitions"": 0}",2026-08-12T05:40:07Z
exp2_scaling,synthetic,batched_lock,10,measured,29,167,0.010420,831537362.1859645,831537362.1859643,0.000000,"{""user_lock_acquisitions"": 500}",2026-08-12T05:40:07Z
exp2_scaling,synthetic,imp_threadlocal,10,measured,29,168,0.009071,831537362.1859647,831537362.1859643,0.000000,"{""user_lock_acquisitions"": 0}",2026-08-12T05:40:07Z
exp2_scaling,synthetic,fine_lock,10,measured,5,169,0.487660,831537362.1859854,831537362.1859643,0.000000,"{""user_lock_acquisitions"": 500000}",2026-08-12T05:40:08Z
exp2_scaling,synthetic,imp_threadlocal,10,measured,15,170,0.009258,831537362.1859647,831537362.1859643,0.000000,"{""user_lock_acquisitions"": 0}",2026-08-12T05:40:08Z
exp2_scaling,synthetic,fp_reduce,10,measured,18,171,0.008852,831537362.1859647,831537362.1859643,0.000000,"{""user_lock_acquisitions"": 0}",2026-08-12T05:40:08Z
exp2_scaling,synthetic,fine_lock,10,measured,17,172,0.518189,831537362.185986,831537362.1859643,0.000000,"{""user_lock_acquisitions"": 500000}",2026-08-12T05:40:08Z
exp2_scaling,synthetic,no_lock,10,measured,12,173,0.477200,141005430.2026329,831537362.1859643,83.042803,"{""user_lock_acquisitions"": 0}",2026-08-12T05:40:09Z
exp2_scaling,synthetic,imp_threadlocal,10,measured,9,174,0.009202,831537362.1859647,831537362.1859643,0.000000,"{""user_lock_acquisitions"": 0}",2026-08-12T05:40:09Z
exp2_scaling,synthetic,queue_agg,10,measured,8,175,0.008678,831537362.1859647,831537362.1859643,0.000000,"{""user_lock_acquisitions"": 0}",2026-08-12T05:40:09Z
exp2_scaling,synthetic,imp_threadlocal,10,measured,14,176,0.008678,831537362.1859647,831537362.1859643,0.000000,"{""user_lock_acquisitions"": 0}",2026-08-12T05:40:09Z
exp2_scaling,synthetic,batched_lock,10,measured,1,177,0.009961,831537362.1859643,831537362.1859643,0.000000,"{""user_lock_acquisitions"": 500}",2026-08-12T05:40:09Z
exp2_scaling,synthetic,queue_agg,10,measured,28,178,0.009257,831537362.1859647,831537362.1859643,0.000000,"{""user_lock_acquisitions"": 0}",2026-08-12T05:40:09Z
exp2_scaling,synthetic,imp_threadlocal,10,measured,23,179,0.008627,831537362.1859647,831537362.1859643,0.000000,"{""user_lock_acquisitions"": 0}",2026-08-12T05:40:09Z
exp2_scaling,synthetic,fp_reduce,10,measured,1,180,0.008480,831537362.1859647,831537362.1859643,0.000000,"{""user_lock_acquisitions"": 0}",2026-08-12T05:40:09Z
exp2_scaling,synthetic,fine_lock,10,measured,18,181,0.502093,831537362.1859895,831537362.1859643,0.000000,"{""user_lock_acquisitions"": 500000}",2026-08-12T05:40:09Z
exp2_scaling,synthetic,batched_lock,10,measured,11,182,0.010548,831537362.1859645,831537362.1859643,0.000000,"{""user_lock_acquisitions"": 500}",2026-08-12T05:40:09Z
exp2_scaling,synthetic,batched_lock,10,measured,20,183,0.010132,831537362.1859646,831537362.1859643,0.000000,"{""user_lock_acquisitions"": 500}",2026-08-12T05:40:09Z
exp2_scaling,synthetic,fp_reduce,10,measured,20,184,0.009060,831537362.1859647,831537362.1859643,0.000000,"{""user_lock_acquisitions"": 0}",2026-08-12T05:40:09Z
exp2_scaling,synthetic,fp_sum_genexpr,10,measured,5,185,0.009446,831537362.1859643,831537362.1859643,0.000000,"{""user_lock_acquisitions"": 0}",2026-08-12T05:40:10Z
exp2_scaling,synthetic,coarse_lock,10,measured,21,186,0.008976,831537362.1859647,831537362.1859643,0.000000,"{""user_lock_acquisitions"": 10}",2026-08-12T05:40:10Z
exp2_scaling,synthetic,fine_lock,10,measured,27,187,0.517130,831537362.1859877,831537362.1859643,0.000000,"{""user_lock_acquisitions"": 500000}",2026-08-12T05:40:10Z
exp2_scaling,synthetic,fp_sum_genexpr,10,measured,13,188,0.009621,831537362.1859643,831537362.1859643,0.000000,"{""user_lock_acquisitions"": 0}",2026-08-12T05:40:10Z
exp2_scaling,synthetic,no_lock,10,measured,3,189,0.471625,140722315.81481653,831537362.1859643,83.076850,"{""user_lock_acquisitions"": 0}",2026-08-12T05:40:11Z
exp2_scaling,synthetic,fp_sum_genexpr,10,measured,20,190,0.009753,831537362.1859643,831537362.1859643,0.000000,"{""user_lock_acquisitions"": 0}",2026-08-12T05:40:11Z
exp2_scaling,synthetic,queue_agg,10,measured,12,191,0.008648,831537362.1859648,831537362.1859643,0.000000,"{""user_lock_acquisitions"": 0}",2026-08-12T05:40:11Z
exp2_scaling,synthetic,fine_lock,10,measured,0,192,0.490714,831537362.1859856,831537362.1859643,0.000000,"{""user_lock_acquisitions"": 500000}",2026-08-12T05:40:11Z
exp2_scaling,synthetic,fp_reduce,10,measured,23,193,0.009189,831537362.1859647,831537362.1859643,0.000000,"{""user_lock_acquisitions"": 0}",2026-08-12T05:40:11Z
exp2_scaling,synthetic,fine_lock,10,measured,8,194,0.517517,831537362.1859848,831537362.1859643,0.000000,"{""user_lock_acquisitions"": 500000}",2026-08-12T05:40:12Z
exp2_scaling,synthetic,fp_reduce,10,measured,10,195,0.009029,831537362.1859647,831537362.1859643,0.000000,"{""user_lock_acquisitions"": 0}",2026-08-12T05:40:12Z
exp2_scaling,synthetic,fine_lock,10,measured,29,196,0.497886,831537362.1859863,831537362.1859643,0.000000,"{""user_lock_acquisitions"": 500000}",2026-08-12T05:40:12Z
exp2_scaling,synthetic,imp_threadlocal,10,measured,16,197,0.008963,831537362.1859647,831537362.1859643,0.000000,"{""user_lock_acquisitions"": 0}",2026-08-12T05:40:12Z
exp2_scaling,synthetic,imp_threadlocal,10,measured,3,198,0.008709,831537362.1859647,831537362.1859643,0.000000,"{""user_lock_acquisitions"": 0}",2026-08-12T05:40:12Z
exp2_scaling,synthetic,coarse_lock,10,measured,6,199,0.008665,831537362.1859648,831537362.1859643,0.000000,"{""user_lock_acquisitions"": 10}",2026-08-12T05:40:12Z
exp2_scaling,synthetic,fine_lock,10,measured,21,200,0.501862,831537362.1859866,831537362.1859643,0.000000,"{""user_lock_acquisitions"": 500000}",2026-08-12T05:40:13Z
exp2_scaling,synthetic,imp_threadlocal,10,measured,7,201,0.008825,831537362.1859647,831537362.1859643,0.000000,"{""user_lock_acquisitions"": 0}",2026-08-12T05:40:13Z
exp2_scaling,synthetic,fp_sum_genexpr,10,measured,15,202,0.009506,831537362.1859643,831537362.1859643,0.000000,"{""user_lock_acquisitions"": 0}",2026-08-12T05:40:13Z
exp2_scaling,synthetic,imp_threadlocal,10,measured,2,203,0.008803,831537362.1859647,831537362.1859643,0.000000,"{""user_lock_acquisitions"": 0}",2026-08-12T05:40:13Z
exp2_scaling,synthetic,fp_reduce,10,measured,16,204,0.008793,831537362.1859647,831537362.1859643,0.000000,"{""user_lock_acquisitions"": 0}",2026-08-12T05:40:13Z
exp2_scaling,synthetic,imp_threadlocal,10,measured,28,205,0.008617,831537362.1859647,831537362.1859643,0.000000,"{""user_lock_acquisitions"": 0}",2026-08-12T05:40:13Z
exp2_scaling,synthetic,fine_lock,10,measured,15,206,0.507032,831537362.1859874,831537362.1859643,0.000000,"{""user_lock_acquisitions"": 500000}",2026-08-12T05:40:13Z
exp2_scaling,synthetic,no_lock,10,measured,14,207,0.480122,144015082.08093816,831537362.1859643,82.680865,"{""user_lock_acquisitions"": 0}",2026-08-12T05:40:14Z
exp2_scaling,synthetic,fp_sum_genexpr,10,measured,12,208,0.009607,831537362.1859643,831537362.1859643,0.000000,"{""user_lock_acquisitions"": 0}",2026-08-12T05:40:14Z
exp2_scaling,synthetic,fp_sum_genexpr,10,measured,18,209,0.009365,831537362.1859643,831537362.1859643,0.000000,"{""user_lock_acquisitions"": 0}",2026-08-12T05:40:14Z
exp2_scaling,synthetic,coarse_lock,10,measured,18,210,0.008494,831537362.1859648,831537362.1859643,0.000000,"{""user_lock_acquisitions"": 10}",2026-08-12T05:40:14Z
exp2_scaling,synthetic,fp_reduce,10,measured,13,211,0.008477,831537362.1859647,831537362.1859643,0.000000,"{""user_lock_acquisitions"": 0}",2026-08-12T05:40:14Z
exp2_scaling,synthetic,fp_sum_genexpr,10,measured,26,212,0.009177,831537362.1859643,831537362.1859643,0.000000,"{""user_lock_acquisitions"": 0}",2026-08-12T05:40:14Z
exp2_scaling,synthetic,batched_lock,10,measured,14,213,0.009984,831537362.1859643,831537362.1859643,0.000000,"{""user_lock_acquisitions"": 500}",2026-08-12T05:40:14Z
exp2_scaling,synthetic,fp_reduce,10,measured,4,214,0.008603,831537362.1859647,831537362.1859643,0.000000,"{""user_lock_acquisitions"": 0}",2026-08-12T05:40:14Z
exp2_scaling,synthetic,coarse_lock,10,measured,23,215,0.008433,831537362.1859648,831537362.1859643,0.000000,"{""user_lock_acquisitions"": 10}",2026-08-12T05:40:14Z
exp2_scaling,synthetic,fp_reduce,10,measured,27,216,0.008664,831537362.1859647,831537362.1859643,0.000000,"{""user_lock_acquisitions"": 0}",2026-08-12T05:40:14Z
exp2_scaling,synthetic,fine_lock,10,measured,7,217,0.510221,831537362.1859871,831537362.1859643,0.000000,"{""user_lock_acquisitions"": 500000}",2026-08-12T05:40:14Z
exp2_scaling,synthetic,fp_sum_genexpr,10,measured,8,218,0.009858,831537362.1859643,831537362.1859643,0.000000,"{""user_lock_acquisitions"": 0}",2026-08-12T05:40:14Z
exp2_scaling,synthetic,imp_threadlocal,10,measured,13,219,0.008969,831537362.1859647,831537362.1859643,0.000000,"{""user_lock_acquisitions"": 0}",2026-08-12T05:40:14Z
exp2_scaling,synthetic,fine_lock,10,measured,26,220,0.517583,831537362.1859891,831537362.1859643,0.000000,"{""user_lock_acquisitions"": 500000}",2026-08-12T05:40:15Z
exp2_scaling,synthetic,imp_threadlocal,10,measured,24,221,0.008920,831537362.1859647,831537362.1859643,0.000000,"{""user_lock_acquisitions"": 0}",2026-08-12T05:40:15Z
exp2_scaling,synthetic,fp_reduce,10,measured,26,222,0.008671,831537362.1859647,831537362.1859643,0.000000,"{""user_lock_acquisitions"": 0}",2026-08-12T05:40:15Z
exp2_scaling,synthetic,fp_sum_genexpr,10,measured,14,223,0.009221,831537362.1859643,831537362.1859643,0.000000,"{""user_lock_acquisitions"": 0}",2026-08-12T05:40:15Z
exp2_scaling,synthetic,coarse_lock,10,measured,9,224,0.008532,831537362.1859648,831537362.1859643,0.000000,"{""user_lock_acquisitions"": 10}",2026-08-12T05:40:15Z
exp2_scaling,synthetic,coarse_lock,10,measured,4,225,0.008524,831537362.1859648,831537362.1859643,0.000000,"{""user_lock_acquisitions"": 10}",2026-08-12T05:40:15Z
exp2_scaling,synthetic,queue_agg,10,measured,15,226,0.008770,831537362.1859648,831537362.1859643,0.000000,"{""user_lock_acquisitions"": 0}",2026-08-12T05:40:15Z
exp2_scaling,synthetic,fp_sum_genexpr,10,measured,7,227,0.009022,831537362.1859643,831537362.1859643,0.000000,"{""user_lock_acquisitions"": 0}",2026-08-12T05:40:15Z
exp2_scaling,synthetic,coarse_lock,10,measured,26,228,0.008772,831537362.1859648,831537362.1859643,0.000000,"{""user_lock_acquisitions"": 10}",2026-08-12T05:40:15Z
exp2_scaling,synthetic,fp_reduce,10,measured,11,229,0.008661,831537362.1859647,831537362.1859643,0.000000,"{""user_lock_acquisitions"": 0}",2026-08-12T05:40:15Z
exp2_scaling,synthetic,imp_threadlocal,10,measured,11,230,0.008566,831537362.1859647,831537362.1859643,0.000000,"{""user_lock_acquisitions"": 0}",2026-08-12T05:40:15Z
exp2_scaling,synthetic,coarse_lock,10,measured,12,231,0.008752,831537362.1859648,831537362.1859643,0.000000,"{""user_lock_acquisitions"": 10}",2026-08-12T05:40:15Z
exp2_scaling,synthetic,fp_reduce,10,measured,29,232,0.008565,831537362.1859647,831537362.1859643,0.000000,"{""user_lock_acquisitions"": 0}",2026-08-12T05:40:15Z
exp2_scaling,synthetic,fp_reduce,10,measured,15,233,0.008463,831537362.1859647,831537362.1859643,0.000000,"{""user_lock_acquisitions"": 0}",2026-08-12T05:40:15Z
exp2_scaling,synthetic,no_lock,10,measured,7,234,0.479338,143082586.59413022,831537362.1859643,82.793006,"{""user_lock_acquisitions"": 0}",2026-08-12T05:40:15Z
exp2_scaling,synthetic,imp_threadlocal,10,measured,25,235,0.008944,831537362.1859647,831537362.1859643,0.000000,"{""user_lock_acquisitions"": 0}",2026-08-12T05:40:15Z
exp2_scaling,synthetic,queue_agg,10,measured,2,236,0.008649,831537362.1859647,831537362.1859643,0.000000,"{""user_lock_acquisitions"": 0}",2026-08-12T05:40:15Z
exp2_scaling,synthetic,fp_sum_genexpr,10,measured,24,237,0.009119,831537362.1859643,831537362.1859643,0.000000,"{""user_lock_acquisitions"": 0}",2026-08-12T05:40:15Z
exp2_scaling,synthetic,fp_reduce,10,measured,9,238,0.008682,831537362.1859647,831537362.1859643,0.000000,"{""user_lock_acquisitions"": 0}",2026-08-12T05:40:15Z
exp2_scaling,synthetic,fp_reduce,10,measured,21,239,0.008472,831537362.1859647,831537362.1859643,0.000000,"{""user_lock_acquisitions"": 0}",2026-08-12T05:40:15Z
exp2_scaling,synthetic,no_lock,10,measured,19,240,0.472188,140705220.45462736,831537362.1859643,83.078906,"{""user_lock_acquisitions"": 0}",2026-08-12T05:40:16Z
exp2_scaling,synthetic,fp_sum_genexpr,10,measured,0,241,0.009451,831537362.1859643,831537362.1859643,0.000000,"{""user_lock_acquisitions"": 0}",2026-08-12T05:40:16Z
exp2_scaling,synthetic,queue_agg,10,measured,11,242,0.009105,831537362.1859648,831537362.1859643,0.000000,"{""user_lock_acquisitions"": 0}",2026-08-12T05:40:16Z
exp2_scaling,synthetic,coarse_lock,10,measured,16,243,0.008859,831537362.1859647,831537362.1859643,0.000000,"{""user_lock_acquisitions"": 10}",2026-08-12T05:40:16Z
exp2_scaling,synthetic,queue_agg,10,measured,4,244,0.008693,831537362.1859648,831537362.1859643,0.000000,"{""user_lock_acquisitions"": 0}",2026-08-12T05:40:16Z
exp2_scaling,synthetic,fp_reduce,10,measured,12,245,0.008579,831537362.1859647,831537362.1859643,0.000000,"{""user_lock_acquisitions"": 0}",2026-08-12T05:40:16Z
exp2_scaling,synthetic,fp_sum_genexpr,10,measured,4,246,0.009362,831537362.1859643,831537362.1859643,0.000000,"{""user_lock_acquisitions"": 0}",2026-08-12T05:40:16Z
exp2_scaling,synthetic,queue_agg,10,measured,9,247,0.008577,831537362.1859647,831537362.1859643,0.000000,"{""user_lock_acquisitions"": 0}",2026-08-12T05:40:16Z
exp2_scaling,synthetic,batched_lock,10,measured,4,248,0.010116,831537362.1859645,831537362.1859643,0.000000,"{""user_lock_acquisitions"": 500}",2026-08-12T05:40:16Z
exp2_scaling,synthetic,queue_agg,10,measured,29,249,0.008542,831537362.1859647,831537362.1859643,0.000000,"{""user_lock_acquisitions"": 0}",2026-08-12T05:40:16Z
exp2_scaling,synthetic,fine_lock,10,measured,19,250,0.517976,831537362.1859889,831537362.1859643,0.000000,"{""user_lock_acquisitions"": 500000}",2026-08-12T05:40:16Z
exp2_scaling,synthetic,fine_lock,10,measured,13,251,0.516960,831537362.1859885,831537362.1859643,0.000000,"{""user_lock_acquisitions"": 500000}",2026-08-12T05:40:17Z
exp2_scaling,synthetic,queue_agg,10,measured,1,252,0.008916,831537362.1859648,831537362.1859643,0.000000,"{""user_lock_acquisitions"": 0}",2026-08-12T05:40:17Z
exp2_scaling,synthetic,queue_agg,10,measured,16,253,0.008705,831537362.1859648,831537362.1859643,0.000000,"{""user_lock_acquisitions"": 0}",2026-08-12T05:40:17Z
exp2_scaling,synthetic,batched_lock,10,measured,7,254,0.009959,831537362.1859645,831537362.1859643,0.000000,"{""user_lock_acquisitions"": 500}",2026-08-12T05:40:17Z
exp2_scaling,synthetic,batched_lock,10,measured,6,255,0.009709,831537362.1859642,831537362.1859643,0.000000,"{""user_lock_acquisitions"": 500}",2026-08-12T05:40:17Z
exp2_scaling,synthetic,fine_lock,10,measured,16,256,0.508390,831537362.1859844,831537362.1859643,0.000000,"{""user_lock_acquisitions"": 500000}",2026-08-12T05:40:18Z
exp2_scaling,synthetic,batched_lock,10,measured,26,257,0.010351,831537362.1859643,831537362.1859643,0.000000,"{""user_lock_acquisitions"": 500}",2026-08-12T05:40:18Z
exp2_scaling,synthetic,queue_agg,10,measured,3,258,0.009144,831537362.1859648,831537362.1859643,0.000000,"{""user_lock_acquisitions"": 0}",2026-08-12T05:40:18Z
exp2_scaling,synthetic,coarse_lock,10,measured,3,259,0.009047,831537362.1859648,831537362.1859643,0.000000,"{""user_lock_acquisitions"": 10}",2026-08-12T05:40:18Z
exp2_scaling,synthetic,fp_sum_genexpr,10,measured,28,260,0.009360,831537362.1859643,831537362.1859643,0.000000,"{""user_lock_acquisitions"": 0}",2026-08-12T05:40:18Z
exp2_scaling,synthetic,no_lock,10,measured,6,261,0.472561,141055895.48957393,831537362.1859643,83.036734,"{""user_lock_acquisitions"": 0}",2026-08-12T05:40:18Z
exp2_scaling,synthetic,imp_threadlocal,10,measured,8,262,0.008875,831537362.1859647,831537362.1859643,0.000000,"{""user_lock_acquisitions"": 0}",2026-08-12T05:40:18Z
exp2_scaling,synthetic,no_lock,10,measured,22,263,0.486385,140710849.96199992,831537362.1859643,83.078229,"{""user_lock_acquisitions"": 0}",2026-08-12T05:40:19Z
exp2_scaling,synthetic,fp_reduce,12,warmup,2,0,0.008284,831537362.1859664,831537362.1859643,0.000000,"{""user_lock_acquisitions"": 0}",2026-08-12T05:40:19Z
exp2_scaling,synthetic,imp_threadlocal,12,warmup,0,1,0.007756,831537362.1859664,831537362.1859643,0.000000,"{""user_lock_acquisitions"": 0}",2026-08-12T05:40:19Z
exp2_scaling,synthetic,fp_sum_genexpr,12,warmup,0,2,0.008132,831537362.1859645,831537362.1859643,0.000000,"{""user_lock_acquisitions"": 0}",2026-08-12T05:40:19Z
exp2_scaling,synthetic,coarse_lock,12,warmup,1,3,0.007591,831537362.1859664,831537362.1859643,0.000000,"{""user_lock_acquisitions"": 12}",2026-08-12T05:40:19Z
exp2_scaling,synthetic,fp_sum_genexpr,12,warmup,1,4,0.007902,831537362.1859645,831537362.1859643,0.000000,"{""user_lock_acquisitions"": 0}",2026-08-12T05:40:19Z
exp2_scaling,synthetic,coarse_lock,12,warmup,2,5,0.007386,831537362.1859663,831537362.1859643,0.000000,"{""user_lock_acquisitions"": 12}",2026-08-12T05:40:19Z
exp2_scaling,synthetic,queue_agg,12,warmup,2,6,0.007315,831537362.1859664,831537362.1859643,0.000000,"{""user_lock_acquisitions"": 0}",2026-08-12T05:40:19Z
exp2_scaling,synthetic,queue_agg,12,warmup,1,7,0.007397,831537362.1859664,831537362.1859643,0.000000,"{""user_lock_acquisitions"": 0}",2026-08-12T05:40:19Z
exp2_scaling,synthetic,no_lock,12,warmup,2,8,0.640575,115823770.13670576,831537362.1859643,86.071129,"{""user_lock_acquisitions"": 0}",2026-08-12T05:40:19Z
exp2_scaling,synthetic,fp_reduce,12,warmup,1,9,0.007865,831537362.1859664,831537362.1859643,0.000000,"{""user_lock_acquisitions"": 0}",2026-08-12T05:40:19Z
exp2_scaling,synthetic,no_lock,12,warmup,1,10,0.637392,119484755.51864032,831537362.1859643,85.630861,"{""user_lock_acquisitions"": 0}",2026-08-12T05:40:20Z
exp2_scaling,synthetic,fine_lock,12,warmup,1,11,0.623854,831537362.185963,831537362.1859643,0.000000,"{""user_lock_acquisitions"": 500000}",2026-08-12T05:40:20Z
exp2_scaling,synthetic,batched_lock,12,warmup,1,12,0.008731,831537362.185964,831537362.1859643,0.000000,"{""user_lock_acquisitions"": 504}",2026-08-12T05:40:21Z
exp2_scaling,synthetic,batched_lock,12,warmup,2,13,0.008663,831537362.1859641,831537362.1859643,0.000000,"{""user_lock_acquisitions"": 504}",2026-08-12T05:40:21Z
exp2_scaling,synthetic,fine_lock,12,warmup,2,14,0.628996,831537362.1859639,831537362.1859643,0.000000,"{""user_lock_acquisitions"": 500000}",2026-08-12T05:40:21Z
exp2_scaling,synthetic,batched_lock,12,warmup,0,15,0.008691,831537362.185964,831537362.1859643,0.000000,"{""user_lock_acquisitions"": 504}",2026-08-12T05:40:21Z
exp2_scaling,synthetic,imp_threadlocal,12,warmup,2,16,0.007755,831537362.1859664,831537362.1859643,0.000000,"{""user_lock_acquisitions"": 0}",2026-08-12T05:40:21Z
exp2_scaling,synthetic,coarse_lock,12,warmup,0,17,0.007522,831537362.1859664,831537362.1859643,0.000000,"{""user_lock_acquisitions"": 12}",2026-08-12T05:40:21Z
exp2_scaling,synthetic,imp_threadlocal,12,warmup,1,18,0.007388,831537362.1859664,831537362.1859643,0.000000,"{""user_lock_acquisitions"": 0}",2026-08-12T05:40:21Z
exp2_scaling,synthetic,no_lock,12,warmup,0,19,0.666967,117250596.16307488,831537362.1859643,85.899540,"{""user_lock_acquisitions"": 0}",2026-08-12T05:40:22Z
exp2_scaling,synthetic,queue_agg,12,warmup,0,20,0.008041,831537362.1859664,831537362.1859643,0.000000,"{""user_lock_acquisitions"": 0}",2026-08-12T05:40:22Z
exp2_scaling,synthetic,fp_reduce,12,warmup,0,21,0.007555,831537362.1859664,831537362.1859643,0.000000,"{""user_lock_acquisitions"": 0}",2026-08-12T05:40:22Z
exp2_scaling,synthetic,fine_lock,12,warmup,0,22,0.624348,831537362.1859665,831537362.1859643,0.000000,"{""user_lock_acquisitions"": 500000}",2026-08-12T05:40:22Z
exp2_scaling,synthetic,fp_sum_genexpr,12,warmup,2,23,0.008720,831537362.1859645,831537362.1859643,0.000000,"{""user_lock_acquisitions"": 0}",2026-08-12T05:40:22Z
exp2_scaling,synthetic,no_lock,12,measured,25,24,0.645939,116543793.60457957,831537362.1859643,85.984539,"{""user_lock_acquisitions"": 0}",2026-08-12T05:40:23Z
exp2_scaling,synthetic,fp_sum_genexpr,12,measured,2,25,0.008470,831537362.1859645,831537362.1859643,0.000000,"{""user_lock_acquisitions"": 0}",2026-08-12T05:40:23Z
exp2_scaling,synthetic,fp_reduce,12,measured,17,26,0.007749,831537362.1859664,831537362.1859643,0.000000,"{""user_lock_acquisitions"": 0}",2026-08-12T05:40:23Z
exp2_scaling,synthetic,coarse_lock,12,measured,20,27,0.007590,831537362.1859664,831537362.1859643,0.000000,"{""user_lock_acquisitions"": 12}",2026-08-12T05:40:23Z
exp2_scaling,synthetic,coarse_lock,12,measured,16,28,0.007579,831537362.1859664,831537362.1859643,0.000000,"{""user_lock_acquisitions"": 12}",2026-08-12T05:40:23Z
exp2_scaling,synthetic,queue_agg,12,measured,17,29,0.007612,831537362.1859664,831537362.1859643,0.000000,"{""user_lock_acquisitions"": 0}",2026-08-12T05:40:23Z
exp2_scaling,synthetic,coarse_lock,12,measured,25,30,0.007532,831537362.1859664,831537362.1859643,0.000000,"{""user_lock_acquisitions"": 12}",2026-08-12T05:40:23Z
exp2_scaling,synthetic,coarse_lock,12,measured,27,31,0.007720,831537362.1859664,831537362.1859643,0.000000,"{""user_lock_acquisitions"": 12}",2026-08-12T05:40:23Z
exp2_scaling,synthetic,queue_agg,12,measured,5,32,0.007364,831537362.1859664,831537362.1859643,0.000000,"{""user_lock_acquisitions"": 0}",2026-08-12T05:40:23Z
exp2_scaling,synthetic,coarse_lock,12,measured,21,33,0.007719,831537362.1859664,831537362.1859643,0.000000,"{""user_lock_acquisitions"": 12}",2026-08-12T05:40:23Z
exp2_scaling,synthetic,coarse_lock,12,measured,18,34,0.007346,831537362.1859664,831537362.1859643,0.000000,"{""user_lock_acquisitions"": 12}",2026-08-12T05:40:23Z
exp2_scaling,synthetic,no_lock,12,measured,21,35,0.638164,118413986.23410523,831537362.1859643,85.759631,"{""user_lock_acquisitions"": 0}",2026-08-12T05:40:24Z
exp2_scaling,synthetic,queue_agg,12,measured,11,36,0.007718,831537362.1859664,831537362.1859643,0.000000,"{""user_lock_acquisitions"": 0}",2026-08-12T05:40:24Z
exp2_scaling,synthetic,batched_lock,12,measured,26,37,0.008784,831537362.1859641,831537362.1859643,0.000000,"{""user_lock_acquisitions"": 504}",2026-08-12T05:40:24Z
exp2_scaling,synthetic,coarse_lock,12,measured,7,38,0.007649,831537362.1859664,831537362.1859643,0.000000,"{""user_lock_acquisitions"": 12}",2026-08-12T05:40:24Z
exp2_scaling,synthetic,no_lock,12,measured,18,39,0.757515,117196063.04499017,831537362.1859643,85.906098,"{""user_lock_acquisitions"": 0}",2026-08-12T05:40:25Z
exp2_scaling,synthetic,fine_lock,12,measured,23,40,0.616218,831537362.1859698,831537362.1859643,0.000000,"{""user_lock_acquisitions"": 500000}",2026-08-12T05:40:25Z
exp2_scaling,synthetic,coarse_lock,12,measured,26,41,0.007679,831537362.1859664,831537362.1859643,0.000000,"{""user_lock_acquisitions"": 12}",2026-08-12T05:40:25Z
exp2_scaling,synthetic,fp_reduce,12,measured,10,42,0.007767,831537362.1859664,831537362.1859643,0.000000,"{""user_lock_acquisitions"": 0}",2026-08-12T05:40:25Z
exp2_scaling,synthetic,fp_sum_genexpr,12,measured,8,43,0.008167,831537362.1859645,831537362.1859643,0.000000,"{""user_lock_acquisitions"": 0}",2026-08-12T05:40:25Z
exp2_scaling,synthetic,coarse_lock,12,measured,12,44,0.007381,831537362.1859664,831537362.1859643,0.000000,"{""user_lock_acquisitions"": 12}",2026-08-12T05:40:25Z
exp2_scaling,synthetic,coarse_lock,12,measured,1,45,0.007409,831537362.1859664,831537362.1859643,0.000000,"{""user_lock_acquisitions"": 12}",2026-08-12T05:40:25Z
exp2_scaling,synthetic,fine_lock,12,measured,9,46,0.617415,831537362.1859663,831537362.1859643,0.000000,"{""user_lock_acquisitions"": 500000}",2026-08-12T05:40:26Z
exp2_scaling,synthetic,batched_lock,12,measured,2,47,0.008801,831537362.1859641,831537362.1859643,0.000000,"{""user_lock_acquisitions"": 504}",2026-08-12T05:40:26Z
exp2_scaling,synthetic,queue_agg,12,measured,0,48,0.007600,831537362.1859664,831537362.1859643,0.000000,"{""user_lock_acquisitions"": 0}",2026-08-12T05:40:26Z
exp2_scaling,synthetic,fp_reduce,12,measured,28,49,0.007380,831537362.1859664,831537362.1859643,0.000000,"{""user_lock_acquisitions"": 0}",2026-08-12T05:40:26Z
exp2_scaling,synthetic,batched_lock,12,measured,14,50,0.008462,831537362.185964,831537362.1859643,0.000000,"{""user_lock_acquisitions"": 504}",2026-08-12T05:40:26Z
exp2_scaling,synthetic,fp_sum_genexpr,12,measured,13,51,0.008076,831537362.1859645,831537362.1859643,0.000000,"{""user_lock_acquisitions"": 0}",2026-08-12T05:40:26Z
exp2_scaling,synthetic,coarse_lock,12,measured,19,52,0.007448,831537362.1859664,831537362.1859643,0.000000,"{""user_lock_acquisitions"": 12}",2026-08-12T05:40:26Z
exp2_scaling,synthetic,fp_reduce,12,measured,2,53,0.007325,831537362.1859664,831537362.1859643,0.000000,"{""user_lock_acquisitions"": 0}",2026-08-12T05:40:26Z
exp2_scaling,synthetic,fine_lock,12,measured,22,54,0.610984,831537362.1859691,831537362.1859643,0.000000,"{""user_lock_acquisitions"": 500000}",2026-08-12T05:40:27Z
exp2_scaling,synthetic,fp_sum_genexpr,12,measured,17,55,0.008187,831537362.1859645,831537362.1859643,0.000000,"{""user_lock_acquisitions"": 0}",2026-08-12T05:40:27Z
exp2_scaling,synthetic,no_lock,12,measured,23,56,0.652705,119200289.93840574,831537362.1859643,85.665071,"{""user_lock_acquisitions"": 0}",2026-08-12T05:40:27Z
exp2_scaling,synthetic,coarse_lock,12,measured,15,57,0.007901,831537362.1859664,831537362.1859643,0.000000,"{""user_lock_acquisitions"": 12}",2026-08-12T05:40:27Z
exp2_scaling,synthetic,coarse_lock,12,measured,17,58,0.007614,831537362.1859664,831537362.1859643,0.000000,"{""user_lock_acquisitions"": 12}",2026-08-12T05:40:27Z
exp2_scaling,synthetic,queue_agg,12,measured,16,59,0.007311,831537362.1859664,831537362.1859643,0.000000,"{""user_lock_acquisitions"": 0}",2026-08-12T05:40:27Z
exp2_scaling,synthetic,fp_reduce,12,measured,26,60,0.007393,831537362.1859664,831537362.1859643,0.000000,"{""user_lock_acquisitions"": 0}",2026-08-12T05:40:27Z
exp2_scaling,synthetic,fine_lock,12,measured,16,61,0.611975,831537362.185967,831537362.1859643,0.000000,"{""user_lock_acquisitions"": 500000}",2026-08-12T05:40:28Z
exp2_scaling,synthetic,queue_agg,12,measured,9,62,0.008000,831537362.1859664,831537362.1859643,0.000000,"{""user_lock_acquisitions"": 0}",2026-08-12T05:40:28Z
exp2_scaling,synthetic,fp_sum_genexpr,12,measured,21,63,0.007970,831537362.1859645,831537362.1859643,0.000000,"{""user_lock_acquisitions"": 0}",2026-08-12T05:40:28Z
exp2_scaling,synthetic,no_lock,12,measured,16,64,0.651503,116175390.85564171,831537362.1859643,86.028843,"{""user_lock_acquisitions"": 0}",2026-08-12T05:40:29Z
exp2_scaling,synthetic,coarse_lock,12,measured,3,65,0.007772,831537362.1859663,831537362.1859643,0.000000,"{""user_lock_acquisitions"": 12}",2026-08-12T05:40:29Z
exp2_scaling,synthetic,queue_agg,12,measured,26,66,0.007704,831537362.1859663,831537362.1859643,0.000000,"{""user_lock_acquisitions"": 0}",2026-08-12T05:40:29Z
exp2_scaling,synthetic,fine_lock,12,measured,3,67,0.612171,831537362.1859696,831537362.1859643,0.000000,"{""user_lock_acquisitions"": 500000}",2026-08-12T05:40:29Z
exp2_scaling,synthetic,fp_reduce,12,measured,23,68,0.007942,831537362.1859664,831537362.1859643,0.000000,"{""user_lock_acquisitions"": 0}",2026-08-12T05:40:29Z
exp2_scaling,synthetic,coarse_lock,12,measured,11,69,0.007929,831537362.1859664,831537362.1859643,0.000000,"{""user_lock_acquisitions"": 12}",2026-08-12T05:40:29Z
exp2_scaling,synthetic,queue_agg,12,measured,15,70,0.008012,831537362.1859664,831537362.1859643,0.000000,"{""user_lock_acquisitions"": 0}",2026-08-12T05:40:29Z
exp2_scaling,synthetic,fp_sum_genexpr,12,measured,1,71,0.009670,831537362.1859645,831537362.1859643,0.000000,"{""user_lock_acquisitions"": 0}",2026-08-12T05:40:29Z
exp2_scaling,synthetic,imp_threadlocal,12,measured,7,72,0.007624,831537362.1859664,831537362.1859643,0.000000,"{""user_lock_acquisitions"": 0}",2026-08-12T05:40:29Z
exp2_scaling,synthetic,fp_sum_genexpr,12,measured,15,73,0.008223,831537362.1859645,831537362.1859643,0.000000,"{""user_lock_acquisitions"": 0}",2026-08-12T05:40:29Z
exp2_scaling,synthetic,no_lock,12,measured,17,74,0.654833,118048072.94713049,831537362.1859643,85.803636,"{""user_lock_acquisitions"": 0}",2026-08-12T05:40:30Z
exp2_scaling,synthetic,fine_lock,12,measured,19,75,0.628671,831537362.1859655,831537362.1859643,0.000000,"{""user_lock_acquisitions"": 500000}",2026-08-12T05:40:31Z
exp2_scaling,synthetic,no_lock,12,measured,9,76,0.653324,115308096.44142053,831537362.1859643,86.133143,"{""user_lock_acquisitions"": 0}",2026-08-12T05:40:31Z
exp2_scaling,synthetic,no_lock,12,measured,4,77,0.628334,118023679.01703472,831537362.1859643,85.806569,"{""user_lock_acquisitions"": 0}",2026-08-12T05:40:32Z
exp2_scaling,synthetic,queue_agg,12,measured,13,78,0.007729,831537362.1859664,831537362.1859643,0.000000,"{""user_lock_acquisitions"": 0}",2026-08-12T05:40:32Z
exp2_scaling,synthetic,batched_lock,12,measured,23,79,0.008760,831537362.1859641,831537362.1859643,0.000000,"{""user_lock_acquisitions"": 504}",2026-08-12T05:40:32Z
exp2_scaling,synthetic,batched_lock,12,measured,10,80,0.008810,831537362.185964,831537362.1859643,0.000000,"{""user_lock_acquisitions"": 504}",2026-08-12T05:40:32Z
exp2_scaling,synthetic,no_lock,12,measured,27,81,0.788108,119109818.94084325,831537362.1859643,85.675951,"{""user_lock_acquisitions"": 0}",2026-08-12T05:40:33Z
exp2_scaling,synthetic,fp_reduce,12,measured,18,82,0.007856,831537362.1859664,831537362.1859643,0.000000,"{""user_lock_acquisitions"": 0}",2026-08-12T05:40:33Z
exp2_scaling,synthetic,batched_lock,12,measured,1,83,0.009178,831537362.185964,831537362.1859643,0.000000,"{""user_lock_acquisitions"": 504}",2026-08-12T05:40:33Z
exp2_scaling,synthetic,batched_lock,12,measured,12,84,0.008856,831537362.185964,831537362.1859643,0.000000,"{""user_lock_acquisitions"": 504}",2026-08-12T05:40:33Z
exp2_scaling,synthetic,fp_sum_genexpr,12,measured,12,85,0.008167,831537362.1859645,831537362.1859643,0.000000,"{""user_lock_acquisitions"": 0}",2026-08-12T05:40:33Z
exp2_scaling,synthetic,fine_lock,12,measured,1,86,0.627549,831537362.1859666,831537362.1859643,0.000000,"{""user_lock_acquisitions"": 500000}",2026-08-12T05:40:33Z
exp2_scaling,synthetic,queue_agg,12,measured,2,87,0.007777,831537362.1859664,831537362.1859643,0.000000,"{""user_lock_acquisitions"": 0}",2026-08-12T05:40:33Z
exp2_scaling,synthetic,fp_reduce,12,measured,5,88,0.007708,831537362.1859664,831537362.1859643,0.000000,"{""user_lock_acquisitions"": 0}",2026-08-12T05:40:33Z
exp2_scaling,synthetic,imp_threadlocal,12,measured,6,89,0.007388,831537362.1859664,831537362.1859643,0.000000,"{""user_lock_acquisitions"": 0}",2026-08-12T05:40:33Z
exp2_scaling,synthetic,queue_agg,12,measured,4,90,0.007252,831537362.1859664,831537362.1859643,0.000000,"{""user_lock_acquisitions"": 0}",2026-08-12T05:40:33Z
exp2_scaling,synthetic,no_lock,12,measured,10,91,0.631456,115324969.52618678,831537362.1859643,86.131114,"{""user_lock_acquisitions"": 0}",2026-08-12T05:40:34Z
exp2_scaling,synthetic,fp_reduce,12,measured,21,92,0.007890,831537362.1859664,831537362.1859643,0.000000,"{""user_lock_acquisitions"": 0}",2026-08-12T05:40:34Z
exp2_scaling,synthetic,batched_lock,12,measured,19,93,0.008609,831537362.185964,831537362.1859643,0.000000,"{""user_lock_acquisitions"": 504}",2026-08-12T05:40:34Z
exp2_scaling,synthetic,imp_threadlocal,12,measured,20,94,0.007744,831537362.1859664,831537362.1859643,0.000000,"{""user_lock_acquisitions"": 0}",2026-08-12T05:40:34Z
exp2_scaling,synthetic,no_lock,12,measured,6,95,0.614373,118892281.97751403,831537362.1859643,85.702112,"{""user_lock_acquisitions"": 0}",2026-08-12T05:40:35Z
exp2_scaling,synthetic,fp_sum_genexpr,12,measured,18,96,0.008304,831537362.1859645,831537362.1859643,0.000000,"{""user_lock_acquisitions"": 0}",2026-08-12T05:40:35Z
exp2_scaling,synthetic,coarse_lock,12,measured,6,97,0.007428,831537362.1859664,831537362.1859643,0.000000,"{""user_lock_acquisitions"": 12}",2026-08-12T05:40:35Z
exp2_scaling,synthetic,batched_lock,12,measured,27,98,0.008501,831537362.1859641,831537362.1859643,0.000000,"{""user_lock_acquisitions"": 504}",2026-08-12T05:40:35Z
exp2_scaling,synthetic,no_lock,12,measured,14,99,0.638837,117162321.20213899,831537362.1859643,85.910156,"{""user_lock_acquisitions"": 0}",2026-08-12T05:40:35Z
exp2_scaling,synthetic,queue_agg,12,measured,10,100,0.008579,831537362.1859664,831537362.1859643,0.000000,"{""user_lock_acquisitions"": 0}",2026-08-12T05:40:35Z
exp2_scaling,synthetic,imp_threadlocal,12,measured,19,101,0.007595,831537362.1859664,831537362.1859643,0.000000,"{""user_lock_acquisitions"": 0}",2026-08-12T05:40:35Z
exp2_scaling,synthetic,coarse_lock,12,measured,29,102,0.007723,831537362.1859664,831537362.1859643,0.000000,"{""user_lock_acquisitions"": 12}",2026-08-12T05:40:35Z
exp2_scaling,synthetic,imp_threadlocal,12,measured,0,103,0.007629,831537362.1859664,831537362.1859643,0.000000,"{""user_lock_acquisitions"": 0}",2026-08-12T05:40:35Z
exp2_scaling,synthetic,queue_agg,12,measured,8,104,0.007950,831537362.1859664,831537362.1859643,0.000000,"{""user_lock_acquisitions"": 0}",2026-08-12T05:40:35Z
exp2_scaling,synthetic,fine_lock,12,measured,17,105,0.610071,831537362.185972,831537362.1859643,0.000000,"{""user_lock_acquisitions"": 500000}",2026-08-12T05:40:36Z
exp2_scaling,synthetic,batched_lock,12,measured,3,106,0.008996,831537362.185964,831537362.1859643,0.000000,"{""user_lock_acquisitions"": 504}",2026-08-12T05:40:36Z
exp2_scaling,synthetic,fine_lock,12,measured,5,107,0.615401,831537362.1859647,831537362.1859643,0.000000,"{""user_lock_acquisitions"": 500000}",2026-08-12T05:40:37Z
exp2_scaling,synthetic,fp_sum_genexpr,12,measured,26,108,0.008513,831537362.1859645,831537362.1859643,0.000000,"{""user_lock_acquisitions"": 0}",2026-08-12T05:40:37Z
exp2_scaling,synthetic,coarse_lock,12,measured,10,109,0.007770,831537362.1859664,831537362.1859643,0.000000,"{""user_lock_acquisitions"": 12}",2026-08-12T05:40:37Z
exp2_scaling,synthetic,coarse_lock,12,measured,14,110,0.007631,831537362.1859664,831537362.1859643,0.000000,"{""user_lock_acquisitions"": 12}",2026-08-12T05:40:37Z
exp2_scaling,synthetic,imp_threadlocal,12,measured,29,111,0.007595,831537362.1859664,831537362.1859643,0.000000,"{""user_lock_acquisitions"": 0}",2026-08-12T05:40:37Z
exp2_scaling,synthetic,fp_reduce,12,measured,4,112,0.007401,831537362.1859664,831537362.1859643,0.000000,"{""user_lock_acquisitions"": 0}",2026-08-12T05:40:37Z
exp2_scaling,synthetic,no_lock,12,measured,28,113,0.640281,119130802.90466385,831537362.1859643,85.673428,"{""user_lock_acquisitions"": 0}",2026-08-12T05:40:37Z
exp2_scaling,synthetic,fp_reduce,12,measured,6,114,0.007684,831537362.1859664,831537362.1859643,0.000000,"{""user_lock_acquisitions"": 0}",2026-08-12T05:40:37Z
exp2_scaling,synthetic,no_lock,12,measured,8,115,0.626759,118351686.84613287,831537362.1859643,85.767123,"{""user_lock_acquisitions"": 0}",2026-08-12T05:40:38Z
exp2_scaling,synthetic,fp_reduce,12,measured,1,116,0.008137,831537362.1859664,831537362.1859643,0.000000,"{""user_lock_acquisitions"": 0}",2026-08-12T05:40:38Z
exp2_scaling,synthetic,no_lock,12,measured,13,117,0.609449,118564895.21038766,831537362.1859643,85.741483,"{""user_lock_acquisitions"": 0}",2026-08-12T05:40:38Z
exp2_scaling,synthetic,fine_lock,12,measured,13,118,0.603563,831537362.1859701,831537362.1859643,0.000000,"{""user_lock_acquisitions"": 500000}",2026-08-12T05:40:39Z
exp2_scaling,synthetic,queue_agg,12,measured,20,119,0.007644,831537362.1859664,831537362.1859643,0.000000,"{""user_lock_acquisitions"": 0}",2026-08-12T05:40:39Z
exp2_scaling,synthetic,batched_lock,12,measured,7,120,0.008671,831537362.185964,831537362.1859643,0.000000,"{""user_lock_acquisitions"": 504}",2026-08-12T05:40:39Z
exp2_scaling,synthetic,batched_lock,12,measured,21,121,0.008531,831537362.185964,831537362.1859643,0.000000,"{""user_lock_acquisitions"": 504}",2026-08-12T05:40:39Z
exp2_scaling,synthetic,batched_lock,12,measured,4,122,0.008402,831537362.1859641,831537362.1859643,0.000000,"{""user_lock_acquisitions"": 504}",2026-08-12T05:40:39Z
exp2_scaling,synthetic,no_lock,12,measured,7,123,0.657472,116687338.67547654,831537362.1859643,85.967277,"{""user_lock_acquisitions"": 0}",2026-08-12T05:40:40Z
exp2_scaling,synthetic,queue_agg,12,measured,27,124,0.007862,831537362.1859664,831537362.1859643,0.000000,"{""user_lock_acquisitions"": 0}",2026-08-12T05:40:40Z
exp2_scaling,synthetic,coarse_lock,12,measured,22,125,0.007536,831537362.1859664,831537362.1859643,0.000000,"{""user_lock_acquisitions"": 12}",2026-08-12T05:40:40Z
exp2_scaling,synthetic,no_lock,12,measured,12,126,0.612837,116804347.82967728,831537362.1859643,85.953205,"{""user_lock_acquisitions"": 0}",2026-08-12T05:40:40Z
exp2_scaling,synthetic,no_lock,12,measured,2,127,0.621623,118962195.56744553,831537362.1859643,85.693704,"{""user_lock_acquisitions"": 0}",2026-08-12T05:40:41Z
exp2_scaling,synthetic,fine_lock,12,measured,14,128,0.623710,831537362.1859734,831537362.1859643,0.000000,"{""user_lock_acquisitions"": 500000}",2026-08-12T05:40:42Z
exp2_scaling,synthetic,fine_lock,12,measured,20,129,0.614996,831537362.1859665,831537362.1859643,0.000000,"{""user_lock_acquisitions"": 500000}",2026-08-12T05:40:42Z
exp2_scaling,synthetic,coarse_lock,12,measured,0,130,0.007723,831537362.1859664,831537362.1859643,0.000000,"{""user_lock_acquisitions"": 12}",2026-08-12T05:40:42Z
exp2_scaling,synthetic,queue_agg,12,measured,3,131,0.007752,831537362.1859664,831537362.1859643,0.000000,"{""user_lock_acquisitions"": 0}",2026-08-12T05:40:42Z
exp2_scaling,synthetic,fp_sum_genexpr,12,measured,27,132,0.008141,831537362.1859645,831537362.1859643,0.000000,"{""user_lock_acquisitions"": 0}",2026-08-12T05:40:42Z
exp2_scaling,synthetic,fp_reduce,12,measured,20,133,0.007496,831537362.1859664,831537362.1859643,0.000000,"{""user_lock_acquisitions"": 0}",2026-08-12T05:40:42Z
exp2_scaling,synthetic,imp_threadlocal,12,measured,4,134,0.007459,831537362.1859664,831537362.1859643,0.000000,"{""user_lock_acquisitions"": 0}",2026-08-12T05:40:42Z
exp2_scaling,synthetic,fine_lock,12,measured,25,135,0.600995,831537362.1859689,831537362.1859643,0.000000,"{""user_lock_acquisitions"": 500000}",2026-08-12T05:40:43Z
exp2_scaling,synthetic,no_lock,12,measured,3,136,0.611007,121165541.36521621,831537362.1859643,85.428732,"{""user_lock_acquisitions"": 0}",2026-08-12T05:40:43Z
exp2_scaling,synthetic,fine_lock,12,measured,12,137,0.625325,831537362.1859709,831537362.1859643,0.000000,"{""user_lock_acquisitions"": 500000}",2026-08-12T05:40:44Z
exp2_scaling,synthetic,imp_threadlocal,12,measured,8,138,0.007836,831537362.1859664,831537362.1859643,0.000000,"{""user_lock_acquisitions"": 0}",2026-08-12T05:40:44Z
exp2_scaling,synthetic,batched_lock,12,measured,11,139,0.008972,831537362.185964,831537362.1859643,0.000000,"{""user_lock_acquisitions"": 504}",2026-08-12T05:40:44Z
exp2_scaling,synthetic,fp_reduce,12,measured,27,140,0.007537,831537362.1859664,831537362.1859643,0.000000,"{""user_lock_acquisitions"": 0}",2026-08-12T05:40:44Z
exp2_scaling,synthetic,imp_threadlocal,12,measured,1,141,0.007517,831537362.1859664,831537362.1859643,0.000000,"{""user_lock_acquisitions"": 0}",2026-08-12T05:40:44Z
exp2_scaling,synthetic,queue_agg,12,measured,28,142,0.007534,831537362.1859664,831537362.1859643,0.000000,"{""user_lock_acquisitions"": 0}",2026-08-12T05:40:44Z
exp2_scaling,synthetic,no_lock,12,measured,24,143,0.610346,120633357.18438008,831537362.1859643,85.492732,"{""user_lock_acquisitions"": 0}",2026-08-12T05:40:45Z
exp2_scaling,synthetic,batched_lock,12,measured,25,144,0.008852,831537362.185964,831537362.1859643,0.000000,"{""user_lock_acquisitions"": 504}",2026-08-12T05:40:45Z
exp2_scaling,synthetic,no_lock,12,measured,15,145,0.641247,117260276.67072326,831537362.1859643,85.898375,"{""user_lock_acquisitions"": 0}",2026-08-12T05:40:45Z
exp2_scaling,synthetic,fine_lock,12,measured,7,146,0.640031,831537362.1859643,831537362.1859643,0.000000,"{""user_lock_acquisitions"": 500000}",2026-08-12T05:40:46Z
exp2_scaling,synthetic,imp_threadlocal,12,measured,28,147,0.007769,831537362.1859664,831537362.1859643,0.000000,"{""user_lock_acquisitions"": 0}",2026-08-12T05:40:46Z
exp2_scaling,synthetic,imp_threadlocal,12,measured,10,148,0.007780,831537362.1859664,831537362.1859643,0.000000,"{""user_lock_acquisitions"": 0}",2026-08-12T05:40:46Z
exp2_scaling,synthetic,queue_agg,12,measured,25,149,0.007545,831537362.1859664,831537362.1859643,0.000000,"{""user_lock_acquisitions"": 0}",2026-08-12T05:40:46Z
exp2_scaling,synthetic,imp_threadlocal,12,measured,12,150,0.007608,831537362.1859664,831537362.1859643,0.000000,"{""user_lock_acquisitions"": 0}",2026-08-12T05:40:46Z
exp2_scaling,synthetic,fp_reduce,12,measured,0,151,0.007514,831537362.1859664,831537362.1859643,0.000000,"{""user_lock_acquisitions"": 0}",2026-08-12T05:40:46Z
exp2_scaling,synthetic,batched_lock,12,measured,15,152,0.008755,831537362.185964,831537362.1859643,0.000000,"{""user_lock_acquisitions"": 504}",2026-08-12T05:40:46Z
exp2_scaling,synthetic,imp_threadlocal,12,measured,18,153,0.007484,831537362.1859664,831537362.1859643,0.000000,"{""user_lock_acquisitions"": 0}",2026-08-12T05:40:46Z
exp2_scaling,synthetic,coarse_lock,12,measured,4,154,0.007612,831537362.1859664,831537362.1859643,0.000000,"{""user_lock_acquisitions"": 12}",2026-08-12T05:40:46Z
exp2_scaling,synthetic,coarse_lock,12,measured,28,155,0.007458,831537362.1859664,831537362.1859643,0.000000,"{""user_lock_acquisitions"": 12}",2026-08-12T05:40:46Z
exp2_scaling,synthetic,batched_lock,12,measured,13,156,0.008766,831537362.1859641,831537362.1859643,0.000000,"{""user_lock_acquisitions"": 504}",2026-08-12T05:40:46Z
exp2_scaling,synthetic,fp_reduce,12,measured,12,157,0.007534,831537362.1859664,831537362.1859643,0.000000,"{""user_lock_acquisitions"": 0}",2026-08-12T05:40:46Z
exp2_scaling,synthetic,imp_threadlocal,12,measured,25,158,0.007401,831537362.1859664,831537362.1859643,0.000000,"{""user_lock_acquisitions"": 0}",2026-08-12T05:40:46Z
exp2_scaling,synthetic,fp_sum_genexpr,12,measured,29,159,0.007903,831537362.1859645,831537362.1859643,0.000000,"{""user_lock_acquisitions"": 0}",2026-08-12T05:40:46Z
exp2_scaling,synthetic,batched_lock,12,measured,8,160,0.008439,831537362.1859641,831537362.1859643,0.000000,"{""user_lock_acquisitions"": 504}",2026-08-12T05:40:46Z
exp2_scaling,synthetic,batched_lock,12,measured,5,161,0.008400,831537362.1859641,831537362.1859643,0.000000,"{""user_lock_acquisitions"": 504}",2026-08-12T05:40:46Z
exp2_scaling,synthetic,fine_lock,12,measured,15,162,0.607414,831537362.1859701,831537362.1859643,0.000000,"{""user_lock_acquisitions"": 500000}",2026-08-12T05:40:47Z
exp2_scaling,synthetic,fp_reduce,12,measured,3,163,0.007867,831537362.1859664,831537362.1859643,0.000000,"{""user_lock_acquisitions"": 0}",2026-08-12T05:40:47Z
exp2_scaling,synthetic,batched_lock,12,measured,20,164,0.008610,831537362.1859641,831537362.1859643,0.000000,"{""user_lock_acquisitions"": 504}",2026-08-12T05:40:47Z
exp2_scaling,synthetic,imp_threadlocal,12,measured,14,165,0.007581,831537362.1859664,831537362.1859643,0.000000,"{""user_lock_acquisitions"": 0}",2026-08-12T05:40:47Z
exp2_scaling,synthetic,fp_reduce,12,measured,19,166,0.007326,831537362.1859664,831537362.1859643,0.000000,"{""user_lock_acquisitions"": 0}",2026-08-12T05:40:47Z
exp2_scaling,synthetic,fine_lock,12,measured,6,167,0.623639,831537362.1859702,831537362.1859643,0.000000,"{""user_lock_acquisitions"": 500000}",2026-08-12T05:40:47Z
exp2_scaling,synthetic,no_lock,12,measured,19,168,0.609348,120447604.55332968,831537362.1859643,85.515070,"{""user_lock_acquisitions"": 0}",2026-08-12T05:40:48Z
exp2_scaling,synthetic,fp_sum_genexpr,12,measured,22,169,0.008612,831537362.1859645,831537362.1859643,0.000000,"{""user_lock_acquisitions"": 0}",2026-08-12T05:40:48Z
exp2_scaling,synthetic,imp_threadlocal,12,measured,24,170,0.007632,831537362.1859664,831537362.1859643,0.000000,"{""user_lock_acquisitions"": 0}",2026-08-12T05:40:48Z
exp2_scaling,synthetic,batched_lock,12,measured,17,171,0.008838,831537362.185964,831537362.1859643,0.000000,"{""user_lock_acquisitions"": 504}",2026-08-12T05:40:48Z
exp2_scaling,synthetic,fine_lock,12,measured,4,172,0.614882,831537362.1859678,831537362.1859643,0.000000,"{""user_lock_acquisitions"": 500000}",2026-08-12T05:40:49Z
exp2_scaling,synthetic,batched_lock,12,measured,0,173,0.008906,831537362.185964,831537362.1859643,0.000000,"{""user_lock_acquisitions"": 504}",2026-08-12T05:40:49Z
exp2_scaling,synthetic,fp_reduce,12,measured,22,174,0.007554,831537362.1859664,831537362.1859643,0.000000,"{""user_lock_acquisitions"": 0}",2026-08-12T05:40:49Z
exp2_scaling,synthetic,fp_reduce,12,measured,8,175,0.007407,831537362.1859664,831537362.1859643,0.000000,"{""user_lock_acquisitions"": 0}",2026-08-12T05:40:49Z
exp2_scaling,synthetic,fp_reduce,12,measured,11,176,0.007482,831537362.1859664,831537362.1859643,0.000000,"{""user_lock_acquisitions"": 0}",2026-08-12T05:40:49Z
exp2_scaling,synthetic,fp_sum_genexpr,12,measured,28,177,0.007907,831537362.1859645,831537362.1859643,0.000000,"{""user_lock_acquisitions"": 0}",2026-08-12T05:40:49Z
exp2_scaling,synthetic,imp_threadlocal,12,measured,3,178,0.007434,831537362.1859664,831537362.1859643,0.000000,"{""user_lock_acquisitions"": 0}",2026-08-12T05:40:49Z
exp2_scaling,synthetic,fp_sum_genexpr,12,measured,5,179,0.008305,831537362.1859645,831537362.1859643,0.000000,"{""user_lock_acquisitions"": 0}",2026-08-12T05:40:49Z
exp2_scaling,synthetic,queue_agg,12,measured,23,180,0.008237,831537362.1859664,831537362.1859643,0.000000,"{""user_lock_acquisitions"": 0}",2026-08-12T05:40:49Z
exp2_scaling,synthetic,fine_lock,12,measured,0,181,0.644239,831537362.1859722,831537362.1859643,0.000000,"{""user_lock_acquisitions"": 500000}",2026-08-12T05:40:49Z
exp2_scaling,synthetic,fine_lock,12,measured,21,182,0.630470,831537362.1859666,831537362.1859643,0.000000,"{""user_lock_acquisitions"": 500000}",2026-08-12T05:40:50Z
exp2_scaling,synthetic,batched_lock,12,measured,18,183,0.008927,831537362.185964,831537362.1859643,0.000000,"{""user_lock_acquisitions"": 504}",2026-08-12T05:40:50Z
exp2_scaling,synthetic,batched_lock,12,measured,6,184,0.008768,831537362.1859641,831537362.1859643,0.000000,"{""user_lock_acquisitions"": 504}",2026-08-12T05:40:50Z
exp2_scaling,synthetic,queue_agg,12,measured,21,185,0.007734,831537362.1859664,831537362.1859643,0.000000,"{""user_lock_acquisitions"": 0}",2026-08-12T05:40:50Z
exp2_scaling,synthetic,imp_threadlocal,12,measured,21,186,0.008214,831537362.1859664,831537362.1859643,0.000000,"{""user_lock_acquisitions"": 0}",2026-08-12T05:40:50Z
exp2_scaling,synthetic,fp_sum_genexpr,12,measured,3,187,0.008697,831537362.1859645,831537362.1859643,0.000000,"{""user_lock_acquisitions"": 0}",2026-08-12T05:40:50Z
exp2_scaling,synthetic,fp_sum_genexpr,12,measured,6,188,0.008190,831537362.1859645,831537362.1859643,0.000000,"{""user_lock_acquisitions"": 0}",2026-08-12T05:40:50Z
exp2_scaling,synthetic,imp_threadlocal,12,measured,26,189,0.007683,831537362.1859664,831537362.1859643,0.000000,"{""user_lock_acquisitions"": 0}",2026-08-12T05:40:50Z
exp2_scaling,synthetic,queue_agg,12,measured,14,190,0.007579,831537362.1859664,831537362.1859643,0.000000,"{""user_lock_acquisitions"": 0}",2026-08-12T05:40:50Z
exp2_scaling,synthetic,fp_sum_genexpr,12,measured,23,191,0.007891,831537362.1859645,831537362.1859643,0.000000,"{""user_lock_acquisitions"": 0}",2026-08-12T05:40:50Z
exp2_scaling,synthetic,imp_threadlocal,12,measured,15,192,0.007808,831537362.1859664,831537362.1859643,0.000000,"{""user_lock_acquisitions"": 0}",2026-08-12T05:40:50Z
exp2_scaling,synthetic,fp_sum_genexpr,12,measured,10,193,0.008432,831537362.1859645,831537362.1859643,0.000000,"{""user_lock_acquisitions"": 0}",2026-08-12T05:40:50Z
exp2_scaling,synthetic,imp_threadlocal,12,measured,2,194,0.007585,831537362.1859664,831537362.1859643,0.000000,"{""user_lock_acquisitions"": 0}",2026-08-12T05:40:50Z
exp2_scaling,synthetic,imp_threadlocal,12,measured,11,195,0.007423,831537362.1859664,831537362.1859643,0.000000,"{""user_lock_acquisitions"": 0}",2026-08-12T05:40:50Z
exp2_scaling,synthetic,fp_reduce,12,measured,9,196,0.007414,831537362.1859664,831537362.1859643,0.000000,"{""user_lock_acquisitions"": 0}",2026-08-12T05:40:50Z
exp2_scaling,synthetic,fp_sum_genexpr,12,measured,14,197,0.007948,831537362.1859645,831537362.1859643,0.000000,"{""user_lock_acquisitions"": 0}",2026-08-12T05:40:50Z
exp2_scaling,synthetic,queue_agg,12,measured,1,198,0.007443,831537362.1859664,831537362.1859643,0.000000,"{""user_lock_acquisitions"": 0}",2026-08-12T05:40:50Z
exp2_scaling,synthetic,fp_reduce,12,measured,7,199,0.007488,831537362.1859664,831537362.1859643,0.000000,"{""user_lock_acquisitions"": 0}",2026-08-12T05:40:50Z
exp2_scaling,synthetic,coarse_lock,12,measured,9,200,0.007658,831537362.1859664,831537362.1859643,0.000000,"{""user_lock_acquisitions"": 12}",2026-08-12T05:40:50Z
exp2_scaling,synthetic,imp_threadlocal,12,measured,23,201,0.007468,831537362.1859664,831537362.1859643,0.000000,"{""user_lock_acquisitions"": 0}",2026-08-12T05:40:50Z
exp2_scaling,synthetic,fp_reduce,12,measured,24,202,0.007585,831537362.1859664,831537362.1859643,0.000000,"{""user_lock_acquisitions"": 0}",2026-08-12T05:40:50Z
exp2_scaling,synthetic,fine_lock,12,measured,2,203,0.628482,831537362.1859686,831537362.1859643,0.000000,"{""user_lock_acquisitions"": 500000}",2026-08-12T05:40:51Z
exp2_scaling,synthetic,no_lock,12,measured,22,204,0.614620,119798593.35348235,831537362.1859643,85.593120,"{""user_lock_acquisitions"": 0}",2026-08-12T05:40:51Z
exp2_scaling,synthetic,fp_sum_genexpr,12,measured,24,205,0.008822,831537362.1859645,831537362.1859643,0.000000,"{""user_lock_acquisitions"": 0}",2026-08-12T05:40:51Z
exp2_scaling,synthetic,fp_sum_genexpr,12,measured,20,206,0.008534,831537362.1859645,831537362.1859643,0.000000,"{""user_lock_acquisitions"": 0}",2026-08-12T05:40:51Z
exp2_scaling,synthetic,fp_sum_genexpr,12,measured,7,207,0.008058,831537362.1859645,831537362.1859643,0.000000,"{""user_lock_acquisitions"": 0}",2026-08-12T05:40:51Z
exp2_scaling,synthetic,fine_lock,12,measured,10,208,0.612872,831537362.1859683,831537362.1859643,0.000000,"{""user_lock_acquisitions"": 500000}",2026-08-12T05:40:52Z
exp2_scaling,synthetic,batched_lock,12,measured,9,209,0.008951,831537362.185964,831537362.1859643,0.000000,"{""user_lock_acquisitions"": 504}",2026-08-12T05:40:52Z
exp2_scaling,synthetic,coarse_lock,12,measured,23,210,0.007617,831537362.1859664,831537362.1859643,0.000000,"{""user_lock_acquisitions"": 12}",2026-08-12T05:40:52Z
exp2_scaling,synthetic,queue_agg,12,measured,12,211,0.007427,831537362.1859664,831537362.1859643,0.000000,"{""user_lock_acquisitions"": 0}",2026-08-12T05:40:52Z
exp2_scaling,synthetic,imp_threadlocal,12,measured,27,212,0.007387,831537362.1859664,831537362.1859643,0.000000,"{""user_lock_acquisitions"": 0}",2026-08-12T05:40:52Z
exp2_scaling,synthetic,no_lock,12,measured,0,213,0.608044,120080916.00784346,831537362.1859643,85.559168,"{""user_lock_acquisitions"": 0}",2026-08-12T05:40:53Z
exp2_scaling,synthetic,fine_lock,12,measured,11,214,0.611789,831537362.1859677,831537362.1859643,0.000000,"{""user_lock_acquisitions"": 500000}",2026-08-12T05:40:53Z
exp2_scaling,synthetic,fine_lock,12,measured,8,215,0.605978,831537362.1859664,831537362.1859643,0.000000,"{""user_lock_acquisitions"": 500000}",2026-08-12T05:40:54Z
exp2_scaling,synthetic,fp_reduce,12,measured,29,216,0.007832,831537362.1859664,831537362.1859643,0.000000,"{""user_lock_acquisitions"": 0}",2026-08-12T05:40:54Z
exp2_scaling,synthetic,batched_lock,12,measured,16,217,0.008809,831537362.1859641,831537362.1859643,0.000000,"{""user_lock_acquisitions"": 504}",2026-08-12T05:40:54Z
exp2_scaling,synthetic,fine_lock,12,measured,29,218,0.614095,831537362.1859679,831537362.1859643,0.000000,"{""user_lock_acquisitions"": 500000}",2026-08-12T05:40:55Z
exp2_scaling,synthetic,fp_sum_genexpr,12,measured,25,219,0.008289,831537362.1859645,831537362.1859643,0.000000,"{""user_lock_acquisitions"": 0}",2026-08-12T05:40:55Z
exp2_scaling,synthetic,fine_lock,12,measured,27,220,0.618092,831537362.1859704,831537362.1859643,0.000000,"{""user_lock_acquisitions"": 500000}",2026-08-12T05:40:55Z
exp2_scaling,synthetic,imp_threadlocal,12,measured,16,221,0.008326,831537362.1859664,831537362.1859643,0.000000,"{""user_lock_acquisitions"": 0}",2026-08-12T05:40:55Z
exp2_scaling,synthetic,fine_lock,12,measured,24,222,0.627858,831537362.1859645,831537362.1859643,0.000000,"{""user_lock_acquisitions"": 500000}",2026-08-12T05:40:56Z
exp2_scaling,synthetic,fp_sum_genexpr,12,measured,0,223,0.008368,831537362.1859645,831537362.1859643,0.000000,"{""user_lock_acquisitions"": 0}",2026-08-12T05:40:56Z
exp2_scaling,synthetic,queue_agg,12,measured,29,224,0.007560,831537362.1859664,831537362.1859643,0.000000,"{""user_lock_acquisitions"": 0}",2026-08-12T05:40:56Z
exp2_scaling,synthetic,fp_sum_genexpr,12,measured,19,225,0.008044,831537362.1859645,831537362.1859643,0.000000,"{""user_lock_acquisitions"": 0}",2026-08-12T05:40:56Z
exp2_scaling,synthetic,imp_threadlocal,12,measured,5,226,0.007465,831537362.1859664,831537362.1859643,0.000000,"{""user_lock_acquisitions"": 0}",2026-08-12T05:40:56Z
exp2_scaling,synthetic,batched_lock,12,measured,29,227,0.008541,831537362.185964,831537362.1859643,0.000000,"{""user_lock_acquisitions"": 504}",2026-08-12T05:40:56Z
exp2_scaling,synthetic,queue_agg,12,measured,22,228,0.007538,831537362.1859664,831537362.1859643,0.000000,"{""user_lock_acquisitions"": 0}",2026-08-12T05:40:56Z
exp2_scaling,synthetic,fp_sum_genexpr,12,measured,9,229,0.007807,831537362.1859645,831537362.1859643,0.000000,"{""user_lock_acquisitions"": 0}",2026-08-12T05:40:56Z
exp2_scaling,synthetic,fp_reduce,12,measured,14,230,0.007399,831537362.1859664,831537362.1859643,0.000000,"{""user_lock_acquisitions"": 0}",2026-08-12T05:40:56Z
exp2_scaling,synthetic,fp_sum_genexpr,12,measured,11,231,0.007759,831537362.1859645,831537362.1859643,0.000000,"{""user_lock_acquisitions"": 0}",2026-08-12T05:40:56Z
exp2_scaling,synthetic,fp_reduce,12,measured,25,232,0.007473,831537362.1859664,831537362.1859643,0.000000,"{""user_lock_acquisitions"": 0}",2026-08-12T05:40:56Z
exp2_scaling,synthetic,queue_agg,12,measured,18,233,0.007628,831537362.1859664,831537362.1859643,0.000000,"{""user_lock_acquisitions"": 0}",2026-08-12T05:40:56Z
exp2_scaling,synthetic,coarse_lock,12,measured,24,234,0.007332,831537362.1859664,831537362.1859643,0.000000,"{""user_lock_acquisitions"": 12}",2026-08-12T05:40:56Z
exp2_scaling,synthetic,fp_sum_genexpr,12,measured,16,235,0.007923,831537362.1859645,831537362.1859643,0.000000,"{""user_lock_acquisitions"": 0}",2026-08-12T05:40:56Z
exp2_scaling,synthetic,imp_threadlocal,12,measured,22,236,0.007424,831537362.1859664,831537362.1859643,0.000000,"{""user_lock_acquisitions"": 0}",2026-08-12T05:40:56Z
exp2_scaling,synthetic,coarse_lock,12,measured,8,237,0.007785,831537362.1859664,831537362.1859643,0.000000,"{""user_lock_acquisitions"": 12}",2026-08-12T05:40:56Z
exp2_scaling,synthetic,no_lock,12,measured,5,238,0.648251,116353903.34326904,831537362.1859643,86.007375,"{""user_lock_acquisitions"": 0}",2026-08-12T05:40:57Z
exp2_scaling,synthetic,fp_reduce,12,measured,15,239,0.007851,831537362.1859664,831537362.1859643,0.000000,"{""user_lock_acquisitions"": 0}",2026-08-12T05:40:57Z
exp2_scaling,synthetic,no_lock,12,measured,11,240,0.629432,118156395.46438833,831537362.1859643,85.790609,"{""user_lock_acquisitions"": 0}",2026-08-12T05:40:57Z
exp2_scaling,synthetic,coarse_lock,12,measured,2,241,0.008305,831537362.1859664,831537362.1859643,0.000000,"{""user_lock_acquisitions"": 12}",2026-08-12T05:40:57Z
exp2_scaling,synthetic,queue_agg,12,measured,24,242,0.008178,831537362.1859664,831537362.1859643,0.000000,"{""user_lock_acquisitions"": 0}",2026-08-12T05:40:57Z
exp2_scaling,synthetic,queue_agg,12,measured,19,243,0.007950,831537362.1859664,831537362.1859643,0.000000,"{""user_lock_acquisitions"": 0}",2026-08-12T05:40:57Z
exp2_scaling,synthetic,no_lock,12,measured,1,244,0.648615,120553270.89160763,831537362.1859643,85.502363,"{""user_lock_acquisitions"": 0}",2026-08-12T05:40:58Z
exp2_scaling,synthetic,fp_reduce,12,measured,16,245,0.007852,831537362.1859664,831537362.1859643,0.000000,"{""user_lock_acquisitions"": 0}",2026-08-12T05:40:58Z
exp2_scaling,synthetic,no_lock,12,measured,29,246,0.612689,118853523.99774854,831537362.1859643,85.706773,"{""user_lock_acquisitions"": 0}",2026-08-12T05:40:59Z
exp2_scaling,synthetic,imp_threadlocal,12,measured,17,247,0.007807,831537362.1859664,831537362.1859643,0.000000,"{""user_lock_acquisitions"": 0}",2026-08-12T05:40:59Z
exp2_scaling,synthetic,batched_lock,12,measured,28,248,0.008887,831537362.1859641,831537362.1859643,0.000000,"{""user_lock_acquisitions"": 504}",2026-08-12T05:40:59Z
exp2_scaling,synthetic,imp_threadlocal,12,measured,13,249,0.007453,831537362.1859664,831537362.1859643,0.000000,"{""user_lock_acquisitions"": 0}",2026-08-12T05:40:59Z
exp2_scaling,synthetic,no_lock,12,measured,26,250,0.617943,119685706.00296263,831537362.1859643,85.606695,"{""user_lock_acquisitions"": 0}",2026-08-12T05:40:59Z
exp2_scaling,synthetic,batched_lock,12,measured,22,251,0.008906,831537362.185964,831537362.1859643,0.000000,"{""user_lock_acquisitions"": 504}",2026-08-12T05:40:59Z
exp2_scaling,synthetic,batched_lock,12,measured,24,252,0.008666,831537362.185964,831537362.1859643,0.000000,"{""user_lock_acquisitions"": 504}",2026-08-12T05:40:59Z
exp2_scaling,synthetic,fine_lock,12,measured,28,253,0.638404,831537362.1859667,831537362.1859643,0.000000,"{""user_lock_acquisitions"": 500000}",2026-08-12T05:41:00Z
exp2_scaling,synthetic,coarse_lock,12,measured,13,254,0.008056,831537362.1859664,831537362.1859643,0.000000,"{""user_lock_acquisitions"": 12}",2026-08-12T05:41:00Z
exp2_scaling,synthetic,coarse_lock,12,measured,5,255,0.007654,831537362.1859664,831537362.1859643,0.000000,"{""user_lock_acquisitions"": 12}",2026-08-12T05:41:00Z
exp2_scaling,synthetic,queue_agg,12,measured,7,256,0.007539,831537362.1859664,831537362.1859643,0.000000,"{""user_lock_acquisitions"": 0}",2026-08-12T05:41:00Z
exp2_scaling,synthetic,imp_threadlocal,12,measured,9,257,0.008247,831537362.1859664,831537362.1859643,0.000000,"{""user_lock_acquisitions"": 0}",2026-08-12T05:41:00Z
exp2_scaling,synthetic,fp_sum_genexpr,12,measured,4,258,0.007945,831537362.1859645,831537362.1859643,0.000000,"{""user_lock_acquisitions"": 0}",2026-08-12T05:41:00Z
exp2_scaling,synthetic,queue_agg,12,measured,6,259,0.007396,831537362.1859664,831537362.1859643,0.000000,"{""user_lock_acquisitions"": 0}",2026-08-12T05:41:00Z
exp2_scaling,synthetic,fp_reduce,12,measured,13,260,0.007670,831537362.1859664,831537362.1859643,0.000000,"{""user_lock_acquisitions"": 0}",2026-08-12T05:41:00Z
exp2_scaling,synthetic,fine_lock,12,measured,18,261,0.603053,831537362.1859684,831537362.1859643,0.000000,"{""user_lock_acquisitions"": 500000}",2026-08-12T05:41:00Z
exp2_scaling,synthetic,fine_lock,12,measured,26,262,0.618134,831537362.1859692,831537362.1859643,0.000000,"{""user_lock_acquisitions"": 500000}",2026-08-12T05:41:01Z
exp2_scaling,synthetic,no_lock,12,measured,20,263,0.608591,120532564.13503824,831537362.1859643,85.504853,"{""user_lock_acquisitions"": 0}",2026-08-12T05:41:02Z
exp2_scaling,synthetic,fine_lock,14,warmup,0,0,0.704815,831537362.185951,831537362.1859643,0.000000,"{""user_lock_acquisitions"": 500000}",2026-08-12T05:41:02Z
exp2_scaling,synthetic,imp_threadlocal,14,warmup,1,1,0.007177,831537362.1859654,831537362.1859643,0.000000,"{""user_lock_acquisitions"": 0}",2026-08-12T05:41:02Z
exp2_scaling,synthetic,batched_lock,14,warmup,0,2,0.008112,831537362.1859642,831537362.1859643,0.000000,"{""user_lock_acquisitions"": 504}",2026-08-12T05:41:02Z
exp2_scaling,synthetic,fine_lock,14,warmup,1,3,0.710483,831537362.1859558,831537362.1859643,0.000000,"{""user_lock_acquisitions"": 500000}",2026-08-12T05:41:03Z
exp2_scaling,synthetic,fine_lock,14,warmup,2,4,0.716692,831537362.1859547,831537362.1859643,0.000000,"{""user_lock_acquisitions"": 500000}",2026-08-12T05:41:04Z
exp2_scaling,synthetic,batched_lock,14,warmup,2,5,0.008181,831537362.1859645,831537362.1859643,0.000000,"{""user_lock_acquisitions"": 504}",2026-08-12T05:41:04Z
exp2_scaling,synthetic,fp_reduce,14,warmup,2,6,0.006882,831537362.1859654,831537362.1859643,0.000000,"{""user_lock_acquisitions"": 0}",2026-08-12T05:41:04Z
exp2_scaling,synthetic,imp_threadlocal,14,warmup,0,7,0.006857,831537362.1859654,831537362.1859643,0.000000,"{""user_lock_acquisitions"": 0}",2026-08-12T05:41:04Z
exp2_scaling,synthetic,imp_threadlocal,14,warmup,2,8,0.006773,831537362.1859654,831537362.1859643,0.000000,"{""user_lock_acquisitions"": 0}",2026-08-12T05:41:04Z
exp2_scaling,synthetic,fp_reduce,14,warmup,0,9,0.006771,831537362.1859654,831537362.1859643,0.000000,"{""user_lock_acquisitions"": 0}",2026-08-12T05:41:04Z
exp2_scaling,synthetic,queue_agg,14,warmup,0,10,0.006882,831537362.1859657,831537362.1859643,0.000000,"{""user_lock_acquisitions"": 0}",2026-08-12T05:41:04Z
exp2_scaling,synthetic,fp_sum_genexpr,14,warmup,0,11,0.007282,831537362.1859643,831537362.1859643,0.000000,"{""user_lock_acquisitions"": 0}",2026-08-12T05:41:04Z
exp2_scaling,synthetic,coarse_lock,14,warmup,1,12,0.007037,831537362.1859654,831537362.1859643,0.000000,"{""user_lock_acquisitions"": 14}",2026-08-12T05:41:04Z
exp2_scaling,synthetic,no_lock,14,warmup,1,13,0.783749,97967275.98405354,831537362.1859643,88.218536,"{""user_lock_acquisitions"": 0}",2026-08-12T05:41:05Z
exp2_scaling,synthetic,coarse_lock,14,warmup,0,14,0.007514,831537362.1859654,831537362.1859643,0.000000,"{""user_lock_acquisitions"": 14}",2026-08-12T05:41:05Z
exp2_scaling,synthetic,queue_agg,14,warmup,1,15,0.007087,831537362.1859654,831537362.1859643,0.000000,"{""user_lock_acquisitions"": 0}",2026-08-12T05:41:05Z
exp2_scaling,synthetic,fp_sum_genexpr,14,warmup,1,16,0.007295,831537362.1859643,831537362.1859643,0.000000,"{""user_lock_acquisitions"": 0}",2026-08-12T05:41:05Z
exp2_scaling,synthetic,no_lock,14,warmup,0,17,0.790654,100750515.59393196,831537362.1859643,87.883826,"{""user_lock_acquisitions"": 0}",2026-08-12T05:41:05Z
exp2_scaling,synthetic,fp_sum_genexpr,14,warmup,2,18,0.007664,831537362.1859643,831537362.1859643,0.000000,"{""user_lock_acquisitions"": 0}",2026-08-12T05:41:06Z
exp2_scaling,synthetic,coarse_lock,14,warmup,2,19,0.007075,831537362.1859654,831537362.1859643,0.000000,"{""user_lock_acquisitions"": 14}",2026-08-12T05:41:06Z
exp2_scaling,synthetic,batched_lock,14,warmup,1,20,0.007932,831537362.1859642,831537362.1859643,0.000000,"{""user_lock_acquisitions"": 504}",2026-08-12T05:41:06Z
exp2_scaling,synthetic,fp_reduce,14,warmup,1,21,0.006877,831537362.1859654,831537362.1859643,0.000000,"{""user_lock_acquisitions"": 0}",2026-08-12T05:41:06Z
exp2_scaling,synthetic,queue_agg,14,warmup,2,22,0.007191,831537362.1859653,831537362.1859643,0.000000,"{""user_lock_acquisitions"": 0}",2026-08-12T05:41:06Z
exp2_scaling,synthetic,no_lock,14,warmup,2,23,0.820451,99732721.4966957,831537362.1859643,88.006225,"{""user_lock_acquisitions"": 0}",2026-08-12T05:41:06Z
exp2_scaling,synthetic,fine_lock,14,measured,28,24,0.727870,831537362.1859573,831537362.1859643,0.000000,"{""user_lock_acquisitions"": 500000}",2026-08-12T05:41:07Z
exp2_scaling,synthetic,fp_sum_genexpr,14,measured,20,25,0.007571,831537362.1859643,831537362.1859643,0.000000,"{""user_lock_acquisitions"": 0}",2026-08-12T05:41:07Z
exp2_scaling,synthetic,batched_lock,14,measured,18,26,0.008035,831537362.1859642,831537362.1859643,0.000000,"{""user_lock_acquisitions"": 504}",2026-08-12T05:41:07Z
exp2_scaling,synthetic,imp_threadlocal,14,measured,19,27,0.006917,831537362.1859654,831537362.1859643,0.000000,"{""user_lock_acquisitions"": 0}",2026-08-12T05:41:07Z
exp2_scaling,synthetic,coarse_lock,14,measured,5,28,0.007178,831537362.1859654,831537362.1859643,0.000000,"{""user_lock_acquisitions"": 14}",2026-08-12T05:41:07Z
exp2_scaling,synthetic,batched_lock,14,measured,22,29,0.008070,831537362.1859642,831537362.1859643,0.000000,"{""user_lock_acquisitions"": 504}",2026-08-12T05:41:07Z
exp2_scaling,synthetic,fp_reduce,14,measured,8,30,0.007074,831537362.1859654,831537362.1859643,0.000000,"{""user_lock_acquisitions"": 0}",2026-08-12T05:41:07Z
exp2_scaling,synthetic,fp_sum_genexpr,14,measured,28,31,0.007463,831537362.1859643,831537362.1859643,0.000000,"{""user_lock_acquisitions"": 0}",2026-08-12T05:41:07Z
exp2_scaling,synthetic,no_lock,14,measured,19,32,0.794904,98853336.86454791,831537362.1859643,88.111979,"{""user_lock_acquisitions"": 0}",2026-08-12T05:41:08Z
exp2_scaling,synthetic,fp_reduce,14,measured,23,33,0.007221,831537362.1859654,831537362.1859643,0.000000,"{""user_lock_acquisitions"": 0}",2026-08-12T05:41:08Z
exp2_scaling,synthetic,no_lock,14,measured,6,34,0.773374,98864408.23269044,831537362.1859643,88.110647,"{""user_lock_acquisitions"": 0}",2026-08-12T05:41:09Z
exp2_scaling,synthetic,fp_reduce,14,measured,24,35,0.007279,831537362.1859654,831537362.1859643,0.000000,"{""user_lock_acquisitions"": 0}",2026-08-12T05:41:09Z
exp2_scaling,synthetic,coarse_lock,14,measured,29,36,0.006928,831537362.1859654,831537362.1859643,0.000000,"{""user_lock_acquisitions"": 14}",2026-08-12T05:41:09Z
exp2_scaling,synthetic,no_lock,14,measured,23,37,0.821263,98707126.69821152,831537362.1859643,88.129562,"{""user_lock_acquisitions"": 0}",2026-08-12T05:41:10Z
exp2_scaling,synthetic,no_lock,14,measured,14,38,0.774725,100859558.47947177,831537362.1859643,87.870712,"{""user_lock_acquisitions"": 0}",2026-08-12T05:41:10Z
exp2_scaling,synthetic,coarse_lock,14,measured,10,39,0.007190,831537362.1859654,831537362.1859643,0.000000,"{""user_lock_acquisitions"": 14}",2026-08-12T05:41:10Z
exp2_scaling,synthetic,no_lock,14,measured,7,40,0.780112,101724586.24847455,831537362.1859643,87.766685,"{""user_lock_acquisitions"": 0}",2026-08-12T05:41:11Z
exp2_scaling,synthetic,coarse_lock,14,measured,13,41,0.007153,831537362.1859657,831537362.1859643,0.000000,"{""user_lock_acquisitions"": 14}",2026-08-12T05:41:11Z
exp2_scaling,synthetic,fp_sum_genexpr,14,measured,14,42,0.007440,831537362.1859643,831537362.1859643,0.000000,"{""user_lock_acquisitions"": 0}",2026-08-12T05:41:11Z
exp2_scaling,synthetic,fine_lock,14,measured,16,43,0.711530,831537362.185954,831537362.1859643,0.000000,"{""user_lock_acquisitions"": 500000}",2026-08-12T05:41:12Z
exp2_scaling,synthetic,fine_lock,14,measured,10,44,0.705403,831537362.1859586,831537362.1859643,0.000000,"{""user_lock_acquisitions"": 500000}",2026-08-12T05:41:13Z
exp2_scaling,synthetic,imp_threadlocal,14,measured,25,45,0.007338,831537362.1859654,831537362.1859643,0.000000,"{""user_lock_acquisitions"": 0}",2026-08-12T05:41:13Z
exp2_scaling,synthetic,fine_lock,14,measured,8,46,0.706744,831537362.1859553,831537362.1859643,0.000000,"{""user_lock_acquisitions"": 500000}",2026-08-12T05:41:13Z
exp2_scaling,synthetic,fine_lock,14,measured,20,47,0.715001,831537362.1859535,831537362.1859643,0.000000,"{""user_lock_acquisitions"": 500000}",2026-08-12T05:41:14Z
exp2_scaling,synthetic,fp_sum_genexpr,14,measured,3,48,0.007645,831537362.1859643,831537362.1859643,0.000000,"{""user_lock_acquisitions"": 0}",2026-08-12T05:41:14Z
exp2_scaling,synthetic,batched_lock,14,measured,20,49,0.007902,831537362.1859642,831537362.1859643,0.000000,"{""user_lock_acquisitions"": 504}",2026-08-12T05:41:14Z
exp2_scaling,synthetic,fp_sum_genexpr,14,measured,0,50,0.007331,831537362.1859643,831537362.1859643,0.000000,"{""user_lock_acquisitions"": 0}",2026-08-12T05:41:14Z
exp2_scaling,synthetic,coarse_lock,14,measured,1,51,0.006808,831537362.1859657,831537362.1859643,0.000000,"{""user_lock_acquisitions"": 14}",2026-08-12T05:41:14Z
exp2_scaling,synthetic,fp_reduce,14,measured,17,52,0.006811,831537362.1859654,831537362.1859643,0.000000,"{""user_lock_acquisitions"": 0}",2026-08-12T05:41:14Z
exp2_scaling,synthetic,fp_sum_genexpr,14,measured,24,53,0.007263,831537362.1859643,831537362.1859643,0.000000,"{""user_lock_acquisitions"": 0}",2026-08-12T05:41:14Z
exp2_scaling,synthetic,fp_reduce,14,measured,27,54,0.007106,831537362.1859654,831537362.1859643,0.000000,"{""user_lock_acquisitions"": 0}",2026-08-12T05:41:14Z
exp2_scaling,synthetic,no_lock,14,measured,1,55,0.785175,101513338.28412387,831537362.1859643,87.792089,"{""user_lock_acquisitions"": 0}",2026-08-12T05:41:15Z
exp2_scaling,synthetic,batched_lock,14,measured,3,56,0.008440,831537362.1859641,831537362.1859643,0.000000,"{""user_lock_acquisitions"": 504}",2026-08-12T05:41:15Z
exp2_scaling,synthetic,fp_sum_genexpr,14,measured,6,57,0.007693,831537362.1859643,831537362.1859643,0.000000,"{""user_lock_acquisitions"": 0}",2026-08-12T05:41:15Z
exp2_scaling,synthetic,no_lock,14,measured,13,58,0.776634,99848500.8619602,831537362.1859643,87.992301,"{""user_lock_acquisitions"": 0}",2026-08-12T05:41:16Z
exp2_scaling,synthetic,queue_agg,14,measured,27,59,0.007174,831537362.1859654,831537362.1859643,0.000000,"{""user_lock_acquisitions"": 0}",2026-08-12T05:41:16Z
exp2_scaling,synthetic,coarse_lock,14,measured,18,60,0.006945,831537362.1859654,831537362.1859643,0.000000,"{""user_lock_acquisitions"": 14}",2026-08-12T05:41:16Z
exp2_scaling,synthetic,fp_reduce,14,measured,0,61,0.007046,831537362.1859654,831537362.1859643,0.000000,"{""user_lock_acquisitions"": 0}",2026-08-12T05:41:16Z
exp2_scaling,synthetic,fine_lock,14,measured,21,62,0.709356,831537362.1859565,831537362.1859643,0.000000,"{""user_lock_acquisitions"": 500000}",2026-08-12T05:41:16Z
exp2_scaling,synthetic,queue_agg,14,measured,28,63,0.007258,831537362.1859654,831537362.1859643,0.000000,"{""user_lock_acquisitions"": 0}",2026-08-12T05:41:16Z
exp2_scaling,synthetic,fp_sum_genexpr,14,measured,10,64,0.007202,831537362.1859643,831537362.1859643,0.000000,"{""user_lock_acquisitions"": 0}",2026-08-12T05:41:16Z
exp2_scaling,synthetic,no_lock,14,measured,22,65,0.797757,99758716.18921159,831537362.1859643,88.003099,"{""user_lock_acquisitions"": 0}",2026-08-12T05:41:17Z
exp2_scaling,synthetic,batched_lock,14,measured,28,66,0.008203,831537362.1859643,831537362.1859643,0.000000,"{""user_lock_acquisitions"": 504}",2026-08-12T05:41:17Z
exp2_scaling,synthetic,fine_lock,14,measured,12,67,0.702647,831537362.1859592,831537362.1859643,0.000000,"{""user_lock_acquisitions"": 500000}",2026-08-12T05:41:18Z
exp2_scaling,synthetic,no_lock,14,measured,9,68,0.757677,100832843.21807046,831537362.1859643,87.873925,"{""user_lock_acquisitions"": 0}",2026-08-12T05:41:19Z
exp2_scaling,synthetic,batched_lock,14,measured,17,69,0.008131,831537362.1859642,831537362.1859643,0.000000,"{""user_lock_acquisitions"": 504}",2026-08-12T05:41:19Z
exp2_scaling,synthetic,imp_threadlocal,14,measured,8,70,0.006907,831537362.1859654,831537362.1859643,0.000000,"{""user_lock_acquisitions"": 0}",2026-08-12T05:41:19Z
exp2_scaling,synthetic,queue_agg,14,measured,25,71,0.006902,831537362.1859654,831537362.1859643,0.000000,"{""user_lock_acquisitions"": 0}",2026-08-12T05:41:19Z
exp2_scaling,synthetic,coarse_lock,14,measured,7,72,0.006815,831537362.1859654,831537362.1859643,0.000000,"{""user_lock_acquisitions"": 14}",2026-08-12T05:41:19Z
exp2_scaling,synthetic,fp_sum_genexpr,14,measured,16,73,0.007291,831537362.1859643,831537362.1859643,0.000000,"{""user_lock_acquisitions"": 0}",2026-08-12T05:41:19Z
exp2_scaling,synthetic,fp_reduce,14,measured,26,74,0.006957,831537362.1859654,831537362.1859643,0.000000,"{""user_lock_acquisitions"": 0}",2026-08-12T05:41:19Z
exp2_scaling,synthetic,fine_lock,14,measured,27,75,0.711527,831537362.1859491,831537362.1859643,0.000000,"{""user_lock_acquisitions"": 500000}",2026-08-12T05:41:19Z
exp2_scaling,synthetic,no_lock,14,measured,26,76,0.794195,100294500.56675689,831537362.1859643,87.938666,"{""user_lock_acquisitions"": 0}",2026-08-12T05:41:20Z
exp2_scaling,synthetic,batched_lock,14,measured,16,77,0.008273,831537362.1859645,831537362.1859643,0.000000,"{""user_lock_acquisitions"": 504}",2026-08-12T05:41:20Z
exp2_scaling,synthetic,queue_agg,14,measured,7,78,0.007511,831537362.1859654,831537362.1859643,0.000000,"{""user_lock_acquisitions"": 0}",2026-08-12T05:41:20Z
exp2_scaling,synthetic,queue_agg,14,measured,18,79,0.007300,831537362.1859654,831537362.1859643,0.000000,"{""user_lock_acquisitions"": 0}",2026-08-12T05:41:20Z
exp2_scaling,synthetic,imp_threadlocal,14,measured,3,80,0.007022,831537362.1859654,831537362.1859643,0.000000,"{""user_lock_acquisitions"": 0}",2026-08-12T05:41:20Z
exp2_scaling,synthetic,fp_reduce,14,measured,15,81,0.006841,831537362.1859654,831537362.1859643,0.000000,"{""user_lock_acquisitions"": 0}",2026-08-12T05:41:20Z
exp2_scaling,synthetic,batched_lock,14,measured,9,82,0.007838,831537362.1859642,831537362.1859643,0.000000,"{""user_lock_acquisitions"": 504}",2026-08-12T05:41:20Z
exp2_scaling,synthetic,queue_agg,14,measured,22,83,0.006956,831537362.1859654,831537362.1859643,0.000000,"{""user_lock_acquisitions"": 0}",2026-08-12T05:41:20Z
exp2_scaling,synthetic,queue_agg,14,measured,12,84,0.006880,831537362.1859654,831537362.1859643,0.000000,"{""user_lock_acquisitions"": 0}",2026-08-12T05:41:20Z
exp2_scaling,synthetic,imp_threadlocal,14,measured,28,85,0.006848,831537362.1859654,831537362.1859643,0.000000,"{""user_lock_acquisitions"": 0}",2026-08-12T05:41:20Z
exp2_scaling,synthetic,coarse_lock,14,measured,17,86,0.006818,831537362.1859654,831537362.1859643,0.000000,"{""user_lock_acquisitions"": 14}",2026-08-12T05:41:20Z
exp2_scaling,synthetic,coarse_lock,14,measured,3,87,0.006836,831537362.1859654,831537362.1859643,0.000000,"{""user_lock_acquisitions"": 14}",2026-08-12T05:41:20Z
exp2_scaling,synthetic,coarse_lock,14,measured,22,88,0.006871,831537362.1859654,831537362.1859643,0.000000,"{""user_lock_acquisitions"": 14}",2026-08-12T05:41:20Z
exp2_scaling,synthetic,queue_agg,14,measured,21,89,0.006972,831537362.1859654,831537362.1859643,0.000000,"{""user_lock_acquisitions"": 0}",2026-08-12T05:41:20Z
exp2_scaling,synthetic,queue_agg,14,measured,5,90,0.006880,831537362.1859654,831537362.1859643,0.000000,"{""user_lock_acquisitions"": 0}",2026-08-12T05:41:20Z
exp2_scaling,synthetic,queue_agg,14,measured,17,91,0.006785,831537362.1859654,831537362.1859643,0.000000,"{""user_lock_acquisitions"": 0}",2026-08-12T05:41:20Z
exp2_scaling,synthetic,fp_reduce,14,measured,6,92,0.006967,831537362.1859654,831537362.1859643,0.000000,"{""user_lock_acquisitions"": 0}",2026-08-12T05:41:20Z
exp2_scaling,synthetic,coarse_lock,14,measured,6,93,0.006815,831537362.1859654,831537362.1859643,0.000000,"{""user_lock_acquisitions"": 14}",2026-08-12T05:41:20Z
exp2_scaling,synthetic,no_lock,14,measured,17,94,0.803072,97500727.78982995,831537362.1859643,88.274643,"{""user_lock_acquisitions"": 0}",2026-08-12T05:41:21Z
exp2_scaling,synthetic,fine_lock,14,measured,2,95,0.706202,831537362.1859581,831537362.1859643,0.000000,"{""user_lock_acquisitions"": 500000}",2026-08-12T05:41:22Z
exp2_scaling,synthetic,batched_lock,14,measured,26,96,0.008102,831537362.1859642,831537362.1859643,0.000000,"{""user_lock_acquisitions"": 504}",2026-08-12T05:41:22Z
exp2_scaling,synthetic,batched_lock,14,measured,8,97,0.007793,831537362.1859641,831537362.1859643,0.000000,"{""user_lock_acquisitions"": 504}",2026-08-12T05:41:22Z
exp2_scaling,synthetic,coarse_lock,14,measured,4,98,0.006811,831537362.1859654,831537362.1859643,0.000000,"{""user_lock_acquisitions"": 14}",2026-08-12T05:41:22Z
exp2_scaling,synthetic,fp_sum_genexpr,14,measured,7,99,0.007189,831537362.1859643,831537362.1859643,0.000000,"{""user_lock_acquisitions"": 0}",2026-08-12T05:41:22Z
exp2_scaling,synthetic,fine_lock,14,measured,18,100,0.704486,831537362.1859539,831537362.1859643,0.000000,"{""user_lock_acquisitions"": 500000}",2026-08-12T05:41:23Z
exp2_scaling,synthetic,batched_lock,14,measured,5,101,0.008156,831537362.1859642,831537362.1859643,0.000000,"{""user_lock_acquisitions"": 504}",2026-08-12T05:41:23Z
exp2_scaling,synthetic,imp_threadlocal,14,measured,29,102,0.007013,831537362.1859654,831537362.1859643,0.000000,"{""user_lock_acquisitions"": 0}",2026-08-12T05:41:23Z
exp2_scaling,synthetic,coarse_lock,14,measured,16,103,0.006935,831537362.1859654,831537362.1859643,0.000000,"{""user_lock_acquisitions"": 14}",2026-08-12T05:41:23Z
exp2_scaling,synthetic,fine_lock,14,measured,22,104,0.709601,831537362.1859561,831537362.1859643,0.000000,"{""user_lock_acquisitions"": 500000}",2026-08-12T05:41:23Z
exp2_scaling,synthetic,coarse_lock,14,measured,24,105,0.007254,831537362.1859654,831537362.1859643,0.000000,"{""user_lock_acquisitions"": 14}",2026-08-12T05:41:23Z
exp2_scaling,synthetic,queue_agg,14,measured,4,106,0.006967,831537362.1859654,831537362.1859643,0.000000,"{""user_lock_acquisitions"": 0}",2026-08-12T05:41:23Z
exp2_scaling,synthetic,fp_reduce,14,measured,12,107,0.006801,831537362.1859654,831537362.1859643,0.000000,"{""user_lock_acquisitions"": 0}",2026-08-12T05:41:23Z
exp2_scaling,synthetic,fp_reduce,14,measured,25,108,0.006709,831537362.1859654,831537362.1859643,0.000000,"{""user_lock_acquisitions"": 0}",2026-08-12T05:41:23Z
exp2_scaling,synthetic,queue_agg,14,measured,3,109,0.006894,831537362.1859654,831537362.1859643,0.000000,"{""user_lock_acquisitions"": 0}",2026-08-12T05:41:23Z
exp2_scaling,synthetic,batched_lock,14,measured,23,110,0.007841,831537362.1859642,831537362.1859643,0.000000,"{""user_lock_acquisitions"": 504}",2026-08-12T05:41:23Z
exp2_scaling,synthetic,fp_sum_genexpr,14,measured,22,111,0.007375,831537362.1859643,831537362.1859643,0.000000,"{""user_lock_acquisitions"": 0}",2026-08-12T05:41:23Z
exp2_scaling,synthetic,imp_threadlocal,14,measured,11,112,0.007005,831537362.1859654,831537362.1859643,0.000000,"{""user_lock_acquisitions"": 0}",2026-08-12T05:41:23Z
exp2_scaling,synthetic,imp_threadlocal,14,measured,13,113,0.006976,831537362.1859654,831537362.1859643,0.000000,"{""user_lock_acquisitions"": 0}",2026-08-12T05:41:23Z
exp2_scaling,synthetic,coarse_lock,14,measured,21,114,0.006914,831537362.1859654,831537362.1859643,0.000000,"{""user_lock_acquisitions"": 14}",2026-08-12T05:41:23Z
exp2_scaling,synthetic,fp_reduce,14,measured,18,115,0.007131,831537362.1859654,831537362.1859643,0.000000,"{""user_lock_acquisitions"": 0}",2026-08-12T05:41:23Z
exp2_scaling,synthetic,fp_sum_genexpr,14,measured,15,116,0.007416,831537362.1859643,831537362.1859643,0.000000,"{""user_lock_acquisitions"": 0}",2026-08-12T05:41:23Z
exp2_scaling,synthetic,queue_agg,14,measured,11,117,0.007305,831537362.1859654,831537362.1859643,0.000000,"{""user_lock_acquisitions"": 0}",2026-08-12T05:41:23Z
exp2_scaling,synthetic,queue_agg,14,measured,8,118,0.007032,831537362.1859654,831537362.1859643,0.000000,"{""user_lock_acquisitions"": 0}",2026-08-12T05:41:23Z
exp2_scaling,synthetic,batched_lock,14,measured,0,119,0.007899,831537362.1859641,831537362.1859643,0.000000,"{""user_lock_acquisitions"": 504}",2026-08-12T05:41:23Z
exp2_scaling,synthetic,imp_threadlocal,14,measured,2,120,0.007262,831537362.1859654,831537362.1859643,0.000000,"{""user_lock_acquisitions"": 0}",2026-08-12T05:41:23Z
exp2_scaling,synthetic,queue_agg,14,measured,16,121,0.007201,831537362.1859657,831537362.1859643,0.000000,"{""user_lock_acquisitions"": 0}",2026-08-12T05:41:23Z
exp2_scaling,synthetic,batched_lock,14,measured,10,122,0.007878,831537362.1859641,831537362.1859643,0.000000,"{""user_lock_acquisitions"": 504}",2026-08-12T05:41:23Z
exp2_scaling,synthetic,imp_threadlocal,14,measured,15,123,0.007150,831537362.1859654,831537362.1859643,0.000000,"{""user_lock_acquisitions"": 0}",2026-08-12T05:41:23Z
exp2_scaling,synthetic,fine_lock,14,measured,7,124,0.711798,831537362.1859562,831537362.1859643,0.000000,"{""user_lock_acquisitions"": 500000}",2026-08-12T05:41:24Z
exp2_scaling,synthetic,batched_lock,14,measured,6,125,0.008538,831537362.1859645,831537362.1859643,0.000000,"{""user_lock_acquisitions"": 504}",2026-08-12T05:41:24Z
exp2_scaling,synthetic,coarse_lock,14,measured,25,126,0.006974,831537362.1859654,831537362.1859643,0.000000,"{""user_lock_acquisitions"": 14}",2026-08-12T05:41:24Z
exp2_scaling,synthetic,batched_lock,14,measured,13,127,0.007947,831537362.1859642,831537362.1859643,0.000000,"{""user_lock_acquisitions"": 504}",2026-08-12T05:41:24Z
exp2_scaling,synthetic,fp_reduce,14,measured,22,128,0.006891,831537362.1859654,831537362.1859643,0.000000,"{""user_lock_acquisitions"": 0}",2026-08-12T05:41:24Z
exp2_scaling,synthetic,imp_threadlocal,14,measured,9,129,0.006869,831537362.1859654,831537362.1859643,0.000000,"{""user_lock_acquisitions"": 0}",2026-08-12T05:41:24Z
exp2_scaling,synthetic,fp_reduce,14,measured,14,130,0.006792,831537362.1859654,831537362.1859643,0.000000,"{""user_lock_acquisitions"": 0}",2026-08-12T05:41:24Z
exp2_scaling,synthetic,fp_reduce,14,measured,3,131,0.006963,831537362.1859654,831537362.1859643,0.000000,"{""user_lock_acquisitions"": 0}",2026-08-12T05:41:24Z
exp2_scaling,synthetic,fine_lock,14,measured,29,132,0.704733,831537362.1859559,831537362.1859643,0.000000,"{""user_lock_acquisitions"": 500000}",2026-08-12T05:41:25Z
exp2_scaling,synthetic,fine_lock,14,measured,6,133,0.700662,831537362.1859585,831537362.1859643,0.000000,"{""user_lock_acquisitions"": 500000}",2026-08-12T05:41:26Z
exp2_scaling,synthetic,fine_lock,14,measured,9,134,0.721886,831537362.1859573,831537362.1859643,0.000000,"{""user_lock_acquisitions"": 500000}",2026-08-12T05:41:26Z
exp2_scaling,synthetic,fp_sum_genexpr,14,measured,12,135,0.007746,831537362.1859643,831537362.1859643,0.000000,"{""user_lock_acquisitions"": 0}",2026-08-12T05:41:26Z
exp2_scaling,synthetic,fp_reduce,14,measured,4,136,0.007133,831537362.1859654,831537362.1859643,0.000000,"{""user_lock_acquisitions"": 0}",2026-08-12T05:41:26Z
exp2_scaling,synthetic,no_lock,14,measured,27,137,0.765222,100247306.80414,831537362.1859643,87.944341,"{""user_lock_acquisitions"": 0}",2026-08-12T05:41:27Z
exp2_scaling,synthetic,fine_lock,14,measured,11,138,0.807780,831537362.1859541,831537362.1859643,0.000000,"{""user_lock_acquisitions"": 500000}",2026-08-12T05:41:28Z
exp2_scaling,synthetic,batched_lock,14,measured,11,139,0.008255,831537362.1859643,831537362.1859643,0.000000,"{""user_lock_acquisitions"": 504}",2026-08-12T05:41:28Z
exp2_scaling,synthetic,imp_threadlocal,14,measured,23,140,0.006970,831537362.1859654,831537362.1859643,0.000000,"{""user_lock_acquisitions"": 0}",2026-08-12T05:41:28Z
exp2_scaling,synthetic,no_lock,14,measured,29,141,0.765943,101635054.021718,831537362.1859643,87.777452,"{""user_lock_acquisitions"": 0}",2026-08-12T05:41:29Z
exp2_scaling,synthetic,imp_threadlocal,14,measured,21,142,0.007233,831537362.1859654,831537362.1859643,0.000000,"{""user_lock_acquisitions"": 0}",2026-08-12T05:41:29Z
exp2_scaling,synthetic,fine_lock,14,measured,23,143,0.704966,831537362.1859516,831537362.1859643,0.000000,"{""user_lock_acquisitions"": 500000}",2026-08-12T05:41:29Z
exp2_scaling,synthetic,batched_lock,14,measured,15,144,0.008274,831537362.1859642,831537362.1859643,0.000000,"{""user_lock_acquisitions"": 504}",2026-08-12T05:41:29Z
exp2_scaling,synthetic,queue_agg,14,measured,13,145,0.006859,831537362.1859654,831537362.1859643,0.000000,"{""user_lock_acquisitions"": 0}",2026-08-12T05:41:29Z
exp2_scaling,synthetic,imp_threadlocal,14,measured,26,146,0.006995,831537362.1859654,831537362.1859643,0.000000,"{""user_lock_acquisitions"": 0}",2026-08-12T05:41:29Z
exp2_scaling,synthetic,fp_reduce,14,measured,9,147,0.006802,831537362.1859654,831537362.1859643,0.000000,"{""user_lock_acquisitions"": 0}",2026-08-12T05:41:29Z
exp2_scaling,synthetic,fine_lock,14,measured,14,148,0.699370,831537362.1859533,831537362.1859643,0.000000,"{""user_lock_acquisitions"": 500000}",2026-08-12T05:41:30Z
exp2_scaling,synthetic,imp_threadlocal,14,measured,24,149,0.007154,831537362.1859654,831537362.1859643,0.000000,"{""user_lock_acquisitions"": 0}",2026-08-12T05:41:30Z
exp2_scaling,synthetic,coarse_lock,14,measured,23,150,0.006896,831537362.1859654,831537362.1859643,0.000000,"{""user_lock_acquisitions"": 14}",2026-08-12T05:41:30Z
exp2_scaling,synthetic,no_lock,14,measured,28,151,0.793002,101739783.03087346,831537362.1859643,87.764857,"{""user_lock_acquisitions"": 0}",2026-08-12T05:41:31Z
exp2_scaling,synthetic,coarse_lock,14,measured,26,152,0.007245,831537362.1859654,831537362.1859643,0.000000,"{""user_lock_acquisitions"": 14}",2026-08-12T05:41:31Z
exp2_scaling,synthetic,no_lock,14,measured,10,153,0.777259,100892855.92557906,831537362.1859643,87.866708,"{""user_lock_acquisitions"": 0}",2026-08-12T05:41:32Z
exp2_scaling,synthetic,fine_lock,14,measured,19,154,0.722976,831537362.1859517,831537362.1859643,0.000000,"{""user_lock_acquisitions"": 500000}",2026-08-12T05:41:32Z
exp2_scaling,synthetic,imp_threadlocal,14,measured,10,155,0.007526,831537362.1859654,831537362.1859643,0.000000,"{""user_lock_acquisitions"": 0}",2026-08-12T05:41:32Z
exp2_scaling,synthetic,imp_threadlocal,14,measured,0,156,0.007059,831537362.1859654,831537362.1859643,0.000000,"{""user_lock_acquisitions"": 0}",2026-08-12T05:41:32Z
exp2_scaling,synthetic,coarse_lock,14,measured,28,157,0.006896,831537362.1859654,831537362.1859643,0.000000,"{""user_lock_acquisitions"": 14}",2026-08-12T05:41:32Z
exp2_scaling,synthetic,imp_threadlocal,14,measured,12,158,0.007005,831537362.1859654,831537362.1859643,0.000000,"{""user_lock_acquisitions"": 0}",2026-08-12T05:41:32Z
exp2_scaling,synthetic,queue_agg,14,measured,29,159,0.006962,831537362.1859654,831537362.1859643,0.000000,"{""user_lock_acquisitions"": 0}",2026-08-12T05:41:32Z
exp2_scaling,synthetic,coarse_lock,14,measured,11,160,0.006769,831537362.1859654,831537362.1859643,0.000000,"{""user_lock_acquisitions"": 14}",2026-08-12T05:41:32Z
exp2_scaling,synthetic,fine_lock,14,measured,5,161,0.735566,831537362.1859565,831537362.1859643,0.000000,"{""user_lock_acquisitions"": 500000}",2026-08-12T05:41:33Z
exp2_scaling,synthetic,batched_lock,14,measured,19,162,0.008212,831537362.1859643,831537362.1859643,0.000000,"{""user_lock_acquisitions"": 504}",2026-08-12T05:41:33Z
exp2_scaling,synthetic,fp_reduce,14,measured,16,163,0.007077,831537362.1859654,831537362.1859643,0.000000,"{""user_lock_acquisitions"": 0}",2026-08-12T05:41:33Z
exp2_scaling,synthetic,fp_sum_genexpr,14,measured,4,164,0.007271,831537362.1859643,831537362.1859643,0.000000,"{""user_lock_acquisitions"": 0}",2026-08-12T05:41:33Z
exp2_scaling,synthetic,fp_sum_genexpr,14,measured,23,165,0.007211,831537362.1859643,831537362.1859643,0.000000,"{""user_lock_acquisitions"": 0}",2026-08-12T05:41:33Z
exp2_scaling,synthetic,imp_threadlocal,14,measured,1,166,0.006845,831537362.1859654,831537362.1859643,0.000000,"{""user_lock_acquisitions"": 0}",2026-08-12T05:41:33Z
exp2_scaling,synthetic,no_lock,14,measured,11,167,0.795164,100272177.80236773,831537362.1859643,87.941350,"{""user_lock_acquisitions"": 0}",2026-08-12T05:41:34Z
exp2_scaling,synthetic,fp_reduce,14,measured,2,168,0.007214,831537362.1859654,831537362.1859643,0.000000,"{""user_lock_acquisitions"": 0}",2026-08-12T05:41:34Z
exp2_scaling,synthetic,fine_lock,14,measured,25,169,0.678122,831537362.1859541,831537362.1859643,0.000000,"{""user_lock_acquisitions"": 500000}",2026-08-12T05:41:35Z
exp2_scaling,synthetic,fine_lock,14,measured,17,170,0.717852,831537362.1859543,831537362.1859643,0.000000,"{""user_lock_acquisitions"": 500000}",2026-08-12T05:41:35Z
exp2_scaling,synthetic,batched_lock,14,measured,2,171,0.008139,831537362.1859641,831537362.1859643,0.000000,"{""user_lock_acquisitions"": 504}",2026-08-12T05:41:35Z
exp2_scaling,synthetic,fp_reduce,14,measured,13,172,0.007088,831537362.1859654,831537362.1859643,0.000000,"{""user_lock_acquisitions"": 0}",2026-08-12T05:41:35Z
exp2_scaling,synthetic,fine_lock,14,measured,1,173,0.717629,831537362.1859608,831537362.1859643,0.000000,"{""user_lock_acquisitions"": 500000}",2026-08-12T05:41:36Z
exp2_scaling,synthetic,fp_reduce,14,measured,28,174,0.007132,831537362.1859654,831537362.1859643,0.000000,"{""user_lock_acquisitions"": 0}",2026-08-12T05:41:36Z
exp2_scaling,synthetic,no_lock,14,measured,0,175,0.787503,97720190.68101256,831537362.1859643,88.248250,"{""user_lock_acquisitions"": 0}",2026-08-12T05:41:37Z
exp2_scaling,synthetic,batched_lock,14,measured,21,176,0.008610,831537362.1859642,831537362.1859643,0.000000,"{""user_lock_acquisitions"": 504}",2026-08-12T05:41:37Z
exp2_scaling,synthetic,coarse_lock,14,measured,15,177,0.007661,831537362.1859654,831537362.1859643,0.000000,"{""user_lock_acquisitions"": 14}",2026-08-12T05:41:37Z
exp2_scaling,synthetic,fine_lock,14,measured,26,178,0.708117,831537362.1859568,831537362.1859643,0.000000,"{""user_lock_acquisitions"": 500000}",2026-08-12T05:41:38Z
exp2_scaling,synthetic,imp_threadlocal,14,measured,7,179,0.007263,831537362.1859654,831537362.1859643,0.000000,"{""user_lock_acquisitions"": 0}",2026-08-12T05:41:38Z
exp2_scaling,synthetic,no_lock,14,measured,3,180,0.803911,98271005.52146994,831537362.1859643,88.182010,"{""user_lock_acquisitions"": 0}",2026-08-12T05:41:38Z
exp2_scaling,synthetic,imp_threadlocal,14,measured,27,181,0.007098,831537362.1859654,831537362.1859643,0.000000,"{""user_lock_acquisitions"": 0}",2026-08-12T05:41:39Z
exp2_scaling,synthetic,coarse_lock,14,measured,8,182,0.007219,831537362.1859657,831537362.1859643,0.000000,"{""user_lock_acquisitions"": 14}",2026-08-12T05:41:39Z
exp2_scaling,synthetic,batched_lock,14,measured,1,183,0.007994,831537362.1859641,831537362.1859643,0.000000,"{""user_lock_acquisitions"": 504}",2026-08-12T05:41:39Z
exp2_scaling,synthetic,queue_agg,14,measured,14,184,0.006785,831537362.1859654,831537362.1859643,0.000000,"{""user_lock_acquisitions"": 0}",2026-08-12T05:41:39Z
exp2_scaling,synthetic,fp_sum_genexpr,14,measured,9,185,0.007231,831537362.1859643,831537362.1859643,0.000000,"{""user_lock_acquisitions"": 0}",2026-08-12T05:41:39Z
exp2_scaling,synthetic,no_lock,14,measured,8,186,0.755320,100841938.23677325,831537362.1859643,87.872831,"{""user_lock_acquisitions"": 0}",2026-08-12T05:41:39Z
exp2_scaling,synthetic,queue_agg,14,measured,0,187,0.007178,831537362.1859654,831537362.1859643,0.000000,"{""user_lock_acquisitions"": 0}",2026-08-12T05:41:39Z
exp2_scaling,synthetic,no_lock,14,measured,20,188,0.813606,100457899.60884137,831537362.1859643,87.919016,"{""user_lock_acquisitions"": 0}",2026-08-12T05:41:40Z
exp2_scaling,synthetic,batched_lock,14,measured,27,189,0.008505,831537362.1859645,831537362.1859643,0.000000,"{""user_lock_acquisitions"": 504}",2026-08-12T05:41:40Z
exp2_scaling,synthetic,queue_agg,14,measured,10,190,0.007493,831537362.1859654,831537362.1859643,0.000000,"{""user_lock_acquisitions"": 0}",2026-08-12T05:41:40Z
exp2_scaling,synthetic,fp_reduce,14,measured,19,191,0.007080,831537362.1859654,831537362.1859643,0.000000,"{""user_lock_acquisitions"": 0}",2026-08-12T05:41:40Z
exp2_scaling,synthetic,no_lock,14,measured,21,192,0.792041,98915645.3696149,831537362.1859643,88.104486,"{""user_lock_acquisitions"": 0}",2026-08-12T05:41:41Z
exp2_scaling,synthetic,fp_reduce,14,measured,10,193,0.007254,831537362.1859654,831537362.1859643,0.000000,"{""user_lock_acquisitions"": 0}",2026-08-12T05:41:41Z
exp2_scaling,synthetic,no_lock,14,measured,24,194,0.761499,102618729.02016968,831537362.1859643,87.659156,"{""user_lock_acquisitions"": 0}",2026-08-12T05:41:42Z
exp2_scaling,synthetic,fp_sum_genexpr,14,measured,26,195,0.007831,831537362.1859643,831537362.1859643,0.000000,"{""user_lock_acquisitions"": 0}",2026-08-12T05:41:42Z
exp2_scaling,synthetic,coarse_lock,14,measured,12,196,0.006834,831537362.1859655,831537362.1859643,0.000000,"{""user_lock_acquisitions"": 14}",2026-08-12T05:41:42Z
exp2_scaling,synthetic,fp_sum_genexpr,14,measured,21,197,0.007193,831537362.1859643,831537362.1859643,0.000000,"{""user_lock_acquisitions"": 0}",2026-08-12T05:41:42Z
exp2_scaling,synthetic,coarse_lock,14,measured,19,198,0.007059,831537362.1859654,831537362.1859643,0.000000,"{""user_lock_acquisitions"": 14}",2026-08-12T05:41:42Z
exp2_scaling,synthetic,imp_threadlocal,14,measured,6,199,0.006804,831537362.1859654,831537362.1859643,0.000000,"{""user_lock_acquisitions"": 0}",2026-08-12T05:41:42Z
exp2_scaling,synthetic,batched_lock,14,measured,24,200,0.007692,831537362.1859642,831537362.1859643,0.000000,"{""user_lock_acquisitions"": 504}",2026-08-12T05:41:42Z
exp2_scaling,synthetic,queue_agg,14,measured,23,201,0.006759,831537362.1859654,831537362.1859643,0.000000,"{""user_lock_acquisitions"": 0}",2026-08-12T05:41:42Z
exp2_scaling,synthetic,fp_sum_genexpr,14,measured,18,202,0.007207,831537362.1859643,831537362.1859643,0.000000,"{""user_lock_acquisitions"": 0}",2026-08-12T05:41:42Z
exp2_scaling,synthetic,coarse_lock,14,measured,9,203,0.006934,831537362.1859654,831537362.1859643,0.000000,"{""user_lock_acquisitions"": 14}",2026-08-12T05:41:42Z
exp2_scaling,synthetic,no_lock,14,measured,25,204,0.772246,97973544.24909987,831537362.1859643,88.217782,"{""user_lock_acquisitions"": 0}",2026-08-12T05:41:43Z
exp2_scaling,synthetic,fp_reduce,14,measured,11,205,0.007119,831537362.1859654,831537362.1859643,0.000000,"{""user_lock_acquisitions"": 0}",2026-08-12T05:41:43Z
exp2_scaling,synthetic,coarse_lock,14,measured,2,206,0.006936,831537362.1859654,831537362.1859643,0.000000,"{""user_lock_acquisitions"": 14}",2026-08-12T05:41:43Z
exp2_scaling,synthetic,fine_lock,14,measured,3,207,0.693235,831537362.1859498,831537362.1859643,0.000000,"{""user_lock_acquisitions"": 500000}",2026-08-12T05:41:43Z
exp2_scaling,synthetic,fp_sum_genexpr,14,measured,19,208,0.007461,831537362.1859643,831537362.1859643,0.000000,"{""user_lock_acquisitions"": 0}",2026-08-12T05:41:43Z
exp2_scaling,synthetic,fine_lock,14,measured,15,209,0.701971,831537362.1859527,831537362.1859643,0.000000,"{""user_lock_acquisitions"": 500000}",2026-08-12T05:41:44Z
exp2_scaling,synthetic,fp_reduce,14,measured,1,210,0.007169,831537362.1859654,831537362.1859643,0.000000,"{""user_lock_acquisitions"": 0}",2026-08-12T05:41:44Z
exp2_scaling,synthetic,imp_threadlocal,14,measured,18,211,0.006980,831537362.1859654,831537362.1859643,0.000000,"{""user_lock_acquisitions"": 0}",2026-08-12T05:41:44Z
exp2_scaling,synthetic,fp_sum_genexpr,14,measured,5,212,0.007294,831537362.1859643,831537362.1859643,0.000000,"{""user_lock_acquisitions"": 0}",2026-08-12T05:41:44Z
exp2_scaling,synthetic,queue_agg,14,measured,2,213,0.006807,831537362.1859654,831537362.1859643,0.000000,"{""user_lock_acquisitions"": 0}",2026-08-12T05:41:44Z
exp2_scaling,synthetic,imp_threadlocal,14,measured,5,214,0.006743,831537362.1859654,831537362.1859643,0.000000,"{""user_lock_acquisitions"": 0}",2026-08-12T05:41:44Z
exp2_scaling,synthetic,fp_sum_genexpr,14,measured,25,215,0.007272,831537362.1859643,831537362.1859643,0.000000,"{""user_lock_acquisitions"": 0}",2026-08-12T05:41:44Z
exp2_scaling,synthetic,coarse_lock,14,measured,0,216,0.006810,831537362.1859654,831537362.1859643,0.000000,"{""user_lock_acquisitions"": 14}",2026-08-12T05:41:44Z
exp2_scaling,synthetic,batched_lock,14,measured,14,217,0.007826,831537362.1859642,831537362.1859643,0.000000,"{""user_lock_acquisitions"": 504}",2026-08-12T05:41:44Z
exp2_scaling,synthetic,batched_lock,14,measured,7,218,0.007693,831537362.1859641,831537362.1859643,0.000000,"{""user_lock_acquisitions"": 504}",2026-08-12T05:41:44Z
exp2_scaling,synthetic,batched_lock,14,measured,12,219,0.007592,831537362.1859642,831537362.1859643,0.000000,"{""user_lock_acquisitions"": 504}",2026-08-12T05:41:44Z
exp2_scaling,synthetic,fp_reduce,14,measured,5,220,0.006728,831537362.1859654,831537362.1859643,0.000000,"{""user_lock_acquisitions"": 0}",2026-08-12T05:41:44Z
exp2_scaling,synthetic,coarse_lock,14,measured,27,221,0.006812,831537362.1859654,831537362.1859643,0.000000,"{""user_lock_acquisitions"": 14}",2026-08-12T05:41:44Z
exp2_scaling,synthetic,imp_threadlocal,14,measured,17,222,0.006696,831537362.1859654,831537362.1859643,0.000000,"{""user_lock_acquisitions"": 0}",2026-08-12T05:41:44Z
exp2_scaling,synthetic,fine_lock,14,measured,4,223,0.718976,831537362.1859531,831537362.1859643,0.000000,"{""user_lock_acquisitions"": 500000}",2026-08-12T05:41:45Z
exp2_scaling,synthetic,imp_threadlocal,14,measured,14,224,0.007275,831537362.1859654,831537362.1859643,0.000000,"{""user_lock_acquisitions"": 0}",2026-08-12T05:41:45Z
exp2_scaling,synthetic,fp_sum_genexpr,14,measured,13,225,0.007176,831537362.1859643,831537362.1859643,0.000000,"{""user_lock_acquisitions"": 0}",2026-08-12T05:41:45Z
exp2_scaling,synthetic,imp_threadlocal,14,measured,16,226,0.006821,831537362.1859654,831537362.1859643,0.000000,"{""user_lock_acquisitions"": 0}",2026-08-12T05:41:45Z
exp2_scaling,synthetic,imp_threadlocal,14,measured,4,227,0.006751,831537362.1859654,831537362.1859643,0.000000,"{""user_lock_acquisitions"": 0}",2026-08-12T05:41:45Z
exp2_scaling,synthetic,fp_sum_genexpr,14,measured,27,228,0.007077,831537362.1859643,831537362.1859643,0.000000,"{""user_lock_acquisitions"": 0}",2026-08-12T05:41:45Z
exp2_scaling,synthetic,fp_sum_genexpr,14,measured,1,229,0.007145,831537362.1859643,831537362.1859643,0.000000,"{""user_lock_acquisitions"": 0}",2026-08-12T05:41:45Z
exp2_scaling,synthetic,fine_lock,14,measured,0,230,0.706824,831537362.1859559,831537362.1859643,0.000000,"{""user_lock_acquisitions"": 500000}",2026-08-12T05:41:46Z
exp2_scaling,synthetic,no_lock,14,measured,2,231,0.822735,98321215.3563154,831537362.1859643,88.175971,"{""user_lock_acquisitions"": 0}",2026-08-12T05:41:46Z
exp2_scaling,synthetic,fine_lock,14,measured,13,232,0.696762,831537362.1859559,831537362.1859643,0.000000,"{""user_lock_acquisitions"": 500000}",2026-08-12T05:41:47Z
exp2_scaling,synthetic,no_lock,14,measured,16,233,0.779634,99601610.46582891,831537362.1859643,88.021992,"{""user_lock_acquisitions"": 0}",2026-08-12T05:41:48Z
exp2_scaling,synthetic,fp_sum_genexpr,14,measured,17,234,0.007576,831537362.1859643,831537362.1859643,0.000000,"{""user_lock_acquisitions"": 0}",2026-08-12T05:41:48Z
exp2_scaling,synthetic,fp_sum_genexpr,14,measured,11,235,0.007263,831537362.1859643,831537362.1859643,0.000000,"{""user_lock_acquisitions"": 0}",2026-08-12T05:41:48Z
exp2_scaling,synthetic,queue_agg,14,measured,1,236,0.006763,831537362.1859654,831537362.1859643,0.000000,"{""user_lock_acquisitions"": 0}",2026-08-12T05:41:48Z
exp2_scaling,synthetic,imp_threadlocal,14,measured,22,237,0.006798,831537362.1859654,831537362.1859643,0.000000,"{""user_lock_acquisitions"": 0}",2026-08-12T05:41:48Z
exp2_scaling,synthetic,no_lock,14,measured,5,238,0.750367,99496391.90898329,831537362.1859643,88.034646,"{""user_lock_acquisitions"": 0}",2026-08-12T05:41:49Z
exp2_scaling,synthetic,queue_agg,14,measured,9,239,0.007025,831537362.1859654,831537362.1859643,0.000000,"{""user_lock_acquisitions"": 0}",2026-08-12T05:41:49Z
exp2_scaling,synthetic,fp_reduce,14,measured,20,240,0.006851,831537362.1859654,831537362.1859643,0.000000,"{""user_lock_acquisitions"": 0}",2026-08-12T05:41:49Z
exp2_scaling,synthetic,fp_reduce,14,measured,21,241,0.006799,831537362.1859654,831537362.1859643,0.000000,"{""user_lock_acquisitions"": 0}",2026-08-12T05:41:49Z
exp2_scaling,synthetic,queue_agg,14,measured,6,242,0.006692,831537362.1859657,831537362.1859643,0.000000,"{""user_lock_acquisitions"": 0}",2026-08-12T05:41:49Z
exp2_scaling,synthetic,batched_lock,14,measured,29,243,0.007853,831537362.1859643,831537362.1859643,0.000000,"{""user_lock_acquisitions"": 504}",2026-08-12T05:41:49Z
exp2_scaling,synthetic,fp_sum_genexpr,14,measured,29,244,0.007094,831537362.1859643,831537362.1859643,0.000000,"{""user_lock_acquisitions"": 0}",2026-08-12T05:41:49Z
exp2_scaling,synthetic,fp_sum_genexpr,14,measured,2,245,0.007254,831537362.1859643,831537362.1859643,0.000000,"{""user_lock_acquisitions"": 0}",2026-08-12T05:41:49Z
exp2_scaling,synthetic,coarse_lock,14,measured,14,246,0.006706,831537362.1859654,831537362.1859643,0.000000,"{""user_lock_acquisitions"": 14}",2026-08-12T05:41:49Z
exp2_scaling,synthetic,fine_lock,14,measured,24,247,0.707734,831537362.185954,831537362.1859643,0.000000,"{""user_lock_acquisitions"": 500000}",2026-08-12T05:41:49Z
exp2_scaling,synthetic,fp_reduce,14,measured,7,248,0.007110,831537362.1859654,831537362.1859643,0.000000,"{""user_lock_acquisitions"": 0}",2026-08-12T05:41:49Z
exp2_scaling,synthetic,queue_agg,14,measured,26,249,0.006913,831537362.1859654,831537362.1859643,0.000000,"{""user_lock_acquisitions"": 0}",2026-08-12T05:41:49Z
exp2_scaling,synthetic,queue_agg,14,measured,19,250,0.007099,831537362.1859654,831537362.1859643,0.000000,"{""user_lock_acquisitions"": 0}",2026-08-12T05:41:49Z
exp2_scaling,synthetic,fp_reduce,14,measured,29,251,0.006840,831537362.1859654,831537362.1859643,0.000000,"{""user_lock_acquisitions"": 0}",2026-08-12T05:41:49Z
exp2_scaling,synthetic,no_lock,14,measured,15,252,0.796936,99367301.56144737,831537362.1859643,88.050170,"{""user_lock_acquisitions"": 0}",2026-08-12T05:41:50Z
exp2_scaling,synthetic,no_lock,14,measured,4,253,0.780555,100545868.89173155,831537362.1859643,87.908436,"{""user_lock_acquisitions"": 0}",2026-08-12T05:41:51Z
exp2_scaling,synthetic,imp_threadlocal,14,measured,20,254,0.007118,831537362.1859654,831537362.1859643,0.000000,"{""user_lock_acquisitions"": 0}",2026-08-12T05:41:51Z
exp2_scaling,synthetic,queue_agg,14,measured,15,255,0.006940,831537362.1859654,831537362.1859643,0.000000,"{""user_lock_acquisitions"": 0}",2026-08-12T05:41:51Z
exp2_scaling,synthetic,fp_sum_genexpr,14,measured,8,256,0.007196,831537362.1859643,831537362.1859643,0.000000,"{""user_lock_acquisitions"": 0}",2026-08-12T05:41:51Z
exp2_scaling,synthetic,no_lock,14,measured,18,257,0.790296,100863867.70658042,831537362.1859643,87.870194,"{""user_lock_acquisitions"": 0}",2026-08-12T05:41:52Z
exp2_scaling,synthetic,batched_lock,14,measured,4,258,0.008039,831537362.1859641,831537362.1859643,0.000000,"{""user_lock_acquisitions"": 504}",2026-08-12T05:41:52Z
exp2_scaling,synthetic,queue_agg,14,measured,24,259,0.006972,831537362.1859654,831537362.1859643,0.000000,"{""user_lock_acquisitions"": 0}",2026-08-12T05:41:52Z
exp2_scaling,synthetic,coarse_lock,14,measured,20,260,0.006840,831537362.1859654,831537362.1859643,0.000000,"{""user_lock_acquisitions"": 14}",2026-08-12T05:41:52Z
exp2_scaling,synthetic,queue_agg,14,measured,20,261,0.006983,831537362.1859654,831537362.1859643,0.000000,"{""user_lock_acquisitions"": 0}",2026-08-12T05:41:52Z
exp2_scaling,synthetic,batched_lock,14,measured,25,262,0.007720,831537362.1859641,831537362.1859643,0.000000,"{""user_lock_acquisitions"": 504}",2026-08-12T05:41:52Z
exp2_scaling,synthetic,no_lock,14,measured,12,263,0.805688,99249049.1462286,831537362.1859643,88.064391,"{""user_lock_acquisitions"": 0}",2026-08-12T05:41:53Z
exp2_scaling,synthetic,fp_sum_genexpr,16,warmup,1,0,0.007514,831537362.1859643,831537362.1859643,0.000000,"{""user_lock_acquisitions"": 0}",2026-08-12T05:41:53Z
exp2_scaling,synthetic,fp_reduce,16,warmup,0,1,0.006510,831537362.1859653,831537362.1859643,0.000000,"{""user_lock_acquisitions"": 0}",2026-08-12T05:41:53Z
exp2_scaling,synthetic,batched_lock,16,warmup,1,2,0.007365,831537362.1859648,831537362.1859643,0.000000,"{""user_lock_acquisitions"": 512}",2026-08-12T05:41:53Z
exp2_scaling,synthetic,imp_threadlocal,16,warmup,1,3,0.006364,831537362.1859653,831537362.1859643,0.000000,"{""user_lock_acquisitions"": 0}",2026-08-12T05:41:53Z
exp2_scaling,synthetic,fine_lock,16,warmup,2,4,0.864835,831537362.1859722,831537362.1859643,0.000000,"{""user_lock_acquisitions"": 500000}",2026-08-12T05:41:54Z
exp2_scaling,synthetic,no_lock,16,warmup,1,5,0.945840,82698677.29042295,831537362.1859643,90.054725,"{""user_lock_acquisitions"": 0}",2026-08-12T05:41:54Z
exp2_scaling,synthetic,queue_agg,16,warmup,2,6,0.006648,831537362.1859653,831537362.1859643,0.000000,"{""user_lock_acquisitions"": 0}",2026-08-12T05:41:54Z
exp2_scaling,synthetic,coarse_lock,16,warmup,2,7,0.006574,831537362.1859653,831537362.1859643,0.000000,"{""user_lock_acquisitions"": 16}",2026-08-12T05:41:54Z
exp2_scaling,synthetic,coarse_lock,16,warmup,1,8,0.006381,831537362.1859653,831537362.1859643,0.000000,"{""user_lock_acquisitions"": 16}",2026-08-12T05:41:54Z
exp2_scaling,synthetic,fp_reduce,16,warmup,1,9,0.006361,831537362.1859653,831537362.1859643,0.000000,"{""user_lock_acquisitions"": 0}",2026-08-12T05:41:54Z
exp2_scaling,synthetic,batched_lock,16,warmup,2,10,0.007371,831537362.1859647,831537362.1859643,0.000000,"{""user_lock_acquisitions"": 512}",2026-08-12T05:41:54Z
exp2_scaling,synthetic,queue_agg,16,warmup,1,11,0.006304,831537362.1859653,831537362.1859643,0.000000,"{""user_lock_acquisitions"": 0}",2026-08-12T05:41:54Z
exp2_scaling,synthetic,queue_agg,16,warmup,0,12,0.006371,831537362.1859653,831537362.1859643,0.000000,"{""user_lock_acquisitions"": 0}",2026-08-12T05:41:54Z
exp2_scaling,synthetic,no_lock,16,warmup,0,13,0.964569,82555939.05198067,831537362.1859643,90.071891,"{""user_lock_acquisitions"": 0}",2026-08-12T05:41:55Z
exp2_scaling,synthetic,coarse_lock,16,warmup,0,14,0.006754,831537362.1859653,831537362.1859643,0.000000,"{""user_lock_acquisitions"": 16}",2026-08-12T05:41:55Z
exp2_scaling,synthetic,batched_lock,16,warmup,0,15,0.007648,831537362.1859647,831537362.1859643,0.000000,"{""user_lock_acquisitions"": 512}",2026-08-12T05:41:55Z
exp2_scaling,synthetic,imp_threadlocal,16,warmup,0,16,0.006755,831537362.1859653,831537362.1859643,0.000000,"{""user_lock_acquisitions"": 0}",2026-08-12T05:41:55Z
exp2_scaling,synthetic,fp_sum_genexpr,16,warmup,2,17,0.006902,831537362.1859643,831537362.1859643,0.000000,"{""user_lock_acquisitions"": 0}",2026-08-12T05:41:55Z
exp2_scaling,synthetic,fine_lock,16,warmup,0,18,0.729435,831537362.1859654,831537362.1859643,0.000000,"{""user_lock_acquisitions"": 500000}",2026-08-12T05:41:56Z
exp2_scaling,synthetic,fine_lock,16,warmup,1,19,0.716760,831537362.1859642,831537362.1859643,0.000000,"{""user_lock_acquisitions"": 500000}",2026-08-12T05:41:57Z
exp2_scaling,synthetic,fp_reduce,16,warmup,2,20,0.006787,831537362.1859653,831537362.1859643,0.000000,"{""user_lock_acquisitions"": 0}",2026-08-12T05:41:57Z
exp2_scaling,synthetic,imp_threadlocal,16,warmup,2,21,0.006618,831537362.1859653,831537362.1859643,0.000000,"{""user_lock_acquisitions"": 0}",2026-08-12T05:41:57Z
exp2_scaling,synthetic,fp_sum_genexpr,16,warmup,0,22,0.006950,831537362.1859643,831537362.1859643,0.000000,"{""user_lock_acquisitions"": 0}",2026-08-12T05:41:57Z
exp2_scaling,synthetic,no_lock,16,warmup,2,23,0.921827,85473181.52525999,831537362.1859643,89.721065,"{""user_lock_acquisitions"": 0}",2026-08-12T05:41:58Z
exp2_scaling,synthetic,imp_threadlocal,16,measured,1,24,0.006711,831537362.1859653,831537362.1859643,0.000000,"{""user_lock_acquisitions"": 0}",2026-08-12T05:41:58Z
exp2_scaling,synthetic,imp_threadlocal,16,measured,21,25,0.006600,831537362.1859653,831537362.1859643,0.000000,"{""user_lock_acquisitions"": 0}",2026-08-12T05:41:58Z
exp2_scaling,synthetic,fine_lock,16,measured,24,26,0.741299,831537362.1859673,831537362.1859643,0.000000,"{""user_lock_acquisitions"": 500000}",2026-08-12T05:41:59Z
exp2_scaling,synthetic,no_lock,16,measured,23,27,0.947790,83945203.48196383,831537362.1859643,89.904819,"{""user_lock_acquisitions"": 0}",2026-08-12T05:42:00Z
exp2_scaling,synthetic,batched_lock,16,measured,6,28,0.007598,831537362.1859647,831537362.1859643,0.000000,"{""user_lock_acquisitions"": 512}",2026-08-12T05:42:00Z
exp2_scaling,synthetic,fp_sum_genexpr,16,measured,15,29,0.006860,831537362.1859643,831537362.1859643,0.000000,"{""user_lock_acquisitions"": 0}",2026-08-12T05:42:00Z
exp2_scaling,synthetic,no_lock,16,measured,8,30,0.972758,83424773.97046174,831537362.1859643,89.967405,"{""user_lock_acquisitions"": 0}",2026-08-12T05:42:01Z
exp2_scaling,synthetic,fp_sum_genexpr,16,measured,18,31,0.009620,831537362.1859643,831537362.1859643,0.000000,"{""user_lock_acquisitions"": 0}",2026-08-12T05:42:01Z
exp2_scaling,synthetic,queue_agg,16,measured,5,32,0.006684,831537362.1859653,831537362.1859643,0.000000,"{""user_lock_acquisitions"": 0}",2026-08-12T05:42:01Z
exp2_scaling,synthetic,fine_lock,16,measured,21,33,0.742623,831537362.1859685,831537362.1859643,0.000000,"{""user_lock_acquisitions"": 500000}",2026-08-12T05:42:01Z
exp2_scaling,synthetic,fine_lock,16,measured,28,34,0.724310,831537362.1859663,831537362.1859643,0.000000,"{""user_lock_acquisitions"": 500000}",2026-08-12T05:42:02Z
exp2_scaling,synthetic,queue_agg,16,measured,4,35,0.006779,831537362.1859653,831537362.1859643,0.000000,"{""user_lock_acquisitions"": 0}",2026-08-12T05:42:02Z
exp2_scaling,synthetic,queue_agg,16,measured,6,36,0.006606,831537362.1859653,831537362.1859643,0.000000,"{""user_lock_acquisitions"": 0}",2026-08-12T05:42:02Z
exp2_scaling,synthetic,coarse_lock,16,measured,25,37,0.006376,831537362.1859653,831537362.1859643,0.000000,"{""user_lock_acquisitions"": 16}",2026-08-12T05:42:02Z
exp2_scaling,synthetic,coarse_lock,16,measured,5,38,0.006382,831537362.1859653,831537362.1859643,0.000000,"{""user_lock_acquisitions"": 16}",2026-08-12T05:42:02Z
exp2_scaling,synthetic,fp_sum_genexpr,16,measured,28,39,0.006697,831537362.1859643,831537362.1859643,0.000000,"{""user_lock_acquisitions"": 0}",2026-08-12T05:42:02Z
exp2_scaling,synthetic,fp_sum_genexpr,16,measured,4,40,0.006592,831537362.1859643,831537362.1859643,0.000000,"{""user_lock_acquisitions"": 0}",2026-08-12T05:42:02Z
exp2_scaling,synthetic,coarse_lock,16,measured,7,41,0.006545,831537362.1859653,831537362.1859643,0.000000,"{""user_lock_acquisitions"": 16}",2026-08-12T05:42:02Z
exp2_scaling,synthetic,imp_threadlocal,16,measured,20,42,0.006443,831537362.1859653,831537362.1859643,0.000000,"{""user_lock_acquisitions"": 0}",2026-08-12T05:42:02Z
exp2_scaling,synthetic,coarse_lock,16,measured,24,43,0.006366,831537362.1859653,831537362.1859643,0.000000,"{""user_lock_acquisitions"": 16}",2026-08-12T05:42:02Z
exp2_scaling,synthetic,coarse_lock,16,measured,10,44,0.006373,831537362.1859653,831537362.1859643,0.000000,"{""user_lock_acquisitions"": 16}",2026-08-12T05:42:02Z
exp2_scaling,synthetic,fine_lock,16,measured,18,45,0.735935,831537362.185967,831537362.1859643,0.000000,"{""user_lock_acquisitions"": 500000}",2026-08-12T05:42:03Z
exp2_scaling,synthetic,no_lock,16,measured,24,46,1.036319,83824888.93273251,831537362.1859643,89.919288,"{""user_lock_acquisitions"": 0}",2026-08-12T05:42:04Z
exp2_scaling,synthetic,queue_agg,16,measured,2,47,0.006759,831537362.1859653,831537362.1859643,0.000000,"{""user_lock_acquisitions"": 0}",2026-08-12T05:42:04Z
exp2_scaling,synthetic,batched_lock,16,measured,5,48,0.010289,831537362.1859647,831537362.1859643,0.000000,"{""user_lock_acquisitions"": 512}",2026-08-12T05:42:04Z
exp2_scaling,synthetic,batched_lock,16,measured,28,49,0.007438,831537362.1859647,831537362.1859643,0.000000,"{""user_lock_acquisitions"": 512}",2026-08-12T05:42:04Z
exp2_scaling,synthetic,batched_lock,16,measured,11,50,0.007312,831537362.1859648,831537362.1859643,0.000000,"{""user_lock_acquisitions"": 512}",2026-08-12T05:42:04Z
exp2_scaling,synthetic,no_lock,16,measured,10,51,0.949556,85130002.29687265,831537362.1859643,89.762336,"{""user_lock_acquisitions"": 0}",2026-08-12T05:42:05Z
exp2_scaling,synthetic,coarse_lock,16,measured,12,52,0.006854,831537362.1859653,831537362.1859643,0.000000,"{""user_lock_acquisitions"": 16}",2026-08-12T05:42:05Z
exp2_scaling,synthetic,batched_lock,16,measured,14,53,0.007261,831537362.1859648,831537362.1859643,0.000000,"{""user_lock_acquisitions"": 512}",2026-08-12T05:42:05Z
exp2_scaling,synthetic,batched_lock,16,measured,20,54,0.007168,831537362.1859647,831537362.1859643,0.000000,"{""user_lock_acquisitions"": 512}",2026-08-12T05:42:05Z
exp2_scaling,synthetic,imp_threadlocal,16,measured,17,55,0.006571,831537362.1859653,831537362.1859643,0.000000,"{""user_lock_acquisitions"": 0}",2026-08-12T05:42:05Z
exp2_scaling,synthetic,imp_threadlocal,16,measured,29,56,0.006658,831537362.1859653,831537362.1859643,0.000000,"{""user_lock_acquisitions"": 0}",2026-08-12T05:42:05Z
exp2_scaling,synthetic,batched_lock,16,measured,15,57,0.008169,831537362.1859648,831537362.1859643,0.000000,"{""user_lock_acquisitions"": 512}",2026-08-12T05:42:05Z
exp2_scaling,synthetic,no_lock,16,measured,29,58,0.955689,83439919.174311,831537362.1859643,89.965584,"{""user_lock_acquisitions"": 0}",2026-08-12T05:42:06Z
exp2_scaling,synthetic,batched_lock,16,measured,10,59,0.007592,831537362.1859646,831537362.1859643,0.000000,"{""user_lock_acquisitions"": 512}",2026-08-12T05:42:06Z
exp2_scaling,synthetic,batched_lock,16,measured,0,60,0.007162,831537362.1859646,831537362.1859643,0.000000,"{""user_lock_acquisitions"": 512}",2026-08-12T05:42:06Z
exp2_scaling,synthetic,coarse_lock,16,measured,1,61,0.006421,831537362.1859653,831537362.1859643,0.000000,"{""user_lock_acquisitions"": 16}",2026-08-12T05:42:06Z
exp2_scaling,synthetic,queue_agg,16,measured,12,62,0.006272,831537362.1859653,831537362.1859643,0.000000,"{""user_lock_acquisitions"": 0}",2026-08-12T05:42:06Z
exp2_scaling,synthetic,fp_reduce,16,measured,29,63,0.006646,831537362.1859653,831537362.1859643,0.000000,"{""user_lock_acquisitions"": 0}",2026-08-12T05:42:06Z
exp2_scaling,synthetic,coarse_lock,16,measured,6,64,0.006907,831537362.1859653,831537362.1859643,0.000000,"{""user_lock_acquisitions"": 16}",2026-08-12T05:42:06Z
exp2_scaling,synthetic,fine_lock,16,measured,1,65,0.745402,831537362.1859694,831537362.1859643,0.000000,"{""user_lock_acquisitions"": 500000}",2026-08-12T05:42:07Z
exp2_scaling,synthetic,fp_sum_genexpr,16,measured,13,66,0.007046,831537362.1859643,831537362.1859643,0.000000,"{""user_lock_acquisitions"": 0}",2026-08-12T05:42:07Z
exp2_scaling,synthetic,no_lock,16,measured,4,67,0.943178,82635645.53631501,831537362.1859643,90.062305,"{""user_lock_acquisitions"": 0}",2026-08-12T05:42:08Z
exp2_scaling,synthetic,no_lock,16,measured,12,68,0.931539,83566966.74576749,831537362.1859643,89.950305,"{""user_lock_acquisitions"": 0}",2026-08-12T05:42:09Z
exp2_scaling,synthetic,coarse_lock,16,measured,16,69,0.006801,831537362.1859653,831537362.1859643,0.000000,"{""user_lock_acquisitions"": 16}",2026-08-12T05:42:09Z
exp2_scaling,synthetic,fp_reduce,16,measured,3,70,0.006701,831537362.1859653,831537362.1859643,0.000000,"{""user_lock_acquisitions"": 0}",2026-08-12T05:42:09Z
exp2_scaling,synthetic,fp_reduce,16,measured,8,71,0.006557,831537362.1859653,831537362.1859643,0.000000,"{""user_lock_acquisitions"": 0}",2026-08-12T05:42:09Z
exp2_scaling,synthetic,queue_agg,16,measured,18,72,0.006317,831537362.1859653,831537362.1859643,0.000000,"{""user_lock_acquisitions"": 0}",2026-08-12T05:42:09Z
exp2_scaling,synthetic,no_lock,16,measured,2,73,0.919669,84935129.84537871,831537362.1859643,89.785771,"{""user_lock_acquisitions"": 0}",2026-08-12T05:42:09Z
exp2_scaling,synthetic,no_lock,16,measured,28,74,0.921388,84710639.77296136,831537362.1859643,89.812768,"{""user_lock_acquisitions"": 0}",2026-08-12T05:42:10Z
exp2_scaling,synthetic,no_lock,16,measured,20,75,0.951642,85240749.78314154,831537362.1859643,89.749017,"{""user_lock_acquisitions"": 0}",2026-08-12T05:42:11Z
exp2_scaling,synthetic,coarse_lock,16,measured,20,76,0.006678,831537362.1859653,831537362.1859643,0.000000,"{""user_lock_acquisitions"": 16}",2026-08-12T05:42:11Z
exp2_scaling,synthetic,coarse_lock,16,measured,22,77,0.006584,831537362.1859653,831537362.1859643,0.000000,"{""user_lock_acquisitions"": 16}",2026-08-12T05:42:11Z
exp2_scaling,synthetic,queue_agg,16,measured,7,78,0.006393,831537362.1859653,831537362.1859643,0.000000,"{""user_lock_acquisitions"": 0}",2026-08-12T05:42:11Z
exp2_scaling,synthetic,fine_lock,16,measured,3,79,0.736495,831537362.1859683,831537362.1859643,0.000000,"{""user_lock_acquisitions"": 500000}",2026-08-12T05:42:12Z
exp2_scaling,synthetic,batched_lock,16,measured,16,80,0.007712,831537362.1859647,831537362.1859643,0.000000,"{""user_lock_acquisitions"": 512}",2026-08-12T05:42:12Z
exp2_scaling,synthetic,fp_reduce,16,measured,20,81,0.006396,831537362.1859653,831537362.1859643,0.000000,"{""user_lock_acquisitions"": 0}",2026-08-12T05:42:12Z
exp2_scaling,synthetic,no_lock,16,measured,3,82,0.983767,82619600.05859724,831537362.1859643,90.064235,"{""user_lock_acquisitions"": 0}",2026-08-12T05:42:13Z
exp2_scaling,synthetic,fine_lock,16,measured,9,83,0.718114,831537362.1859704,831537362.1859643,0.000000,"{""user_lock_acquisitions"": 500000}",2026-08-12T05:42:14Z
exp2_scaling,synthetic,fine_lock,16,measured,19,84,0.723939,831537362.1859655,831537362.1859643,0.000000,"{""user_lock_acquisitions"": 500000}",2026-08-12T05:42:15Z
exp2_scaling,synthetic,queue_agg,16,measured,14,85,0.006655,831537362.1859653,831537362.1859643,0.000000,"{""user_lock_acquisitions"": 0}",2026-08-12T05:42:15Z
exp2_scaling,synthetic,queue_agg,16,measured,20,86,0.006402,831537362.1859653,831537362.1859643,0.000000,"{""user_lock_acquisitions"": 0}",2026-08-12T05:42:15Z
exp2_scaling,synthetic,imp_threadlocal,16,measured,15,87,0.006373,831537362.1859653,831537362.1859643,0.000000,"{""user_lock_acquisitions"": 0}",2026-08-12T05:42:15Z
exp2_scaling,synthetic,coarse_lock,16,measured,0,88,0.006399,831537362.1859653,831537362.1859643,0.000000,"{""user_lock_acquisitions"": 16}",2026-08-12T05:42:15Z
exp2_scaling,synthetic,queue_agg,16,measured,11,89,0.006300,831537362.1859653,831537362.1859643,0.000000,"{""user_lock_acquisitions"": 0}",2026-08-12T05:42:15Z
exp2_scaling,synthetic,fp_reduce,16,measured,11,90,0.006405,831537362.1859653,831537362.1859643,0.000000,"{""user_lock_acquisitions"": 0}",2026-08-12T05:42:15Z
exp2_scaling,synthetic,fine_lock,16,measured,26,91,0.734392,831537362.1859653,831537362.1859643,0.000000,"{""user_lock_acquisitions"": 500000}",2026-08-12T05:42:15Z
exp2_scaling,synthetic,fp_sum_genexpr,16,measured,14,92,0.007089,831537362.1859643,831537362.1859643,0.000000,"{""user_lock_acquisitions"": 0}",2026-08-12T05:42:15Z
exp2_scaling,synthetic,fp_reduce,16,measured,12,93,0.006530,831537362.1859653,831537362.1859643,0.000000,"{""user_lock_acquisitions"": 0}",2026-08-12T05:42:15Z
exp2_scaling,synthetic,fp_sum_genexpr,16,measured,20,94,0.006880,831537362.1859643,831537362.1859643,0.000000,"{""user_lock_acquisitions"": 0}",2026-08-12T05:42:15Z
exp2_scaling,synthetic,fp_sum_genexpr,16,measured,25,95,0.006863,831537362.1859643,831537362.1859643,0.000000,"{""user_lock_acquisitions"": 0}",2026-08-12T05:42:15Z
exp2_scaling,synthetic,batched_lock,16,measured,27,96,0.007390,831537362.1859647,831537362.1859643,0.000000,"{""user_lock_acquisitions"": 512}",2026-08-12T05:42:15Z
exp2_scaling,synthetic,imp_threadlocal,16,measured,18,97,0.006469,831537362.1859653,831537362.1859643,0.000000,"{""user_lock_acquisitions"": 0}",2026-08-12T05:42:15Z
exp2_scaling,synthetic,imp_threadlocal,16,measured,27,98,0.007032,831537362.1859653,831537362.1859643,0.000000,"{""user_lock_acquisitions"": 0}",2026-08-12T05:42:15Z
exp2_scaling,synthetic,no_lock,16,measured,26,99,0.959690,83948433.44449233,831537362.1859643,89.904430,"{""user_lock_acquisitions"": 0}",2026-08-12T05:42:16Z
exp2_scaling,synthetic,fp_sum_genexpr,16,measured,26,100,0.007184,831537362.1859643,831537362.1859643,0.000000,"{""user_lock_acquisitions"": 0}",2026-08-12T05:42:16Z
exp2_scaling,synthetic,fp_reduce,16,measured,9,101,0.006493,831537362.1859653,831537362.1859643,0.000000,"{""user_lock_acquisitions"": 0}",2026-08-12T05:42:16Z
exp2_scaling,synthetic,imp_threadlocal,16,measured,9,102,0.006440,831537362.1859653,831537362.1859643,0.000000,"{""user_lock_acquisitions"": 0}",2026-08-12T05:42:16Z
exp2_scaling,synthetic,fp_reduce,16,measured,26,103,0.006490,831537362.1859653,831537362.1859643,0.000000,"{""user_lock_acquisitions"": 0}",2026-08-12T05:42:16Z
exp2_scaling,synthetic,queue_agg,16,measured,23,104,0.006389,831537362.1859653,831537362.1859643,0.000000,"{""user_lock_acquisitions"": 0}",2026-08-12T05:42:16Z
exp2_scaling,synthetic,imp_threadlocal,16,measured,4,105,0.006368,831537362.1859653,831537362.1859643,0.000000,"{""user_lock_acquisitions"": 0}",2026-08-12T05:42:16Z
exp2_scaling,synthetic,fp_sum_genexpr,16,measured,10,106,0.006949,831537362.1859643,831537362.1859643,0.000000,"{""user_lock_acquisitions"": 0}",2026-08-12T05:42:16Z
exp2_scaling,synthetic,imp_threadlocal,16,measured,5,107,0.006537,831537362.1859653,831537362.1859643,0.000000,"{""user_lock_acquisitions"": 0}",2026-08-12T05:42:16Z
exp2_scaling,synthetic,imp_threadlocal,16,measured,2,108,0.006416,831537362.1859653,831537362.1859643,0.000000,"{""user_lock_acquisitions"": 0}",2026-08-12T05:42:16Z
exp2_scaling,synthetic,coarse_lock,16,measured,17,109,0.006428,831537362.1859653,831537362.1859643,0.000000,"{""user_lock_acquisitions"": 16}",2026-08-12T05:42:16Z
exp2_scaling,synthetic,fp_sum_genexpr,16,measured,1,110,0.006642,831537362.1859643,831537362.1859643,0.000000,"{""user_lock_acquisitions"": 0}",2026-08-12T05:42:16Z
exp2_scaling,synthetic,fp_sum_genexpr,16,measured,17,111,0.006825,831537362.1859643,831537362.1859643,0.000000,"{""user_lock_acquisitions"": 0}",2026-08-12T05:42:16Z
exp2_scaling,synthetic,coarse_lock,16,measured,15,112,0.006491,831537362.1859653,831537362.1859643,0.000000,"{""user_lock_acquisitions"": 16}",2026-08-12T05:42:16Z
exp2_scaling,synthetic,queue_agg,16,measured,17,113,0.006421,831537362.1859653,831537362.1859643,0.000000,"{""user_lock_acquisitions"": 0}",2026-08-12T05:42:16Z
exp2_scaling,synthetic,coarse_lock,16,measured,29,114,0.006439,831537362.1859653,831537362.1859643,0.000000,"{""user_lock_acquisitions"": 16}",2026-08-12T05:42:16Z
exp2_scaling,synthetic,fp_sum_genexpr,16,measured,16,115,0.006938,831537362.1859643,831537362.1859643,0.000000,"{""user_lock_acquisitions"": 0}",2026-08-12T05:42:16Z
exp2_scaling,synthetic,imp_threadlocal,16,measured,13,116,0.006608,831537362.1859653,831537362.1859643,0.000000,"{""user_lock_acquisitions"": 0}",2026-08-12T05:42:16Z
exp2_scaling,synthetic,batched_lock,16,measured,26,117,0.007372,831537362.1859646,831537362.1859643,0.000000,"{""user_lock_acquisitions"": 512}",2026-08-12T05:42:16Z
exp2_scaling,synthetic,batched_lock,16,measured,8,118,0.007155,831537362.1859647,831537362.1859643,0.000000,"{""user_lock_acquisitions"": 512}",2026-08-12T05:42:16Z
exp2_scaling,synthetic,queue_agg,16,measured,3,119,0.006447,831537362.1859653,831537362.1859643,0.000000,"{""user_lock_acquisitions"": 0}",2026-08-12T05:42:16Z
exp2_scaling,synthetic,no_lock,16,measured,21,120,0.972289,83920715.64559719,831537362.1859643,89.907764,"{""user_lock_acquisitions"": 0}",2026-08-12T05:42:17Z
exp2_scaling,synthetic,queue_agg,16,measured,22,121,0.006955,831537362.1859653,831537362.1859643,0.000000,"{""user_lock_acquisitions"": 0}",2026-08-12T05:42:17Z
exp2_scaling,synthetic,fine_lock,16,measured,10,122,0.731809,831537362.185967,831537362.1859643,0.000000,"{""user_lock_acquisitions"": 500000}",2026-08-12T05:42:18Z
exp2_scaling,synthetic,no_lock,16,measured,19,123,0.939117,84941187.31266934,831537362.1859643,89.785043,"{""user_lock_acquisitions"": 0}",2026-08-12T05:42:19Z
exp2_scaling,synthetic,fp_sum_genexpr,16,measured,23,124,0.006953,831537362.1859643,831537362.1859643,0.000000,"{""user_lock_acquisitions"": 0}",2026-08-12T05:42:19Z
exp2_scaling,synthetic,fine_lock,16,measured,0,125,0.735960,831537362.1859692,831537362.1859643,0.000000,"{""user_lock_acquisitions"": 500000}",2026-08-12T05:42:20Z
exp2_scaling,synthetic,fp_reduce,16,measured,5,126,0.006748,831537362.1859653,831537362.1859643,0.000000,"{""user_lock_acquisitions"": 0}",2026-08-12T05:42:20Z
exp2_scaling,synthetic,fp_sum_genexpr,16,measured,3,127,0.006800,831537362.1859643,831537362.1859643,0.000000,"{""user_lock_acquisitions"": 0}",2026-08-12T05:42:20Z
exp2_scaling,synthetic,imp_threadlocal,16,measured,22,128,0.006459,831537362.1859653,831537362.1859643,0.000000,"{""user_lock_acquisitions"": 0}",2026-08-12T05:42:20Z
exp2_scaling,synthetic,coarse_lock,16,measured,14,129,0.006470,831537362.1859653,831537362.1859643,0.000000,"{""user_lock_acquisitions"": 16}",2026-08-12T05:42:20Z
exp2_scaling,synthetic,fine_lock,16,measured,23,130,0.758881,831537362.1859683,831537362.1859643,0.000000,"{""user_lock_acquisitions"": 500000}",2026-08-12T05:42:21Z
exp2_scaling,synthetic,fine_lock,16,measured,11,131,0.729894,831537362.1859643,831537362.1859643,0.000000,"{""user_lock_acquisitions"": 500000}",2026-08-12T05:42:21Z
exp2_scaling,synthetic,queue_agg,16,measured,28,132,0.006805,831537362.1859653,831537362.1859643,0.000000,"{""user_lock_acquisitions"": 0}",2026-08-12T05:42:21Z
exp2_scaling,synthetic,fp_reduce,16,measured,24,133,0.006668,831537362.1859653,831537362.1859643,0.000000,"{""user_lock_acquisitions"": 0}",2026-08-12T05:42:21Z
exp2_scaling,synthetic,batched_lock,16,measured,4,134,0.007501,831537362.1859646,831537362.1859643,0.000000,"{""user_lock_acquisitions"": 512}",2026-08-12T05:42:21Z
exp2_scaling,synthetic,batched_lock,16,measured,7,135,0.007166,831537362.1859647,831537362.1859643,0.000000,"{""user_lock_acquisitions"": 512}",2026-08-12T05:42:21Z
exp2_scaling,synthetic,coarse_lock,16,measured,28,136,0.006440,831537362.1859653,831537362.1859643,0.000000,"{""user_lock_acquisitions"": 16}",2026-08-12T05:42:21Z
exp2_scaling,synthetic,batched_lock,16,measured,13,137,0.007135,831537362.1859646,831537362.1859643,0.000000,"{""user_lock_acquisitions"": 512}",2026-08-12T05:42:21Z
exp2_scaling,synthetic,fine_lock,16,measured,6,138,0.742839,831537362.1859683,831537362.1859643,0.000000,"{""user_lock_acquisitions"": 500000}",2026-08-12T05:42:22Z
exp2_scaling,synthetic,fine_lock,16,measured,29,139,0.737522,831537362.1859673,831537362.1859643,0.000000,"{""user_lock_acquisitions"": 500000}",2026-08-12T05:42:23Z
exp2_scaling,synthetic,no_lock,16,measured,22,140,0.922926,86125340.19179925,831537362.1859643,89.642637,"{""user_lock_acquisitions"": 0}",2026-08-12T05:42:24Z
exp2_scaling,synthetic,no_lock,16,measured,27,141,0.948388,83099411.01166303,831537362.1859643,90.006533,"{""user_lock_acquisitions"": 0}",2026-08-12T05:42:25Z
exp2_scaling,synthetic,fp_reduce,16,measured,14,142,0.006729,831537362.1859653,831537362.1859643,0.000000,"{""user_lock_acquisitions"": 0}",2026-08-12T05:42:25Z
exp2_scaling,synthetic,queue_agg,16,measured,21,143,0.006483,831537362.1859653,831537362.1859643,0.000000,"{""user_lock_acquisitions"": 0}",2026-08-12T05:42:25Z
exp2_scaling,synthetic,fp_reduce,16,measured,19,144,0.006381,831537362.1859653,831537362.1859643,0.000000,"{""user_lock_acquisitions"": 0}",2026-08-12T05:42:25Z
exp2_scaling,synthetic,queue_agg,16,measured,8,145,0.006375,831537362.1859653,831537362.1859643,0.000000,"{""user_lock_acquisitions"": 0}",2026-08-12T05:42:25Z
exp2_scaling,synthetic,fp_reduce,16,measured,27,146,0.006456,831537362.1859653,831537362.1859643,0.000000,"{""user_lock_acquisitions"": 0}",2026-08-12T05:42:25Z
exp2_scaling,synthetic,batched_lock,16,measured,18,147,0.007172,831537362.1859647,831537362.1859643,0.000000,"{""user_lock_acquisitions"": 512}",2026-08-12T05:42:25Z
exp2_scaling,synthetic,imp_threadlocal,16,measured,24,148,0.006483,831537362.1859653,831537362.1859643,0.000000,"{""user_lock_acquisitions"": 0}",2026-08-12T05:42:25Z
exp2_scaling,synthetic,coarse_lock,16,measured,4,149,0.006363,831537362.1859653,831537362.1859643,0.000000,"{""user_lock_acquisitions"": 16}",2026-08-12T05:42:25Z
exp2_scaling,synthetic,fp_reduce,16,measured,0,150,0.006516,831537362.1859653,831537362.1859643,0.000000,"{""user_lock_acquisitions"": 0}",2026-08-12T05:42:25Z
exp2_scaling,synthetic,batched_lock,16,measured,25,151,0.007332,831537362.1859647,831537362.1859643,0.000000,"{""user_lock_acquisitions"": 512}",2026-08-12T05:42:25Z
exp2_scaling,synthetic,fine_lock,16,measured,27,152,0.718115,831537362.185966,831537362.1859643,0.000000,"{""user_lock_acquisitions"": 500000}",2026-08-12T05:42:26Z
exp2_scaling,synthetic,no_lock,16,measured,13,153,0.915488,86009390.1987925,831537362.1859643,89.656581,"{""user_lock_acquisitions"": 0}",2026-08-12T05:42:26Z
exp2_scaling,synthetic,coarse_lock,16,measured,8,154,0.006731,831537362.1859653,831537362.1859643,0.000000,"{""user_lock_acquisitions"": 16}",2026-08-12T05:42:26Z
exp2_scaling,synthetic,fp_reduce,16,measured,4,155,0.006489,831537362.1859653,831537362.1859643,0.000000,"{""user_lock_acquisitions"": 0}",2026-08-12T05:42:26Z
exp2_scaling,synthetic,coarse_lock,16,measured,21,156,0.006368,831537362.1859653,831537362.1859643,0.000000,"{""user_lock_acquisitions"": 16}",2026-08-12T05:42:27Z
exp2_scaling,synthetic,fine_lock,16,measured,12,157,0.732793,831537362.185969,831537362.1859643,0.000000,"{""user_lock_acquisitions"": 500000}",2026-08-12T05:42:27Z
exp2_scaling,synthetic,batched_lock,16,measured,23,158,0.007724,831537362.1859646,831537362.1859643,0.000000,"{""user_lock_acquisitions"": 512}",2026-08-12T05:42:27Z
exp2_scaling,synthetic,fp_sum_genexpr,16,measured,0,159,0.006848,831537362.1859643,831537362.1859643,0.000000,"{""user_lock_acquisitions"": 0}",2026-08-12T05:42:27Z
exp2_scaling,synthetic,fp_reduce,16,measured,6,160,0.006512,831537362.1859653,831537362.1859643,0.000000,"{""user_lock_acquisitions"": 0}",2026-08-12T05:42:27Z
exp2_scaling,synthetic,fine_lock,16,measured,15,161,0.918674,831537362.1859629,831537362.1859643,0.000000,"{""user_lock_acquisitions"": 500000}",2026-08-12T05:42:28Z
exp2_scaling,synthetic,coarse_lock,16,measured,11,162,0.007739,831537362.1859653,831537362.1859643,0.000000,"{""user_lock_acquisitions"": 16}",2026-08-12T05:42:28Z
exp2_scaling,synthetic,fp_reduce,16,measured,28,163,0.006921,831537362.1859653,831537362.1859643,0.000000,"{""user_lock_acquisitions"": 0}",2026-08-12T05:42:28Z
exp2_scaling,synthetic,imp_threadlocal,16,measured,25,164,0.006588,831537362.1859653,831537362.1859643,0.000000,"{""user_lock_acquisitions"": 0}",2026-08-12T05:42:28Z
exp2_scaling,synthetic,queue_agg,16,measured,29,165,0.006452,831537362.1859653,831537362.1859643,0.000000,"{""user_lock_acquisitions"": 0}",2026-08-12T05:42:28Z
exp2_scaling,synthetic,coarse_lock,16,measured,3,166,0.006753,831537362.1859653,831537362.1859643,0.000000,"{""user_lock_acquisitions"": 16}",2026-08-12T05:42:28Z
exp2_scaling,synthetic,fine_lock,16,measured,13,167,0.715527,831537362.1859671,831537362.1859643,0.000000,"{""user_lock_acquisitions"": 500000}",2026-08-12T05:42:29Z
exp2_scaling,synthetic,coarse_lock,16,measured,18,168,0.006928,831537362.1859653,831537362.1859643,0.000000,"{""user_lock_acquisitions"": 16}",2026-08-12T05:42:29Z
exp2_scaling,synthetic,fp_reduce,16,measured,17,169,0.006781,831537362.1859653,831537362.1859643,0.000000,"{""user_lock_acquisitions"": 0}",2026-08-12T05:42:29Z
exp2_scaling,synthetic,fp_reduce,16,measured,25,170,0.006752,831537362.1859653,831537362.1859643,0.000000,"{""user_lock_acquisitions"": 0}",2026-08-12T05:42:29Z
exp2_scaling,synthetic,batched_lock,16,measured,22,171,0.007583,831537362.1859648,831537362.1859643,0.000000,"{""user_lock_acquisitions"": 512}",2026-08-12T05:42:29Z
exp2_scaling,synthetic,fp_sum_genexpr,16,measured,5,172,0.007628,831537362.1859643,831537362.1859643,0.000000,"{""user_lock_acquisitions"": 0}",2026-08-12T05:42:29Z
exp2_scaling,synthetic,no_lock,16,measured,14,173,0.939892,86319654.1273468,831537362.1859643,89.619269,"{""user_lock_acquisitions"": 0}",2026-08-12T05:42:30Z
exp2_scaling,synthetic,queue_agg,16,measured,25,174,0.006681,831537362.1859653,831537362.1859643,0.000000,"{""user_lock_acquisitions"": 0}",2026-08-12T05:42:30Z
exp2_scaling,synthetic,fp_sum_genexpr,16,measured,22,175,0.006896,831537362.1859643,831537362.1859643,0.000000,"{""user_lock_acquisitions"": 0}",2026-08-12T05:42:30Z
exp2_scaling,synthetic,batched_lock,16,measured,19,176,0.007343,831537362.1859648,831537362.1859643,0.000000,"{""user_lock_acquisitions"": 512}",2026-08-12T05:42:30Z
exp2_scaling,synthetic,fine_lock,16,measured,16,177,0.737902,831537362.1859664,831537362.1859643,0.000000,"{""user_lock_acquisitions"": 500000}",2026-08-12T05:42:31Z
exp2_scaling,synthetic,fp_reduce,16,measured,18,178,0.006732,831537362.1859653,831537362.1859643,0.000000,"{""user_lock_acquisitions"": 0}",2026-08-12T05:42:31Z
exp2_scaling,synthetic,batched_lock,16,measured,29,179,0.007405,831537362.1859648,831537362.1859643,0.000000,"{""user_lock_acquisitions"": 512}",2026-08-12T05:42:31Z
exp2_scaling,synthetic,fp_reduce,16,measured,2,180,0.006584,831537362.1859653,831537362.1859643,0.000000,"{""user_lock_acquisitions"": 0}",2026-08-12T05:42:31Z
exp2_scaling,synthetic,no_lock,16,measured,6,181,0.927970,85288828.7402512,831537362.1859643,89.743236,"{""user_lock_acquisitions"": 0}",2026-08-12T05:42:32Z
exp2_scaling,synthetic,fp_reduce,16,measured,15,182,0.006927,831537362.1859653,831537362.1859643,0.000000,"{""user_lock_acquisitions"": 0}",2026-08-12T05:42:32Z
exp2_scaling,synthetic,batched_lock,16,measured,17,183,0.007315,831537362.1859647,831537362.1859643,0.000000,"{""user_lock_acquisitions"": 512}",2026-08-12T05:42:32Z
exp2_scaling,synthetic,no_lock,16,measured,11,184,0.938912,85120021.72377498,831537362.1859643,89.763536,"{""user_lock_acquisitions"": 0}",2026-08-12T05:42:33Z
exp2_scaling,synthetic,fine_lock,16,measured,7,185,0.732438,831537362.1859618,831537362.1859643,0.000000,"{""user_lock_acquisitions"": 500000}",2026-08-12T05:42:33Z
exp2_scaling,synthetic,imp_threadlocal,16,measured,10,186,0.006996,831537362.1859653,831537362.1859643,0.000000,"{""user_lock_acquisitions"": 0}",2026-08-12T05:42:33Z
exp2_scaling,synthetic,fp_reduce,16,measured,10,187,0.006774,831537362.1859653,831537362.1859643,0.000000,"{""user_lock_acquisitions"": 0}",2026-08-12T05:42:33Z
exp2_scaling,synthetic,fp_sum_genexpr,16,measured,9,188,0.007004,831537362.1859643,831537362.1859643,0.000000,"{""user_lock_acquisitions"": 0}",2026-08-12T05:42:33Z
exp2_scaling,synthetic,fine_lock,16,measured,8,189,0.751444,831537362.1859665,831537362.1859643,0.000000,"{""user_lock_acquisitions"": 500000}",2026-08-12T05:42:34Z
exp2_scaling,synthetic,fine_lock,16,measured,22,190,0.734890,831537362.1859632,831537362.1859643,0.000000,"{""user_lock_acquisitions"": 500000}",2026-08-12T05:42:35Z
exp2_scaling,synthetic,imp_threadlocal,16,measured,11,191,0.006913,831537362.1859653,831537362.1859643,0.000000,"{""user_lock_acquisitions"": 0}",2026-08-12T05:42:35Z
exp2_scaling,synthetic,batched_lock,16,measured,3,192,0.007527,831537362.1859647,831537362.1859643,0.000000,"{""user_lock_acquisitions"": 512}",2026-08-12T05:42:35Z
exp2_scaling,synthetic,no_lock,16,measured,0,193,0.950727,84592219.98988707,831537362.1859643,89.827009,"{""user_lock_acquisitions"": 0}",2026-08-12T05:42:36Z
exp2_scaling,synthetic,imp_threadlocal,16,measured,12,194,0.007048,831537362.1859653,831537362.1859643,0.000000,"{""user_lock_acquisitions"": 0}",2026-08-12T05:42:36Z
exp2_scaling,synthetic,no_lock,16,measured,15,195,0.974818,85057287.28742687,831537362.1859643,89.771081,"{""user_lock_acquisitions"": 0}",2026-08-12T05:42:37Z
exp2_scaling,synthetic,fp_sum_genexpr,16,measured,21,196,0.007212,831537362.1859643,831537362.1859643,0.000000,"{""user_lock_acquisitions"": 0}",2026-08-12T05:42:37Z
exp2_scaling,synthetic,queue_agg,16,measured,10,197,0.006970,831537362.1859653,831537362.1859643,0.000000,"{""user_lock_acquisitions"": 0}",2026-08-12T05:42:37Z
exp2_scaling,synthetic,fp_reduce,16,measured,16,198,0.007007,831537362.1859653,831537362.1859643,0.000000,"{""user_lock_acquisitions"": 0}",2026-08-12T05:42:37Z
exp2_scaling,synthetic,coarse_lock,16,measured,27,199,0.006857,831537362.1859653,831537362.1859643,0.000000,"{""user_lock_acquisitions"": 16}",2026-08-12T05:42:37Z
exp2_scaling,synthetic,fine_lock,16,measured,14,200,0.772208,831537362.1859668,831537362.1859643,0.000000,"{""user_lock_acquisitions"": 500000}",2026-08-12T05:42:38Z
exp2_scaling,synthetic,fp_sum_genexpr,16,measured,29,201,0.008064,831537362.1859643,831537362.1859643,0.000000,"{""user_lock_acquisitions"": 0}",2026-08-12T05:42:38Z
exp2_scaling,synthetic,imp_threadlocal,16,measured,26,202,0.006569,831537362.1859653,831537362.1859643,0.000000,"{""user_lock_acquisitions"": 0}",2026-08-12T05:42:38Z
exp2_scaling,synthetic,queue_agg,16,measured,16,203,0.006571,831537362.1859653,831537362.1859643,0.000000,"{""user_lock_acquisitions"": 0}",2026-08-12T05:42:38Z
exp2_scaling,synthetic,no_lock,16,measured,7,204,0.959748,85119777.0746398,831537362.1859643,89.763566,"{""user_lock_acquisitions"": 0}",2026-08-12T05:42:39Z
exp2_scaling,synthetic,fp_reduce,16,measured,23,205,0.006671,831537362.1859653,831537362.1859643,0.000000,"{""user_lock_acquisitions"": 0}",2026-08-12T05:42:39Z
exp2_scaling,synthetic,no_lock,16,measured,16,206,0.980334,84384579.55508374,831537362.1859643,89.851980,"{""user_lock_acquisitions"": 0}",2026-08-12T05:42:40Z
exp2_scaling,synthetic,fp_reduce,16,measured,1,207,0.006902,831537362.1859653,831537362.1859643,0.000000,"{""user_lock_acquisitions"": 0}",2026-08-12T05:42:40Z
exp2_scaling,synthetic,no_lock,16,measured,25,208,0.935808,84881512.09369136,831537362.1859643,89.792219,"{""user_lock_acquisitions"": 0}",2026-08-12T05:42:40Z
exp2_scaling,synthetic,coarse_lock,16,measured,19,209,0.006950,831537362.1859653,831537362.1859643,0.000000,"{""user_lock_acquisitions"": 16}",2026-08-12T05:42:40Z
exp2_scaling,synthetic,imp_threadlocal,16,measured,19,210,0.006590,831537362.1859653,831537362.1859643,0.000000,"{""user_lock_acquisitions"": 0}",2026-08-12T05:42:40Z
exp2_scaling,synthetic,imp_threadlocal,16,measured,14,211,0.006716,831537362.1859653,831537362.1859643,0.000000,"{""user_lock_acquisitions"": 0}",2026-08-12T05:42:40Z
exp2_scaling,synthetic,no_lock,16,measured,1,212,0.974527,82735804.7520572,831537362.1859643,90.050260,"{""user_lock_acquisitions"": 0}",2026-08-12T05:42:41Z
exp2_scaling,synthetic,no_lock,16,measured,5,213,0.964934,83996667.93461373,831537362.1859643,89.898630,"{""user_lock_acquisitions"": 0}",2026-08-12T05:42:42Z
exp2_scaling,synthetic,coarse_lock,16,measured,9,214,0.006936,831537362.1859653,831537362.1859643,0.000000,"{""user_lock_acquisitions"": 16}",2026-08-12T05:42:42Z
exp2_scaling,synthetic,fp_sum_genexpr,16,measured,8,215,0.006881,831537362.1859643,831537362.1859643,0.000000,"{""user_lock_acquisitions"": 0}",2026-08-12T05:42:42Z
exp2_scaling,synthetic,queue_agg,16,measured,0,216,0.006585,831537362.1859653,831537362.1859643,0.000000,"{""user_lock_acquisitions"": 0}",2026-08-12T05:42:42Z
exp2_scaling,synthetic,fine_lock,16,measured,20,217,0.734400,831537362.185967,831537362.1859643,0.000000,"{""user_lock_acquisitions"": 500000}",2026-08-12T05:42:43Z
exp2_scaling,synthetic,queue_agg,16,measured,26,218,0.007447,831537362.1859652,831537362.1859643,0.000000,"{""user_lock_acquisitions"": 0}",2026-08-12T05:42:43Z
exp2_scaling,synthetic,batched_lock,16,measured,9,219,0.007460,831537362.1859647,831537362.1859643,0.000000,"{""user_lock_acquisitions"": 512}",2026-08-12T05:42:43Z
exp2_scaling,synthetic,queue_agg,16,measured,1,220,0.006432,831537362.1859653,831537362.1859643,0.000000,"{""user_lock_acquisitions"": 0}",2026-08-12T05:42:43Z
exp2_scaling,synthetic,imp_threadlocal,16,measured,8,221,0.006415,831537362.1859653,831537362.1859643,0.000000,"{""user_lock_acquisitions"": 0}",2026-08-12T05:42:43Z
exp2_scaling,synthetic,fp_sum_genexpr,16,measured,6,222,0.007459,831537362.1859643,831537362.1859643,0.000000,"{""user_lock_acquisitions"": 0}",2026-08-12T05:42:43Z
exp2_scaling,synthetic,queue_agg,16,measured,19,223,0.006491,831537362.1859653,831537362.1859643,0.000000,"{""user_lock_acquisitions"": 0}",2026-08-12T05:42:43Z
exp2_scaling,synthetic,queue_agg,16,measured,13,224,0.006726,831537362.1859653,831537362.1859643,0.000000,"{""user_lock_acquisitions"": 0}",2026-08-12T05:42:43Z
exp2_scaling,synthetic,fine_lock,16,measured,2,225,0.736679,831537362.1859617,831537362.1859643,0.000000,"{""user_lock_acquisitions"": 500000}",2026-08-12T05:42:44Z
exp2_scaling,synthetic,fp_sum_genexpr,16,measured,11,226,0.007163,831537362.1859643,831537362.1859643,0.000000,"{""user_lock_acquisitions"": 0}",2026-08-12T05:42:44Z
exp2_scaling,synthetic,imp_threadlocal,16,measured,3,227,0.006613,831537362.1859653,831537362.1859643,0.000000,"{""user_lock_acquisitions"": 0}",2026-08-12T05:42:44Z
exp2_scaling,synthetic,batched_lock,16,measured,1,228,0.007505,831537362.1859647,831537362.1859643,0.000000,"{""user_lock_acquisitions"": 512}",2026-08-12T05:42:44Z
exp2_scaling,synthetic,no_lock,16,measured,18,229,0.949798,83548639.01337956,831537362.1859643,89.952509,"{""user_lock_acquisitions"": 0}",2026-08-12T05:42:45Z
exp2_scaling,synthetic,imp_threadlocal,16,measured,23,230,0.007066,831537362.1859653,831537362.1859643,0.000000,"{""user_lock_acquisitions"": 0}",2026-08-12T05:42:45Z
exp2_scaling,synthetic,fine_lock,16,measured,5,231,0.747241,831537362.1859689,831537362.1859643,0.000000,"{""user_lock_acquisitions"": 500000}",2026-08-12T05:42:46Z
exp2_scaling,synthetic,fp_sum_genexpr,16,measured,24,232,0.006928,831537362.1859643,831537362.1859643,0.000000,"{""user_lock_acquisitions"": 0}",2026-08-12T05:42:46Z
exp2_scaling,synthetic,no_lock,16,measured,17,233,0.917317,84383519.0161365,831537362.1859643,89.852107,"{""user_lock_acquisitions"": 0}",2026-08-12T05:42:47Z
exp2_scaling,synthetic,fp_reduce,16,measured,21,234,0.007818,831537362.1859653,831537362.1859643,0.000000,"{""user_lock_acquisitions"": 0}",2026-08-12T05:42:47Z
exp2_scaling,synthetic,queue_agg,16,measured,9,235,0.007575,831537362.1859652,831537362.1859643,0.000000,"{""user_lock_acquisitions"": 0}",2026-08-12T05:42:47Z
exp2_scaling,synthetic,fine_lock,16,measured,25,236,0.904303,831537362.1859677,831537362.1859643,0.000000,"{""user_lock_acquisitions"": 500000}",2026-08-12T05:42:48Z
exp2_scaling,synthetic,batched_lock,16,measured,2,237,0.007735,831537362.1859647,831537362.1859643,0.000000,"{""user_lock_acquisitions"": 512}",2026-08-12T05:42:48Z
exp2_scaling,synthetic,fp_reduce,16,measured,7,238,0.006762,831537362.1859653,831537362.1859643,0.000000,"{""user_lock_acquisitions"": 0}",2026-08-12T05:42:48Z
exp2_scaling,synthetic,fp_reduce,16,measured,22,239,0.006593,831537362.1859653,831537362.1859643,0.000000,"{""user_lock_acquisitions"": 0}",2026-08-12T05:42:48Z
exp2_scaling,synthetic,queue_agg,16,measured,24,240,0.006428,831537362.1859653,831537362.1859643,0.000000,"{""user_lock_acquisitions"": 0}",2026-08-12T05:42:48Z
exp2_scaling,synthetic,no_lock,16,measured,9,241,0.965277,83620192.59647357,831537362.1859643,89.943904,"{""user_lock_acquisitions"": 0}",2026-08-12T05:42:49Z
exp2_scaling,synthetic,coarse_lock,16,measured,13,242,0.006819,831537362.1859653,831537362.1859643,0.000000,"{""user_lock_acquisitions"": 16}",2026-08-12T05:42:49Z
exp2_scaling,synthetic,imp_threadlocal,16,measured,7,243,0.006613,831537362.1859653,831537362.1859643,0.000000,"{""user_lock_acquisitions"": 0}",2026-08-12T05:42:49Z
exp2_scaling,synthetic,batched_lock,16,measured,12,244,0.007280,831537362.1859647,831537362.1859643,0.000000,"{""user_lock_acquisitions"": 512}",2026-08-12T05:42:49Z
exp2_scaling,synthetic,fine_lock,16,measured,4,245,0.708218,831537362.1859688,831537362.1859643,0.000000,"{""user_lock_acquisitions"": 500000}",2026-08-12T05:42:49Z
exp2_scaling,synthetic,fine_lock,16,measured,17,246,0.737583,831537362.185964,831537362.1859643,0.000000,"{""user_lock_acquisitions"": 500000}",2026-08-12T05:42:50Z
exp2_scaling,synthetic,fp_reduce,16,measured,13,247,0.006706,831537362.1859653,831537362.1859643,0.000000,"{""user_lock_acquisitions"": 0}",2026-08-12T05:42:50Z
exp2_scaling,synthetic,imp_threadlocal,16,measured,28,248,0.006544,831537362.1859653,831537362.1859643,0.000000,"{""user_lock_acquisitions"": 0}",2026-08-12T05:42:50Z
exp2_scaling,synthetic,batched_lock,16,measured,24,249,0.007487,831537362.1859647,831537362.1859643,0.000000,"{""user_lock_acquisitions"": 512}",2026-08-12T05:42:50Z
exp2_scaling,synthetic,fp_sum_genexpr,16,measured,12,250,0.006827,831537362.1859643,831537362.1859643,0.000000,"{""user_lock_acquisitions"": 0}",2026-08-12T05:42:50Z
exp2_scaling,synthetic,batched_lock,16,measured,21,251,0.007403,831537362.1859647,831537362.1859643,0.000000,"{""user_lock_acquisitions"": 512}",2026-08-12T05:42:50Z
exp2_scaling,synthetic,fp_sum_genexpr,16,measured,2,252,0.009496,831537362.1859643,831537362.1859643,0.000000,"{""user_lock_acquisitions"": 0}",2026-08-12T05:42:50Z
exp2_scaling,synthetic,queue_agg,16,measured,27,253,0.006865,831537362.1859653,831537362.1859643,0.000000,"{""user_lock_acquisitions"": 0}",2026-08-12T05:42:50Z
exp2_scaling,synthetic,coarse_lock,16,measured,2,254,0.006774,831537362.1859653,831537362.1859643,0.000000,"{""user_lock_acquisitions"": 16}",2026-08-12T05:42:50Z
exp2_scaling,synthetic,imp_threadlocal,16,measured,6,255,0.006697,831537362.1859653,831537362.1859643,0.000000,"{""user_lock_acquisitions"": 0}",2026-08-12T05:42:50Z
exp2_scaling,synthetic,imp_threadlocal,16,measured,16,256,0.006730,831537362.1859653,831537362.1859643,0.000000,"{""user_lock_acquisitions"": 0}",2026-08-12T05:42:50Z
exp2_scaling,synthetic,fp_sum_genexpr,16,measured,19,257,0.006884,831537362.1859643,831537362.1859643,0.000000,"{""user_lock_acquisitions"": 0}",2026-08-12T05:42:50Z
exp2_scaling,synthetic,coarse_lock,16,measured,23,258,0.006548,831537362.1859653,831537362.1859643,0.000000,"{""user_lock_acquisitions"": 16}",2026-08-12T05:42:50Z
exp2_scaling,synthetic,coarse_lock,16,measured,26,259,0.006467,831537362.1859653,831537362.1859643,0.000000,"{""user_lock_acquisitions"": 16}",2026-08-12T05:42:50Z
exp2_scaling,synthetic,fp_sum_genexpr,16,measured,7,260,0.007949,831537362.1859643,831537362.1859643,0.000000,"{""user_lock_acquisitions"": 0}",2026-08-12T05:42:50Z
exp2_scaling,synthetic,queue_agg,16,measured,15,261,0.007478,831537362.1859652,831537362.1859643,0.000000,"{""user_lock_acquisitions"": 0}",2026-08-12T05:42:50Z
exp2_scaling,synthetic,fp_sum_genexpr,16,measured,27,262,0.009340,831537362.1859643,831537362.1859643,0.000000,"{""user_lock_acquisitions"": 0}",2026-08-12T05:42:50Z
exp2_scaling,synthetic,imp_threadlocal,16,measured,0,263,0.007141,831537362.1859653,831537362.1859643,0.000000,"{""user_lock_acquisitions"": 0}",2026-08-12T05:42:50Z
exp2_scaling,synthetic,fp_reduce,1,verify,0,0,0.071469,831537362.185985,831537362.1859643,0.000000,"{""user_lock_acquisitions"": 0}",2026-08-12T05:42:50Z
exp2_scaling,synthetic,fp_sum_genexpr,1,verify,0,1,0.076416,831537362.1859643,831537362.1859643,0.000000,"{""user_lock_acquisitions"": 0}",2026-08-12T05:42:50Z
exp2_scaling,synthetic,imp_threadlocal,1,verify,0,2,0.071111,831537362.185985,831537362.1859643,0.000000,"{""user_lock_acquisitions"": 0}",2026-08-12T05:42:50Z
exp2_scaling,synthetic,coarse_lock,1,verify,0,3,0.071336,831537362.185985,831537362.1859643,0.000000,"{""user_lock_acquisitions"": 1, ""measured_lock_acquisitions"": 1}",2026-08-12T05:42:50Z
exp2_scaling,synthetic,batched_lock,1,verify,0,4,0.082260,831537362.1859645,831537362.1859643,0.000000,"{""user_lock_acquisitions"": 500, ""measured_lock_acquisitions"": 500}",2026-08-12T05:42:50Z
exp2_scaling,synthetic,fine_lock,1,verify,0,5,0.214770,831537362.185985,831537362.1859643,0.000000,"{""user_lock_acquisitions"": 500000, ""measured_lock_acquisitions"": 500000}",2026-08-12T05:42:51Z
exp2_scaling,synthetic,queue_agg,1,verify,0,6,0.069837,831537362.185985,831537362.1859643,0.000000,"{""user_lock_acquisitions"": 0}",2026-08-12T05:42:51Z
exp2_scaling,synthetic,no_lock,1,verify,0,7,0.090368,831537362.185985,831537362.1859643,0.000000,"{""user_lock_acquisitions"": 0}",2026-08-12T05:42:51Z
exp2_scaling,synthetic,fp_reduce,2,verify,0,0,0.035666,831537362.1859523,831537362.1859643,0.000000,"{""user_lock_acquisitions"": 0}",2026-08-12T05:42:51Z
exp2_scaling,synthetic,fp_sum_genexpr,2,verify,0,1,0.039235,831537362.1859643,831537362.1859643,0.000000,"{""user_lock_acquisitions"": 0}",2026-08-12T05:42:51Z
exp2_scaling,synthetic,imp_threadlocal,2,verify,0,2,0.035799,831537362.1859523,831537362.1859643,0.000000,"{""user_lock_acquisitions"": 0}",2026-08-12T05:42:51Z
exp2_scaling,synthetic,coarse_lock,2,verify,0,3,0.035696,831537362.1859523,831537362.1859643,0.000000,"{""user_lock_acquisitions"": 2, ""measured_lock_acquisitions"": 2}",2026-08-12T05:42:51Z
exp2_scaling,synthetic,batched_lock,2,verify,0,4,0.042685,831537362.1859647,831537362.1859643,0.000000,"{""user_lock_acquisitions"": 500, ""measured_lock_acquisitions"": 500}",2026-08-12T05:42:51Z
exp2_scaling,synthetic,fine_lock,2,verify,0,5,0.249656,831537362.1859937,831537362.1859643,0.000000,"{""user_lock_acquisitions"": 500000, ""measured_lock_acquisitions"": 500000}",2026-08-12T05:42:51Z
exp2_scaling,synthetic,queue_agg,2,verify,0,6,0.036040,831537362.1859523,831537362.1859643,0.000000,"{""user_lock_acquisitions"": 0}",2026-08-12T05:42:51Z
exp2_scaling,synthetic,no_lock,2,verify,0,7,0.113614,456030254.06445825,831537362.1859643,45.158176,"{""user_lock_acquisitions"": 0}",2026-08-12T05:42:51Z
exp2_scaling,synthetic,fp_reduce,4,verify,0,0,0.018357,831537362.1859667,831537362.1859643,0.000000,"{""user_lock_acquisitions"": 0}",2026-08-12T05:42:51Z
exp2_scaling,synthetic,fp_sum_genexpr,4,verify,0,1,0.020212,831537362.1859643,831537362.1859643,0.000000,"{""user_lock_acquisitions"": 0}",2026-08-12T05:42:52Z
exp2_scaling,synthetic,imp_threadlocal,4,verify,0,2,0.018255,831537362.1859667,831537362.1859643,0.000000,"{""user_lock_acquisitions"": 0}",2026-08-12T05:42:52Z
exp2_scaling,synthetic,coarse_lock,4,verify,0,3,0.018825,831537362.1859667,831537362.1859643,0.000000,"{""user_lock_acquisitions"": 4, ""measured_lock_acquisitions"": 4}",2026-08-12T05:42:52Z
exp2_scaling,synthetic,batched_lock,4,verify,0,4,0.021707,831537362.185964,831537362.1859643,0.000000,"{""user_lock_acquisitions"": 500, ""measured_lock_acquisitions"": 500}",2026-08-12T05:42:52Z
exp2_scaling,synthetic,fine_lock,4,verify,0,5,0.339226,831537362.1859735,831537362.1859643,0.000000,"{""user_lock_acquisitions"": 500000, ""measured_lock_acquisitions"": 500000}",2026-08-12T05:42:52Z
exp2_scaling,synthetic,queue_agg,4,verify,0,6,0.018472,831537362.1859667,831537362.1859643,0.000000,"{""user_lock_acquisitions"": 0}",2026-08-12T05:42:52Z
exp2_scaling,synthetic,no_lock,4,verify,0,7,0.169386,299009282.55255425,831537362.1859643,64.041389,"{""user_lock_acquisitions"": 0}",2026-08-12T05:42:52Z
exp2_scaling,synthetic,fp_reduce,6,verify,0,0,0.013256,831537362.1859671,831537362.1859643,0.000000,"{""user_lock_acquisitions"": 0}",2026-08-12T05:42:52Z
exp2_scaling,synthetic,fp_sum_genexpr,6,verify,0,1,0.013923,831537362.1859645,831537362.1859643,0.000000,"{""user_lock_acquisitions"": 0}",2026-08-12T05:42:52Z
exp2_scaling,synthetic,imp_threadlocal,6,verify,0,2,0.013170,831537362.1859671,831537362.1859643,0.000000,"{""user_lock_acquisitions"": 0}",2026-08-12T05:42:52Z
exp2_scaling,synthetic,coarse_lock,6,verify,0,3,0.012719,831537362.1859671,831537362.1859643,0.000000,"{""user_lock_acquisitions"": 6, ""measured_lock_acquisitions"": 6}",2026-08-12T05:42:52Z
exp2_scaling,synthetic,batched_lock,6,verify,0,4,0.015226,831537362.1859646,831537362.1859643,0.000000,"{""user_lock_acquisitions"": 504, ""measured_lock_acquisitions"": 504}",2026-08-12T05:42:52Z
exp2_scaling,synthetic,fine_lock,6,verify,0,5,0.529309,831537362.1859354,831537362.1859643,0.000000,"{""user_lock_acquisitions"": 500000, ""measured_lock_acquisitions"": 500000}",2026-08-12T05:42:53Z
exp2_scaling,synthetic,queue_agg,6,verify,0,6,0.013207,831537362.1859671,831537362.1859643,0.000000,"{""user_lock_acquisitions"": 0}",2026-08-12T05:42:53Z
exp2_scaling,synthetic,no_lock,6,verify,0,7,0.243001,218069198.84610632,831537362.1859643,73.775177,"{""user_lock_acquisitions"": 0}",2026-08-12T05:42:53Z
exp2_scaling,synthetic,fp_reduce,8,verify,0,0,0.010266,831537362.1859636,831537362.1859643,0.000000,"{""user_lock_acquisitions"": 0}",2026-08-12T05:42:53Z
exp2_scaling,synthetic,fp_sum_genexpr,8,verify,0,1,0.010928,831537362.1859645,831537362.1859643,0.000000,"{""user_lock_acquisitions"": 0}",2026-08-12T05:42:53Z
exp2_scaling,synthetic,imp_threadlocal,8,verify,0,2,0.010241,831537362.1859636,831537362.1859643,0.000000,"{""user_lock_acquisitions"": 0}",2026-08-12T05:42:53Z
exp2_scaling,synthetic,coarse_lock,8,verify,0,3,0.009984,831537362.1859637,831537362.1859643,0.000000,"{""user_lock_acquisitions"": 8, ""measured_lock_acquisitions"": 8}",2026-08-12T05:42:53Z
exp2_scaling,synthetic,batched_lock,8,verify,0,4,0.011774,831537362.1859636,831537362.1859643,0.000000,"{""user_lock_acquisitions"": 504, ""measured_lock_acquisitions"": 504}",2026-08-12T05:42:53Z
exp2_scaling,synthetic,fine_lock,8,verify,0,5,0.733680,831537362.1859848,831537362.1859643,0.000000,"{""user_lock_acquisitions"": 500000, ""measured_lock_acquisitions"": 500000}",2026-08-12T05:42:54Z
exp2_scaling,synthetic,queue_agg,8,verify,0,6,0.010487,831537362.1859636,831537362.1859643,0.000000,"{""user_lock_acquisitions"": 0}",2026-08-12T05:42:54Z
exp2_scaling,synthetic,no_lock,8,verify,0,7,0.355735,171821019.53130412,831537362.1859643,79.336945,"{""user_lock_acquisitions"": 0}",2026-08-12T05:42:54Z
exp2_scaling,synthetic,fp_reduce,10,verify,0,0,0.008948,831537362.1859647,831537362.1859643,0.000000,"{""user_lock_acquisitions"": 0}",2026-08-12T05:42:54Z
exp2_scaling,synthetic,fp_sum_genexpr,10,verify,0,1,0.009291,831537362.1859643,831537362.1859643,0.000000,"{""user_lock_acquisitions"": 0}",2026-08-12T05:42:54Z
exp2_scaling,synthetic,imp_threadlocal,10,verify,0,2,0.008700,831537362.1859647,831537362.1859643,0.000000,"{""user_lock_acquisitions"": 0}",2026-08-12T05:42:54Z
exp2_scaling,synthetic,coarse_lock,10,verify,0,3,0.008759,831537362.1859648,831537362.1859643,0.000000,"{""user_lock_acquisitions"": 10, ""measured_lock_acquisitions"": 10}",2026-08-12T05:42:54Z
exp2_scaling,synthetic,batched_lock,10,verify,0,4,0.010112,831537362.1859645,831537362.1859643,0.000000,"{""user_lock_acquisitions"": 500, ""measured_lock_acquisitions"": 500}",2026-08-12T05:42:54Z
exp2_scaling,synthetic,fine_lock,10,verify,0,5,0.836205,831537362.1859857,831537362.1859643,0.000000,"{""user_lock_acquisitions"": 500000, ""measured_lock_acquisitions"": 500000}",2026-08-12T05:42:55Z
exp2_scaling,synthetic,queue_agg,10,verify,0,6,0.009338,831537362.1859648,831537362.1859643,0.000000,"{""user_lock_acquisitions"": 0}",2026-08-12T05:42:55Z
exp2_scaling,synthetic,no_lock,10,verify,0,7,0.477791,140348869.73479015,831537362.1859643,83.121760,"{""user_lock_acquisitions"": 0}",2026-08-12T05:42:55Z
exp2_scaling,synthetic,fp_reduce,12,verify,0,0,0.007970,831537362.1859664,831537362.1859643,0.000000,"{""user_lock_acquisitions"": 0}",2026-08-12T05:42:55Z
exp2_scaling,synthetic,fp_sum_genexpr,12,verify,0,1,0.008126,831537362.1859645,831537362.1859643,0.000000,"{""user_lock_acquisitions"": 0}",2026-08-12T05:42:55Z
exp2_scaling,synthetic,imp_threadlocal,12,verify,0,2,0.007505,831537362.1859664,831537362.1859643,0.000000,"{""user_lock_acquisitions"": 0}",2026-08-12T05:42:55Z
exp2_scaling,synthetic,coarse_lock,12,verify,0,3,0.007476,831537362.1859664,831537362.1859643,0.000000,"{""user_lock_acquisitions"": 12, ""measured_lock_acquisitions"": 12}",2026-08-12T05:42:55Z
exp2_scaling,synthetic,batched_lock,12,verify,0,4,0.008630,831537362.1859642,831537362.1859643,0.000000,"{""user_lock_acquisitions"": 504, ""measured_lock_acquisitions"": 504}",2026-08-12T05:42:56Z
exp2_scaling,synthetic,fine_lock,12,verify,0,5,0.861424,831537362.1859695,831537362.1859643,0.000000,"{""user_lock_acquisitions"": 500000, ""measured_lock_acquisitions"": 500000}",2026-08-12T05:42:56Z
exp2_scaling,synthetic,queue_agg,12,verify,0,6,0.007825,831537362.1859664,831537362.1859643,0.000000,"{""user_lock_acquisitions"": 0}",2026-08-12T05:42:56Z
exp2_scaling,synthetic,no_lock,12,verify,0,7,0.629424,117148094.60126504,831537362.1859643,85.911866,"{""user_lock_acquisitions"": 0}",2026-08-12T05:42:57Z
exp2_scaling,synthetic,fp_reduce,14,verify,0,0,0.007901,831537362.1859654,831537362.1859643,0.000000,"{""user_lock_acquisitions"": 0}",2026-08-12T05:42:57Z
exp2_scaling,synthetic,fp_sum_genexpr,14,verify,0,1,0.007700,831537362.1859643,831537362.1859643,0.000000,"{""user_lock_acquisitions"": 0}",2026-08-12T05:42:57Z
exp2_scaling,synthetic,imp_threadlocal,14,verify,0,2,0.006938,831537362.1859654,831537362.1859643,0.000000,"{""user_lock_acquisitions"": 0}",2026-08-12T05:42:57Z
exp2_scaling,synthetic,coarse_lock,14,verify,0,3,0.006929,831537362.1859654,831537362.1859643,0.000000,"{""user_lock_acquisitions"": 14, ""measured_lock_acquisitions"": 14}",2026-08-12T05:42:57Z
exp2_scaling,synthetic,batched_lock,14,verify,0,4,0.007863,831537362.1859643,831537362.1859643,0.000000,"{""user_lock_acquisitions"": 504, ""measured_lock_acquisitions"": 504}",2026-08-12T05:42:57Z
exp2_scaling,synthetic,fine_lock,14,verify,0,5,0.874096,831537362.185953,831537362.1859643,0.000000,"{""user_lock_acquisitions"": 500000, ""measured_lock_acquisitions"": 500000}",2026-08-12T05:42:58Z
exp2_scaling,synthetic,queue_agg,14,verify,0,6,0.007458,831537362.1859654,831537362.1859643,0.000000,"{""user_lock_acquisitions"": 0}",2026-08-12T05:42:58Z
exp2_scaling,synthetic,no_lock,14,verify,0,7,0.797750,99000504.51781024,831537362.1859643,88.094281,"{""user_lock_acquisitions"": 0}",2026-08-12T05:42:59Z
exp2_scaling,synthetic,fp_reduce,16,verify,0,0,0.007029,831537362.1859653,831537362.1859643,0.000000,"{""user_lock_acquisitions"": 0}",2026-08-12T05:42:59Z
exp2_scaling,synthetic,fp_sum_genexpr,16,verify,0,1,0.007224,831537362.1859643,831537362.1859643,0.000000,"{""user_lock_acquisitions"": 0}",2026-08-12T05:42:59Z
exp2_scaling,synthetic,imp_threadlocal,16,verify,0,2,0.007084,831537362.1859653,831537362.1859643,0.000000,"{""user_lock_acquisitions"": 0}",2026-08-12T05:42:59Z
exp2_scaling,synthetic,coarse_lock,16,verify,0,3,0.006894,831537362.1859653,831537362.1859643,0.000000,"{""user_lock_acquisitions"": 16, ""measured_lock_acquisitions"": 16}",2026-08-12T05:42:59Z
exp2_scaling,synthetic,batched_lock,16,verify,0,4,0.007854,831537362.1859646,831537362.1859643,0.000000,"{""user_lock_acquisitions"": 512, ""measured_lock_acquisitions"": 512}",2026-08-12T05:42:59Z
exp2_scaling,synthetic,fine_lock,16,verify,0,5,0.890125,831537362.1859686,831537362.1859643,0.000000,"{""user_lock_acquisitions"": 500000, ""measured_lock_acquisitions"": 500000}",2026-08-12T05:43:00Z
exp2_scaling,synthetic,queue_agg,16,verify,0,6,0.006743,831537362.1859653,831537362.1859643,0.000000,"{""user_lock_acquisitions"": 0}",2026-08-12T05:43:00Z
exp2_scaling,synthetic,no_lock,16,verify,0,7,0.958372,83356816.79309854,831537362.1859643,89.975578,"{""user_lock_acquisitions"": 0}",2026-08-12T05:43:01Z
exp2_scaling,synthetic,fp_reduce,1,memory,0,0,0.397515,831537362.185985,831537362.1859643,0.000000,"{""user_lock_acquisitions"": 0, ""tracemalloc_peak_bytes"": 93428}",2026-08-12T05:43:01Z
exp2_scaling,synthetic,fp_sum_genexpr,1,memory,0,1,0.363972,831537362.1859643,831537362.1859643,0.000000,"{""user_lock_acquisitions"": 0, ""tracemalloc_peak_bytes"": 91857}",2026-08-12T05:43:01Z
exp2_scaling,synthetic,imp_threadlocal,1,memory,0,2,0.388175,831537362.185985,831537362.1859643,0.000000,"{""user_lock_acquisitions"": 0, ""tracemalloc_peak_bytes"": 91586}",2026-08-12T05:43:02Z
exp2_scaling,synthetic,coarse_lock,1,memory,0,3,0.388514,831537362.185985,831537362.1859643,0.000000,"{""user_lock_acquisitions"": 1, ""tracemalloc_peak_bytes"": 92278}",2026-08-12T05:43:02Z
exp2_scaling,synthetic,batched_lock,1,memory,0,4,0.522256,831537362.1859645,831537362.1859643,0.000000,"{""user_lock_acquisitions"": 500, ""tracemalloc_peak_bytes"": 96391}",2026-08-12T05:43:03Z
exp2_scaling,synthetic,fine_lock,1,memory,0,5,0.659344,831537362.185985,831537362.1859643,0.000000,"{""user_lock_acquisitions"": 500000, ""tracemalloc_peak_bytes"": 92244}",2026-08-12T05:43:03Z
exp2_scaling,synthetic,queue_agg,1,memory,0,6,0.436316,831537362.185985,831537362.1859643,0.000000,"{""user_lock_acquisitions"": 0, ""tracemalloc_peak_bytes"": 92084}",2026-08-12T05:43:04Z
exp2_scaling,synthetic,no_lock,1,memory,0,7,0.458108,831537362.185985,831537362.1859643,0.000000,"{""user_lock_acquisitions"": 0, ""tracemalloc_peak_bytes"": 91986}",2026-08-12T05:43:04Z
exp2_scaling,synthetic,fp_reduce,2,memory,0,0,0.470565,831537362.1859523,831537362.1859643,0.000000,"{""user_lock_acquisitions"": 0, ""tracemalloc_peak_bytes"": 183414}",2026-08-12T05:43:05Z
exp2_scaling,synthetic,fp_sum_genexpr,2,memory,0,1,0.424747,831537362.1859643,831537362.1859643,0.000000,"{""user_lock_acquisitions"": 0, ""tracemalloc_peak_bytes"": 178539}",2026-08-12T05:43:05Z
exp2_scaling,synthetic,imp_threadlocal,2,memory,0,2,0.464513,831537362.1859523,831537362.1859643,0.000000,"{""user_lock_acquisitions"": 0, ""tracemalloc_peak_bytes"": 182876}",2026-08-12T05:43:06Z
exp2_scaling,synthetic,coarse_lock,2,memory,0,3,0.515896,831537362.1859523,831537362.1859643,0.000000,"{""user_lock_acquisitions"": 2, ""tracemalloc_peak_bytes"": 179664}",2026-08-12T05:43:06Z
exp2_scaling,synthetic,batched_lock,2,memory,0,4,0.671679,831537362.1859642,831537362.1859643,0.000000,"{""user_lock_acquisitions"": 500, ""tracemalloc_peak_bytes"": 183865}",2026-08-12T05:43:07Z
exp2_scaling,synthetic,fine_lock,2,memory,0,5,1.133390,831537362.1859916,831537362.1859643,0.000000,"{""user_lock_acquisitions"": 500000, ""tracemalloc_peak_bytes"": 178694}",2026-08-12T05:43:08Z
exp2_scaling,synthetic,queue_agg,2,memory,0,6,0.559115,831537362.1859523,831537362.1859643,0.000000,"{""user_lock_acquisitions"": 0, ""tracemalloc_peak_bytes"": 182590}",2026-08-12T05:43:08Z
exp2_scaling,synthetic,no_lock,2,memory,0,7,0.648709,714767277.0199163,831537362.1859643,14.042675,"{""user_lock_acquisitions"": 0, ""tracemalloc_peak_bytes"": 179420}",2026-08-12T05:43:09Z
exp2_scaling,synthetic,fp_reduce,4,memory,0,0,0.662421,831537362.1859667,831537362.1859643,0.000000,"{""user_lock_acquisitions"": 0, ""tracemalloc_peak_bytes"": 355634}",2026-08-12T05:43:10Z
exp2_scaling,synthetic,fp_sum_genexpr,4,memory,0,1,0.568451,831537362.1859643,831537362.1859643,0.000000,"{""user_lock_acquisitions"": 0, ""tracemalloc_peak_bytes"": 356111}",2026-08-12T05:43:10Z
exp2_scaling,synthetic,imp_threadlocal,4,memory,0,2,0.625966,831537362.1859667,831537362.1859643,0.000000,"{""user_lock_acquisitions"": 0, ""tracemalloc_peak_bytes"": 351504}",2026-08-12T05:43:11Z
exp2_scaling,synthetic,coarse_lock,4,memory,0,3,0.622050,831537362.1859666,831537362.1859643,0.000000,"{""user_lock_acquisitions"": 4, ""tracemalloc_peak_bytes"": 361604}",2026-08-12T05:43:12Z
exp2_scaling,synthetic,batched_lock,4,memory,0,4,0.925336,831537362.1859641,831537362.1859643,0.000000,"{""user_lock_acquisitions"": 500, ""tracemalloc_peak_bytes"": 355269}",2026-08-12T05:43:13Z
exp2_scaling,synthetic,fine_lock,4,memory,0,5,2.585286,831537362.1859671,831537362.1859643,0.000000,"{""user_lock_acquisitions"": 500000, ""tracemalloc_peak_bytes"": 360442}",2026-08-12T05:43:15Z
exp2_scaling,synthetic,queue_agg,4,memory,0,6,0.731465,831537362.1859667,831537362.1859643,0.000000,"{""user_lock_acquisitions"": 0, ""tracemalloc_peak_bytes"": 352890}",2026-08-12T05:43:16Z
exp2_scaling,synthetic,no_lock,4,memory,0,7,0.908311,513142543.30918694,831537362.1859643,38.289899,"{""user_lock_acquisitions"": 0, ""tracemalloc_peak_bytes"": 379376}",2026-08-12T05:43:17Z
exp2_scaling,synthetic,fp_reduce,6,memory,0,0,0.860426,831537362.1859671,831537362.1859643,0.000000,"{""user_lock_acquisitions"": 0, ""tracemalloc_peak_bytes"": 533006}",2026-08-12T05:43:18Z
exp2_scaling,synthetic,fp_sum_genexpr,6,memory,0,1,0.726298,831537362.1859645,831537362.1859643,0.000000,"{""user_lock_acquisitions"": 0, ""tracemalloc_peak_bytes"": 530259}",2026-08-12T05:43:18Z
exp2_scaling,synthetic,imp_threadlocal,6,memory,0,2,0.870883,831537362.1859671,831537362.1859643,0.000000,"{""user_lock_acquisitions"": 0, ""tracemalloc_peak_bytes"": 525556}",2026-08-12T05:43:19Z
exp2_scaling,synthetic,coarse_lock,6,memory,0,3,0.816886,831537362.1859671,831537362.1859643,0.000000,"{""user_lock_acquisitions"": 6, ""tracemalloc_peak_bytes"": 540888}",2026-08-12T05:43:20Z
exp2_scaling,synthetic,batched_lock,6,memory,0,4,1.135387,831537362.1859646,831537362.1859643,0.000000,"{""user_lock_acquisitions"": 504, ""tracemalloc_peak_bytes"": 533601}",2026-08-12T05:43:21Z
exp2_scaling,synthetic,fine_lock,6,memory,0,5,3.627793,831537362.1859382,831537362.1859643,0.000000,"{""user_lock_acquisitions"": 500000, ""tracemalloc_peak_bytes"": 529326}",2026-08-12T05:43:25Z
exp2_scaling,synthetic,queue_agg,6,memory,0,6,0.918868,831537362.1859671,831537362.1859643,0.000000,"{""user_lock_acquisitions"": 0, ""tracemalloc_peak_bytes"": 529430}",2026-08-12T05:43:26Z
exp2_scaling,synthetic,no_lock,6,memory,0,7,1.210816,404263058.3904213,831537362.1859643,51.383657,"{""user_lock_acquisitions"": 0, ""tracemalloc_peak_bytes"": 550788}",2026-08-12T05:43:27Z
exp2_scaling,synthetic,fp_reduce,8,memory,0,0,1.209726,831537362.1859636,831537362.1859643,0.000000,"{""user_lock_acquisitions"": 0, ""tracemalloc_peak_bytes"": 700698}",2026-08-12T05:43:28Z
exp2_scaling,synthetic,fp_sum_genexpr,8,memory,0,1,0.987763,831537362.1859645,831537362.1859643,0.000000,"{""user_lock_acquisitions"": 0, ""tracemalloc_peak_bytes"": 708199}",2026-08-12T05:43:29Z
exp2_scaling,synthetic,imp_threadlocal,8,memory,0,2,1.192584,831537362.1859636,831537362.1859643,0.000000,"{""user_lock_acquisitions"": 0, ""tracemalloc_peak_bytes"": 706496}",2026-08-12T05:43:30Z
exp2_scaling,synthetic,coarse_lock,8,memory,0,3,1.144884,831537362.1859636,831537362.1859643,0.000000,"{""user_lock_acquisitions"": 8, ""tracemalloc_peak_bytes"": 708220}",2026-08-12T05:43:31Z
exp2_scaling,synthetic,batched_lock,8,memory,0,4,1.465868,831537362.1859634,831537362.1859643,0.000000,"{""user_lock_acquisitions"": 504, ""tracemalloc_peak_bytes"": 720589}",2026-08-12T05:43:33Z
exp2_scaling,synthetic,fine_lock,8,memory,0,5,3.707245,831537362.1859863,831537362.1859643,0.000000,"{""user_lock_acquisitions"": 500000, ""tracemalloc_peak_bytes"": 721274}",2026-08-12T05:43:37Z
exp2_scaling,synthetic,queue_agg,8,memory,0,6,1.275375,831537362.1859636,831537362.1859643,0.000000,"{""user_lock_acquisitions"": 0, ""tracemalloc_peak_bytes"": 705586}",2026-08-12T05:43:38Z
exp2_scaling,synthetic,no_lock,8,memory,0,7,1.625414,331568408.051694,831537362.1859643,60.125856,"{""user_lock_acquisitions"": 0, ""tracemalloc_peak_bytes"": 735072}",2026-08-12T05:43:40Z
exp2_scaling,synthetic,fp_reduce,10,memory,0,0,1.752031,831537362.1859647,831537362.1859643,0.000000,"{""user_lock_acquisitions"": 0, ""tracemalloc_peak_bytes"": 877118}",2026-08-12T05:43:41Z
exp2_scaling,synthetic,fp_sum_genexpr,10,memory,0,1,1.429956,831537362.1859643,831537362.1859643,0.000000,"{""user_lock_acquisitions"": 0, ""tracemalloc_peak_bytes"": 872699}",2026-08-12T05:43:43Z
exp2_scaling,synthetic,imp_threadlocal,10,memory,0,2,1.766468,831537362.1859647,831537362.1859643,0.000000,"{""user_lock_acquisitions"": 0, ""tracemalloc_peak_bytes"": 873804}",2026-08-12T05:43:44Z
exp2_scaling,synthetic,coarse_lock,10,memory,0,3,1.730124,831537362.1859648,831537362.1859643,0.000000,"{""user_lock_acquisitions"": 10, ""tracemalloc_peak_bytes"": 879728}",2026-08-12T05:43:46Z
exp2_scaling,synthetic,batched_lock,10,memory,0,4,2.172149,831537362.185964,831537362.1859643,0.000000,"{""user_lock_acquisitions"": 500, ""tracemalloc_peak_bytes"": 893281}",2026-08-12T05:43:48Z
exp2_scaling,synthetic,fine_lock,10,memory,0,5,3.632673,831537362.1859902,831537362.1859643,0.000000,"{""user_lock_acquisitions"": 500000, ""tracemalloc_peak_bytes"": 877518}",2026-08-12T05:43:52Z
exp2_scaling,synthetic,queue_agg,10,memory,0,6,1.862738,831537362.1859647,831537362.1859643,0.000000,"{""user_lock_acquisitions"": 0, ""tracemalloc_peak_bytes"": 870518}",2026-08-12T05:43:54Z
exp2_scaling,synthetic,no_lock,10,memory,0,7,2.204577,290009339.82275546,831537362.1859643,65.123715,"{""user_lock_acquisitions"": 0, ""tracemalloc_peak_bytes"": 912868}",2026-08-12T05:43:56Z
exp2_scaling,synthetic,fp_reduce,12,memory,0,0,2.513072,831537362.1859664,831537362.1859643,0.000000,"{""user_lock_acquisitions"": 0, ""tracemalloc_peak_bytes"": 1046500}",2026-08-12T05:43:59Z
exp2_scaling,synthetic,fp_sum_genexpr,12,memory,0,1,2.046202,831537362.1859645,831537362.1859643,0.000000,"{""user_lock_acquisitions"": 0, ""tracemalloc_peak_bytes"": 1052641}",2026-08-12T05:44:01Z
exp2_scaling,synthetic,imp_threadlocal,12,memory,0,2,2.392007,831537362.1859664,831537362.1859643,0.000000,"{""user_lock_acquisitions"": 0, ""tracemalloc_peak_bytes"": 1032922}",2026-08-12T05:44:03Z
exp2_scaling,synthetic,coarse_lock,12,memory,0,3,2.426192,831537362.1859663,831537362.1859643,0.000000,"{""user_lock_acquisitions"": 12, ""tracemalloc_peak_bytes"": 1065110}",2026-08-12T05:44:05Z
exp2_scaling,synthetic,batched_lock,12,memory,0,4,2.777051,831537362.185964,831537362.1859643,0.000000,"{""user_lock_acquisitions"": 504, ""tracemalloc_peak_bytes"": 1061207}",2026-08-12T05:44:08Z
exp2_scaling,synthetic,fine_lock,12,memory,0,5,3.681970,831537362.1859676,831537362.1859643,0.000000,"{""user_lock_acquisitions"": 500000, ""tracemalloc_peak_bytes"": 1072900}",2026-08-12T05:44:12Z
exp2_scaling,synthetic,queue_agg,12,memory,0,6,2.508111,831537362.1859663,831537362.1859643,0.000000,"{""user_lock_acquisitions"": 0, ""tracemalloc_peak_bytes"": 1038628}",2026-08-12T05:44:14Z
exp2_scaling,synthetic,no_lock,12,memory,0,7,2.976211,266244994.44902816,831537362.1859643,67.981596,"{""user_lock_acquisitions"": 0, ""tracemalloc_peak_bytes"": 1105578}",2026-08-12T05:44:17Z
exp2_scaling,synthetic,fp_reduce,14,memory,0,0,3.074910,831537362.1859654,831537362.1859643,0.000000,"{""user_lock_acquisitions"": 0, ""tracemalloc_peak_bytes"": 1203218}",2026-08-12T05:44:20Z
exp2_scaling,synthetic,fp_sum_genexpr,14,memory,0,1,2.868172,831537362.1859643,831537362.1859643,0.000000,"{""user_lock_acquisitions"": 0, ""tracemalloc_peak_bytes"": 1223751}",2026-08-12T05:44:23Z
exp2_scaling,synthetic,imp_threadlocal,14,memory,0,2,3.065958,831537362.1859654,831537362.1859643,0.000000,"{""user_lock_acquisitions"": 0, ""tracemalloc_peak_bytes"": 1202352}",2026-08-12T05:44:26Z
exp2_scaling,synthetic,coarse_lock,14,memory,0,3,3.104295,831537362.1859655,831537362.1859643,0.000000,"{""user_lock_acquisitions"": 14, ""tracemalloc_peak_bytes"": 1234932}",2026-08-12T05:44:30Z
exp2_scaling,synthetic,batched_lock,14,memory,0,4,3.791569,831537362.1859639,831537362.1859643,0.000000,"{""user_lock_acquisitions"": 504, ""tracemalloc_peak_bytes"": 1233853}",2026-08-12T05:44:33Z
exp2_scaling,synthetic,fine_lock,14,memory,0,5,3.613164,831537362.1859583,831537362.1859643,0.000000,"{""user_lock_acquisitions"": 500000, ""tracemalloc_peak_bytes"": 1240298}",2026-08-12T05:44:37Z
exp2_scaling,synthetic,queue_agg,14,memory,0,6,3.088867,831537362.1859653,831537362.1859643,0.000000,"{""user_lock_acquisitions"": 0, ""tracemalloc_peak_bytes"": 1207626}",2026-08-12T05:44:40Z
exp2_scaling,synthetic,no_lock,14,memory,0,7,3.583057,247548201.87459174,831537362.1859643,70.230057,"{""user_lock_acquisitions"": 0, ""tracemalloc_peak_bytes"": 1304128}",2026-08-12T05:44:44Z
exp2_scaling,synthetic,fp_reduce,16,memory,0,0,3.907749,831537362.1859653,831537362.1859643,0.000000,"{""user_lock_acquisitions"": 0, ""tracemalloc_peak_bytes"": 1373512}",2026-08-12T05:44:48Z
exp2_scaling,synthetic,fp_sum_genexpr,16,memory,0,1,3.223574,831537362.1859643,831537362.1859643,0.000000,"{""user_lock_acquisitions"": 0, ""tracemalloc_peak_bytes"": 1403077}",2026-08-12T05:44:51Z
exp2_scaling,synthetic,imp_threadlocal,16,memory,0,2,3.889157,831537362.1859653,831537362.1859643,0.000000,"{""user_lock_acquisitions"": 0, ""tracemalloc_peak_bytes"": 1378966}",2026-08-12T05:44:55Z
exp2_scaling,synthetic,coarse_lock,16,memory,0,3,3.820726,831537362.1859651,831537362.1859643,0.000000,"{""user_lock_acquisitions"": 16, ""tracemalloc_peak_bytes"": 1408122}",2026-08-12T05:44:58Z
exp2_scaling,synthetic,batched_lock,16,memory,0,4,4.401323,831537362.1859651,831537362.1859643,0.000000,"{""user_lock_acquisitions"": 512, ""tracemalloc_peak_bytes"": 1417387}",2026-08-12T05:45:03Z
exp2_scaling,synthetic,fine_lock,16,memory,0,5,3.637529,831537362.1859707,831537362.1859643,0.000000,"{""user_lock_acquisitions"": 500000, ""tracemalloc_peak_bytes"": 1421760}",2026-08-12T05:45:06Z
exp2_scaling,synthetic,queue_agg,16,memory,0,6,3.874718,831537362.1859652,831537362.1859643,0.000000,"{""user_lock_acquisitions"": 0, ""tracemalloc_peak_bytes"": 1377280}",2026-08-12T05:45:10Z
exp2_scaling,synthetic,no_lock,16,memory,0,7,4.086219,233020069.06212398,831537362.1859643,71.977198,"{""user_lock_acquisitions"": 0, ""tracemalloc_peak_bytes"": 1466878}",2026-08-12T05:45:14Z
