experiment,workload,condition,n_threads,phase,rep,order_idx,wall_s,result,expected,error_pct,aux,timestamp_utc
exp3_writer,single,writer,1,warmup,1,0,0.202492,831537362.1859643,,,"{""sum_rel_diff"": 0.0, ""log_entries"": 1, ""n_results"": 1, ""user_lock_acquisitions"": 0}",2026-08-12T05:52:14Z
exp3_writer,single,record,1,warmup,0,1,0.103093,831537362.1859643,,,"{""sum_rel_diff"": 0.0, ""log_entries"": 1, ""n_results"": 1, ""user_lock_acquisitions"": 0}",2026-08-12T05:52:14Z
exp3_writer,single,lock,1,warmup,1,2,0.094426,831537362.1859643,,,"{""sum_rel_diff"": 0.0, ""log_entries"": 1, ""n_results"": 1, ""user_lock_acquisitions"": 1}",2026-08-12T05:52:14Z
exp3_writer,single,indexed,1,warmup,0,3,0.094668,831537362.1859643,,,"{""sum_rel_diff"": 0.0, ""log_entries"": 1, ""n_results"": 1, ""user_lock_acquisitions"": 0}",2026-08-12T05:52:14Z
exp3_writer,single,indexed,1,warmup,2,4,0.095289,831537362.1859643,,,"{""sum_rel_diff"": 0.0, ""log_entries"": 1, ""n_results"": 1, ""user_lock_acquisitions"": 0}",2026-08-12T05:52:14Z
exp3_writer,single,indexed,1,warmup,1,5,0.094417,831537362.1859643,,,"{""sum_rel_diff"": 0.0, ""log_entries"": 1, ""n_results"": 1, ""user_lock_acquisitions"": 0}",2026-08-12T05:52:15Z
exp3_writer,single,record,1,warmup,2,6,0.094565,831537362.1859643,,,"{""sum_rel_diff"": 0.0, ""log_entries"": 1, ""n_results"": 1, ""user_lock_acquisitions"": 0}",2026-08-12T05:52:15Z
exp3_writer,single,writer,1,warmup,0,7,0.095672,831537362.1859643,,,"{""sum_rel_diff"": 0.0, ""log_entries"": 1, ""n_results"": 1, ""user_lock_acquisitions"": 0}",2026-08-12T05:52:15Z
exp3_writer,single,writer,1,warmup,2,8,0.094460,831537362.1859643,,,"{""sum_rel_diff"": 0.0, ""log_entries"": 1, ""n_results"": 1, ""user_lock_acquisitions"": 0}",2026-08-12T05:52:15Z
exp3_writer,single,record,1,warmup,1,9,0.094626,831537362.1859643,,,"{""sum_rel_diff"": 0.0, ""log_entries"": 1, ""n_results"": 1, ""user_lock_acquisitions"": 0}",2026-08-12T05:52:15Z
exp3_writer,single,lock,1,warmup,2,10,0.094552,831537362.1859643,,,"{""sum_rel_diff"": 0.0, ""log_entries"": 1, ""n_results"": 1, ""user_lock_acquisitions"": 1}",2026-08-12T05:52:15Z
exp3_writer,single,lock,1,warmup,0,11,0.093384,831537362.1859643,,,"{""sum_rel_diff"": 0.0, ""log_entries"": 1, ""n_results"": 1, ""user_lock_acquisitions"": 1}",2026-08-12T05:52:15Z
exp3_writer,single,lock,1,measured,7,12,0.095342,831537362.1859643,,,"{""sum_rel_diff"": 0.0, ""log_entries"": 1, ""n_results"": 1, ""user_lock_acquisitions"": 1}",2026-08-12T05:52:15Z
exp3_writer,single,indexed,1,measured,13,13,0.094286,831537362.1859643,,,"{""sum_rel_diff"": 0.0, ""log_entries"": 1, ""n_results"": 1, ""user_lock_acquisitions"": 0}",2026-08-12T05:52:15Z
exp3_writer,single,writer,1,measured,18,14,0.094875,831537362.1859643,,,"{""sum_rel_diff"": 0.0, ""log_entries"": 1, ""n_results"": 1, ""user_lock_acquisitions"": 0}",2026-08-12T05:52:15Z
exp3_writer,single,writer,1,measured,1,15,0.095073,831537362.1859643,,,"{""sum_rel_diff"": 0.0, ""log_entries"": 1, ""n_results"": 1, ""user_lock_acquisitions"": 0}",2026-08-12T05:52:16Z
exp3_writer,single,writer,1,measured,8,16,0.094080,831537362.1859643,,,"{""sum_rel_diff"": 0.0, ""log_entries"": 1, ""n_results"": 1, ""user_lock_acquisitions"": 0}",2026-08-12T05:52:16Z
exp3_writer,single,writer,1,measured,4,17,0.093765,831537362.1859643,,,"{""sum_rel_diff"": 0.0, ""log_entries"": 1, ""n_results"": 1, ""user_lock_acquisitions"": 0}",2026-08-12T05:52:16Z
exp3_writer,single,record,1,measured,21,18,0.095703,831537362.1859643,,,"{""sum_rel_diff"": 0.0, ""log_entries"": 1, ""n_results"": 1, ""user_lock_acquisitions"": 0}",2026-08-12T05:52:16Z
exp3_writer,single,lock,1,measured,16,19,0.093596,831537362.1859643,,,"{""sum_rel_diff"": 0.0, ""log_entries"": 1, ""n_results"": 1, ""user_lock_acquisitions"": 1}",2026-08-12T05:52:16Z
exp3_writer,single,indexed,1,measured,15,20,0.093701,831537362.1859643,,,"{""sum_rel_diff"": 0.0, ""log_entries"": 1, ""n_results"": 1, ""user_lock_acquisitions"": 0}",2026-08-12T05:52:16Z
exp3_writer,single,lock,1,measured,26,21,0.096094,831537362.1859643,,,"{""sum_rel_diff"": 0.0, ""log_entries"": 1, ""n_results"": 1, ""user_lock_acquisitions"": 1}",2026-08-12T05:52:16Z
exp3_writer,single,writer,1,measured,13,22,0.092976,831537362.1859643,,,"{""sum_rel_diff"": 0.0, ""log_entries"": 1, ""n_results"": 1, ""user_lock_acquisitions"": 0}",2026-08-12T05:52:16Z
exp3_writer,single,record,1,measured,28,23,0.093146,831537362.1859643,,,"{""sum_rel_diff"": 0.0, ""log_entries"": 1, ""n_results"": 1, ""user_lock_acquisitions"": 0}",2026-08-12T05:52:16Z
exp3_writer,single,writer,1,measured,29,24,0.093885,831537362.1859643,,,"{""sum_rel_diff"": 0.0, ""log_entries"": 1, ""n_results"": 1, ""user_lock_acquisitions"": 0}",2026-08-12T05:52:16Z
exp3_writer,single,lock,1,measured,20,25,0.092371,831537362.1859643,,,"{""sum_rel_diff"": 0.0, ""log_entries"": 1, ""n_results"": 1, ""user_lock_acquisitions"": 1}",2026-08-12T05:52:16Z
exp3_writer,single,lock,1,measured,25,26,0.093157,831537362.1859643,,,"{""sum_rel_diff"": 0.0, ""log_entries"": 1, ""n_results"": 1, ""user_lock_acquisitions"": 1}",2026-08-12T05:52:17Z
exp3_writer,single,writer,1,measured,11,27,0.094266,831537362.1859643,,,"{""sum_rel_diff"": 0.0, ""log_entries"": 1, ""n_results"": 1, ""user_lock_acquisitions"": 0}",2026-08-12T05:52:17Z
exp3_writer,single,writer,1,measured,21,28,0.093881,831537362.1859643,,,"{""sum_rel_diff"": 0.0, ""log_entries"": 1, ""n_results"": 1, ""user_lock_acquisitions"": 0}",2026-08-12T05:52:17Z
exp3_writer,single,writer,1,measured,3,29,0.093625,831537362.1859643,,,"{""sum_rel_diff"": 0.0, ""log_entries"": 1, ""n_results"": 1, ""user_lock_acquisitions"": 0}",2026-08-12T05:52:17Z
exp3_writer,single,indexed,1,measured,10,30,0.095255,831537362.1859643,,,"{""sum_rel_diff"": 0.0, ""log_entries"": 1, ""n_results"": 1, ""user_lock_acquisitions"": 0}",2026-08-12T05:52:17Z
exp3_writer,single,lock,1,measured,27,31,0.095543,831537362.1859643,,,"{""sum_rel_diff"": 0.0, ""log_entries"": 1, ""n_results"": 1, ""user_lock_acquisitions"": 1}",2026-08-12T05:52:17Z
exp3_writer,single,writer,1,measured,0,32,0.093168,831537362.1859643,,,"{""sum_rel_diff"": 0.0, ""log_entries"": 1, ""n_results"": 1, ""user_lock_acquisitions"": 0}",2026-08-12T05:52:17Z
exp3_writer,single,lock,1,measured,9,33,0.094581,831537362.1859643,,,"{""sum_rel_diff"": 0.0, ""log_entries"": 1, ""n_results"": 1, ""user_lock_acquisitions"": 1}",2026-08-12T05:52:17Z
exp3_writer,single,indexed,1,measured,21,34,0.095420,831537362.1859643,,,"{""sum_rel_diff"": 0.0, ""log_entries"": 1, ""n_results"": 1, ""user_lock_acquisitions"": 0}",2026-08-12T05:52:17Z
exp3_writer,single,record,1,measured,2,35,0.094694,831537362.1859643,,,"{""sum_rel_diff"": 0.0, ""log_entries"": 1, ""n_results"": 1, ""user_lock_acquisitions"": 0}",2026-08-12T05:52:17Z
exp3_writer,single,indexed,1,measured,28,36,0.096989,831537362.1859643,,,"{""sum_rel_diff"": 0.0, ""log_entries"": 1, ""n_results"": 1, ""user_lock_acquisitions"": 0}",2026-08-12T05:52:18Z
exp3_writer,single,lock,1,measured,17,37,0.095167,831537362.1859643,,,"{""sum_rel_diff"": 0.0, ""log_entries"": 1, ""n_results"": 1, ""user_lock_acquisitions"": 1}",2026-08-12T05:52:18Z
exp3_writer,single,lock,1,measured,5,38,0.093601,831537362.1859643,,,"{""sum_rel_diff"": 0.0, ""log_entries"": 1, ""n_results"": 1, ""user_lock_acquisitions"": 1}",2026-08-12T05:52:18Z
exp3_writer,single,writer,1,measured,22,39,0.092177,831537362.1859643,,,"{""sum_rel_diff"": 0.0, ""log_entries"": 1, ""n_results"": 1, ""user_lock_acquisitions"": 0}",2026-08-12T05:52:18Z
exp3_writer,single,record,1,measured,5,40,0.092909,831537362.1859643,,,"{""sum_rel_diff"": 0.0, ""log_entries"": 1, ""n_results"": 1, ""user_lock_acquisitions"": 0}",2026-08-12T05:52:18Z
exp3_writer,single,lock,1,measured,18,41,0.093706,831537362.1859643,,,"{""sum_rel_diff"": 0.0, ""log_entries"": 1, ""n_results"": 1, ""user_lock_acquisitions"": 1}",2026-08-12T05:52:18Z
exp3_writer,single,indexed,1,measured,9,42,0.094741,831537362.1859643,,,"{""sum_rel_diff"": 0.0, ""log_entries"": 1, ""n_results"": 1, ""user_lock_acquisitions"": 0}",2026-08-12T05:52:18Z
exp3_writer,single,record,1,measured,0,43,0.093752,831537362.1859643,,,"{""sum_rel_diff"": 0.0, ""log_entries"": 1, ""n_results"": 1, ""user_lock_acquisitions"": 0}",2026-08-12T05:52:18Z
exp3_writer,single,indexed,1,measured,11,44,0.093851,831537362.1859643,,,"{""sum_rel_diff"": 0.0, ""log_entries"": 1, ""n_results"": 1, ""user_lock_acquisitions"": 0}",2026-08-12T05:52:18Z
exp3_writer,single,indexed,1,measured,19,45,0.093471,831537362.1859643,,,"{""sum_rel_diff"": 0.0, ""log_entries"": 1, ""n_results"": 1, ""user_lock_acquisitions"": 0}",2026-08-12T05:52:18Z
exp3_writer,single,writer,1,measured,27,46,0.094176,831537362.1859643,,,"{""sum_rel_diff"": 0.0, ""log_entries"": 1, ""n_results"": 1, ""user_lock_acquisitions"": 0}",2026-08-12T05:52:18Z
exp3_writer,single,writer,1,measured,23,47,0.092351,831537362.1859643,,,"{""sum_rel_diff"": 0.0, ""log_entries"": 1, ""n_results"": 1, ""user_lock_acquisitions"": 0}",2026-08-12T05:52:19Z
exp3_writer,single,writer,1,measured,14,48,0.091619,831537362.1859643,,,"{""sum_rel_diff"": 0.0, ""log_entries"": 1, ""n_results"": 1, ""user_lock_acquisitions"": 0}",2026-08-12T05:52:19Z
exp3_writer,single,record,1,measured,13,49,0.093956,831537362.1859643,,,"{""sum_rel_diff"": 0.0, ""log_entries"": 1, ""n_results"": 1, ""user_lock_acquisitions"": 0}",2026-08-12T05:52:19Z
exp3_writer,single,lock,1,measured,8,50,0.092488,831537362.1859643,,,"{""sum_rel_diff"": 0.0, ""log_entries"": 1, ""n_results"": 1, ""user_lock_acquisitions"": 1}",2026-08-12T05:52:19Z
exp3_writer,single,lock,1,measured,21,51,0.093044,831537362.1859643,,,"{""sum_rel_diff"": 0.0, ""log_entries"": 1, ""n_results"": 1, ""user_lock_acquisitions"": 1}",2026-08-12T05:52:19Z
exp3_writer,single,writer,1,measured,7,52,0.093775,831537362.1859643,,,"{""sum_rel_diff"": 0.0, ""log_entries"": 1, ""n_results"": 1, ""user_lock_acquisitions"": 0}",2026-08-12T05:52:19Z
exp3_writer,single,indexed,1,measured,2,53,0.092845,831537362.1859643,,,"{""sum_rel_diff"": 0.0, ""log_entries"": 1, ""n_results"": 1, ""user_lock_acquisitions"": 0}",2026-08-12T05:52:19Z
exp3_writer,single,indexed,1,measured,7,54,0.093029,831537362.1859643,,,"{""sum_rel_diff"": 0.0, ""log_entries"": 1, ""n_results"": 1, ""user_lock_acquisitions"": 0}",2026-08-12T05:52:19Z
exp3_writer,single,record,1,measured,6,55,0.092862,831537362.1859643,,,"{""sum_rel_diff"": 0.0, ""log_entries"": 1, ""n_results"": 1, ""user_lock_acquisitions"": 0}",2026-08-12T05:52:19Z
exp3_writer,single,lock,1,measured,2,56,0.092706,831537362.1859643,,,"{""sum_rel_diff"": 0.0, ""log_entries"": 1, ""n_results"": 1, ""user_lock_acquisitions"": 1}",2026-08-12T05:52:19Z
exp3_writer,single,record,1,measured,19,57,0.093646,831537362.1859643,,,"{""sum_rel_diff"": 0.0, ""log_entries"": 1, ""n_results"": 1, ""user_lock_acquisitions"": 0}",2026-08-12T05:52:19Z
exp3_writer,single,record,1,measured,9,58,0.090850,831537362.1859643,,,"{""sum_rel_diff"": 0.0, ""log_entries"": 1, ""n_results"": 1, ""user_lock_acquisitions"": 0}",2026-08-12T05:52:20Z
exp3_writer,single,writer,1,measured,15,59,0.092172,831537362.1859643,,,"{""sum_rel_diff"": 0.0, ""log_entries"": 1, ""n_results"": 1, ""user_lock_acquisitions"": 0}",2026-08-12T05:52:20Z
exp3_writer,single,record,1,measured,26,60,0.093221,831537362.1859643,,,"{""sum_rel_diff"": 0.0, ""log_entries"": 1, ""n_results"": 1, ""user_lock_acquisitions"": 0}",2026-08-12T05:52:20Z
exp3_writer,single,record,1,measured,7,61,0.093450,831537362.1859643,,,"{""sum_rel_diff"": 0.0, ""log_entries"": 1, ""n_results"": 1, ""user_lock_acquisitions"": 0}",2026-08-12T05:52:20Z
exp3_writer,single,lock,1,measured,14,62,0.093236,831537362.1859643,,,"{""sum_rel_diff"": 0.0, ""log_entries"": 1, ""n_results"": 1, ""user_lock_acquisitions"": 1}",2026-08-12T05:52:20Z
exp3_writer,single,lock,1,measured,29,63,0.093713,831537362.1859643,,,"{""sum_rel_diff"": 0.0, ""log_entries"": 1, ""n_results"": 1, ""user_lock_acquisitions"": 1}",2026-08-12T05:52:20Z
exp3_writer,single,lock,1,measured,12,64,0.093475,831537362.1859643,,,"{""sum_rel_diff"": 0.0, ""log_entries"": 1, ""n_results"": 1, ""user_lock_acquisitions"": 1}",2026-08-12T05:52:20Z
exp3_writer,single,indexed,1,measured,1,65,0.095010,831537362.1859643,,,"{""sum_rel_diff"": 0.0, ""log_entries"": 1, ""n_results"": 1, ""user_lock_acquisitions"": 0}",2026-08-12T05:52:20Z
exp3_writer,single,indexed,1,measured,0,66,0.094792,831537362.1859643,,,"{""sum_rel_diff"": 0.0, ""log_entries"": 1, ""n_results"": 1, ""user_lock_acquisitions"": 0}",2026-08-12T05:52:20Z
exp3_writer,single,record,1,measured,25,67,0.093351,831537362.1859643,,,"{""sum_rel_diff"": 0.0, ""log_entries"": 1, ""n_results"": 1, ""user_lock_acquisitions"": 0}",2026-08-12T05:52:20Z
exp3_writer,single,indexed,1,measured,5,68,0.093041,831537362.1859643,,,"{""sum_rel_diff"": 0.0, ""log_entries"": 1, ""n_results"": 1, ""user_lock_acquisitions"": 0}",2026-08-12T05:52:20Z
exp3_writer,single,record,1,measured,4,69,0.094744,831537362.1859643,,,"{""sum_rel_diff"": 0.0, ""log_entries"": 1, ""n_results"": 1, ""user_lock_acquisitions"": 0}",2026-08-12T05:52:21Z
exp3_writer,single,writer,1,measured,9,70,0.093291,831537362.1859643,,,"{""sum_rel_diff"": 0.0, ""log_entries"": 1, ""n_results"": 1, ""user_lock_acquisitions"": 0}",2026-08-12T05:52:21Z
exp3_writer,single,record,1,measured,14,71,0.093383,831537362.1859643,,,"{""sum_rel_diff"": 0.0, ""log_entries"": 1, ""n_results"": 1, ""user_lock_acquisitions"": 0}",2026-08-12T05:52:21Z
exp3_writer,single,lock,1,measured,6,72,0.093419,831537362.1859643,,,"{""sum_rel_diff"": 0.0, ""log_entries"": 1, ""n_results"": 1, ""user_lock_acquisitions"": 1}",2026-08-12T05:52:21Z
exp3_writer,single,indexed,1,measured,26,73,0.093574,831537362.1859643,,,"{""sum_rel_diff"": 0.0, ""log_entries"": 1, ""n_results"": 1, ""user_lock_acquisitions"": 0}",2026-08-12T05:52:21Z
exp3_writer,single,writer,1,measured,5,74,0.091571,831537362.1859643,,,"{""sum_rel_diff"": 0.0, ""log_entries"": 1, ""n_results"": 1, ""user_lock_acquisitions"": 0}",2026-08-12T05:52:21Z
exp3_writer,single,record,1,measured,15,75,0.093512,831537362.1859643,,,"{""sum_rel_diff"": 0.0, ""log_entries"": 1, ""n_results"": 1, ""user_lock_acquisitions"": 0}",2026-08-12T05:52:21Z
exp3_writer,single,record,1,measured,12,76,0.093345,831537362.1859643,,,"{""sum_rel_diff"": 0.0, ""log_entries"": 1, ""n_results"": 1, ""user_lock_acquisitions"": 0}",2026-08-12T05:52:21Z
exp3_writer,single,writer,1,measured,12,77,0.094241,831537362.1859643,,,"{""sum_rel_diff"": 0.0, ""log_entries"": 1, ""n_results"": 1, ""user_lock_acquisitions"": 0}",2026-08-12T05:52:21Z
exp3_writer,single,record,1,measured,11,78,0.092545,831537362.1859643,,,"{""sum_rel_diff"": 0.0, ""log_entries"": 1, ""n_results"": 1, ""user_lock_acquisitions"": 0}",2026-08-12T05:52:21Z
exp3_writer,single,writer,1,measured,10,79,0.091721,831537362.1859643,,,"{""sum_rel_diff"": 0.0, ""log_entries"": 1, ""n_results"": 1, ""user_lock_acquisitions"": 0}",2026-08-12T05:52:22Z
exp3_writer,single,writer,1,measured,17,80,0.093112,831537362.1859643,,,"{""sum_rel_diff"": 0.0, ""log_entries"": 1, ""n_results"": 1, ""user_lock_acquisitions"": 0}",2026-08-12T05:52:22Z
exp3_writer,single,record,1,measured,8,81,0.091417,831537362.1859643,,,"{""sum_rel_diff"": 0.0, ""log_entries"": 1, ""n_results"": 1, ""user_lock_acquisitions"": 0}",2026-08-12T05:52:22Z
exp3_writer,single,lock,1,measured,10,82,0.092717,831537362.1859643,,,"{""sum_rel_diff"": 0.0, ""log_entries"": 1, ""n_results"": 1, ""user_lock_acquisitions"": 1}",2026-08-12T05:52:22Z
exp3_writer,single,record,1,measured,20,83,0.093978,831537362.1859643,,,"{""sum_rel_diff"": 0.0, ""log_entries"": 1, ""n_results"": 1, ""user_lock_acquisitions"": 0}",2026-08-12T05:52:22Z
exp3_writer,single,indexed,1,measured,20,84,0.092946,831537362.1859643,,,"{""sum_rel_diff"": 0.0, ""log_entries"": 1, ""n_results"": 1, ""user_lock_acquisitions"": 0}",2026-08-12T05:52:22Z
exp3_writer,single,writer,1,measured,28,85,0.092551,831537362.1859643,,,"{""sum_rel_diff"": 0.0, ""log_entries"": 1, ""n_results"": 1, ""user_lock_acquisitions"": 0}",2026-08-12T05:52:22Z
exp3_writer,single,indexed,1,measured,22,86,0.093633,831537362.1859643,,,"{""sum_rel_diff"": 0.0, ""log_entries"": 1, ""n_results"": 1, ""user_lock_acquisitions"": 0}",2026-08-12T05:52:22Z
exp3_writer,single,lock,1,measured,13,87,0.092399,831537362.1859643,,,"{""sum_rel_diff"": 0.0, ""log_entries"": 1, ""n_results"": 1, ""user_lock_acquisitions"": 1}",2026-08-12T05:52:22Z
exp3_writer,single,indexed,1,measured,3,88,0.094128,831537362.1859643,,,"{""sum_rel_diff"": 0.0, ""log_entries"": 1, ""n_results"": 1, ""user_lock_acquisitions"": 0}",2026-08-12T05:52:22Z
exp3_writer,single,indexed,1,measured,23,89,0.093468,831537362.1859643,,,"{""sum_rel_diff"": 0.0, ""log_entries"": 1, ""n_results"": 1, ""user_lock_acquisitions"": 0}",2026-08-12T05:52:22Z
exp3_writer,single,lock,1,measured,28,90,0.094300,831537362.1859643,,,"{""sum_rel_diff"": 0.0, ""log_entries"": 1, ""n_results"": 1, ""user_lock_acquisitions"": 1}",2026-08-12T05:52:23Z
exp3_writer,single,indexed,1,measured,18,91,0.093618,831537362.1859643,,,"{""sum_rel_diff"": 0.0, ""log_entries"": 1, ""n_results"": 1, ""user_lock_acquisitions"": 0}",2026-08-12T05:52:23Z
exp3_writer,single,record,1,measured,29,92,0.092687,831537362.1859643,,,"{""sum_rel_diff"": 0.0, ""log_entries"": 1, ""n_results"": 1, ""user_lock_acquisitions"": 0}",2026-08-12T05:52:23Z
exp3_writer,single,lock,1,measured,0,93,0.093702,831537362.1859643,,,"{""sum_rel_diff"": 0.0, ""log_entries"": 1, ""n_results"": 1, ""user_lock_acquisitions"": 1}",2026-08-12T05:52:23Z
exp3_writer,single,indexed,1,measured,4,94,0.093529,831537362.1859643,,,"{""sum_rel_diff"": 0.0, ""log_entries"": 1, ""n_results"": 1, ""user_lock_acquisitions"": 0}",2026-08-12T05:52:23Z
exp3_writer,single,record,1,measured,24,95,0.092667,831537362.1859643,,,"{""sum_rel_diff"": 0.0, ""log_entries"": 1, ""n_results"": 1, ""user_lock_acquisitions"": 0}",2026-08-12T05:52:23Z
exp3_writer,single,writer,1,measured,19,96,0.092598,831537362.1859643,,,"{""sum_rel_diff"": 0.0, ""log_entries"": 1, ""n_results"": 1, ""user_lock_acquisitions"": 0}",2026-08-12T05:52:23Z
exp3_writer,single,lock,1,measured,1,97,0.095952,831537362.1859643,,,"{""sum_rel_diff"": 0.0, ""log_entries"": 1, ""n_results"": 1, ""user_lock_acquisitions"": 1}",2026-08-12T05:52:23Z
exp3_writer,single,indexed,1,measured,6,98,0.092341,831537362.1859643,,,"{""sum_rel_diff"": 0.0, ""log_entries"": 1, ""n_results"": 1, ""user_lock_acquisitions"": 0}",2026-08-12T05:52:23Z
exp3_writer,single,lock,1,measured,11,99,0.093512,831537362.1859643,,,"{""sum_rel_diff"": 0.0, ""log_entries"": 1, ""n_results"": 1, ""user_lock_acquisitions"": 1}",2026-08-12T05:52:23Z
exp3_writer,single,record,1,measured,3,100,0.094424,831537362.1859643,,,"{""sum_rel_diff"": 0.0, ""log_entries"": 1, ""n_results"": 1, ""user_lock_acquisitions"": 0}",2026-08-12T05:52:23Z
exp3_writer,single,record,1,measured,27,101,0.094216,831537362.1859643,,,"{""sum_rel_diff"": 0.0, ""log_entries"": 1, ""n_results"": 1, ""user_lock_acquisitions"": 0}",2026-08-12T05:52:24Z
exp3_writer,single,lock,1,measured,4,102,0.093892,831537362.1859643,,,"{""sum_rel_diff"": 0.0, ""log_entries"": 1, ""n_results"": 1, ""user_lock_acquisitions"": 1}",2026-08-12T05:52:24Z
exp3_writer,single,record,1,measured,10,103,0.094597,831537362.1859643,,,"{""sum_rel_diff"": 0.0, ""log_entries"": 1, ""n_results"": 1, ""user_lock_acquisitions"": 0}",2026-08-12T05:52:24Z
exp3_writer,single,indexed,1,measured,12,104,0.092518,831537362.1859643,,,"{""sum_rel_diff"": 0.0, ""log_entries"": 1, ""n_results"": 1, ""user_lock_acquisitions"": 0}",2026-08-12T05:52:24Z
exp3_writer,single,writer,1,measured,25,105,0.092572,831537362.1859643,,,"{""sum_rel_diff"": 0.0, ""log_entries"": 1, ""n_results"": 1, ""user_lock_acquisitions"": 0}",2026-08-12T05:52:24Z
exp3_writer,single,writer,1,measured,6,106,0.093810,831537362.1859643,,,"{""sum_rel_diff"": 0.0, ""log_entries"": 1, ""n_results"": 1, ""user_lock_acquisitions"": 0}",2026-08-12T05:52:24Z
exp3_writer,single,lock,1,measured,23,107,0.093087,831537362.1859643,,,"{""sum_rel_diff"": 0.0, ""log_entries"": 1, ""n_results"": 1, ""user_lock_acquisitions"": 1}",2026-08-12T05:52:24Z
exp3_writer,single,indexed,1,measured,25,108,0.093798,831537362.1859643,,,"{""sum_rel_diff"": 0.0, ""log_entries"": 1, ""n_results"": 1, ""user_lock_acquisitions"": 0}",2026-08-12T05:52:24Z
exp3_writer,single,lock,1,measured,19,109,0.093597,831537362.1859643,,,"{""sum_rel_diff"": 0.0, ""log_entries"": 1, ""n_results"": 1, ""user_lock_acquisitions"": 1}",2026-08-12T05:52:24Z
exp3_writer,single,indexed,1,measured,17,110,0.091483,831537362.1859643,,,"{""sum_rel_diff"": 0.0, ""log_entries"": 1, ""n_results"": 1, ""user_lock_acquisitions"": 0}",2026-08-12T05:52:24Z
exp3_writer,single,writer,1,measured,2,111,0.092418,831537362.1859643,,,"{""sum_rel_diff"": 0.0, ""log_entries"": 1, ""n_results"": 1, ""user_lock_acquisitions"": 0}",2026-08-12T05:52:25Z
exp3_writer,single,record,1,measured,17,112,0.092297,831537362.1859643,,,"{""sum_rel_diff"": 0.0, ""log_entries"": 1, ""n_results"": 1, ""user_lock_acquisitions"": 0}",2026-08-12T05:52:25Z
exp3_writer,single,indexed,1,measured,14,113,0.092954,831537362.1859643,,,"{""sum_rel_diff"": 0.0, ""log_entries"": 1, ""n_results"": 1, ""user_lock_acquisitions"": 0}",2026-08-12T05:52:25Z
exp3_writer,single,indexed,1,measured,29,114,0.092934,831537362.1859643,,,"{""sum_rel_diff"": 0.0, ""log_entries"": 1, ""n_results"": 1, ""user_lock_acquisitions"": 0}",2026-08-12T05:52:25Z
exp3_writer,single,record,1,measured,16,115,0.093978,831537362.1859643,,,"{""sum_rel_diff"": 0.0, ""log_entries"": 1, ""n_results"": 1, ""user_lock_acquisitions"": 0}",2026-08-12T05:52:25Z
exp3_writer,single,record,1,measured,18,116,0.092630,831537362.1859643,,,"{""sum_rel_diff"": 0.0, ""log_entries"": 1, ""n_results"": 1, ""user_lock_acquisitions"": 0}",2026-08-12T05:52:25Z
exp3_writer,single,lock,1,measured,22,117,0.093601,831537362.1859643,,,"{""sum_rel_diff"": 0.0, ""log_entries"": 1, ""n_results"": 1, ""user_lock_acquisitions"": 1}",2026-08-12T05:52:25Z
exp3_writer,single,lock,1,measured,15,118,0.098350,831537362.1859643,,,"{""sum_rel_diff"": 0.0, ""log_entries"": 1, ""n_results"": 1, ""user_lock_acquisitions"": 1}",2026-08-12T05:52:25Z
exp3_writer,single,indexed,1,measured,24,119,0.097096,831537362.1859643,,,"{""sum_rel_diff"": 0.0, ""log_entries"": 1, ""n_results"": 1, ""user_lock_acquisitions"": 0}",2026-08-12T05:52:25Z
exp3_writer,single,writer,1,measured,20,120,0.098111,831537362.1859643,,,"{""sum_rel_diff"": 0.0, ""log_entries"": 1, ""n_results"": 1, ""user_lock_acquisitions"": 0}",2026-08-12T05:52:25Z
exp3_writer,single,writer,1,measured,16,121,0.098494,831537362.1859643,,,"{""sum_rel_diff"": 0.0, ""log_entries"": 1, ""n_results"": 1, ""user_lock_acquisitions"": 0}",2026-08-12T05:52:25Z
exp3_writer,single,writer,1,measured,24,122,0.093444,831537362.1859643,,,"{""sum_rel_diff"": 0.0, ""log_entries"": 1, ""n_results"": 1, ""user_lock_acquisitions"": 0}",2026-08-12T05:52:26Z
exp3_writer,single,indexed,1,measured,16,123,0.091220,831537362.1859643,,,"{""sum_rel_diff"": 0.0, ""log_entries"": 1, ""n_results"": 1, ""user_lock_acquisitions"": 0}",2026-08-12T05:52:26Z
exp3_writer,single,lock,1,measured,24,124,0.093376,831537362.1859643,,,"{""sum_rel_diff"": 0.0, ""log_entries"": 1, ""n_results"": 1, ""user_lock_acquisitions"": 1}",2026-08-12T05:52:26Z
exp3_writer,single,writer,1,measured,26,125,0.091605,831537362.1859643,,,"{""sum_rel_diff"": 0.0, ""log_entries"": 1, ""n_results"": 1, ""user_lock_acquisitions"": 0}",2026-08-12T05:52:26Z
exp3_writer,single,lock,1,measured,3,126,0.092403,831537362.1859643,,,"{""sum_rel_diff"": 0.0, ""log_entries"": 1, ""n_results"": 1, ""user_lock_acquisitions"": 1}",2026-08-12T05:52:26Z
exp3_writer,single,record,1,measured,22,127,0.093580,831537362.1859643,,,"{""sum_rel_diff"": 0.0, ""log_entries"": 1, ""n_results"": 1, ""user_lock_acquisitions"": 0}",2026-08-12T05:52:26Z
exp3_writer,single,indexed,1,measured,8,128,0.092209,831537362.1859643,,,"{""sum_rel_diff"": 0.0, ""log_entries"": 1, ""n_results"": 1, ""user_lock_acquisitions"": 0}",2026-08-12T05:52:26Z
exp3_writer,single,record,1,measured,23,129,0.092172,831537362.1859643,,,"{""sum_rel_diff"": 0.0, ""log_entries"": 1, ""n_results"": 1, ""user_lock_acquisitions"": 0}",2026-08-12T05:52:26Z
exp3_writer,single,indexed,1,measured,27,130,0.093937,831537362.1859643,,,"{""sum_rel_diff"": 0.0, ""log_entries"": 1, ""n_results"": 1, ""user_lock_acquisitions"": 0}",2026-08-12T05:52:26Z
exp3_writer,single,record,1,measured,1,131,0.093147,831537362.1859643,,,"{""sum_rel_diff"": 0.0, ""log_entries"": 1, ""n_results"": 1, ""user_lock_acquisitions"": 0}",2026-08-12T05:52:26Z
exp3_writer,single,writer,2,warmup,1,0,0.051604,831537362.1859643,,,"{""sum_rel_diff"": 0.0, ""log_entries"": 2, ""n_results"": 2, ""user_lock_acquisitions"": 0}",2026-08-12T05:52:26Z
exp3_writer,single,indexed,2,warmup,2,1,0.046886,831537362.1859643,,,"{""sum_rel_diff"": 0.0, ""log_entries"": 2, ""n_results"": 2, ""user_lock_acquisitions"": 0}",2026-08-12T05:52:26Z
exp3_writer,single,writer,2,warmup,2,2,0.046507,831537362.1859643,,,"{""sum_rel_diff"": 0.0, ""log_entries"": 2, ""n_results"": 2, ""user_lock_acquisitions"": 0}",2026-08-12T05:52:27Z
exp3_writer,single,record,2,warmup,2,3,0.045613,831537362.1859643,,,"{""sum_rel_diff"": 0.0, ""log_entries"": 2, ""n_results"": 2, ""user_lock_acquisitions"": 0}",2026-08-12T05:52:27Z
exp3_writer,single,lock,2,warmup,0,4,0.046260,831537362.1859643,,,"{""sum_rel_diff"": 0.0, ""log_entries"": 2, ""n_results"": 2, ""user_lock_acquisitions"": 2}",2026-08-12T05:52:27Z
exp3_writer,single,record,2,warmup,1,5,0.046674,831537362.1859643,,,"{""sum_rel_diff"": 0.0, ""log_entries"": 2, ""n_results"": 2, ""user_lock_acquisitions"": 0}",2026-08-12T05:52:27Z
exp3_writer,single,indexed,2,warmup,1,6,0.046284,831537362.1859643,,,"{""sum_rel_diff"": 0.0, ""log_entries"": 2, ""n_results"": 2, ""user_lock_acquisitions"": 0}",2026-08-12T05:52:27Z
exp3_writer,single,writer,2,warmup,0,7,0.046390,831537362.1859643,,,"{""sum_rel_diff"": 0.0, ""log_entries"": 2, ""n_results"": 2, ""user_lock_acquisitions"": 0}",2026-08-12T05:52:27Z
exp3_writer,single,indexed,2,warmup,0,8,0.046960,831537362.1859643,,,"{""sum_rel_diff"": 0.0, ""log_entries"": 2, ""n_results"": 2, ""user_lock_acquisitions"": 0}",2026-08-12T05:52:27Z
exp3_writer,single,lock,2,warmup,1,9,0.046736,831537362.1859643,,,"{""sum_rel_diff"": 0.0, ""log_entries"": 2, ""n_results"": 2, ""user_lock_acquisitions"": 2}",2026-08-12T05:52:27Z
exp3_writer,single,record,2,warmup,0,10,0.046030,831537362.1859643,,,"{""sum_rel_diff"": 0.0, ""log_entries"": 2, ""n_results"": 2, ""user_lock_acquisitions"": 0}",2026-08-12T05:52:27Z
exp3_writer,single,lock,2,warmup,2,11,0.046528,831537362.1859643,,,"{""sum_rel_diff"": 0.0, ""log_entries"": 2, ""n_results"": 2, ""user_lock_acquisitions"": 2}",2026-08-12T05:52:27Z
exp3_writer,single,lock,2,measured,10,12,0.045968,831537362.1859643,,,"{""sum_rel_diff"": 0.0, ""log_entries"": 2, ""n_results"": 2, ""user_lock_acquisitions"": 2}",2026-08-12T05:52:27Z
exp3_writer,single,writer,2,measured,2,13,0.046125,831537362.1859643,,,"{""sum_rel_diff"": 0.0, ""log_entries"": 2, ""n_results"": 2, ""user_lock_acquisitions"": 0}",2026-08-12T05:52:27Z
exp3_writer,single,writer,2,measured,18,14,0.046397,831537362.1859643,,,"{""sum_rel_diff"": 0.0, ""log_entries"": 2, ""n_results"": 2, ""user_lock_acquisitions"": 0}",2026-08-12T05:52:27Z
exp3_writer,single,writer,2,measured,22,15,0.045673,831537362.1859643,,,"{""sum_rel_diff"": 0.0, ""log_entries"": 2, ""n_results"": 2, ""user_lock_acquisitions"": 0}",2026-08-12T05:52:27Z
exp3_writer,single,lock,2,measured,0,16,0.047182,831537362.1859643,,,"{""sum_rel_diff"": 0.0, ""log_entries"": 2, ""n_results"": 2, ""user_lock_acquisitions"": 2}",2026-08-12T05:52:27Z
exp3_writer,single,record,2,measured,24,17,0.046148,831537362.1859643,,,"{""sum_rel_diff"": 0.0, ""log_entries"": 2, ""n_results"": 2, ""user_lock_acquisitions"": 0}",2026-08-12T05:52:27Z
exp3_writer,single,lock,2,measured,27,18,0.046550,831537362.1859643,,,"{""sum_rel_diff"": 0.0, ""log_entries"": 2, ""n_results"": 2, ""user_lock_acquisitions"": 2}",2026-08-12T05:52:27Z
exp3_writer,single,indexed,2,measured,10,19,0.046173,831537362.1859643,,,"{""sum_rel_diff"": 0.0, ""log_entries"": 2, ""n_results"": 2, ""user_lock_acquisitions"": 0}",2026-08-12T05:52:27Z
exp3_writer,single,lock,2,measured,20,20,0.047050,831537362.1859643,,,"{""sum_rel_diff"": 0.0, ""log_entries"": 2, ""n_results"": 2, ""user_lock_acquisitions"": 2}",2026-08-12T05:52:27Z
exp3_writer,single,lock,2,measured,13,21,0.046760,831537362.1859643,,,"{""sum_rel_diff"": 0.0, ""log_entries"": 2, ""n_results"": 2, ""user_lock_acquisitions"": 2}",2026-08-12T05:52:27Z
exp3_writer,single,lock,2,measured,11,22,0.046988,831537362.1859643,,,"{""sum_rel_diff"": 0.0, ""log_entries"": 2, ""n_results"": 2, ""user_lock_acquisitions"": 2}",2026-08-12T05:52:27Z
exp3_writer,single,record,2,measured,5,23,0.046400,831537362.1859643,,,"{""sum_rel_diff"": 0.0, ""log_entries"": 2, ""n_results"": 2, ""user_lock_acquisitions"": 0}",2026-08-12T05:52:28Z
exp3_writer,single,indexed,2,measured,1,24,0.046743,831537362.1859643,,,"{""sum_rel_diff"": 0.0, ""log_entries"": 2, ""n_results"": 2, ""user_lock_acquisitions"": 0}",2026-08-12T05:52:28Z
exp3_writer,single,writer,2,measured,17,25,0.046816,831537362.1859643,,,"{""sum_rel_diff"": 0.0, ""log_entries"": 2, ""n_results"": 2, ""user_lock_acquisitions"": 0}",2026-08-12T05:52:28Z
exp3_writer,single,writer,2,measured,7,26,0.045890,831537362.1859643,,,"{""sum_rel_diff"": 0.0, ""log_entries"": 2, ""n_results"": 2, ""user_lock_acquisitions"": 0}",2026-08-12T05:52:28Z
exp3_writer,single,indexed,2,measured,3,27,0.045605,831537362.1859643,,,"{""sum_rel_diff"": 0.0, ""log_entries"": 2, ""n_results"": 2, ""user_lock_acquisitions"": 0}",2026-08-12T05:52:28Z
exp3_writer,single,record,2,measured,6,28,0.047057,831537362.1859643,,,"{""sum_rel_diff"": 0.0, ""log_entries"": 2, ""n_results"": 2, ""user_lock_acquisitions"": 0}",2026-08-12T05:52:28Z
exp3_writer,single,lock,2,measured,6,29,0.046554,831537362.1859643,,,"{""sum_rel_diff"": 0.0, ""log_entries"": 2, ""n_results"": 2, ""user_lock_acquisitions"": 2}",2026-08-12T05:52:28Z
exp3_writer,single,lock,2,measured,7,30,0.046253,831537362.1859643,,,"{""sum_rel_diff"": 0.0, ""log_entries"": 2, ""n_results"": 2, ""user_lock_acquisitions"": 2}",2026-08-12T05:52:28Z
exp3_writer,single,lock,2,measured,9,31,0.046474,831537362.1859643,,,"{""sum_rel_diff"": 0.0, ""log_entries"": 2, ""n_results"": 2, ""user_lock_acquisitions"": 2}",2026-08-12T05:52:28Z
exp3_writer,single,writer,2,measured,0,32,0.047015,831537362.1859643,,,"{""sum_rel_diff"": 0.0, ""log_entries"": 2, ""n_results"": 2, ""user_lock_acquisitions"": 0}",2026-08-12T05:52:28Z
exp3_writer,single,lock,2,measured,14,33,0.046642,831537362.1859643,,,"{""sum_rel_diff"": 0.0, ""log_entries"": 2, ""n_results"": 2, ""user_lock_acquisitions"": 2}",2026-08-12T05:52:28Z
exp3_writer,single,indexed,2,measured,8,34,0.046251,831537362.1859643,,,"{""sum_rel_diff"": 0.0, ""log_entries"": 2, ""n_results"": 2, ""user_lock_acquisitions"": 0}",2026-08-12T05:52:28Z
exp3_writer,single,writer,2,measured,23,35,0.046478,831537362.1859643,,,"{""sum_rel_diff"": 0.0, ""log_entries"": 2, ""n_results"": 2, ""user_lock_acquisitions"": 0}",2026-08-12T05:52:28Z
exp3_writer,single,record,2,measured,17,36,0.046201,831537362.1859643,,,"{""sum_rel_diff"": 0.0, ""log_entries"": 2, ""n_results"": 2, ""user_lock_acquisitions"": 0}",2026-08-12T05:52:28Z
exp3_writer,single,writer,2,measured,11,37,0.046654,831537362.1859643,,,"{""sum_rel_diff"": 0.0, ""log_entries"": 2, ""n_results"": 2, ""user_lock_acquisitions"": 0}",2026-08-12T05:52:28Z
exp3_writer,single,record,2,measured,13,38,0.048389,831537362.1859643,,,"{""sum_rel_diff"": 0.0, ""log_entries"": 2, ""n_results"": 2, ""user_lock_acquisitions"": 0}",2026-08-12T05:52:28Z
exp3_writer,single,record,2,measured,20,39,0.047202,831537362.1859643,,,"{""sum_rel_diff"": 0.0, ""log_entries"": 2, ""n_results"": 2, ""user_lock_acquisitions"": 0}",2026-08-12T05:52:28Z
exp3_writer,single,lock,2,measured,15,40,0.046698,831537362.1859643,,,"{""sum_rel_diff"": 0.0, ""log_entries"": 2, ""n_results"": 2, ""user_lock_acquisitions"": 2}",2026-08-12T05:52:28Z
exp3_writer,single,lock,2,measured,16,41,0.046078,831537362.1859643,,,"{""sum_rel_diff"": 0.0, ""log_entries"": 2, ""n_results"": 2, ""user_lock_acquisitions"": 2}",2026-08-12T05:52:28Z
exp3_writer,single,indexed,2,measured,21,42,0.046897,831537362.1859643,,,"{""sum_rel_diff"": 0.0, ""log_entries"": 2, ""n_results"": 2, ""user_lock_acquisitions"": 0}",2026-08-12T05:52:28Z
exp3_writer,single,record,2,measured,16,43,0.046955,831537362.1859643,,,"{""sum_rel_diff"": 0.0, ""log_entries"": 2, ""n_results"": 2, ""user_lock_acquisitions"": 0}",2026-08-12T05:52:28Z
exp3_writer,single,writer,2,measured,26,44,0.047651,831537362.1859643,,,"{""sum_rel_diff"": 0.0, ""log_entries"": 2, ""n_results"": 2, ""user_lock_acquisitions"": 0}",2026-08-12T05:52:29Z
exp3_writer,single,lock,2,measured,25,45,0.046656,831537362.1859643,,,"{""sum_rel_diff"": 0.0, ""log_entries"": 2, ""n_results"": 2, ""user_lock_acquisitions"": 2}",2026-08-12T05:52:29Z
exp3_writer,single,record,2,measured,29,46,0.047024,831537362.1859643,,,"{""sum_rel_diff"": 0.0, ""log_entries"": 2, ""n_results"": 2, ""user_lock_acquisitions"": 0}",2026-08-12T05:52:29Z
exp3_writer,single,writer,2,measured,16,47,0.046790,831537362.1859643,,,"{""sum_rel_diff"": 0.0, ""log_entries"": 2, ""n_results"": 2, ""user_lock_acquisitions"": 0}",2026-08-12T05:52:29Z
exp3_writer,single,lock,2,measured,28,48,0.046508,831537362.1859643,,,"{""sum_rel_diff"": 0.0, ""log_entries"": 2, ""n_results"": 2, ""user_lock_acquisitions"": 2}",2026-08-12T05:52:29Z
exp3_writer,single,record,2,measured,4,49,0.046487,831537362.1859643,,,"{""sum_rel_diff"": 0.0, ""log_entries"": 2, ""n_results"": 2, ""user_lock_acquisitions"": 0}",2026-08-12T05:52:29Z
exp3_writer,single,indexed,2,measured,15,50,0.046710,831537362.1859643,,,"{""sum_rel_diff"": 0.0, ""log_entries"": 2, ""n_results"": 2, ""user_lock_acquisitions"": 0}",2026-08-12T05:52:29Z
exp3_writer,single,writer,2,measured,20,51,0.045927,831537362.1859643,,,"{""sum_rel_diff"": 0.0, ""log_entries"": 2, ""n_results"": 2, ""user_lock_acquisitions"": 0}",2026-08-12T05:52:29Z
exp3_writer,single,record,2,measured,27,52,0.046539,831537362.1859643,,,"{""sum_rel_diff"": 0.0, ""log_entries"": 2, ""n_results"": 2, ""user_lock_acquisitions"": 0}",2026-08-12T05:52:29Z
exp3_writer,single,indexed,2,measured,18,53,0.046958,831537362.1859643,,,"{""sum_rel_diff"": 0.0, ""log_entries"": 2, ""n_results"": 2, ""user_lock_acquisitions"": 0}",2026-08-12T05:52:29Z
exp3_writer,single,record,2,measured,23,54,0.047171,831537362.1859643,,,"{""sum_rel_diff"": 0.0, ""log_entries"": 2, ""n_results"": 2, ""user_lock_acquisitions"": 0}",2026-08-12T05:52:29Z
exp3_writer,single,indexed,2,measured,0,55,0.046396,831537362.1859643,,,"{""sum_rel_diff"": 0.0, ""log_entries"": 2, ""n_results"": 2, ""user_lock_acquisitions"": 0}",2026-08-12T05:52:29Z
exp3_writer,single,lock,2,measured,19,56,0.046030,831537362.1859643,,,"{""sum_rel_diff"": 0.0, ""log_entries"": 2, ""n_results"": 2, ""user_lock_acquisitions"": 2}",2026-08-12T05:52:29Z
exp3_writer,single,lock,2,measured,18,57,0.046062,831537362.1859643,,,"{""sum_rel_diff"": 0.0, ""log_entries"": 2, ""n_results"": 2, ""user_lock_acquisitions"": 2}",2026-08-12T05:52:29Z
exp3_writer,single,writer,2,measured,4,58,0.046464,831537362.1859643,,,"{""sum_rel_diff"": 0.0, ""log_entries"": 2, ""n_results"": 2, ""user_lock_acquisitions"": 0}",2026-08-12T05:52:29Z
exp3_writer,single,lock,2,measured,5,59,0.046659,831537362.1859643,,,"{""sum_rel_diff"": 0.0, ""log_entries"": 2, ""n_results"": 2, ""user_lock_acquisitions"": 2}",2026-08-12T05:52:29Z
exp3_writer,single,indexed,2,measured,2,60,0.047154,831537362.1859643,,,"{""sum_rel_diff"": 0.0, ""log_entries"": 2, ""n_results"": 2, ""user_lock_acquisitions"": 0}",2026-08-12T05:52:29Z
exp3_writer,single,indexed,2,measured,19,61,0.046075,831537362.1859643,,,"{""sum_rel_diff"": 0.0, ""log_entries"": 2, ""n_results"": 2, ""user_lock_acquisitions"": 0}",2026-08-12T05:52:29Z
exp3_writer,single,lock,2,measured,4,62,0.046141,831537362.1859643,,,"{""sum_rel_diff"": 0.0, ""log_entries"": 2, ""n_results"": 2, ""user_lock_acquisitions"": 2}",2026-08-12T05:52:29Z
exp3_writer,single,indexed,2,measured,27,63,0.046818,831537362.1859643,,,"{""sum_rel_diff"": 0.0, ""log_entries"": 2, ""n_results"": 2, ""user_lock_acquisitions"": 0}",2026-08-12T05:52:29Z
exp3_writer,single,record,2,measured,22,64,0.047081,831537362.1859643,,,"{""sum_rel_diff"": 0.0, ""log_entries"": 2, ""n_results"": 2, ""user_lock_acquisitions"": 0}",2026-08-12T05:52:29Z
exp3_writer,single,record,2,measured,19,65,0.046448,831537362.1859643,,,"{""sum_rel_diff"": 0.0, ""log_entries"": 2, ""n_results"": 2, ""user_lock_acquisitions"": 0}",2026-08-12T05:52:29Z
exp3_writer,single,writer,2,measured,14,66,0.045823,831537362.1859643,,,"{""sum_rel_diff"": 0.0, ""log_entries"": 2, ""n_results"": 2, ""user_lock_acquisitions"": 0}",2026-08-12T05:52:30Z
exp3_writer,single,writer,2,measured,25,67,0.046094,831537362.1859643,,,"{""sum_rel_diff"": 0.0, ""log_entries"": 2, ""n_results"": 2, ""user_lock_acquisitions"": 0}",2026-08-12T05:52:30Z
exp3_writer,single,record,2,measured,15,68,0.045544,831537362.1859643,,,"{""sum_rel_diff"": 0.0, ""log_entries"": 2, ""n_results"": 2, ""user_lock_acquisitions"": 0}",2026-08-12T05:52:30Z
exp3_writer,single,indexed,2,measured,16,69,0.046883,831537362.1859643,,,"{""sum_rel_diff"": 0.0, ""log_entries"": 2, ""n_results"": 2, ""user_lock_acquisitions"": 0}",2026-08-12T05:52:30Z
exp3_writer,single,writer,2,measured,28,70,0.047551,831537362.1859643,,,"{""sum_rel_diff"": 0.0, ""log_entries"": 2, ""n_results"": 2, ""user_lock_acquisitions"": 0}",2026-08-12T05:52:30Z
exp3_writer,single,indexed,2,measured,11,71,0.046852,831537362.1859643,,,"{""sum_rel_diff"": 0.0, ""log_entries"": 2, ""n_results"": 2, ""user_lock_acquisitions"": 0}",2026-08-12T05:52:30Z
exp3_writer,single,record,2,measured,12,72,0.046222,831537362.1859643,,,"{""sum_rel_diff"": 0.0, ""log_entries"": 2, ""n_results"": 2, ""user_lock_acquisitions"": 0}",2026-08-12T05:52:30Z
exp3_writer,single,writer,2,measured,24,73,0.046121,831537362.1859643,,,"{""sum_rel_diff"": 0.0, ""log_entries"": 2, ""n_results"": 2, ""user_lock_acquisitions"": 0}",2026-08-12T05:52:30Z
exp3_writer,single,lock,2,measured,8,74,0.045909,831537362.1859643,,,"{""sum_rel_diff"": 0.0, ""log_entries"": 2, ""n_results"": 2, ""user_lock_acquisitions"": 2}",2026-08-12T05:52:30Z
exp3_writer,single,record,2,measured,28,75,0.047148,831537362.1859643,,,"{""sum_rel_diff"": 0.0, ""log_entries"": 2, ""n_results"": 2, ""user_lock_acquisitions"": 0}",2026-08-12T05:52:30Z
exp3_writer,single,writer,2,measured,1,76,0.045584,831537362.1859643,,,"{""sum_rel_diff"": 0.0, ""log_entries"": 2, ""n_results"": 2, ""user_lock_acquisitions"": 0}",2026-08-12T05:52:30Z
exp3_writer,single,record,2,measured,11,77,0.045852,831537362.1859643,,,"{""sum_rel_diff"": 0.0, ""log_entries"": 2, ""n_results"": 2, ""user_lock_acquisitions"": 0}",2026-08-12T05:52:30Z
exp3_writer,single,indexed,2,measured,26,78,0.045204,831537362.1859643,,,"{""sum_rel_diff"": 0.0, ""log_entries"": 2, ""n_results"": 2, ""user_lock_acquisitions"": 0}",2026-08-12T05:52:30Z
exp3_writer,single,indexed,2,measured,6,79,0.045794,831537362.1859643,,,"{""sum_rel_diff"": 0.0, ""log_entries"": 2, ""n_results"": 2, ""user_lock_acquisitions"": 0}",2026-08-12T05:52:30Z
exp3_writer,single,record,2,measured,2,80,0.048152,831537362.1859643,,,"{""sum_rel_diff"": 0.0, ""log_entries"": 2, ""n_results"": 2, ""user_lock_acquisitions"": 0}",2026-08-12T05:52:30Z
exp3_writer,single,writer,2,measured,5,81,0.047267,831537362.1859643,,,"{""sum_rel_diff"": 0.0, ""log_entries"": 2, ""n_results"": 2, ""user_lock_acquisitions"": 0}",2026-08-12T05:52:30Z
exp3_writer,single,indexed,2,measured,5,82,0.046807,831537362.1859643,,,"{""sum_rel_diff"": 0.0, ""log_entries"": 2, ""n_results"": 2, ""user_lock_acquisitions"": 0}",2026-08-12T05:52:30Z
exp3_writer,single,indexed,2,measured,28,83,0.047211,831537362.1859643,,,"{""sum_rel_diff"": 0.0, ""log_entries"": 2, ""n_results"": 2, ""user_lock_acquisitions"": 0}",2026-08-12T05:52:30Z
exp3_writer,single,record,2,measured,1,84,0.048068,831537362.1859643,,,"{""sum_rel_diff"": 0.0, ""log_entries"": 2, ""n_results"": 2, ""user_lock_acquisitions"": 0}",2026-08-12T05:52:30Z
exp3_writer,single,writer,2,measured,8,85,0.045690,831537362.1859643,,,"{""sum_rel_diff"": 0.0, ""log_entries"": 2, ""n_results"": 2, ""user_lock_acquisitions"": 0}",2026-08-12T05:52:30Z
exp3_writer,single,writer,2,measured,9,86,0.045885,831537362.1859643,,,"{""sum_rel_diff"": 0.0, ""log_entries"": 2, ""n_results"": 2, ""user_lock_acquisitions"": 0}",2026-08-12T05:52:30Z
exp3_writer,single,lock,2,measured,23,87,0.045861,831537362.1859643,,,"{""sum_rel_diff"": 0.0, ""log_entries"": 2, ""n_results"": 2, ""user_lock_acquisitions"": 2}",2026-08-12T05:52:31Z
exp3_writer,single,record,2,measured,10,88,0.045911,831537362.1859643,,,"{""sum_rel_diff"": 0.0, ""log_entries"": 2, ""n_results"": 2, ""user_lock_acquisitions"": 0}",2026-08-12T05:52:31Z
exp3_writer,single,writer,2,measured,29,89,0.045592,831537362.1859643,,,"{""sum_rel_diff"": 0.0, ""log_entries"": 2, ""n_results"": 2, ""user_lock_acquisitions"": 0}",2026-08-12T05:52:31Z
exp3_writer,single,indexed,2,measured,22,90,0.046416,831537362.1859643,,,"{""sum_rel_diff"": 0.0, ""log_entries"": 2, ""n_results"": 2, ""user_lock_acquisitions"": 0}",2026-08-12T05:52:31Z
exp3_writer,single,indexed,2,measured,4,91,0.046905,831537362.1859643,,,"{""sum_rel_diff"": 0.0, ""log_entries"": 2, ""n_results"": 2, ""user_lock_acquisitions"": 0}",2026-08-12T05:52:31Z
exp3_writer,single,writer,2,measured,15,92,0.046598,831537362.1859643,,,"{""sum_rel_diff"": 0.0, ""log_entries"": 2, ""n_results"": 2, ""user_lock_acquisitions"": 0}",2026-08-12T05:52:31Z
exp3_writer,single,record,2,measured,7,93,0.046648,831537362.1859643,,,"{""sum_rel_diff"": 0.0, ""log_entries"": 2, ""n_results"": 2, ""user_lock_acquisitions"": 0}",2026-08-12T05:52:31Z
exp3_writer,single,indexed,2,measured,23,94,0.046402,831537362.1859643,,,"{""sum_rel_diff"": 0.0, ""log_entries"": 2, ""n_results"": 2, ""user_lock_acquisitions"": 0}",2026-08-12T05:52:31Z
exp3_writer,single,lock,2,measured,3,95,0.046634,831537362.1859643,,,"{""sum_rel_diff"": 0.0, ""log_entries"": 2, ""n_results"": 2, ""user_lock_acquisitions"": 2}",2026-08-12T05:52:31Z
exp3_writer,single,lock,2,measured,12,96,0.045370,831537362.1859643,,,"{""sum_rel_diff"": 0.0, ""log_entries"": 2, ""n_results"": 2, ""user_lock_acquisitions"": 2}",2026-08-12T05:52:31Z
exp3_writer,single,record,2,measured,21,97,0.045744,831537362.1859643,,,"{""sum_rel_diff"": 0.0, ""log_entries"": 2, ""n_results"": 2, ""user_lock_acquisitions"": 0}",2026-08-12T05:52:31Z
exp3_writer,single,record,2,measured,26,98,0.046700,831537362.1859643,,,"{""sum_rel_diff"": 0.0, ""log_entries"": 2, ""n_results"": 2, ""user_lock_acquisitions"": 0}",2026-08-12T05:52:31Z
exp3_writer,single,lock,2,measured,29,99,0.046810,831537362.1859643,,,"{""sum_rel_diff"": 0.0, ""log_entries"": 2, ""n_results"": 2, ""user_lock_acquisitions"": 2}",2026-08-12T05:52:31Z
exp3_writer,single,lock,2,measured,17,100,0.046742,831537362.1859643,,,"{""sum_rel_diff"": 0.0, ""log_entries"": 2, ""n_results"": 2, ""user_lock_acquisitions"": 2}",2026-08-12T05:52:31Z
exp3_writer,single,indexed,2,measured,17,101,0.046622,831537362.1859643,,,"{""sum_rel_diff"": 0.0, ""log_entries"": 2, ""n_results"": 2, ""user_lock_acquisitions"": 0}",2026-08-12T05:52:31Z
exp3_writer,single,indexed,2,measured,24,102,0.045987,831537362.1859643,,,"{""sum_rel_diff"": 0.0, ""log_entries"": 2, ""n_results"": 2, ""user_lock_acquisitions"": 0}",2026-08-12T05:52:31Z
exp3_writer,single,indexed,2,measured,13,103,0.046107,831537362.1859643,,,"{""sum_rel_diff"": 0.0, ""log_entries"": 2, ""n_results"": 2, ""user_lock_acquisitions"": 0}",2026-08-12T05:52:31Z
exp3_writer,single,writer,2,measured,10,104,0.045408,831537362.1859643,,,"{""sum_rel_diff"": 0.0, ""log_entries"": 2, ""n_results"": 2, ""user_lock_acquisitions"": 0}",2026-08-12T05:52:31Z
exp3_writer,single,indexed,2,measured,25,105,0.045694,831537362.1859643,,,"{""sum_rel_diff"": 0.0, ""log_entries"": 2, ""n_results"": 2, ""user_lock_acquisitions"": 0}",2026-08-12T05:52:31Z
exp3_writer,single,lock,2,measured,26,106,0.047054,831537362.1859643,,,"{""sum_rel_diff"": 0.0, ""log_entries"": 2, ""n_results"": 2, ""user_lock_acquisitions"": 2}",2026-08-12T05:52:31Z
exp3_writer,single,writer,2,measured,6,107,0.046967,831537362.1859643,,,"{""sum_rel_diff"": 0.0, ""log_entries"": 2, ""n_results"": 2, ""user_lock_acquisitions"": 0}",2026-08-12T05:52:31Z
exp3_writer,single,record,2,measured,3,108,0.045218,831537362.1859643,,,"{""sum_rel_diff"": 0.0, ""log_entries"": 2, ""n_results"": 2, ""user_lock_acquisitions"": 0}",2026-08-12T05:52:31Z
exp3_writer,single,record,2,measured,9,109,0.045737,831537362.1859643,,,"{""sum_rel_diff"": 0.0, ""log_entries"": 2, ""n_results"": 2, ""user_lock_acquisitions"": 0}",2026-08-12T05:52:32Z
exp3_writer,single,indexed,2,measured,29,110,0.045354,831537362.1859643,,,"{""sum_rel_diff"": 0.0, ""log_entries"": 2, ""n_results"": 2, ""user_lock_acquisitions"": 0}",2026-08-12T05:52:32Z
exp3_writer,single,record,2,measured,14,111,0.045885,831537362.1859643,,,"{""sum_rel_diff"": 0.0, ""log_entries"": 2, ""n_results"": 2, ""user_lock_acquisitions"": 0}",2026-08-12T05:52:32Z
exp3_writer,single,writer,2,measured,12,112,0.046373,831537362.1859643,,,"{""sum_rel_diff"": 0.0, ""log_entries"": 2, ""n_results"": 2, ""user_lock_acquisitions"": 0}",2026-08-12T05:52:32Z
exp3_writer,single,writer,2,measured,13,113,0.045585,831537362.1859643,,,"{""sum_rel_diff"": 0.0, ""log_entries"": 2, ""n_results"": 2, ""user_lock_acquisitions"": 0}",2026-08-12T05:52:32Z
exp3_writer,single,writer,2,measured,21,114,0.046947,831537362.1859643,,,"{""sum_rel_diff"": 0.0, ""log_entries"": 2, ""n_results"": 2, ""user_lock_acquisitions"": 0}",2026-08-12T05:52:32Z
exp3_writer,single,record,2,measured,18,115,0.047007,831537362.1859643,,,"{""sum_rel_diff"": 0.0, ""log_entries"": 2, ""n_results"": 2, ""user_lock_acquisitions"": 0}",2026-08-12T05:52:32Z
exp3_writer,single,lock,2,measured,22,116,0.046139,831537362.1859643,,,"{""sum_rel_diff"": 0.0, ""log_entries"": 2, ""n_results"": 2, ""user_lock_acquisitions"": 2}",2026-08-12T05:52:32Z
exp3_writer,single,indexed,2,measured,20,117,0.046563,831537362.1859643,,,"{""sum_rel_diff"": 0.0, ""log_entries"": 2, ""n_results"": 2, ""user_lock_acquisitions"": 0}",2026-08-12T05:52:32Z
exp3_writer,single,lock,2,measured,2,118,0.045450,831537362.1859643,,,"{""sum_rel_diff"": 0.0, ""log_entries"": 2, ""n_results"": 2, ""user_lock_acquisitions"": 2}",2026-08-12T05:52:32Z
exp3_writer,single,indexed,2,measured,14,119,0.045693,831537362.1859643,,,"{""sum_rel_diff"": 0.0, ""log_entries"": 2, ""n_results"": 2, ""user_lock_acquisitions"": 0}",2026-08-12T05:52:32Z
exp3_writer,single,writer,2,measured,27,120,0.047747,831537362.1859643,,,"{""sum_rel_diff"": 0.0, ""log_entries"": 2, ""n_results"": 2, ""user_lock_acquisitions"": 0}",2026-08-12T05:52:32Z
exp3_writer,single,lock,2,measured,24,121,0.048352,831537362.1859643,,,"{""sum_rel_diff"": 0.0, ""log_entries"": 2, ""n_results"": 2, ""user_lock_acquisitions"": 2}",2026-08-12T05:52:32Z
exp3_writer,single,indexed,2,measured,12,122,0.046767,831537362.1859643,,,"{""sum_rel_diff"": 0.0, ""log_entries"": 2, ""n_results"": 2, ""user_lock_acquisitions"": 0}",2026-08-12T05:52:32Z
exp3_writer,single,lock,2,measured,21,123,0.045737,831537362.1859643,,,"{""sum_rel_diff"": 0.0, ""log_entries"": 2, ""n_results"": 2, ""user_lock_acquisitions"": 2}",2026-08-12T05:52:32Z
exp3_writer,single,indexed,2,measured,9,124,0.046644,831537362.1859643,,,"{""sum_rel_diff"": 0.0, ""log_entries"": 2, ""n_results"": 2, ""user_lock_acquisitions"": 0}",2026-08-12T05:52:32Z
exp3_writer,single,record,2,measured,8,125,0.047277,831537362.1859643,,,"{""sum_rel_diff"": 0.0, ""log_entries"": 2, ""n_results"": 2, ""user_lock_acquisitions"": 0}",2026-08-12T05:52:32Z
exp3_writer,single,record,2,measured,25,126,0.047944,831537362.1859643,,,"{""sum_rel_diff"": 0.0, ""log_entries"": 2, ""n_results"": 2, ""user_lock_acquisitions"": 0}",2026-08-12T05:52:32Z
exp3_writer,single,lock,2,measured,1,127,0.046258,831537362.1859643,,,"{""sum_rel_diff"": 0.0, ""log_entries"": 2, ""n_results"": 2, ""user_lock_acquisitions"": 2}",2026-08-12T05:52:32Z
exp3_writer,single,writer,2,measured,3,128,0.045222,831537362.1859643,,,"{""sum_rel_diff"": 0.0, ""log_entries"": 2, ""n_results"": 2, ""user_lock_acquisitions"": 0}",2026-08-12T05:52:32Z
exp3_writer,single,record,2,measured,0,129,0.046298,831537362.1859643,,,"{""sum_rel_diff"": 0.0, ""log_entries"": 2, ""n_results"": 2, ""user_lock_acquisitions"": 0}",2026-08-12T05:52:32Z
exp3_writer,single,indexed,2,measured,7,130,0.046038,831537362.1859643,,,"{""sum_rel_diff"": 0.0, ""log_entries"": 2, ""n_results"": 2, ""user_lock_acquisitions"": 0}",2026-08-12T05:52:33Z
exp3_writer,single,writer,2,measured,19,131,0.045526,831537362.1859643,,,"{""sum_rel_diff"": 0.0, ""log_entries"": 2, ""n_results"": 2, ""user_lock_acquisitions"": 0}",2026-08-12T05:52:33Z
exp3_writer,single,indexed,4,warmup,1,0,0.026626,831537362.1859643,,,"{""sum_rel_diff"": 0.0, ""log_entries"": 4, ""n_results"": 4, ""user_lock_acquisitions"": 0}",2026-08-12T05:52:33Z
exp3_writer,single,writer,4,warmup,1,1,0.024116,831537362.1859643,,,"{""sum_rel_diff"": 0.0, ""log_entries"": 4, ""n_results"": 4, ""user_lock_acquisitions"": 0}",2026-08-12T05:52:33Z
exp3_writer,single,lock,4,warmup,2,2,0.023788,831537362.1859643,,,"{""sum_rel_diff"": 0.0, ""log_entries"": 4, ""n_results"": 4, ""user_lock_acquisitions"": 4}",2026-08-12T05:52:33Z
exp3_writer,single,writer,4,warmup,2,3,0.023175,831537362.1859643,,,"{""sum_rel_diff"": 0.0, ""log_entries"": 4, ""n_results"": 4, ""user_lock_acquisitions"": 0}",2026-08-12T05:52:33Z
exp3_writer,single,record,4,warmup,2,4,0.023023,831537362.1859643,,,"{""sum_rel_diff"": 0.0, ""log_entries"": 4, ""n_results"": 4, ""user_lock_acquisitions"": 0}",2026-08-12T05:52:33Z
exp3_writer,single,indexed,4,warmup,2,5,0.023113,831537362.1859643,,,"{""sum_rel_diff"": 0.0, ""log_entries"": 4, ""n_results"": 4, ""user_lock_acquisitions"": 0}",2026-08-12T05:52:33Z
exp3_writer,single,lock,4,warmup,0,6,0.023301,831537362.1859643,,,"{""sum_rel_diff"": 0.0, ""log_entries"": 4, ""n_results"": 4, ""user_lock_acquisitions"": 4}",2026-08-12T05:52:33Z
exp3_writer,single,record,4,warmup,0,7,0.023037,831537362.1859643,,,"{""sum_rel_diff"": 0.0, ""log_entries"": 4, ""n_results"": 4, ""user_lock_acquisitions"": 0}",2026-08-12T05:52:33Z
exp3_writer,single,indexed,4,warmup,0,8,0.023534,831537362.1859643,,,"{""sum_rel_diff"": 0.0, ""log_entries"": 4, ""n_results"": 4, ""user_lock_acquisitions"": 0}",2026-08-12T05:52:33Z
exp3_writer,single,lock,4,warmup,1,9,0.023364,831537362.1859643,,,"{""sum_rel_diff"": 0.0, ""log_entries"": 4, ""n_results"": 4, ""user_lock_acquisitions"": 4}",2026-08-12T05:52:33Z
exp3_writer,single,writer,4,warmup,0,10,0.023525,831537362.1859643,,,"{""sum_rel_diff"": 0.0, ""log_entries"": 4, ""n_results"": 4, ""user_lock_acquisitions"": 0}",2026-08-12T05:52:33Z
exp3_writer,single,record,4,warmup,1,11,0.024092,831537362.1859643,,,"{""sum_rel_diff"": 0.0, ""log_entries"": 4, ""n_results"": 4, ""user_lock_acquisitions"": 0}",2026-08-12T05:52:33Z
exp3_writer,single,indexed,4,measured,12,12,0.023893,831537362.1859643,,,"{""sum_rel_diff"": 0.0, ""log_entries"": 4, ""n_results"": 4, ""user_lock_acquisitions"": 0}",2026-08-12T05:52:33Z
exp3_writer,single,record,4,measured,5,13,0.023638,831537362.1859643,,,"{""sum_rel_diff"": 0.0, ""log_entries"": 4, ""n_results"": 4, ""user_lock_acquisitions"": 0}",2026-08-12T05:52:33Z
exp3_writer,single,record,4,measured,0,14,0.023889,831537362.1859643,,,"{""sum_rel_diff"": 0.0, ""log_entries"": 4, ""n_results"": 4, ""user_lock_acquisitions"": 0}",2026-08-12T05:52:33Z
exp3_writer,single,indexed,4,measured,22,15,0.023776,831537362.1859643,,,"{""sum_rel_diff"": 0.0, ""log_entries"": 4, ""n_results"": 4, ""user_lock_acquisitions"": 0}",2026-08-12T05:52:33Z
exp3_writer,single,record,4,measured,24,16,0.023984,831537362.1859643,,,"{""sum_rel_diff"": 0.0, ""log_entries"": 4, ""n_results"": 4, ""user_lock_acquisitions"": 0}",2026-08-12T05:52:33Z
exp3_writer,single,writer,4,measured,19,17,0.023197,831537362.1859643,,,"{""sum_rel_diff"": 0.0, ""log_entries"": 4, ""n_results"": 4, ""user_lock_acquisitions"": 0}",2026-08-12T05:52:33Z
exp3_writer,single,lock,4,measured,12,18,0.023526,831537362.1859643,,,"{""sum_rel_diff"": 0.0, ""log_entries"": 4, ""n_results"": 4, ""user_lock_acquisitions"": 4}",2026-08-12T05:52:33Z
exp3_writer,single,record,4,measured,12,19,0.023745,831537362.1859643,,,"{""sum_rel_diff"": 0.0, ""log_entries"": 4, ""n_results"": 4, ""user_lock_acquisitions"": 0}",2026-08-12T05:52:33Z
exp3_writer,single,indexed,4,measured,4,20,0.024142,831537362.1859643,,,"{""sum_rel_diff"": 0.0, ""log_entries"": 4, ""n_results"": 4, ""user_lock_acquisitions"": 0}",2026-08-12T05:52:33Z
exp3_writer,single,record,4,measured,21,21,0.023992,831537362.1859643,,,"{""sum_rel_diff"": 0.0, ""log_entries"": 4, ""n_results"": 4, ""user_lock_acquisitions"": 0}",2026-08-12T05:52:33Z
exp3_writer,single,indexed,4,measured,8,22,0.023794,831537362.1859643,,,"{""sum_rel_diff"": 0.0, ""log_entries"": 4, ""n_results"": 4, ""user_lock_acquisitions"": 0}",2026-08-12T05:52:33Z
exp3_writer,single,lock,4,measured,18,23,0.024105,831537362.1859643,,,"{""sum_rel_diff"": 0.0, ""log_entries"": 4, ""n_results"": 4, ""user_lock_acquisitions"": 4}",2026-08-12T05:52:33Z
exp3_writer,single,writer,4,measured,22,24,0.023987,831537362.1859643,,,"{""sum_rel_diff"": 0.0, ""log_entries"": 4, ""n_results"": 4, ""user_lock_acquisitions"": 0}",2026-08-12T05:52:33Z
exp3_writer,single,writer,4,measured,17,25,0.024046,831537362.1859643,,,"{""sum_rel_diff"": 0.0, ""log_entries"": 4, ""n_results"": 4, ""user_lock_acquisitions"": 0}",2026-08-12T05:52:33Z
exp3_writer,single,indexed,4,measured,21,26,0.023629,831537362.1859643,,,"{""sum_rel_diff"": 0.0, ""log_entries"": 4, ""n_results"": 4, ""user_lock_acquisitions"": 0}",2026-08-12T05:52:33Z
exp3_writer,single,lock,4,measured,0,27,0.023872,831537362.1859643,,,"{""sum_rel_diff"": 0.0, ""log_entries"": 4, ""n_results"": 4, ""user_lock_acquisitions"": 4}",2026-08-12T05:52:33Z
exp3_writer,single,writer,4,measured,28,28,0.023456,831537362.1859643,,,"{""sum_rel_diff"": 0.0, ""log_entries"": 4, ""n_results"": 4, ""user_lock_acquisitions"": 0}",2026-08-12T05:52:33Z
exp3_writer,single,lock,4,measured,9,29,0.024352,831537362.1859643,,,"{""sum_rel_diff"": 0.0, ""log_entries"": 4, ""n_results"": 4, ""user_lock_acquisitions"": 4}",2026-08-12T05:52:33Z
exp3_writer,single,record,4,measured,26,30,0.024068,831537362.1859643,,,"{""sum_rel_diff"": 0.0, ""log_entries"": 4, ""n_results"": 4, ""user_lock_acquisitions"": 0}",2026-08-12T05:52:33Z
exp3_writer,single,record,4,measured,28,31,0.023726,831537362.1859643,,,"{""sum_rel_diff"": 0.0, ""log_entries"": 4, ""n_results"": 4, ""user_lock_acquisitions"": 0}",2026-08-12T05:52:33Z
exp3_writer,single,indexed,4,measured,10,32,0.024046,831537362.1859643,,,"{""sum_rel_diff"": 0.0, ""log_entries"": 4, ""n_results"": 4, ""user_lock_acquisitions"": 0}",2026-08-12T05:52:33Z
exp3_writer,single,lock,4,measured,2,33,0.023574,831537362.1859643,,,"{""sum_rel_diff"": 0.0, ""log_entries"": 4, ""n_results"": 4, ""user_lock_acquisitions"": 4}",2026-08-12T05:52:33Z
exp3_writer,single,record,4,measured,15,34,0.023590,831537362.1859643,,,"{""sum_rel_diff"": 0.0, ""log_entries"": 4, ""n_results"": 4, ""user_lock_acquisitions"": 0}",2026-08-12T05:52:33Z
exp3_writer,single,writer,4,measured,21,35,0.023411,831537362.1859643,,,"{""sum_rel_diff"": 0.0, ""log_entries"": 4, ""n_results"": 4, ""user_lock_acquisitions"": 0}",2026-08-12T05:52:33Z
exp3_writer,single,writer,4,measured,13,36,0.023282,831537362.1859643,,,"{""sum_rel_diff"": 0.0, ""log_entries"": 4, ""n_results"": 4, ""user_lock_acquisitions"": 0}",2026-08-12T05:52:33Z
exp3_writer,single,indexed,4,measured,29,37,0.023502,831537362.1859643,,,"{""sum_rel_diff"": 0.0, ""log_entries"": 4, ""n_results"": 4, ""user_lock_acquisitions"": 0}",2026-08-12T05:52:33Z
exp3_writer,single,indexed,4,measured,2,38,0.023193,831537362.1859643,,,"{""sum_rel_diff"": 0.0, ""log_entries"": 4, ""n_results"": 4, ""user_lock_acquisitions"": 0}",2026-08-12T05:52:33Z
exp3_writer,single,writer,4,measured,3,39,0.023303,831537362.1859643,,,"{""sum_rel_diff"": 0.0, ""log_entries"": 4, ""n_results"": 4, ""user_lock_acquisitions"": 0}",2026-08-12T05:52:34Z
exp3_writer,single,writer,4,measured,24,40,0.023064,831537362.1859643,,,"{""sum_rel_diff"": 0.0, ""log_entries"": 4, ""n_results"": 4, ""user_lock_acquisitions"": 0}",2026-08-12T05:52:34Z
exp3_writer,single,record,4,measured,2,41,0.023470,831537362.1859643,,,"{""sum_rel_diff"": 0.0, ""log_entries"": 4, ""n_results"": 4, ""user_lock_acquisitions"": 0}",2026-08-12T05:52:34Z
exp3_writer,single,indexed,4,measured,15,42,0.023463,831537362.1859643,,,"{""sum_rel_diff"": 0.0, ""log_entries"": 4, ""n_results"": 4, ""user_lock_acquisitions"": 0}",2026-08-12T05:52:34Z
exp3_writer,single,lock,4,measured,4,43,0.023095,831537362.1859643,,,"{""sum_rel_diff"": 0.0, ""log_entries"": 4, ""n_results"": 4, ""user_lock_acquisitions"": 4}",2026-08-12T05:52:34Z
exp3_writer,single,indexed,4,measured,19,44,0.023379,831537362.1859643,,,"{""sum_rel_diff"": 0.0, ""log_entries"": 4, ""n_results"": 4, ""user_lock_acquisitions"": 0}",2026-08-12T05:52:34Z
exp3_writer,single,writer,4,measured,2,45,0.023413,831537362.1859643,,,"{""sum_rel_diff"": 0.0, ""log_entries"": 4, ""n_results"": 4, ""user_lock_acquisitions"": 0}",2026-08-12T05:52:34Z
exp3_writer,single,indexed,4,measured,18,46,0.023956,831537362.1859643,,,"{""sum_rel_diff"": 0.0, ""log_entries"": 4, ""n_results"": 4, ""user_lock_acquisitions"": 0}",2026-08-12T05:52:34Z
exp3_writer,single,lock,4,measured,17,47,0.023517,831537362.1859643,,,"{""sum_rel_diff"": 0.0, ""log_entries"": 4, ""n_results"": 4, ""user_lock_acquisitions"": 4}",2026-08-12T05:52:34Z
exp3_writer,single,lock,4,measured,14,48,0.023940,831537362.1859643,,,"{""sum_rel_diff"": 0.0, ""log_entries"": 4, ""n_results"": 4, ""user_lock_acquisitions"": 4}",2026-08-12T05:52:34Z
exp3_writer,single,indexed,4,measured,28,49,0.023820,831537362.1859643,,,"{""sum_rel_diff"": 0.0, ""log_entries"": 4, ""n_results"": 4, ""user_lock_acquisitions"": 0}",2026-08-12T05:52:34Z
exp3_writer,single,indexed,4,measured,11,50,0.024261,831537362.1859643,,,"{""sum_rel_diff"": 0.0, ""log_entries"": 4, ""n_results"": 4, ""user_lock_acquisitions"": 0}",2026-08-12T05:52:34Z
exp3_writer,single,record,4,measured,20,51,0.023320,831537362.1859643,,,"{""sum_rel_diff"": 0.0, ""log_entries"": 4, ""n_results"": 4, ""user_lock_acquisitions"": 0}",2026-08-12T05:52:34Z
exp3_writer,single,lock,4,measured,27,52,0.023305,831537362.1859643,,,"{""sum_rel_diff"": 0.0, ""log_entries"": 4, ""n_results"": 4, ""user_lock_acquisitions"": 4}",2026-08-12T05:52:34Z
exp3_writer,single,writer,4,measured,12,53,0.023582,831537362.1859643,,,"{""sum_rel_diff"": 0.0, ""log_entries"": 4, ""n_results"": 4, ""user_lock_acquisitions"": 0}",2026-08-12T05:52:34Z
exp3_writer,single,writer,4,measured,20,54,0.023555,831537362.1859643,,,"{""sum_rel_diff"": 0.0, ""log_entries"": 4, ""n_results"": 4, ""user_lock_acquisitions"": 0}",2026-08-12T05:52:34Z
exp3_writer,single,lock,4,measured,15,55,0.023414,831537362.1859643,,,"{""sum_rel_diff"": 0.0, ""log_entries"": 4, ""n_results"": 4, ""user_lock_acquisitions"": 4}",2026-08-12T05:52:34Z
exp3_writer,single,lock,4,measured,21,56,0.023359,831537362.1859643,,,"{""sum_rel_diff"": 0.0, ""log_entries"": 4, ""n_results"": 4, ""user_lock_acquisitions"": 4}",2026-08-12T05:52:34Z
exp3_writer,single,writer,4,measured,15,57,0.023532,831537362.1859643,,,"{""sum_rel_diff"": 0.0, ""log_entries"": 4, ""n_results"": 4, ""user_lock_acquisitions"": 0}",2026-08-12T05:52:34Z
exp3_writer,single,lock,4,measured,25,58,0.023259,831537362.1859643,,,"{""sum_rel_diff"": 0.0, ""log_entries"": 4, ""n_results"": 4, ""user_lock_acquisitions"": 4}",2026-08-12T05:52:34Z
exp3_writer,single,record,4,measured,14,59,0.023719,831537362.1859643,,,"{""sum_rel_diff"": 0.0, ""log_entries"": 4, ""n_results"": 4, ""user_lock_acquisitions"": 0}",2026-08-12T05:52:34Z
exp3_writer,single,lock,4,measured,11,60,0.023224,831537362.1859643,,,"{""sum_rel_diff"": 0.0, ""log_entries"": 4, ""n_results"": 4, ""user_lock_acquisitions"": 4}",2026-08-12T05:52:34Z
exp3_writer,single,writer,4,measured,11,61,0.023331,831537362.1859643,,,"{""sum_rel_diff"": 0.0, ""log_entries"": 4, ""n_results"": 4, ""user_lock_acquisitions"": 0}",2026-08-12T05:52:34Z
exp3_writer,single,lock,4,measured,7,62,0.023683,831537362.1859643,,,"{""sum_rel_diff"": 0.0, ""log_entries"": 4, ""n_results"": 4, ""user_lock_acquisitions"": 4}",2026-08-12T05:52:34Z
exp3_writer,single,record,4,measured,3,63,0.024041,831537362.1859643,,,"{""sum_rel_diff"": 0.0, ""log_entries"": 4, ""n_results"": 4, ""user_lock_acquisitions"": 0}",2026-08-12T05:52:34Z
exp3_writer,single,lock,4,measured,29,64,0.023706,831537362.1859643,,,"{""sum_rel_diff"": 0.0, ""log_entries"": 4, ""n_results"": 4, ""user_lock_acquisitions"": 4}",2026-08-12T05:52:34Z
exp3_writer,single,writer,4,measured,14,65,0.023724,831537362.1859643,,,"{""sum_rel_diff"": 0.0, ""log_entries"": 4, ""n_results"": 4, ""user_lock_acquisitions"": 0}",2026-08-12T05:52:34Z
exp3_writer,single,record,4,measured,18,66,0.023409,831537362.1859643,,,"{""sum_rel_diff"": 0.0, ""log_entries"": 4, ""n_results"": 4, ""user_lock_acquisitions"": 0}",2026-08-12T05:52:34Z
exp3_writer,single,indexed,4,measured,20,67,0.023040,831537362.1859643,,,"{""sum_rel_diff"": 0.0, ""log_entries"": 4, ""n_results"": 4, ""user_lock_acquisitions"": 0}",2026-08-12T05:52:34Z
exp3_writer,single,lock,4,measured,1,68,0.023825,831537362.1859643,,,"{""sum_rel_diff"": 0.0, ""log_entries"": 4, ""n_results"": 4, ""user_lock_acquisitions"": 4}",2026-08-12T05:52:34Z
exp3_writer,single,indexed,4,measured,7,69,0.023372,831537362.1859643,,,"{""sum_rel_diff"": 0.0, ""log_entries"": 4, ""n_results"": 4, ""user_lock_acquisitions"": 0}",2026-08-12T05:52:34Z
exp3_writer,single,indexed,4,measured,6,70,0.023590,831537362.1859643,,,"{""sum_rel_diff"": 0.0, ""log_entries"": 4, ""n_results"": 4, ""user_lock_acquisitions"": 0}",2026-08-12T05:52:34Z
exp3_writer,single,writer,4,measured,7,71,0.023710,831537362.1859643,,,"{""sum_rel_diff"": 0.0, ""log_entries"": 4, ""n_results"": 4, ""user_lock_acquisitions"": 0}",2026-08-12T05:52:34Z
exp3_writer,single,writer,4,measured,0,72,0.023803,831537362.1859643,,,"{""sum_rel_diff"": 0.0, ""log_entries"": 4, ""n_results"": 4, ""user_lock_acquisitions"": 0}",2026-08-12T05:52:34Z
exp3_writer,single,record,4,measured,19,73,0.024518,831537362.1859643,,,"{""sum_rel_diff"": 0.0, ""log_entries"": 4, ""n_results"": 4, ""user_lock_acquisitions"": 0}",2026-08-12T05:52:34Z
exp3_writer,single,indexed,4,measured,25,74,0.024469,831537362.1859643,,,"{""sum_rel_diff"": 0.0, ""log_entries"": 4, ""n_results"": 4, ""user_lock_acquisitions"": 0}",2026-08-12T05:52:34Z
exp3_writer,single,lock,4,measured,13,75,0.024253,831537362.1859643,,,"{""sum_rel_diff"": 0.0, ""log_entries"": 4, ""n_results"": 4, ""user_lock_acquisitions"": 4}",2026-08-12T05:52:34Z
exp3_writer,single,record,4,measured,7,76,0.023947,831537362.1859643,,,"{""sum_rel_diff"": 0.0, ""log_entries"": 4, ""n_results"": 4, ""user_lock_acquisitions"": 0}",2026-08-12T05:52:34Z
exp3_writer,single,record,4,measured,22,77,0.023880,831537362.1859643,,,"{""sum_rel_diff"": 0.0, ""log_entries"": 4, ""n_results"": 4, ""user_lock_acquisitions"": 0}",2026-08-12T05:52:34Z
exp3_writer,single,indexed,4,measured,5,78,0.024063,831537362.1859643,,,"{""sum_rel_diff"": 0.0, ""log_entries"": 4, ""n_results"": 4, ""user_lock_acquisitions"": 0}",2026-08-12T05:52:34Z
exp3_writer,single,record,4,measured,6,79,0.023712,831537362.1859643,,,"{""sum_rel_diff"": 0.0, ""log_entries"": 4, ""n_results"": 4, ""user_lock_acquisitions"": 0}",2026-08-12T05:52:34Z
exp3_writer,single,writer,4,measured,10,80,0.023814,831537362.1859643,,,"{""sum_rel_diff"": 0.0, ""log_entries"": 4, ""n_results"": 4, ""user_lock_acquisitions"": 0}",2026-08-12T05:52:34Z
exp3_writer,single,indexed,4,measured,1,81,0.024138,831537362.1859643,,,"{""sum_rel_diff"": 0.0, ""log_entries"": 4, ""n_results"": 4, ""user_lock_acquisitions"": 0}",2026-08-12T05:52:35Z
exp3_writer,single,record,4,measured,11,82,0.023828,831537362.1859643,,,"{""sum_rel_diff"": 0.0, ""log_entries"": 4, ""n_results"": 4, ""user_lock_acquisitions"": 0}",2026-08-12T05:52:35Z
exp3_writer,single,record,4,measured,25,83,0.023736,831537362.1859643,,,"{""sum_rel_diff"": 0.0, ""log_entries"": 4, ""n_results"": 4, ""user_lock_acquisitions"": 0}",2026-08-12T05:52:35Z
exp3_writer,single,lock,4,measured,10,84,0.023355,831537362.1859643,,,"{""sum_rel_diff"": 0.0, ""log_entries"": 4, ""n_results"": 4, ""user_lock_acquisitions"": 4}",2026-08-12T05:52:35Z
exp3_writer,single,writer,4,measured,29,85,0.023266,831537362.1859643,,,"{""sum_rel_diff"": 0.0, ""log_entries"": 4, ""n_results"": 4, ""user_lock_acquisitions"": 0}",2026-08-12T05:52:35Z
exp3_writer,single,lock,4,measured,28,86,0.023486,831537362.1859643,,,"{""sum_rel_diff"": 0.0, ""log_entries"": 4, ""n_results"": 4, ""user_lock_acquisitions"": 4}",2026-08-12T05:52:35Z
exp3_writer,single,indexed,4,measured,3,87,0.023469,831537362.1859643,,,"{""sum_rel_diff"": 0.0, ""log_entries"": 4, ""n_results"": 4, ""user_lock_acquisitions"": 0}",2026-08-12T05:52:35Z
exp3_writer,single,indexed,4,measured,27,88,0.023569,831537362.1859643,,,"{""sum_rel_diff"": 0.0, ""log_entries"": 4, ""n_results"": 4, ""user_lock_acquisitions"": 0}",2026-08-12T05:52:35Z
exp3_writer,single,writer,4,measured,23,89,0.023264,831537362.1859643,,,"{""sum_rel_diff"": 0.0, ""log_entries"": 4, ""n_results"": 4, ""user_lock_acquisitions"": 0}",2026-08-12T05:52:35Z
exp3_writer,single,record,4,measured,10,90,0.023426,831537362.1859643,,,"{""sum_rel_diff"": 0.0, ""log_entries"": 4, ""n_results"": 4, ""user_lock_acquisitions"": 0}",2026-08-12T05:52:35Z
exp3_writer,single,lock,4,measured,23,91,0.023638,831537362.1859643,,,"{""sum_rel_diff"": 0.0, ""log_entries"": 4, ""n_results"": 4, ""user_lock_acquisitions"": 4}",2026-08-12T05:52:35Z
exp3_writer,single,writer,4,measured,5,92,0.023820,831537362.1859643,,,"{""sum_rel_diff"": 0.0, ""log_entries"": 4, ""n_results"": 4, ""user_lock_acquisitions"": 0}",2026-08-12T05:52:35Z
exp3_writer,single,writer,4,measured,16,93,0.023789,831537362.1859643,,,"{""sum_rel_diff"": 0.0, ""log_entries"": 4, ""n_results"": 4, ""user_lock_acquisitions"": 0}",2026-08-12T05:52:35Z
exp3_writer,single,indexed,4,measured,0,94,0.023901,831537362.1859643,,,"{""sum_rel_diff"": 0.0, ""log_entries"": 4, ""n_results"": 4, ""user_lock_acquisitions"": 0}",2026-08-12T05:52:35Z
exp3_writer,single,record,4,measured,16,95,0.023677,831537362.1859643,,,"{""sum_rel_diff"": 0.0, ""log_entries"": 4, ""n_results"": 4, ""user_lock_acquisitions"": 0}",2026-08-12T05:52:35Z
exp3_writer,single,lock,4,measured,20,96,0.023625,831537362.1859643,,,"{""sum_rel_diff"": 0.0, ""log_entries"": 4, ""n_results"": 4, ""user_lock_acquisitions"": 4}",2026-08-12T05:52:35Z
exp3_writer,single,record,4,measured,17,97,0.023764,831537362.1859643,,,"{""sum_rel_diff"": 0.0, ""log_entries"": 4, ""n_results"": 4, ""user_lock_acquisitions"": 0}",2026-08-12T05:52:35Z
exp3_writer,single,indexed,4,measured,13,98,0.023732,831537362.1859643,,,"{""sum_rel_diff"": 0.0, ""log_entries"": 4, ""n_results"": 4, ""user_lock_acquisitions"": 0}",2026-08-12T05:52:35Z
exp3_writer,single,record,4,measured,4,99,0.023866,831537362.1859643,,,"{""sum_rel_diff"": 0.0, ""log_entries"": 4, ""n_results"": 4, ""user_lock_acquisitions"": 0}",2026-08-12T05:52:35Z
exp3_writer,single,lock,4,measured,6,100,0.023868,831537362.1859643,,,"{""sum_rel_diff"": 0.0, ""log_entries"": 4, ""n_results"": 4, ""user_lock_acquisitions"": 4}",2026-08-12T05:52:35Z
exp3_writer,single,writer,4,measured,1,101,0.023617,831537362.1859643,,,"{""sum_rel_diff"": 0.0, ""log_entries"": 4, ""n_results"": 4, ""user_lock_acquisitions"": 0}",2026-08-12T05:52:35Z
exp3_writer,single,indexed,4,measured,26,102,0.023822,831537362.1859643,,,"{""sum_rel_diff"": 0.0, ""log_entries"": 4, ""n_results"": 4, ""user_lock_acquisitions"": 0}",2026-08-12T05:52:35Z
exp3_writer,single,lock,4,measured,24,103,0.023522,831537362.1859643,,,"{""sum_rel_diff"": 0.0, ""log_entries"": 4, ""n_results"": 4, ""user_lock_acquisitions"": 4}",2026-08-12T05:52:35Z
exp3_writer,single,record,4,measured,9,104,0.023869,831537362.1859643,,,"{""sum_rel_diff"": 0.0, ""log_entries"": 4, ""n_results"": 4, ""user_lock_acquisitions"": 0}",2026-08-12T05:52:35Z
exp3_writer,single,indexed,4,measured,23,105,0.023743,831537362.1859643,,,"{""sum_rel_diff"": 0.0, ""log_entries"": 4, ""n_results"": 4, ""user_lock_acquisitions"": 0}",2026-08-12T05:52:35Z
exp3_writer,single,writer,4,measured,8,106,0.023223,831537362.1859643,,,"{""sum_rel_diff"": 0.0, ""log_entries"": 4, ""n_results"": 4, ""user_lock_acquisitions"": 0}",2026-08-12T05:52:35Z
exp3_writer,single,record,4,measured,8,107,0.024324,831537362.1859643,,,"{""sum_rel_diff"": 0.0, ""log_entries"": 4, ""n_results"": 4, ""user_lock_acquisitions"": 0}",2026-08-12T05:52:35Z
exp3_writer,single,record,4,measured,1,108,0.023900,831537362.1859643,,,"{""sum_rel_diff"": 0.0, ""log_entries"": 4, ""n_results"": 4, ""user_lock_acquisitions"": 0}",2026-08-12T05:52:35Z
exp3_writer,single,record,4,measured,29,109,0.024209,831537362.1859643,,,"{""sum_rel_diff"": 0.0, ""log_entries"": 4, ""n_results"": 4, ""user_lock_acquisitions"": 0}",2026-08-12T05:52:35Z
exp3_writer,single,writer,4,measured,4,110,0.023947,831537362.1859643,,,"{""sum_rel_diff"": 0.0, ""log_entries"": 4, ""n_results"": 4, ""user_lock_acquisitions"": 0}",2026-08-12T05:52:35Z
exp3_writer,single,indexed,4,measured,24,111,0.023789,831537362.1859643,,,"{""sum_rel_diff"": 0.0, ""log_entries"": 4, ""n_results"": 4, ""user_lock_acquisitions"": 0}",2026-08-12T05:52:35Z
exp3_writer,single,writer,4,measured,9,112,0.023553,831537362.1859643,,,"{""sum_rel_diff"": 0.0, ""log_entries"": 4, ""n_results"": 4, ""user_lock_acquisitions"": 0}",2026-08-12T05:52:35Z
exp3_writer,single,indexed,4,measured,16,113,0.023375,831537362.1859643,,,"{""sum_rel_diff"": 0.0, ""log_entries"": 4, ""n_results"": 4, ""user_lock_acquisitions"": 0}",2026-08-12T05:52:35Z
exp3_writer,single,record,4,measured,13,114,0.023677,831537362.1859643,,,"{""sum_rel_diff"": 0.0, ""log_entries"": 4, ""n_results"": 4, ""user_lock_acquisitions"": 0}",2026-08-12T05:52:35Z
exp3_writer,single,writer,4,measured,26,115,0.023391,831537362.1859643,,,"{""sum_rel_diff"": 0.0, ""log_entries"": 4, ""n_results"": 4, ""user_lock_acquisitions"": 0}",2026-08-12T05:52:35Z
exp3_writer,single,lock,4,measured,19,116,0.023650,831537362.1859643,,,"{""sum_rel_diff"": 0.0, ""log_entries"": 4, ""n_results"": 4, ""user_lock_acquisitions"": 4}",2026-08-12T05:52:35Z
exp3_writer,single,writer,4,measured,25,117,0.023533,831537362.1859643,,,"{""sum_rel_diff"": 0.0, ""log_entries"": 4, ""n_results"": 4, ""user_lock_acquisitions"": 0}",2026-08-12T05:52:35Z
exp3_writer,single,indexed,4,measured,9,118,0.023392,831537362.1859643,,,"{""sum_rel_diff"": 0.0, ""log_entries"": 4, ""n_results"": 4, ""user_lock_acquisitions"": 0}",2026-08-12T05:52:35Z
exp3_writer,single,lock,4,measured,3,119,0.023441,831537362.1859643,,,"{""sum_rel_diff"": 0.0, ""log_entries"": 4, ""n_results"": 4, ""user_lock_acquisitions"": 4}",2026-08-12T05:52:35Z
exp3_writer,single,lock,4,measured,16,120,0.023793,831537362.1859643,,,"{""sum_rel_diff"": 0.0, ""log_entries"": 4, ""n_results"": 4, ""user_lock_acquisitions"": 4}",2026-08-12T05:52:35Z
exp3_writer,single,writer,4,measured,6,121,0.023145,831537362.1859643,,,"{""sum_rel_diff"": 0.0, ""log_entries"": 4, ""n_results"": 4, ""user_lock_acquisitions"": 0}",2026-08-12T05:52:35Z
exp3_writer,single,record,4,measured,27,122,0.023373,831537362.1859643,,,"{""sum_rel_diff"": 0.0, ""log_entries"": 4, ""n_results"": 4, ""user_lock_acquisitions"": 0}",2026-08-12T05:52:35Z
exp3_writer,single,writer,4,measured,18,123,0.023327,831537362.1859643,,,"{""sum_rel_diff"": 0.0, ""log_entries"": 4, ""n_results"": 4, ""user_lock_acquisitions"": 0}",2026-08-12T05:52:36Z
exp3_writer,single,lock,4,measured,8,124,0.023180,831537362.1859643,,,"{""sum_rel_diff"": 0.0, ""log_entries"": 4, ""n_results"": 4, ""user_lock_acquisitions"": 4}",2026-08-12T05:52:36Z
exp3_writer,single,indexed,4,measured,14,125,0.023415,831537362.1859643,,,"{""sum_rel_diff"": 0.0, ""log_entries"": 4, ""n_results"": 4, ""user_lock_acquisitions"": 0}",2026-08-12T05:52:36Z
exp3_writer,single,lock,4,measured,5,126,0.023334,831537362.1859643,,,"{""sum_rel_diff"": 0.0, ""log_entries"": 4, ""n_results"": 4, ""user_lock_acquisitions"": 4}",2026-08-12T05:52:36Z
exp3_writer,single,lock,4,measured,22,127,0.023354,831537362.1859643,,,"{""sum_rel_diff"": 0.0, ""log_entries"": 4, ""n_results"": 4, ""user_lock_acquisitions"": 4}",2026-08-12T05:52:36Z
exp3_writer,single,indexed,4,measured,17,128,0.023624,831537362.1859643,,,"{""sum_rel_diff"": 0.0, ""log_entries"": 4, ""n_results"": 4, ""user_lock_acquisitions"": 0}",2026-08-12T05:52:36Z
exp3_writer,single,writer,4,measured,27,129,0.023845,831537362.1859643,,,"{""sum_rel_diff"": 0.0, ""log_entries"": 4, ""n_results"": 4, ""user_lock_acquisitions"": 0}",2026-08-12T05:52:36Z
exp3_writer,single,lock,4,measured,26,130,0.023514,831537362.1859643,,,"{""sum_rel_diff"": 0.0, ""log_entries"": 4, ""n_results"": 4, ""user_lock_acquisitions"": 4}",2026-08-12T05:52:36Z
exp3_writer,single,record,4,measured,23,131,0.023735,831537362.1859643,,,"{""sum_rel_diff"": 0.0, ""log_entries"": 4, ""n_results"": 4, ""user_lock_acquisitions"": 0}",2026-08-12T05:52:36Z
exp3_writer,single,writer,6,warmup,0,0,0.019538,831537362.1859643,,,"{""sum_rel_diff"": 0.0, ""log_entries"": 6, ""n_results"": 6, ""user_lock_acquisitions"": 0}",2026-08-12T05:52:36Z
exp3_writer,single,record,6,warmup,1,1,0.017072,831537362.1859643,,,"{""sum_rel_diff"": 0.0, ""log_entries"": 6, ""n_results"": 6, ""user_lock_acquisitions"": 0}",2026-08-12T05:52:36Z
exp3_writer,single,record,6,warmup,2,2,0.016742,831537362.1859643,,,"{""sum_rel_diff"": 0.0, ""log_entries"": 6, ""n_results"": 6, ""user_lock_acquisitions"": 0}",2026-08-12T05:52:36Z
exp3_writer,single,lock,6,warmup,2,3,0.016559,831537362.1859643,,,"{""sum_rel_diff"": 0.0, ""log_entries"": 6, ""n_results"": 6, ""user_lock_acquisitions"": 6}",2026-08-12T05:52:36Z
exp3_writer,single,record,6,warmup,0,4,0.016622,831537362.1859643,,,"{""sum_rel_diff"": 0.0, ""log_entries"": 6, ""n_results"": 6, ""user_lock_acquisitions"": 0}",2026-08-12T05:52:36Z
exp3_writer,single,writer,6,warmup,1,5,0.015939,831537362.1859643,,,"{""sum_rel_diff"": 0.0, ""log_entries"": 6, ""n_results"": 6, ""user_lock_acquisitions"": 0}",2026-08-12T05:52:36Z
exp3_writer,single,lock,6,warmup,1,6,0.016352,831537362.1859643,,,"{""sum_rel_diff"": 0.0, ""log_entries"": 6, ""n_results"": 6, ""user_lock_acquisitions"": 6}",2026-08-12T05:52:36Z
exp3_writer,single,indexed,6,warmup,0,7,0.016373,831537362.1859643,,,"{""sum_rel_diff"": 0.0, ""log_entries"": 6, ""n_results"": 6, ""user_lock_acquisitions"": 0}",2026-08-12T05:52:36Z
exp3_writer,single,indexed,6,warmup,1,8,0.016480,831537362.1859643,,,"{""sum_rel_diff"": 0.0, ""log_entries"": 6, ""n_results"": 6, ""user_lock_acquisitions"": 0}",2026-08-12T05:52:36Z
exp3_writer,single,lock,6,warmup,0,9,0.016404,831537362.1859643,,,"{""sum_rel_diff"": 0.0, ""log_entries"": 6, ""n_results"": 6, ""user_lock_acquisitions"": 6}",2026-08-12T05:52:36Z
exp3_writer,single,writer,6,warmup,2,10,0.016176,831537362.1859643,,,"{""sum_rel_diff"": 0.0, ""log_entries"": 6, ""n_results"": 6, ""user_lock_acquisitions"": 0}",2026-08-12T05:52:36Z
exp3_writer,single,indexed,6,warmup,2,11,0.016458,831537362.1859643,,,"{""sum_rel_diff"": 0.0, ""log_entries"": 6, ""n_results"": 6, ""user_lock_acquisitions"": 0}",2026-08-12T05:52:36Z
exp3_writer,single,record,6,measured,11,12,0.016232,831537362.1859643,,,"{""sum_rel_diff"": 0.0, ""log_entries"": 6, ""n_results"": 6, ""user_lock_acquisitions"": 0}",2026-08-12T05:52:36Z
exp3_writer,single,writer,6,measured,20,13,0.016195,831537362.1859643,,,"{""sum_rel_diff"": 0.0, ""log_entries"": 6, ""n_results"": 6, ""user_lock_acquisitions"": 0}",2026-08-12T05:52:36Z
exp3_writer,single,writer,6,measured,18,14,0.016045,831537362.1859643,,,"{""sum_rel_diff"": 0.0, ""log_entries"": 6, ""n_results"": 6, ""user_lock_acquisitions"": 0}",2026-08-12T05:52:36Z
exp3_writer,single,writer,6,measured,0,15,0.016055,831537362.1859643,,,"{""sum_rel_diff"": 0.0, ""log_entries"": 6, ""n_results"": 6, ""user_lock_acquisitions"": 0}",2026-08-12T05:52:36Z
exp3_writer,single,lock,6,measured,12,16,0.016352,831537362.1859643,,,"{""sum_rel_diff"": 0.0, ""log_entries"": 6, ""n_results"": 6, ""user_lock_acquisitions"": 6}",2026-08-12T05:52:36Z
exp3_writer,single,writer,6,measured,10,17,0.015997,831537362.1859643,,,"{""sum_rel_diff"": 0.0, ""log_entries"": 6, ""n_results"": 6, ""user_lock_acquisitions"": 0}",2026-08-12T05:52:36Z
exp3_writer,single,indexed,6,measured,12,18,0.016379,831537362.1859643,,,"{""sum_rel_diff"": 0.0, ""log_entries"": 6, ""n_results"": 6, ""user_lock_acquisitions"": 0}",2026-08-12T05:52:36Z
exp3_writer,single,writer,6,measured,28,19,0.016513,831537362.1859643,,,"{""sum_rel_diff"": 0.0, ""log_entries"": 6, ""n_results"": 6, ""user_lock_acquisitions"": 0}",2026-08-12T05:52:36Z
exp3_writer,single,indexed,6,measured,22,20,0.017186,831537362.1859643,,,"{""sum_rel_diff"": 0.0, ""log_entries"": 6, ""n_results"": 6, ""user_lock_acquisitions"": 0}",2026-08-12T05:52:36Z
exp3_writer,single,writer,6,measured,15,21,0.016584,831537362.1859643,,,"{""sum_rel_diff"": 0.0, ""log_entries"": 6, ""n_results"": 6, ""user_lock_acquisitions"": 0}",2026-08-12T05:52:36Z
exp3_writer,single,lock,6,measured,14,22,0.016756,831537362.1859643,,,"{""sum_rel_diff"": 0.0, ""log_entries"": 6, ""n_results"": 6, ""user_lock_acquisitions"": 6}",2026-08-12T05:52:36Z
exp3_writer,single,indexed,6,measured,6,23,0.016369,831537362.1859643,,,"{""sum_rel_diff"": 0.0, ""log_entries"": 6, ""n_results"": 6, ""user_lock_acquisitions"": 0}",2026-08-12T05:52:36Z
exp3_writer,single,lock,6,measured,5,24,0.016688,831537362.1859643,,,"{""sum_rel_diff"": 0.0, ""log_entries"": 6, ""n_results"": 6, ""user_lock_acquisitions"": 6}",2026-08-12T05:52:36Z
exp3_writer,single,indexed,6,measured,5,25,0.016724,831537362.1859643,,,"{""sum_rel_diff"": 0.0, ""log_entries"": 6, ""n_results"": 6, ""user_lock_acquisitions"": 0}",2026-08-12T05:52:36Z
exp3_writer,single,lock,6,measured,22,26,0.016519,831537362.1859643,,,"{""sum_rel_diff"": 0.0, ""log_entries"": 6, ""n_results"": 6, ""user_lock_acquisitions"": 6}",2026-08-12T05:52:36Z
exp3_writer,single,writer,6,measured,19,27,0.016647,831537362.1859643,,,"{""sum_rel_diff"": 0.0, ""log_entries"": 6, ""n_results"": 6, ""user_lock_acquisitions"": 0}",2026-08-12T05:52:36Z
exp3_writer,single,record,6,measured,3,28,0.016610,831537362.1859643,,,"{""sum_rel_diff"": 0.0, ""log_entries"": 6, ""n_results"": 6, ""user_lock_acquisitions"": 0}",2026-08-12T05:52:36Z
exp3_writer,single,writer,6,measured,29,29,0.016391,831537362.1859643,,,"{""sum_rel_diff"": 0.0, ""log_entries"": 6, ""n_results"": 6, ""user_lock_acquisitions"": 0}",2026-08-12T05:52:36Z
exp3_writer,single,lock,6,measured,10,30,0.016742,831537362.1859643,,,"{""sum_rel_diff"": 0.0, ""log_entries"": 6, ""n_results"": 6, ""user_lock_acquisitions"": 6}",2026-08-12T05:52:36Z
exp3_writer,single,indexed,6,measured,24,31,0.016364,831537362.1859643,,,"{""sum_rel_diff"": 0.0, ""log_entries"": 6, ""n_results"": 6, ""user_lock_acquisitions"": 0}",2026-08-12T05:52:36Z
exp3_writer,single,indexed,6,measured,11,32,0.016536,831537362.1859643,,,"{""sum_rel_diff"": 0.0, ""log_entries"": 6, ""n_results"": 6, ""user_lock_acquisitions"": 0}",2026-08-12T05:52:36Z
exp3_writer,single,record,6,measured,15,33,0.016494,831537362.1859643,,,"{""sum_rel_diff"": 0.0, ""log_entries"": 6, ""n_results"": 6, ""user_lock_acquisitions"": 0}",2026-08-12T05:52:36Z
exp3_writer,single,indexed,6,measured,21,34,0.016237,831537362.1859643,,,"{""sum_rel_diff"": 0.0, ""log_entries"": 6, ""n_results"": 6, ""user_lock_acquisitions"": 0}",2026-08-12T05:52:36Z
exp3_writer,single,writer,6,measured,5,35,0.016241,831537362.1859643,,,"{""sum_rel_diff"": 0.0, ""log_entries"": 6, ""n_results"": 6, ""user_lock_acquisitions"": 0}",2026-08-12T05:52:36Z
exp3_writer,single,indexed,6,measured,28,36,0.016767,831537362.1859643,,,"{""sum_rel_diff"": 0.0, ""log_entries"": 6, ""n_results"": 6, ""user_lock_acquisitions"": 0}",2026-08-12T05:52:36Z
exp3_writer,single,writer,6,measured,6,37,0.016894,831537362.1859643,,,"{""sum_rel_diff"": 0.0, ""log_entries"": 6, ""n_results"": 6, ""user_lock_acquisitions"": 0}",2026-08-12T05:52:36Z
exp3_writer,single,writer,6,measured,14,38,0.016947,831537362.1859643,,,"{""sum_rel_diff"": 0.0, ""log_entries"": 6, ""n_results"": 6, ""user_lock_acquisitions"": 0}",2026-08-12T05:52:36Z
exp3_writer,single,indexed,6,measured,10,39,0.016709,831537362.1859643,,,"{""sum_rel_diff"": 0.0, ""log_entries"": 6, ""n_results"": 6, ""user_lock_acquisitions"": 0}",2026-08-12T05:52:36Z
exp3_writer,single,indexed,6,measured,17,40,0.016658,831537362.1859643,,,"{""sum_rel_diff"": 0.0, ""log_entries"": 6, ""n_results"": 6, ""user_lock_acquisitions"": 0}",2026-08-12T05:52:36Z
exp3_writer,single,record,6,measured,26,41,0.016743,831537362.1859643,,,"{""sum_rel_diff"": 0.0, ""log_entries"": 6, ""n_results"": 6, ""user_lock_acquisitions"": 0}",2026-08-12T05:52:36Z
exp3_writer,single,record,6,measured,17,42,0.017549,831537362.1859643,,,"{""sum_rel_diff"": 0.0, ""log_entries"": 6, ""n_results"": 6, ""user_lock_acquisitions"": 0}",2026-08-12T05:52:36Z
exp3_writer,single,indexed,6,measured,29,43,0.017303,831537362.1859643,,,"{""sum_rel_diff"": 0.0, ""log_entries"": 6, ""n_results"": 6, ""user_lock_acquisitions"": 0}",2026-08-12T05:52:36Z
exp3_writer,single,writer,6,measured,7,44,0.016712,831537362.1859643,,,"{""sum_rel_diff"": 0.0, ""log_entries"": 6, ""n_results"": 6, ""user_lock_acquisitions"": 0}",2026-08-12T05:52:36Z
exp3_writer,single,record,6,measured,0,45,0.016634,831537362.1859643,,,"{""sum_rel_diff"": 0.0, ""log_entries"": 6, ""n_results"": 6, ""user_lock_acquisitions"": 0}",2026-08-12T05:52:36Z
exp3_writer,single,record,6,measured,2,46,0.016812,831537362.1859643,,,"{""sum_rel_diff"": 0.0, ""log_entries"": 6, ""n_results"": 6, ""user_lock_acquisitions"": 0}",2026-08-12T05:52:36Z
exp3_writer,single,indexed,6,measured,20,47,0.016920,831537362.1859643,,,"{""sum_rel_diff"": 0.0, ""log_entries"": 6, ""n_results"": 6, ""user_lock_acquisitions"": 0}",2026-08-12T05:52:36Z
exp3_writer,single,lock,6,measured,15,48,0.016645,831537362.1859643,,,"{""sum_rel_diff"": 0.0, ""log_entries"": 6, ""n_results"": 6, ""user_lock_acquisitions"": 6}",2026-08-12T05:52:37Z
exp3_writer,single,lock,6,measured,11,49,0.016560,831537362.1859643,,,"{""sum_rel_diff"": 0.0, ""log_entries"": 6, ""n_results"": 6, ""user_lock_acquisitions"": 6}",2026-08-12T05:52:37Z
exp3_writer,single,indexed,6,measured,18,50,0.016509,831537362.1859643,,,"{""sum_rel_diff"": 0.0, ""log_entries"": 6, ""n_results"": 6, ""user_lock_acquisitions"": 0}",2026-08-12T05:52:37Z
exp3_writer,single,lock,6,measured,27,51,0.016846,831537362.1859643,,,"{""sum_rel_diff"": 0.0, ""log_entries"": 6, ""n_results"": 6, ""user_lock_acquisitions"": 6}",2026-08-12T05:52:37Z
exp3_writer,single,writer,6,measured,13,52,0.016820,831537362.1859643,,,"{""sum_rel_diff"": 0.0, ""log_entries"": 6, ""n_results"": 6, ""user_lock_acquisitions"": 0}",2026-08-12T05:52:37Z
exp3_writer,single,lock,6,measured,3,53,0.016384,831537362.1859643,,,"{""sum_rel_diff"": 0.0, ""log_entries"": 6, ""n_results"": 6, ""user_lock_acquisitions"": 6}",2026-08-12T05:52:37Z
exp3_writer,single,lock,6,measured,21,54,0.016243,831537362.1859643,,,"{""sum_rel_diff"": 0.0, ""log_entries"": 6, ""n_results"": 6, ""user_lock_acquisitions"": 6}",2026-08-12T05:52:37Z
exp3_writer,single,indexed,6,measured,13,55,0.016598,831537362.1859643,,,"{""sum_rel_diff"": 0.0, ""log_entries"": 6, ""n_results"": 6, ""user_lock_acquisitions"": 0}",2026-08-12T05:52:37Z
exp3_writer,single,lock,6,measured,17,56,0.016414,831537362.1859643,,,"{""sum_rel_diff"": 0.0, ""log_entries"": 6, ""n_results"": 6, ""user_lock_acquisitions"": 6}",2026-08-12T05:52:37Z
exp3_writer,single,lock,6,measured,7,57,0.016371,831537362.1859643,,,"{""sum_rel_diff"": 0.0, ""log_entries"": 6, ""n_results"": 6, ""user_lock_acquisitions"": 6}",2026-08-12T05:52:37Z
exp3_writer,single,writer,6,measured,9,58,0.016314,831537362.1859643,,,"{""sum_rel_diff"": 0.0, ""log_entries"": 6, ""n_results"": 6, ""user_lock_acquisitions"": 0}",2026-08-12T05:52:37Z
exp3_writer,single,indexed,6,measured,2,59,0.016278,831537362.1859643,,,"{""sum_rel_diff"": 0.0, ""log_entries"": 6, ""n_results"": 6, ""user_lock_acquisitions"": 0}",2026-08-12T05:52:37Z
exp3_writer,single,writer,6,measured,12,60,0.016613,831537362.1859643,,,"{""sum_rel_diff"": 0.0, ""log_entries"": 6, ""n_results"": 6, ""user_lock_acquisitions"": 0}",2026-08-12T05:52:37Z
exp3_writer,single,record,6,measured,29,61,0.016464,831537362.1859643,,,"{""sum_rel_diff"": 0.0, ""log_entries"": 6, ""n_results"": 6, ""user_lock_acquisitions"": 0}",2026-08-12T05:52:37Z
exp3_writer,single,record,6,measured,24,62,0.017274,831537362.1859643,,,"{""sum_rel_diff"": 0.0, ""log_entries"": 6, ""n_results"": 6, ""user_lock_acquisitions"": 0}",2026-08-12T05:52:37Z
exp3_writer,single,record,6,measured,13,63,0.016460,831537362.1859643,,,"{""sum_rel_diff"": 0.0, ""log_entries"": 6, ""n_results"": 6, ""user_lock_acquisitions"": 0}",2026-08-12T05:52:37Z
exp3_writer,single,indexed,6,measured,16,64,0.016409,831537362.1859643,,,"{""sum_rel_diff"": 0.0, ""log_entries"": 6, ""n_results"": 6, ""user_lock_acquisitions"": 0}",2026-08-12T05:52:37Z
exp3_writer,single,lock,6,measured,25,65,0.016252,831537362.1859643,,,"{""sum_rel_diff"": 0.0, ""log_entries"": 6, ""n_results"": 6, ""user_lock_acquisitions"": 6}",2026-08-12T05:52:37Z
exp3_writer,single,record,6,measured,1,66,0.016320,831537362.1859643,,,"{""sum_rel_diff"": 0.0, ""log_entries"": 6, ""n_results"": 6, ""user_lock_acquisitions"": 0}",2026-08-12T05:52:37Z
exp3_writer,single,lock,6,measured,23,67,0.016279,831537362.1859643,,,"{""sum_rel_diff"": 0.0, ""log_entries"": 6, ""n_results"": 6, ""user_lock_acquisitions"": 6}",2026-08-12T05:52:37Z
exp3_writer,single,indexed,6,measured,1,68,0.016233,831537362.1859643,,,"{""sum_rel_diff"": 0.0, ""log_entries"": 6, ""n_results"": 6, ""user_lock_acquisitions"": 0}",2026-08-12T05:52:37Z
exp3_writer,single,writer,6,measured,2,69,0.016672,831537362.1859643,,,"{""sum_rel_diff"": 0.0, ""log_entries"": 6, ""n_results"": 6, ""user_lock_acquisitions"": 0}",2026-08-12T05:52:37Z
exp3_writer,single,indexed,6,measured,23,70,0.016899,831537362.1859643,,,"{""sum_rel_diff"": 0.0, ""log_entries"": 6, ""n_results"": 6, ""user_lock_acquisitions"": 0}",2026-08-12T05:52:37Z
exp3_writer,single,indexed,6,measured,19,71,0.016566,831537362.1859643,,,"{""sum_rel_diff"": 0.0, ""log_entries"": 6, ""n_results"": 6, ""user_lock_acquisitions"": 0}",2026-08-12T05:52:37Z
exp3_writer,single,record,6,measured,7,72,0.016718,831537362.1859643,,,"{""sum_rel_diff"": 0.0, ""log_entries"": 6, ""n_results"": 6, ""user_lock_acquisitions"": 0}",2026-08-12T05:52:37Z
exp3_writer,single,indexed,6,measured,14,73,0.016598,831537362.1859643,,,"{""sum_rel_diff"": 0.0, ""log_entries"": 6, ""n_results"": 6, ""user_lock_acquisitions"": 0}",2026-08-12T05:52:37Z
exp3_writer,single,writer,6,measured,24,74,0.016667,831537362.1859643,,,"{""sum_rel_diff"": 0.0, ""log_entries"": 6, ""n_results"": 6, ""user_lock_acquisitions"": 0}",2026-08-12T05:52:37Z
exp3_writer,single,lock,6,measured,13,75,0.016351,831537362.1859643,,,"{""sum_rel_diff"": 0.0, ""log_entries"": 6, ""n_results"": 6, ""user_lock_acquisitions"": 6}",2026-08-12T05:52:37Z
exp3_writer,single,writer,6,measured,25,76,0.016634,831537362.1859643,,,"{""sum_rel_diff"": 0.0, ""log_entries"": 6, ""n_results"": 6, ""user_lock_acquisitions"": 0}",2026-08-12T05:52:37Z
exp3_writer,single,lock,6,measured,16,77,0.016479,831537362.1859643,,,"{""sum_rel_diff"": 0.0, ""log_entries"": 6, ""n_results"": 6, ""user_lock_acquisitions"": 6}",2026-08-12T05:52:37Z
exp3_writer,single,indexed,6,measured,25,78,0.016373,831537362.1859643,,,"{""sum_rel_diff"": 0.0, ""log_entries"": 6, ""n_results"": 6, ""user_lock_acquisitions"": 0}",2026-08-12T05:52:37Z
exp3_writer,single,lock,6,measured,6,79,0.016390,831537362.1859643,,,"{""sum_rel_diff"": 0.0, ""log_entries"": 6, ""n_results"": 6, ""user_lock_acquisitions"": 6}",2026-08-12T05:52:37Z
exp3_writer,single,writer,6,measured,11,80,0.016498,831537362.1859643,,,"{""sum_rel_diff"": 0.0, ""log_entries"": 6, ""n_results"": 6, ""user_lock_acquisitions"": 0}",2026-08-12T05:52:37Z
exp3_writer,single,record,6,measured,6,81,0.016007,831537362.1859643,,,"{""sum_rel_diff"": 0.0, ""log_entries"": 6, ""n_results"": 6, ""user_lock_acquisitions"": 0}",2026-08-12T05:52:37Z
exp3_writer,single,record,6,measured,8,82,0.017169,831537362.1859643,,,"{""sum_rel_diff"": 0.0, ""log_entries"": 6, ""n_results"": 6, ""user_lock_acquisitions"": 0}",2026-08-12T05:52:37Z
exp3_writer,single,writer,6,measured,23,83,0.016804,831537362.1859643,,,"{""sum_rel_diff"": 0.0, ""log_entries"": 6, ""n_results"": 6, ""user_lock_acquisitions"": 0}",2026-08-12T05:52:37Z
exp3_writer,single,lock,6,measured,24,84,0.016411,831537362.1859643,,,"{""sum_rel_diff"": 0.0, ""log_entries"": 6, ""n_results"": 6, ""user_lock_acquisitions"": 6}",2026-08-12T05:52:37Z
exp3_writer,single,lock,6,measured,28,85,0.016224,831537362.1859643,,,"{""sum_rel_diff"": 0.0, ""log_entries"": 6, ""n_results"": 6, ""user_lock_acquisitions"": 6}",2026-08-12T05:52:37Z
exp3_writer,single,lock,6,measured,29,86,0.016161,831537362.1859643,,,"{""sum_rel_diff"": 0.0, ""log_entries"": 6, ""n_results"": 6, ""user_lock_acquisitions"": 6}",2026-08-12T05:52:37Z
exp3_writer,single,indexed,6,measured,15,87,0.016432,831537362.1859643,,,"{""sum_rel_diff"": 0.0, ""log_entries"": 6, ""n_results"": 6, ""user_lock_acquisitions"": 0}",2026-08-12T05:52:37Z
exp3_writer,single,record,6,measured,16,88,0.016610,831537362.1859643,,,"{""sum_rel_diff"": 0.0, ""log_entries"": 6, ""n_results"": 6, ""user_lock_acquisitions"": 0}",2026-08-12T05:52:37Z
exp3_writer,single,lock,6,measured,18,89,0.016299,831537362.1859643,,,"{""sum_rel_diff"": 0.0, ""log_entries"": 6, ""n_results"": 6, ""user_lock_acquisitions"": 6}",2026-08-12T05:52:37Z
exp3_writer,single,record,6,measured,10,90,0.016060,831537362.1859643,,,"{""sum_rel_diff"": 0.0, ""log_entries"": 6, ""n_results"": 6, ""user_lock_acquisitions"": 0}",2026-08-12T05:52:37Z
exp3_writer,single,record,6,measured,22,91,0.016378,831537362.1859643,,,"{""sum_rel_diff"": 0.0, ""log_entries"": 6, ""n_results"": 6, ""user_lock_acquisitions"": 0}",2026-08-12T05:52:37Z
exp3_writer,single,record,6,measured,18,92,0.016552,831537362.1859643,,,"{""sum_rel_diff"": 0.0, ""log_entries"": 6, ""n_results"": 6, ""user_lock_acquisitions"": 0}",2026-08-12T05:52:37Z
exp3_writer,single,indexed,6,measured,7,93,0.016793,831537362.1859643,,,"{""sum_rel_diff"": 0.0, ""log_entries"": 6, ""n_results"": 6, ""user_lock_acquisitions"": 0}",2026-08-12T05:52:37Z
exp3_writer,single,writer,6,measured,3,94,0.016448,831537362.1859643,,,"{""sum_rel_diff"": 0.0, ""log_entries"": 6, ""n_results"": 6, ""user_lock_acquisitions"": 0}",2026-08-12T05:52:37Z
exp3_writer,single,writer,6,measured,27,95,0.016321,831537362.1859643,,,"{""sum_rel_diff"": 0.0, ""log_entries"": 6, ""n_results"": 6, ""user_lock_acquisitions"": 0}",2026-08-12T05:52:37Z
exp3_writer,single,lock,6,measured,4,96,0.016283,831537362.1859643,,,"{""sum_rel_diff"": 0.0, ""log_entries"": 6, ""n_results"": 6, ""user_lock_acquisitions"": 6}",2026-08-12T05:52:37Z
exp3_writer,single,record,6,measured,14,97,0.016235,831537362.1859643,,,"{""sum_rel_diff"": 0.0, ""log_entries"": 6, ""n_results"": 6, ""user_lock_acquisitions"": 0}",2026-08-12T05:52:37Z
exp3_writer,single,record,6,measured,21,98,0.016368,831537362.1859643,,,"{""sum_rel_diff"": 0.0, ""log_entries"": 6, ""n_results"": 6, ""user_lock_acquisitions"": 0}",2026-08-12T05:52:37Z
exp3_writer,single,record,6,measured,28,99,0.016460,831537362.1859643,,,"{""sum_rel_diff"": 0.0, ""log_entries"": 6, ""n_results"": 6, ""user_lock_acquisitions"": 0}",2026-08-12T05:52:37Z
exp3_writer,single,lock,6,measured,8,100,0.016869,831537362.1859643,,,"{""sum_rel_diff"": 0.0, ""log_entries"": 6, ""n_results"": 6, ""user_lock_acquisitions"": 6}",2026-08-12T05:52:37Z
exp3_writer,single,writer,6,measured,21,101,0.016215,831537362.1859643,,,"{""sum_rel_diff"": 0.0, ""log_entries"": 6, ""n_results"": 6, ""user_lock_acquisitions"": 0}",2026-08-12T05:52:37Z
exp3_writer,single,record,6,measured,19,102,0.016412,831537362.1859643,,,"{""sum_rel_diff"": 0.0, ""log_entries"": 6, ""n_results"": 6, ""user_lock_acquisitions"": 0}",2026-08-12T05:52:37Z
exp3_writer,single,indexed,6,measured,8,103,0.016547,831537362.1859643,,,"{""sum_rel_diff"": 0.0, ""log_entries"": 6, ""n_results"": 6, ""user_lock_acquisitions"": 0}",2026-08-12T05:52:37Z
exp3_writer,single,indexed,6,measured,27,104,0.016106,831537362.1859643,,,"{""sum_rel_diff"": 0.0, ""log_entries"": 6, ""n_results"": 6, ""user_lock_acquisitions"": 0}",2026-08-12T05:52:37Z
exp3_writer,single,writer,6,measured,22,105,0.016248,831537362.1859643,,,"{""sum_rel_diff"": 0.0, ""log_entries"": 6, ""n_results"": 6, ""user_lock_acquisitions"": 0}",2026-08-12T05:52:37Z
exp3_writer,single,record,6,measured,9,106,0.016783,831537362.1859643,,,"{""sum_rel_diff"": 0.0, ""log_entries"": 6, ""n_results"": 6, ""user_lock_acquisitions"": 0}",2026-08-12T05:52:37Z
exp3_writer,single,lock,6,measured,2,107,0.016753,831537362.1859643,,,"{""sum_rel_diff"": 0.0, ""log_entries"": 6, ""n_results"": 6, ""user_lock_acquisitions"": 6}",2026-08-12T05:52:37Z
exp3_writer,single,record,6,measured,5,108,0.016906,831537362.1859643,,,"{""sum_rel_diff"": 0.0, ""log_entries"": 6, ""n_results"": 6, ""user_lock_acquisitions"": 0}",2026-08-12T05:52:38Z
exp3_writer,single,indexed,6,measured,9,109,0.016373,831537362.1859643,,,"{""sum_rel_diff"": 0.0, ""log_entries"": 6, ""n_results"": 6, ""user_lock_acquisitions"": 0}",2026-08-12T05:52:38Z
exp3_writer,single,indexed,6,measured,0,110,0.016667,831537362.1859643,,,"{""sum_rel_diff"": 0.0, ""log_entries"": 6, ""n_results"": 6, ""user_lock_acquisitions"": 0}",2026-08-12T05:52:38Z
exp3_writer,single,record,6,measured,20,111,0.016630,831537362.1859643,,,"{""sum_rel_diff"": 0.0, ""log_entries"": 6, ""n_results"": 6, ""user_lock_acquisitions"": 0}",2026-08-12T05:52:38Z
exp3_writer,single,record,6,measured,12,112,0.016581,831537362.1859643,,,"{""sum_rel_diff"": 0.0, ""log_entries"": 6, ""n_results"": 6, ""user_lock_acquisitions"": 0}",2026-08-12T05:52:38Z
exp3_writer,single,writer,6,measured,4,113,0.016808,831537362.1859643,,,"{""sum_rel_diff"": 0.0, ""log_entries"": 6, ""n_results"": 6, ""user_lock_acquisitions"": 0}",2026-08-12T05:52:38Z
exp3_writer,single,lock,6,measured,9,114,0.016497,831537362.1859643,,,"{""sum_rel_diff"": 0.0, ""log_entries"": 6, ""n_results"": 6, ""user_lock_acquisitions"": 6}",2026-08-12T05:52:38Z
exp3_writer,single,lock,6,measured,26,115,0.016699,831537362.1859643,,,"{""sum_rel_diff"": 0.0, ""log_entries"": 6, ""n_results"": 6, ""user_lock_acquisitions"": 6}",2026-08-12T05:52:38Z
exp3_writer,single,lock,6,measured,0,116,0.016764,831537362.1859643,,,"{""sum_rel_diff"": 0.0, ""log_entries"": 6, ""n_results"": 6, ""user_lock_acquisitions"": 6}",2026-08-12T05:52:38Z
exp3_writer,single,writer,6,measured,8,117,0.016670,831537362.1859643,,,"{""sum_rel_diff"": 0.0, ""log_entries"": 6, ""n_results"": 6, ""user_lock_acquisitions"": 0}",2026-08-12T05:52:38Z
exp3_writer,single,indexed,6,measured,4,118,0.016185,831537362.1859643,,,"{""sum_rel_diff"": 0.0, ""log_entries"": 6, ""n_results"": 6, ""user_lock_acquisitions"": 0}",2026-08-12T05:52:38Z
exp3_writer,single,record,6,measured,4,119,0.016455,831537362.1859643,,,"{""sum_rel_diff"": 0.0, ""log_entries"": 6, ""n_results"": 6, ""user_lock_acquisitions"": 0}",2026-08-12T05:52:38Z
exp3_writer,single,indexed,6,measured,26,120,0.016499,831537362.1859643,,,"{""sum_rel_diff"": 0.0, ""log_entries"": 6, ""n_results"": 6, ""user_lock_acquisitions"": 0}",2026-08-12T05:52:38Z
exp3_writer,single,writer,6,measured,17,121,0.016226,831537362.1859643,,,"{""sum_rel_diff"": 0.0, ""log_entries"": 6, ""n_results"": 6, ""user_lock_acquisitions"": 0}",2026-08-12T05:52:38Z
exp3_writer,single,writer,6,measured,1,122,0.016662,831537362.1859643,,,"{""sum_rel_diff"": 0.0, ""log_entries"": 6, ""n_results"": 6, ""user_lock_acquisitions"": 0}",2026-08-12T05:52:38Z
exp3_writer,single,lock,6,measured,1,123,0.016182,831537362.1859643,,,"{""sum_rel_diff"": 0.0, ""log_entries"": 6, ""n_results"": 6, ""user_lock_acquisitions"": 6}",2026-08-12T05:52:38Z
exp3_writer,single,record,6,measured,27,124,0.016241,831537362.1859643,,,"{""sum_rel_diff"": 0.0, ""log_entries"": 6, ""n_results"": 6, ""user_lock_acquisitions"": 0}",2026-08-12T05:52:38Z
exp3_writer,single,writer,6,measured,26,125,0.016228,831537362.1859643,,,"{""sum_rel_diff"": 0.0, ""log_entries"": 6, ""n_results"": 6, ""user_lock_acquisitions"": 0}",2026-08-12T05:52:38Z
exp3_writer,single,record,6,measured,23,126,0.016084,831537362.1859643,,,"{""sum_rel_diff"": 0.0, ""log_entries"": 6, ""n_results"": 6, ""user_lock_acquisitions"": 0}",2026-08-12T05:52:38Z
exp3_writer,single,indexed,6,measured,3,127,0.016451,831537362.1859643,,,"{""sum_rel_diff"": 0.0, ""log_entries"": 6, ""n_results"": 6, ""user_lock_acquisitions"": 0}",2026-08-12T05:52:38Z
exp3_writer,single,lock,6,measured,20,128,0.016050,831537362.1859643,,,"{""sum_rel_diff"": 0.0, ""log_entries"": 6, ""n_results"": 6, ""user_lock_acquisitions"": 6}",2026-08-12T05:52:38Z
exp3_writer,single,lock,6,measured,19,129,0.016253,831537362.1859643,,,"{""sum_rel_diff"": 0.0, ""log_entries"": 6, ""n_results"": 6, ""user_lock_acquisitions"": 6}",2026-08-12T05:52:38Z
exp3_writer,single,record,6,measured,25,130,0.016663,831537362.1859643,,,"{""sum_rel_diff"": 0.0, ""log_entries"": 6, ""n_results"": 6, ""user_lock_acquisitions"": 0}",2026-08-12T05:52:38Z
exp3_writer,single,writer,6,measured,16,131,0.016398,831537362.1859643,,,"{""sum_rel_diff"": 0.0, ""log_entries"": 6, ""n_results"": 6, ""user_lock_acquisitions"": 0}",2026-08-12T05:52:38Z
exp3_writer,single,writer,8,warmup,0,0,0.014625,831537362.1859643,,,"{""sum_rel_diff"": 0.0, ""log_entries"": 8, ""n_results"": 8, ""user_lock_acquisitions"": 0}",2026-08-12T05:52:38Z
exp3_writer,single,record,8,warmup,1,1,0.013341,831537362.1859643,,,"{""sum_rel_diff"": 0.0, ""log_entries"": 8, ""n_results"": 8, ""user_lock_acquisitions"": 0}",2026-08-12T05:52:38Z
exp3_writer,single,lock,8,warmup,2,2,0.012701,831537362.1859643,,,"{""sum_rel_diff"": 0.0, ""log_entries"": 8, ""n_results"": 8, ""user_lock_acquisitions"": 8}",2026-08-12T05:52:38Z
exp3_writer,single,record,8,warmup,0,3,0.012737,831537362.1859643,,,"{""sum_rel_diff"": 0.0, ""log_entries"": 8, ""n_results"": 8, ""user_lock_acquisitions"": 0}",2026-08-12T05:52:38Z
exp3_writer,single,record,8,warmup,2,4,0.012863,831537362.1859643,,,"{""sum_rel_diff"": 0.0, ""log_entries"": 8, ""n_results"": 8, ""user_lock_acquisitions"": 0}",2026-08-12T05:52:38Z
exp3_writer,single,writer,8,warmup,1,5,0.013038,831537362.1859643,,,"{""sum_rel_diff"": 0.0, ""log_entries"": 8, ""n_results"": 8, ""user_lock_acquisitions"": 0}",2026-08-12T05:52:38Z
exp3_writer,single,indexed,8,warmup,0,6,0.012456,831537362.1859643,,,"{""sum_rel_diff"": 0.0, ""log_entries"": 8, ""n_results"": 8, ""user_lock_acquisitions"": 0}",2026-08-12T05:52:38Z
exp3_writer,single,indexed,8,warmup,2,7,0.012668,831537362.1859643,,,"{""sum_rel_diff"": 0.0, ""log_entries"": 8, ""n_results"": 8, ""user_lock_acquisitions"": 0}",2026-08-12T05:52:38Z
exp3_writer,single,writer,8,warmup,2,8,0.012921,831537362.1859643,,,"{""sum_rel_diff"": 0.0, ""log_entries"": 8, ""n_results"": 8, ""user_lock_acquisitions"": 0}",2026-08-12T05:52:38Z
exp3_writer,single,lock,8,warmup,1,9,0.012671,831537362.1859643,,,"{""sum_rel_diff"": 0.0, ""log_entries"": 8, ""n_results"": 8, ""user_lock_acquisitions"": 8}",2026-08-12T05:52:38Z
exp3_writer,single,indexed,8,warmup,1,10,0.012501,831537362.1859643,,,"{""sum_rel_diff"": 0.0, ""log_entries"": 8, ""n_results"": 8, ""user_lock_acquisitions"": 0}",2026-08-12T05:52:38Z
exp3_writer,single,lock,8,warmup,0,11,0.012694,831537362.1859643,,,"{""sum_rel_diff"": 0.0, ""log_entries"": 8, ""n_results"": 8, ""user_lock_acquisitions"": 8}",2026-08-12T05:52:38Z
exp3_writer,single,record,8,measured,22,12,0.012729,831537362.1859643,,,"{""sum_rel_diff"": 0.0, ""log_entries"": 8, ""n_results"": 8, ""user_lock_acquisitions"": 0}",2026-08-12T05:52:38Z
exp3_writer,single,lock,8,measured,26,13,0.013049,831537362.1859643,,,"{""sum_rel_diff"": 0.0, ""log_entries"": 8, ""n_results"": 8, ""user_lock_acquisitions"": 8}",2026-08-12T05:52:38Z
exp3_writer,single,lock,8,measured,17,14,0.013143,831537362.1859643,,,"{""sum_rel_diff"": 0.0, ""log_entries"": 8, ""n_results"": 8, ""user_lock_acquisitions"": 8}",2026-08-12T05:52:38Z
exp3_writer,single,record,8,measured,27,15,0.013016,831537362.1859643,,,"{""sum_rel_diff"": 0.0, ""log_entries"": 8, ""n_results"": 8, ""user_lock_acquisitions"": 0}",2026-08-12T05:52:38Z
exp3_writer,single,writer,8,measured,26,16,0.013083,831537362.1859643,,,"{""sum_rel_diff"": 0.0, ""log_entries"": 8, ""n_results"": 8, ""user_lock_acquisitions"": 0}",2026-08-12T05:52:38Z
exp3_writer,single,record,8,measured,17,17,0.013118,831537362.1859643,,,"{""sum_rel_diff"": 0.0, ""log_entries"": 8, ""n_results"": 8, ""user_lock_acquisitions"": 0}",2026-08-12T05:52:38Z
exp3_writer,single,record,8,measured,19,18,0.012790,831537362.1859643,,,"{""sum_rel_diff"": 0.0, ""log_entries"": 8, ""n_results"": 8, ""user_lock_acquisitions"": 0}",2026-08-12T05:52:38Z
exp3_writer,single,indexed,8,measured,11,19,0.012684,831537362.1859643,,,"{""sum_rel_diff"": 0.0, ""log_entries"": 8, ""n_results"": 8, ""user_lock_acquisitions"": 0}",2026-08-12T05:52:38Z
exp3_writer,single,record,8,measured,14,20,0.012729,831537362.1859643,,,"{""sum_rel_diff"": 0.0, ""log_entries"": 8, ""n_results"": 8, ""user_lock_acquisitions"": 0}",2026-08-12T05:52:38Z
exp3_writer,single,writer,8,measured,4,21,0.012632,831537362.1859643,,,"{""sum_rel_diff"": 0.0, ""log_entries"": 8, ""n_results"": 8, ""user_lock_acquisitions"": 0}",2026-08-12T05:52:38Z
exp3_writer,single,record,8,measured,28,22,0.012826,831537362.1859643,,,"{""sum_rel_diff"": 0.0, ""log_entries"": 8, ""n_results"": 8, ""user_lock_acquisitions"": 0}",2026-08-12T05:52:38Z
exp3_writer,single,indexed,8,measured,24,23,0.012349,831537362.1859643,,,"{""sum_rel_diff"": 0.0, ""log_entries"": 8, ""n_results"": 8, ""user_lock_acquisitions"": 0}",2026-08-12T05:52:38Z
exp3_writer,single,lock,8,measured,3,24,0.012691,831537362.1859643,,,"{""sum_rel_diff"": 0.0, ""log_entries"": 8, ""n_results"": 8, ""user_lock_acquisitions"": 8}",2026-08-12T05:52:38Z
exp3_writer,single,indexed,8,measured,18,25,0.012863,831537362.1859643,,,"{""sum_rel_diff"": 0.0, ""log_entries"": 8, ""n_results"": 8, ""user_lock_acquisitions"": 0}",2026-08-12T05:52:38Z
exp3_writer,single,lock,8,measured,20,26,0.012539,831537362.1859643,,,"{""sum_rel_diff"": 0.0, ""log_entries"": 8, ""n_results"": 8, ""user_lock_acquisitions"": 8}",2026-08-12T05:52:38Z
exp3_writer,single,indexed,8,measured,1,27,0.013340,831537362.1859643,,,"{""sum_rel_diff"": 0.0, ""log_entries"": 8, ""n_results"": 8, ""user_lock_acquisitions"": 0}",2026-08-12T05:52:38Z
exp3_writer,single,lock,8,measured,13,28,0.012777,831537362.1859643,,,"{""sum_rel_diff"": 0.0, ""log_entries"": 8, ""n_results"": 8, ""user_lock_acquisitions"": 8}",2026-08-12T05:52:38Z
exp3_writer,single,writer,8,measured,9,29,0.012735,831537362.1859643,,,"{""sum_rel_diff"": 0.0, ""log_entries"": 8, ""n_results"": 8, ""user_lock_acquisitions"": 0}",2026-08-12T05:52:38Z
exp3_writer,single,writer,8,measured,2,30,0.012836,831537362.1859643,,,"{""sum_rel_diff"": 0.0, ""log_entries"": 8, ""n_results"": 8, ""user_lock_acquisitions"": 0}",2026-08-12T05:52:38Z
exp3_writer,single,writer,8,measured,5,31,0.012997,831537362.1859643,,,"{""sum_rel_diff"": 0.0, ""log_entries"": 8, ""n_results"": 8, ""user_lock_acquisitions"": 0}",2026-08-12T05:52:38Z
exp3_writer,single,indexed,8,measured,20,32,0.012844,831537362.1859643,,,"{""sum_rel_diff"": 0.0, ""log_entries"": 8, ""n_results"": 8, ""user_lock_acquisitions"": 0}",2026-08-12T05:52:38Z
exp3_writer,single,record,8,measured,18,33,0.013168,831537362.1859643,,,"{""sum_rel_diff"": 0.0, ""log_entries"": 8, ""n_results"": 8, ""user_lock_acquisitions"": 0}",2026-08-12T05:52:38Z
exp3_writer,single,writer,8,measured,25,34,0.012977,831537362.1859643,,,"{""sum_rel_diff"": 0.0, ""log_entries"": 8, ""n_results"": 8, ""user_lock_acquisitions"": 0}",2026-08-12T05:52:38Z
exp3_writer,single,writer,8,measured,18,35,0.013331,831537362.1859643,,,"{""sum_rel_diff"": 0.0, ""log_entries"": 8, ""n_results"": 8, ""user_lock_acquisitions"": 0}",2026-08-12T05:52:38Z
exp3_writer,single,indexed,8,measured,28,36,0.013501,831537362.1859643,,,"{""sum_rel_diff"": 0.0, ""log_entries"": 8, ""n_results"": 8, ""user_lock_acquisitions"": 0}",2026-08-12T05:52:38Z
exp3_writer,single,lock,8,measured,2,37,0.013600,831537362.1859643,,,"{""sum_rel_diff"": 0.0, ""log_entries"": 8, ""n_results"": 8, ""user_lock_acquisitions"": 8}",2026-08-12T05:52:38Z
exp3_writer,single,record,8,measured,20,38,0.013445,831537362.1859643,,,"{""sum_rel_diff"": 0.0, ""log_entries"": 8, ""n_results"": 8, ""user_lock_acquisitions"": 0}",2026-08-12T05:52:38Z
exp3_writer,single,lock,8,measured,0,39,0.013341,831537362.1859643,,,"{""sum_rel_diff"": 0.0, ""log_entries"": 8, ""n_results"": 8, ""user_lock_acquisitions"": 8}",2026-08-12T05:52:38Z
exp3_writer,single,writer,8,measured,12,40,0.013328,831537362.1859643,,,"{""sum_rel_diff"": 0.0, ""log_entries"": 8, ""n_results"": 8, ""user_lock_acquisitions"": 0}",2026-08-12T05:52:38Z
exp3_writer,single,indexed,8,measured,23,41,0.013965,831537362.1859643,,,"{""sum_rel_diff"": 0.0, ""log_entries"": 8, ""n_results"": 8, ""user_lock_acquisitions"": 0}",2026-08-12T05:52:38Z
exp3_writer,single,record,8,measured,2,42,0.013545,831537362.1859643,,,"{""sum_rel_diff"": 0.0, ""log_entries"": 8, ""n_results"": 8, ""user_lock_acquisitions"": 0}",2026-08-12T05:52:38Z
exp3_writer,single,indexed,8,measured,5,43,0.013589,831537362.1859643,,,"{""sum_rel_diff"": 0.0, ""log_entries"": 8, ""n_results"": 8, ""user_lock_acquisitions"": 0}",2026-08-12T05:52:38Z
exp3_writer,single,record,8,measured,12,44,0.013961,831537362.1859643,,,"{""sum_rel_diff"": 0.0, ""log_entries"": 8, ""n_results"": 8, ""user_lock_acquisitions"": 0}",2026-08-12T05:52:38Z
exp3_writer,single,writer,8,measured,15,45,0.013624,831537362.1859643,,,"{""sum_rel_diff"": 0.0, ""log_entries"": 8, ""n_results"": 8, ""user_lock_acquisitions"": 0}",2026-08-12T05:52:38Z
exp3_writer,single,indexed,8,measured,2,46,0.013777,831537362.1859643,,,"{""sum_rel_diff"": 0.0, ""log_entries"": 8, ""n_results"": 8, ""user_lock_acquisitions"": 0}",2026-08-12T05:52:39Z
exp3_writer,single,writer,8,measured,10,47,0.013596,831537362.1859643,,,"{""sum_rel_diff"": 0.0, ""log_entries"": 8, ""n_results"": 8, ""user_lock_acquisitions"": 0}",2026-08-12T05:52:39Z
exp3_writer,single,writer,8,measured,24,48,0.013999,831537362.1859643,,,"{""sum_rel_diff"": 0.0, ""log_entries"": 8, ""n_results"": 8, ""user_lock_acquisitions"": 0}",2026-08-12T05:52:39Z
exp3_writer,single,record,8,measured,25,49,0.014197,831537362.1859643,,,"{""sum_rel_diff"": 0.0, ""log_entries"": 8, ""n_results"": 8, ""user_lock_acquisitions"": 0}",2026-08-12T05:52:39Z
exp3_writer,single,record,8,measured,11,50,0.013364,831537362.1859643,,,"{""sum_rel_diff"": 0.0, ""log_entries"": 8, ""n_results"": 8, ""user_lock_acquisitions"": 0}",2026-08-12T05:52:39Z
exp3_writer,single,record,8,measured,0,51,0.013446,831537362.1859643,,,"{""sum_rel_diff"": 0.0, ""log_entries"": 8, ""n_results"": 8, ""user_lock_acquisitions"": 0}",2026-08-12T05:52:39Z
exp3_writer,single,lock,8,measured,29,52,0.013648,831537362.1859643,,,"{""sum_rel_diff"": 0.0, ""log_entries"": 8, ""n_results"": 8, ""user_lock_acquisitions"": 8}",2026-08-12T05:52:39Z
exp3_writer,single,indexed,8,measured,15,53,0.013576,831537362.1859643,,,"{""sum_rel_diff"": 0.0, ""log_entries"": 8, ""n_results"": 8, ""user_lock_acquisitions"": 0}",2026-08-12T05:52:39Z
exp3_writer,single,indexed,8,measured,13,54,0.013524,831537362.1859643,,,"{""sum_rel_diff"": 0.0, ""log_entries"": 8, ""n_results"": 8, ""user_lock_acquisitions"": 0}",2026-08-12T05:52:39Z
exp3_writer,single,lock,8,measured,27,55,0.013597,831537362.1859643,,,"{""sum_rel_diff"": 0.0, ""log_entries"": 8, ""n_results"": 8, ""user_lock_acquisitions"": 8}",2026-08-12T05:52:39Z
exp3_writer,single,lock,8,measured,21,56,0.013835,831537362.1859643,,,"{""sum_rel_diff"": 0.0, ""log_entries"": 8, ""n_results"": 8, ""user_lock_acquisitions"": 8}",2026-08-12T05:52:39Z
exp3_writer,single,writer,8,measured,7,57,0.013435,831537362.1859643,,,"{""sum_rel_diff"": 0.0, ""log_entries"": 8, ""n_results"": 8, ""user_lock_acquisitions"": 0}",2026-08-12T05:52:39Z
exp3_writer,single,indexed,8,measured,6,58,0.013504,831537362.1859643,,,"{""sum_rel_diff"": 0.0, ""log_entries"": 8, ""n_results"": 8, ""user_lock_acquisitions"": 0}",2026-08-12T05:52:39Z
exp3_writer,single,indexed,8,measured,7,59,0.013542,831537362.1859643,,,"{""sum_rel_diff"": 0.0, ""log_entries"": 8, ""n_results"": 8, ""user_lock_acquisitions"": 0}",2026-08-12T05:52:39Z
exp3_writer,single,record,8,measured,1,60,0.016254,831537362.1859643,,,"{""sum_rel_diff"": 0.0, ""log_entries"": 8, ""n_results"": 8, ""user_lock_acquisitions"": 0}",2026-08-12T05:52:39Z
exp3_writer,single,lock,8,measured,6,61,0.013397,831537362.1859643,,,"{""sum_rel_diff"": 0.0, ""log_entries"": 8, ""n_results"": 8, ""user_lock_acquisitions"": 8}",2026-08-12T05:52:39Z
exp3_writer,single,record,8,measured,15,62,0.013701,831537362.1859643,,,"{""sum_rel_diff"": 0.0, ""log_entries"": 8, ""n_results"": 8, ""user_lock_acquisitions"": 0}",2026-08-12T05:52:39Z
exp3_writer,single,indexed,8,measured,0,63,0.013650,831537362.1859643,,,"{""sum_rel_diff"": 0.0, ""log_entries"": 8, ""n_results"": 8, ""user_lock_acquisitions"": 0}",2026-08-12T05:52:39Z
exp3_writer,single,indexed,8,measured,29,64,0.013509,831537362.1859643,,,"{""sum_rel_diff"": 0.0, ""log_entries"": 8, ""n_results"": 8, ""user_lock_acquisitions"": 0}",2026-08-12T05:52:39Z
exp3_writer,single,record,8,measured,6,65,0.013869,831537362.1859643,,,"{""sum_rel_diff"": 0.0, ""log_entries"": 8, ""n_results"": 8, ""user_lock_acquisitions"": 0}",2026-08-12T05:52:39Z
exp3_writer,single,indexed,8,measured,17,66,0.013538,831537362.1859643,,,"{""sum_rel_diff"": 0.0, ""log_entries"": 8, ""n_results"": 8, ""user_lock_acquisitions"": 0}",2026-08-12T05:52:39Z
exp3_writer,single,lock,8,measured,16,67,0.013526,831537362.1859643,,,"{""sum_rel_diff"": 0.0, ""log_entries"": 8, ""n_results"": 8, ""user_lock_acquisitions"": 8}",2026-08-12T05:52:39Z
exp3_writer,single,record,8,measured,5,68,0.013221,831537362.1859643,,,"{""sum_rel_diff"": 0.0, ""log_entries"": 8, ""n_results"": 8, ""user_lock_acquisitions"": 0}",2026-08-12T05:52:39Z
exp3_writer,single,indexed,8,measured,22,69,0.013292,831537362.1859643,,,"{""sum_rel_diff"": 0.0, ""log_entries"": 8, ""n_results"": 8, ""user_lock_acquisitions"": 0}",2026-08-12T05:52:39Z
exp3_writer,single,indexed,8,measured,4,70,0.014114,831537362.1859643,,,"{""sum_rel_diff"": 0.0, ""log_entries"": 8, ""n_results"": 8, ""user_lock_acquisitions"": 0}",2026-08-12T05:52:39Z
exp3_writer,single,writer,8,measured,0,71,0.013188,831537362.1859643,,,"{""sum_rel_diff"": 0.0, ""log_entries"": 8, ""n_results"": 8, ""user_lock_acquisitions"": 0}",2026-08-12T05:52:39Z
exp3_writer,single,lock,8,measured,25,72,0.012683,831537362.1859643,,,"{""sum_rel_diff"": 0.0, ""log_entries"": 8, ""n_results"": 8, ""user_lock_acquisitions"": 8}",2026-08-12T05:52:39Z
exp3_writer,single,record,8,measured,4,73,0.012949,831537362.1859643,,,"{""sum_rel_diff"": 0.0, ""log_entries"": 8, ""n_results"": 8, ""user_lock_acquisitions"": 0}",2026-08-12T05:52:39Z
exp3_writer,single,lock,8,measured,7,74,0.012904,831537362.1859643,,,"{""sum_rel_diff"": 0.0, ""log_entries"": 8, ""n_results"": 8, ""user_lock_acquisitions"": 8}",2026-08-12T05:52:39Z
exp3_writer,single,record,8,measured,29,75,0.012905,831537362.1859643,,,"{""sum_rel_diff"": 0.0, ""log_entries"": 8, ""n_results"": 8, ""user_lock_acquisitions"": 0}",2026-08-12T05:52:39Z
exp3_writer,single,indexed,8,measured,8,76,0.012853,831537362.1859643,,,"{""sum_rel_diff"": 0.0, ""log_entries"": 8, ""n_results"": 8, ""user_lock_acquisitions"": 0}",2026-08-12T05:52:39Z
exp3_writer,single,record,8,measured,26,77,0.012894,831537362.1859643,,,"{""sum_rel_diff"": 0.0, ""log_entries"": 8, ""n_results"": 8, ""user_lock_acquisitions"": 0}",2026-08-12T05:52:39Z
exp3_writer,single,writer,8,measured,27,78,0.013005,831537362.1859643,,,"{""sum_rel_diff"": 0.0, ""log_entries"": 8, ""n_results"": 8, ""user_lock_acquisitions"": 0}",2026-08-12T05:52:39Z
exp3_writer,single,indexed,8,measured,3,79,0.013122,831537362.1859643,,,"{""sum_rel_diff"": 0.0, ""log_entries"": 8, ""n_results"": 8, ""user_lock_acquisitions"": 0}",2026-08-12T05:52:39Z
exp3_writer,single,record,8,measured,23,80,0.012716,831537362.1859643,,,"{""sum_rel_diff"": 0.0, ""log_entries"": 8, ""n_results"": 8, ""user_lock_acquisitions"": 0}",2026-08-12T05:52:39Z
exp3_writer,single,writer,8,measured,1,81,0.012852,831537362.1859643,,,"{""sum_rel_diff"": 0.0, ""log_entries"": 8, ""n_results"": 8, ""user_lock_acquisitions"": 0}",2026-08-12T05:52:39Z
exp3_writer,single,record,8,measured,9,82,0.012314,831537362.1859643,,,"{""sum_rel_diff"": 0.0, ""log_entries"": 8, ""n_results"": 8, ""user_lock_acquisitions"": 0}",2026-08-12T05:52:39Z
exp3_writer,single,writer,8,measured,28,83,0.012657,831537362.1859643,,,"{""sum_rel_diff"": 0.0, ""log_entries"": 8, ""n_results"": 8, ""user_lock_acquisitions"": 0}",2026-08-12T05:52:39Z
exp3_writer,single,lock,8,measured,11,84,0.012920,831537362.1859643,,,"{""sum_rel_diff"": 0.0, ""log_entries"": 8, ""n_results"": 8, ""user_lock_acquisitions"": 8}",2026-08-12T05:52:39Z
exp3_writer,single,lock,8,measured,18,85,0.012443,831537362.1859643,,,"{""sum_rel_diff"": 0.0, ""log_entries"": 8, ""n_results"": 8, ""user_lock_acquisitions"": 8}",2026-08-12T05:52:39Z
exp3_writer,single,writer,8,measured,20,86,0.012937,831537362.1859643,,,"{""sum_rel_diff"": 0.0, ""log_entries"": 8, ""n_results"": 8, ""user_lock_acquisitions"": 0}",2026-08-12T05:52:39Z
exp3_writer,single,writer,8,measured,19,87,0.012713,831537362.1859643,,,"{""sum_rel_diff"": 0.0, ""log_entries"": 8, ""n_results"": 8, ""user_lock_acquisitions"": 0}",2026-08-12T05:52:39Z
exp3_writer,single,lock,8,measured,8,88,0.013125,831537362.1859643,,,"{""sum_rel_diff"": 0.0, ""log_entries"": 8, ""n_results"": 8, ""user_lock_acquisitions"": 8}",2026-08-12T05:52:39Z
exp3_writer,single,lock,8,measured,28,89,0.012986,831537362.1859643,,,"{""sum_rel_diff"": 0.0, ""log_entries"": 8, ""n_results"": 8, ""user_lock_acquisitions"": 8}",2026-08-12T05:52:39Z
exp3_writer,single,writer,8,measured,29,90,0.013092,831537362.1859643,,,"{""sum_rel_diff"": 0.0, ""log_entries"": 8, ""n_results"": 8, ""user_lock_acquisitions"": 0}",2026-08-12T05:52:39Z
exp3_writer,single,record,8,measured,3,91,0.012760,831537362.1859643,,,"{""sum_rel_diff"": 0.0, ""log_entries"": 8, ""n_results"": 8, ""user_lock_acquisitions"": 0}",2026-08-12T05:52:39Z
exp3_writer,single,indexed,8,measured,10,92,0.013170,831537362.1859643,,,"{""sum_rel_diff"": 0.0, ""log_entries"": 8, ""n_results"": 8, ""user_lock_acquisitions"": 0}",2026-08-12T05:52:39Z
exp3_writer,single,writer,8,measured,21,93,0.013060,831537362.1859643,,,"{""sum_rel_diff"": 0.0, ""log_entries"": 8, ""n_results"": 8, ""user_lock_acquisitions"": 0}",2026-08-12T05:52:39Z
exp3_writer,single,lock,8,measured,1,94,0.012589,831537362.1859643,,,"{""sum_rel_diff"": 0.0, ""log_entries"": 8, ""n_results"": 8, ""user_lock_acquisitions"": 8}",2026-08-12T05:52:39Z
exp3_writer,single,record,8,measured,10,95,0.012761,831537362.1859643,,,"{""sum_rel_diff"": 0.0, ""log_entries"": 8, ""n_results"": 8, ""user_lock_acquisitions"": 0}",2026-08-12T05:52:39Z
exp3_writer,single,indexed,8,measured,19,96,0.012749,831537362.1859643,,,"{""sum_rel_diff"": 0.0, ""log_entries"": 8, ""n_results"": 8, ""user_lock_acquisitions"": 0}",2026-08-12T05:52:39Z
exp3_writer,single,writer,8,measured,16,97,0.012666,831537362.1859643,,,"{""sum_rel_diff"": 0.0, ""log_entries"": 8, ""n_results"": 8, ""user_lock_acquisitions"": 0}",2026-08-12T05:52:39Z
exp3_writer,single,writer,8,measured,22,98,0.012490,831537362.1859643,,,"{""sum_rel_diff"": 0.0, ""log_entries"": 8, ""n_results"": 8, ""user_lock_acquisitions"": 0}",2026-08-12T05:52:39Z
exp3_writer,single,writer,8,measured,17,99,0.012700,831537362.1859643,,,"{""sum_rel_diff"": 0.0, ""log_entries"": 8, ""n_results"": 8, ""user_lock_acquisitions"": 0}",2026-08-12T05:52:39Z
exp3_writer,single,writer,8,measured,13,100,0.012618,831537362.1859643,,,"{""sum_rel_diff"": 0.0, ""log_entries"": 8, ""n_results"": 8, ""user_lock_acquisitions"": 0}",2026-08-12T05:52:39Z
exp3_writer,single,record,8,measured,16,101,0.012317,831537362.1859643,,,"{""sum_rel_diff"": 0.0, ""log_entries"": 8, ""n_results"": 8, ""user_lock_acquisitions"": 0}",2026-08-12T05:52:39Z
exp3_writer,single,indexed,8,measured,21,102,0.012611,831537362.1859643,,,"{""sum_rel_diff"": 0.0, ""log_entries"": 8, ""n_results"": 8, ""user_lock_acquisitions"": 0}",2026-08-12T05:52:39Z
exp3_writer,single,writer,8,measured,23,103,0.012641,831537362.1859643,,,"{""sum_rel_diff"": 0.0, ""log_entries"": 8, ""n_results"": 8, ""user_lock_acquisitions"": 0}",2026-08-12T05:52:39Z
exp3_writer,single,record,8,measured,24,104,0.012243,831537362.1859643,,,"{""sum_rel_diff"": 0.0, ""log_entries"": 8, ""n_results"": 8, ""user_lock_acquisitions"": 0}",2026-08-12T05:52:39Z
exp3_writer,single,lock,8,measured,4,105,0.012407,831537362.1859643,,,"{""sum_rel_diff"": 0.0, ""log_entries"": 8, ""n_results"": 8, ""user_lock_acquisitions"": 8}",2026-08-12T05:52:39Z
exp3_writer,single,writer,8,measured,6,106,0.012969,831537362.1859643,,,"{""sum_rel_diff"": 0.0, ""log_entries"": 8, ""n_results"": 8, ""user_lock_acquisitions"": 0}",2026-08-12T05:52:39Z
exp3_writer,single,indexed,8,measured,25,107,0.012801,831537362.1859643,,,"{""sum_rel_diff"": 0.0, ""log_entries"": 8, ""n_results"": 8, ""user_lock_acquisitions"": 0}",2026-08-12T05:52:39Z
exp3_writer,single,writer,8,measured,11,108,0.012696,831537362.1859643,,,"{""sum_rel_diff"": 0.0, ""log_entries"": 8, ""n_results"": 8, ""user_lock_acquisitions"": 0}",2026-08-12T05:52:39Z
exp3_writer,single,lock,8,measured,14,109,0.012873,831537362.1859643,,,"{""sum_rel_diff"": 0.0, ""log_entries"": 8, ""n_results"": 8, ""user_lock_acquisitions"": 8}",2026-08-12T05:52:39Z
exp3_writer,single,indexed,8,measured,26,110,0.012966,831537362.1859643,,,"{""sum_rel_diff"": 0.0, ""log_entries"": 8, ""n_results"": 8, ""user_lock_acquisitions"": 0}",2026-08-12T05:52:39Z
exp3_writer,single,indexed,8,measured,9,111,0.012818,831537362.1859643,,,"{""sum_rel_diff"": 0.0, ""log_entries"": 8, ""n_results"": 8, ""user_lock_acquisitions"": 0}",2026-08-12T05:52:39Z
exp3_writer,single,lock,8,measured,15,112,0.012921,831537362.1859643,,,"{""sum_rel_diff"": 0.0, ""log_entries"": 8, ""n_results"": 8, ""user_lock_acquisitions"": 8}",2026-08-12T05:52:39Z
exp3_writer,single,lock,8,measured,5,113,0.013154,831537362.1859643,,,"{""sum_rel_diff"": 0.0, ""log_entries"": 8, ""n_results"": 8, ""user_lock_acquisitions"": 8}",2026-08-12T05:52:39Z
exp3_writer,single,record,8,measured,8,114,0.013004,831537362.1859643,,,"{""sum_rel_diff"": 0.0, ""log_entries"": 8, ""n_results"": 8, ""user_lock_acquisitions"": 0}",2026-08-12T05:52:39Z
exp3_writer,single,indexed,8,measured,27,115,0.013004,831537362.1859643,,,"{""sum_rel_diff"": 0.0, ""log_entries"": 8, ""n_results"": 8, ""user_lock_acquisitions"": 0}",2026-08-12T05:52:39Z
exp3_writer,single,writer,8,measured,8,116,0.012824,831537362.1859643,,,"{""sum_rel_diff"": 0.0, ""log_entries"": 8, ""n_results"": 8, ""user_lock_acquisitions"": 0}",2026-08-12T05:52:39Z
exp3_writer,single,writer,8,measured,3,117,0.013051,831537362.1859643,,,"{""sum_rel_diff"": 0.0, ""log_entries"": 8, ""n_results"": 8, ""user_lock_acquisitions"": 0}",2026-08-12T05:52:39Z
exp3_writer,single,lock,8,measured,9,118,0.013055,831537362.1859643,,,"{""sum_rel_diff"": 0.0, ""log_entries"": 8, ""n_results"": 8, ""user_lock_acquisitions"": 8}",2026-08-12T05:52:39Z
exp3_writer,single,record,8,measured,21,119,0.012775,831537362.1859643,,,"{""sum_rel_diff"": 0.0, ""log_entries"": 8, ""n_results"": 8, ""user_lock_acquisitions"": 0}",2026-08-12T05:52:39Z
exp3_writer,single,indexed,8,measured,16,120,0.012620,831537362.1859643,,,"{""sum_rel_diff"": 0.0, ""log_entries"": 8, ""n_results"": 8, ""user_lock_acquisitions"": 0}",2026-08-12T05:52:39Z
exp3_writer,single,indexed,8,measured,14,121,0.012923,831537362.1859643,,,"{""sum_rel_diff"": 0.0, ""log_entries"": 8, ""n_results"": 8, ""user_lock_acquisitions"": 0}",2026-08-12T05:52:40Z
exp3_writer,single,lock,8,measured,12,122,0.013322,831537362.1859643,,,"{""sum_rel_diff"": 0.0, ""log_entries"": 8, ""n_results"": 8, ""user_lock_acquisitions"": 8}",2026-08-12T05:52:40Z
exp3_writer,single,record,8,measured,13,123,0.013030,831537362.1859643,,,"{""sum_rel_diff"": 0.0, ""log_entries"": 8, ""n_results"": 8, ""user_lock_acquisitions"": 0}",2026-08-12T05:52:40Z
exp3_writer,single,lock,8,measured,23,124,0.013642,831537362.1859643,,,"{""sum_rel_diff"": 0.0, ""log_entries"": 8, ""n_results"": 8, ""user_lock_acquisitions"": 8}",2026-08-12T05:52:40Z
exp3_writer,single,lock,8,measured,24,125,0.013343,831537362.1859643,,,"{""sum_rel_diff"": 0.0, ""log_entries"": 8, ""n_results"": 8, ""user_lock_acquisitions"": 8}",2026-08-12T05:52:40Z
exp3_writer,single,record,8,measured,7,126,0.012879,831537362.1859643,,,"{""sum_rel_diff"": 0.0, ""log_entries"": 8, ""n_results"": 8, ""user_lock_acquisitions"": 0}",2026-08-12T05:52:40Z
exp3_writer,single,indexed,8,measured,12,127,0.013079,831537362.1859643,,,"{""sum_rel_diff"": 0.0, ""log_entries"": 8, ""n_results"": 8, ""user_lock_acquisitions"": 0}",2026-08-12T05:52:40Z
exp3_writer,single,writer,8,measured,14,128,0.013188,831537362.1859643,,,"{""sum_rel_diff"": 0.0, ""log_entries"": 8, ""n_results"": 8, ""user_lock_acquisitions"": 0}",2026-08-12T05:52:40Z
exp3_writer,single,lock,8,measured,19,129,0.013313,831537362.1859643,,,"{""sum_rel_diff"": 0.0, ""log_entries"": 8, ""n_results"": 8, ""user_lock_acquisitions"": 8}",2026-08-12T05:52:40Z
exp3_writer,single,lock,8,measured,22,130,0.012822,831537362.1859643,,,"{""sum_rel_diff"": 0.0, ""log_entries"": 8, ""n_results"": 8, ""user_lock_acquisitions"": 8}",2026-08-12T05:52:40Z
exp3_writer,single,lock,8,measured,10,131,0.013116,831537362.1859643,,,"{""sum_rel_diff"": 0.0, ""log_entries"": 8, ""n_results"": 8, ""user_lock_acquisitions"": 8}",2026-08-12T05:52:40Z
exp3_writer,single,lock,10,warmup,2,0,0.012712,831537362.1859643,,,"{""sum_rel_diff"": 0.0, ""log_entries"": 10, ""n_results"": 10, ""user_lock_acquisitions"": 10}",2026-08-12T05:52:40Z
exp3_writer,single,writer,10,warmup,0,1,0.011001,831537362.1859643,,,"{""sum_rel_diff"": 0.0, ""log_entries"": 10, ""n_results"": 10, ""user_lock_acquisitions"": 0}",2026-08-12T05:52:40Z
exp3_writer,single,record,10,warmup,1,2,0.010828,831537362.1859643,,,"{""sum_rel_diff"": 0.0, ""log_entries"": 10, ""n_results"": 10, ""user_lock_acquisitions"": 0}",2026-08-12T05:52:40Z
exp3_writer,single,lock,10,warmup,1,3,0.011124,831537362.1859643,,,"{""sum_rel_diff"": 0.0, ""log_entries"": 10, ""n_results"": 10, ""user_lock_acquisitions"": 10}",2026-08-12T05:52:40Z
exp3_writer,single,indexed,10,warmup,0,4,0.011027,831537362.1859643,,,"{""sum_rel_diff"": 0.0, ""log_entries"": 10, ""n_results"": 10, ""user_lock_acquisitions"": 0}",2026-08-12T05:52:40Z
exp3_writer,single,writer,10,warmup,2,5,0.011203,831537362.1859643,,,"{""sum_rel_diff"": 0.0, ""log_entries"": 10, ""n_results"": 10, ""user_lock_acquisitions"": 0}",2026-08-12T05:52:40Z
exp3_writer,single,indexed,10,warmup,2,6,0.011490,831537362.1859643,,,"{""sum_rel_diff"": 0.0, ""log_entries"": 10, ""n_results"": 10, ""user_lock_acquisitions"": 0}",2026-08-12T05:52:40Z
exp3_writer,single,indexed,10,warmup,1,7,0.011345,831537362.1859643,,,"{""sum_rel_diff"": 0.0, ""log_entries"": 10, ""n_results"": 10, ""user_lock_acquisitions"": 0}",2026-08-12T05:52:40Z
exp3_writer,single,lock,10,warmup,0,8,0.010915,831537362.1859643,,,"{""sum_rel_diff"": 0.0, ""log_entries"": 10, ""n_results"": 10, ""user_lock_acquisitions"": 10}",2026-08-12T05:52:40Z
exp3_writer,single,record,10,warmup,0,9,0.010773,831537362.1859643,,,"{""sum_rel_diff"": 0.0, ""log_entries"": 10, ""n_results"": 10, ""user_lock_acquisitions"": 0}",2026-08-12T05:52:40Z
exp3_writer,single,writer,10,warmup,1,10,0.011337,831537362.1859643,,,"{""sum_rel_diff"": 0.0, ""log_entries"": 10, ""n_results"": 10, ""user_lock_acquisitions"": 0}",2026-08-12T05:52:40Z
exp3_writer,single,record,10,warmup,2,11,0.011061,831537362.1859643,,,"{""sum_rel_diff"": 0.0, ""log_entries"": 10, ""n_results"": 10, ""user_lock_acquisitions"": 0}",2026-08-12T05:52:40Z
exp3_writer,single,lock,10,measured,14,12,0.011145,831537362.1859643,,,"{""sum_rel_diff"": 0.0, ""log_entries"": 10, ""n_results"": 10, ""user_lock_acquisitions"": 10}",2026-08-12T05:52:40Z
exp3_writer,single,lock,10,measured,22,13,0.011184,831537362.1859643,,,"{""sum_rel_diff"": 0.0, ""log_entries"": 10, ""n_results"": 10, ""user_lock_acquisitions"": 10}",2026-08-12T05:52:40Z
exp3_writer,single,indexed,10,measured,5,14,0.011100,831537362.1859643,,,"{""sum_rel_diff"": 0.0, ""log_entries"": 10, ""n_results"": 10, ""user_lock_acquisitions"": 0}",2026-08-12T05:52:40Z
exp3_writer,single,lock,10,measured,28,15,0.010941,831537362.1859643,,,"{""sum_rel_diff"": 0.0, ""log_entries"": 10, ""n_results"": 10, ""user_lock_acquisitions"": 10}",2026-08-12T05:52:40Z
exp3_writer,single,indexed,10,measured,22,16,0.010862,831537362.1859643,,,"{""sum_rel_diff"": 0.0, ""log_entries"": 10, ""n_results"": 10, ""user_lock_acquisitions"": 0}",2026-08-12T05:52:40Z
exp3_writer,single,indexed,10,measured,21,17,0.010744,831537362.1859643,,,"{""sum_rel_diff"": 0.0, ""log_entries"": 10, ""n_results"": 10, ""user_lock_acquisitions"": 0}",2026-08-12T05:52:40Z
exp3_writer,single,record,10,measured,7,18,0.011017,831537362.1859643,,,"{""sum_rel_diff"": 0.0, ""log_entries"": 10, ""n_results"": 10, ""user_lock_acquisitions"": 0}",2026-08-12T05:52:40Z
exp3_writer,single,lock,10,measured,25,19,0.010758,831537362.1859643,,,"{""sum_rel_diff"": 0.0, ""log_entries"": 10, ""n_results"": 10, ""user_lock_acquisitions"": 10}",2026-08-12T05:52:40Z
exp3_writer,single,indexed,10,measured,3,20,0.010924,831537362.1859643,,,"{""sum_rel_diff"": 0.0, ""log_entries"": 10, ""n_results"": 10, ""user_lock_acquisitions"": 0}",2026-08-12T05:52:40Z
exp3_writer,single,record,10,measured,18,21,0.010817,831537362.1859643,,,"{""sum_rel_diff"": 0.0, ""log_entries"": 10, ""n_results"": 10, ""user_lock_acquisitions"": 0}",2026-08-12T05:52:40Z
exp3_writer,single,writer,10,measured,15,22,0.010915,831537362.1859643,,,"{""sum_rel_diff"": 0.0, ""log_entries"": 10, ""n_results"": 10, ""user_lock_acquisitions"": 0}",2026-08-12T05:52:40Z
exp3_writer,single,writer,10,measured,19,23,0.010943,831537362.1859643,,,"{""sum_rel_diff"": 0.0, ""log_entries"": 10, ""n_results"": 10, ""user_lock_acquisitions"": 0}",2026-08-12T05:52:40Z
exp3_writer,single,writer,10,measured,1,24,0.010877,831537362.1859643,,,"{""sum_rel_diff"": 0.0, ""log_entries"": 10, ""n_results"": 10, ""user_lock_acquisitions"": 0}",2026-08-12T05:52:40Z
exp3_writer,single,writer,10,measured,0,25,0.011226,831537362.1859643,,,"{""sum_rel_diff"": 0.0, ""log_entries"": 10, ""n_results"": 10, ""user_lock_acquisitions"": 0}",2026-08-12T05:52:40Z
exp3_writer,single,writer,10,measured,17,26,0.011057,831537362.1859643,,,"{""sum_rel_diff"": 0.0, ""log_entries"": 10, ""n_results"": 10, ""user_lock_acquisitions"": 0}",2026-08-12T05:52:40Z
exp3_writer,single,writer,10,measured,10,27,0.010973,831537362.1859643,,,"{""sum_rel_diff"": 0.0, ""log_entries"": 10, ""n_results"": 10, ""user_lock_acquisitions"": 0}",2026-08-12T05:52:40Z
exp3_writer,single,indexed,10,measured,12,28,0.010590,831537362.1859643,,,"{""sum_rel_diff"": 0.0, ""log_entries"": 10, ""n_results"": 10, ""user_lock_acquisitions"": 0}",2026-08-12T05:52:40Z
exp3_writer,single,writer,10,measured,23,29,0.010860,831537362.1859643,,,"{""sum_rel_diff"": 0.0, ""log_entries"": 10, ""n_results"": 10, ""user_lock_acquisitions"": 0}",2026-08-12T05:52:40Z
exp3_writer,single,lock,10,measured,21,30,0.011073,831537362.1859643,,,"{""sum_rel_diff"": 0.0, ""log_entries"": 10, ""n_results"": 10, ""user_lock_acquisitions"": 10}",2026-08-12T05:52:40Z
exp3_writer,single,record,10,measured,26,31,0.011229,831537362.1859643,,,"{""sum_rel_diff"": 0.0, ""log_entries"": 10, ""n_results"": 10, ""user_lock_acquisitions"": 0}",2026-08-12T05:52:40Z
exp3_writer,single,lock,10,measured,2,32,0.011022,831537362.1859643,,,"{""sum_rel_diff"": 0.0, ""log_entries"": 10, ""n_results"": 10, ""user_lock_acquisitions"": 10}",2026-08-12T05:52:40Z
exp3_writer,single,writer,10,measured,21,33,0.011157,831537362.1859643,,,"{""sum_rel_diff"": 0.0, ""log_entries"": 10, ""n_results"": 10, ""user_lock_acquisitions"": 0}",2026-08-12T05:52:40Z
exp3_writer,single,indexed,10,measured,4,34,0.010964,831537362.1859643,,,"{""sum_rel_diff"": 0.0, ""log_entries"": 10, ""n_results"": 10, ""user_lock_acquisitions"": 0}",2026-08-12T05:52:40Z
exp3_writer,single,writer,10,measured,16,35,0.010816,831537362.1859643,,,"{""sum_rel_diff"": 0.0, ""log_entries"": 10, ""n_results"": 10, ""user_lock_acquisitions"": 0}",2026-08-12T05:52:40Z
exp3_writer,single,indexed,10,measured,28,36,0.011013,831537362.1859643,,,"{""sum_rel_diff"": 0.0, ""log_entries"": 10, ""n_results"": 10, ""user_lock_acquisitions"": 0}",2026-08-12T05:52:40Z
exp3_writer,single,indexed,10,measured,7,37,0.011185,831537362.1859643,,,"{""sum_rel_diff"": 0.0, ""log_entries"": 10, ""n_results"": 10, ""user_lock_acquisitions"": 0}",2026-08-12T05:52:40Z
exp3_writer,single,record,10,measured,22,38,0.011568,831537362.1859643,,,"{""sum_rel_diff"": 0.0, ""log_entries"": 10, ""n_results"": 10, ""user_lock_acquisitions"": 0}",2026-08-12T05:52:40Z
exp3_writer,single,record,10,measured,5,39,0.011305,831537362.1859643,,,"{""sum_rel_diff"": 0.0, ""log_entries"": 10, ""n_results"": 10, ""user_lock_acquisitions"": 0}",2026-08-12T05:52:40Z
exp3_writer,single,indexed,10,measured,11,40,0.011072,831537362.1859643,,,"{""sum_rel_diff"": 0.0, ""log_entries"": 10, ""n_results"": 10, ""user_lock_acquisitions"": 0}",2026-08-12T05:52:40Z
exp3_writer,single,indexed,10,measured,20,41,0.011106,831537362.1859643,,,"{""sum_rel_diff"": 0.0, ""log_entries"": 10, ""n_results"": 10, ""user_lock_acquisitions"": 0}",2026-08-12T05:52:40Z
exp3_writer,single,lock,10,measured,27,42,0.011485,831537362.1859643,,,"{""sum_rel_diff"": 0.0, ""log_entries"": 10, ""n_results"": 10, ""user_lock_acquisitions"": 10}",2026-08-12T05:52:40Z
exp3_writer,single,indexed,10,measured,25,43,0.011180,831537362.1859643,,,"{""sum_rel_diff"": 0.0, ""log_entries"": 10, ""n_results"": 10, ""user_lock_acquisitions"": 0}",2026-08-12T05:52:40Z
exp3_writer,single,indexed,10,measured,27,44,0.010753,831537362.1859643,,,"{""sum_rel_diff"": 0.0, ""log_entries"": 10, ""n_results"": 10, ""user_lock_acquisitions"": 0}",2026-08-12T05:52:40Z
exp3_writer,single,record,10,measured,2,45,0.010719,831537362.1859643,,,"{""sum_rel_diff"": 0.0, ""log_entries"": 10, ""n_results"": 10, ""user_lock_acquisitions"": 0}",2026-08-12T05:52:40Z
exp3_writer,single,lock,10,measured,17,46,0.010717,831537362.1859643,,,"{""sum_rel_diff"": 0.0, ""log_entries"": 10, ""n_results"": 10, ""user_lock_acquisitions"": 10}",2026-08-12T05:52:40Z
exp3_writer,single,record,10,measured,20,47,0.010740,831537362.1859643,,,"{""sum_rel_diff"": 0.0, ""log_entries"": 10, ""n_results"": 10, ""user_lock_acquisitions"": 0}",2026-08-12T05:52:40Z
exp3_writer,single,indexed,10,measured,13,48,0.010917,831537362.1859643,,,"{""sum_rel_diff"": 0.0, ""log_entries"": 10, ""n_results"": 10, ""user_lock_acquisitions"": 0}",2026-08-12T05:52:40Z
exp3_writer,single,lock,10,measured,23,49,0.010849,831537362.1859643,,,"{""sum_rel_diff"": 0.0, ""log_entries"": 10, ""n_results"": 10, ""user_lock_acquisitions"": 10}",2026-08-12T05:52:40Z
exp3_writer,single,record,10,measured,17,50,0.011558,831537362.1859643,,,"{""sum_rel_diff"": 0.0, ""log_entries"": 10, ""n_results"": 10, ""user_lock_acquisitions"": 0}",2026-08-12T05:52:40Z
exp3_writer,single,writer,10,measured,13,51,0.011375,831537362.1859643,,,"{""sum_rel_diff"": 0.0, ""log_entries"": 10, ""n_results"": 10, ""user_lock_acquisitions"": 0}",2026-08-12T05:52:40Z
exp3_writer,single,lock,10,measured,10,52,0.011314,831537362.1859643,,,"{""sum_rel_diff"": 0.0, ""log_entries"": 10, ""n_results"": 10, ""user_lock_acquisitions"": 10}",2026-08-12T05:52:40Z
exp3_writer,single,lock,10,measured,13,53,0.011226,831537362.1859643,,,"{""sum_rel_diff"": 0.0, ""log_entries"": 10, ""n_results"": 10, ""user_lock_acquisitions"": 10}",2026-08-12T05:52:40Z
exp3_writer,single,indexed,10,measured,2,54,0.011090,831537362.1859643,,,"{""sum_rel_diff"": 0.0, ""log_entries"": 10, ""n_results"": 10, ""user_lock_acquisitions"": 0}",2026-08-12T05:52:40Z
exp3_writer,single,lock,10,measured,5,55,0.010978,831537362.1859643,,,"{""sum_rel_diff"": 0.0, ""log_entries"": 10, ""n_results"": 10, ""user_lock_acquisitions"": 10}",2026-08-12T05:52:40Z
exp3_writer,single,record,10,measured,25,56,0.011006,831537362.1859643,,,"{""sum_rel_diff"": 0.0, ""log_entries"": 10, ""n_results"": 10, ""user_lock_acquisitions"": 0}",2026-08-12T05:52:40Z
exp3_writer,single,writer,10,measured,29,57,0.011586,831537362.1859643,,,"{""sum_rel_diff"": 0.0, ""log_entries"": 10, ""n_results"": 10, ""user_lock_acquisitions"": 0}",2026-08-12T05:52:40Z
exp3_writer,single,lock,10,measured,26,58,0.011271,831537362.1859643,,,"{""sum_rel_diff"": 0.0, ""log_entries"": 10, ""n_results"": 10, ""user_lock_acquisitions"": 10}",2026-08-12T05:52:40Z
exp3_writer,single,writer,10,measured,18,59,0.010891,831537362.1859643,,,"{""sum_rel_diff"": 0.0, ""log_entries"": 10, ""n_results"": 10, ""user_lock_acquisitions"": 0}",2026-08-12T05:52:40Z
exp3_writer,single,indexed,10,measured,8,60,0.010907,831537362.1859643,,,"{""sum_rel_diff"": 0.0, ""log_entries"": 10, ""n_results"": 10, ""user_lock_acquisitions"": 0}",2026-08-12T05:52:40Z
exp3_writer,single,lock,10,measured,1,61,0.010780,831537362.1859643,,,"{""sum_rel_diff"": 0.0, ""log_entries"": 10, ""n_results"": 10, ""user_lock_acquisitions"": 10}",2026-08-12T05:52:40Z
exp3_writer,single,indexed,10,measured,6,62,0.011098,831537362.1859643,,,"{""sum_rel_diff"": 0.0, ""log_entries"": 10, ""n_results"": 10, ""user_lock_acquisitions"": 0}",2026-08-12T05:52:40Z
exp3_writer,single,lock,10,measured,16,63,0.010704,831537362.1859643,,,"{""sum_rel_diff"": 0.0, ""log_entries"": 10, ""n_results"": 10, ""user_lock_acquisitions"": 10}",2026-08-12T05:52:40Z
exp3_writer,single,indexed,10,measured,16,64,0.010890,831537362.1859643,,,"{""sum_rel_diff"": 0.0, ""log_entries"": 10, ""n_results"": 10, ""user_lock_acquisitions"": 0}",2026-08-12T05:52:40Z
exp3_writer,single,record,10,measured,4,65,0.010607,831537362.1859643,,,"{""sum_rel_diff"": 0.0, ""log_entries"": 10, ""n_results"": 10, ""user_lock_acquisitions"": 0}",2026-08-12T05:52:40Z
exp3_writer,single,indexed,10,measured,19,66,0.011050,831537362.1859643,,,"{""sum_rel_diff"": 0.0, ""log_entries"": 10, ""n_results"": 10, ""user_lock_acquisitions"": 0}",2026-08-12T05:52:40Z
exp3_writer,single,indexed,10,measured,1,67,0.010752,831537362.1859643,,,"{""sum_rel_diff"": 0.0, ""log_entries"": 10, ""n_results"": 10, ""user_lock_acquisitions"": 0}",2026-08-12T05:52:40Z
exp3_writer,single,record,10,measured,28,68,0.010816,831537362.1859643,,,"{""sum_rel_diff"": 0.0, ""log_entries"": 10, ""n_results"": 10, ""user_lock_acquisitions"": 0}",2026-08-12T05:52:40Z
exp3_writer,single,lock,10,measured,18,69,0.010981,831537362.1859643,,,"{""sum_rel_diff"": 0.0, ""log_entries"": 10, ""n_results"": 10, ""user_lock_acquisitions"": 10}",2026-08-12T05:52:40Z
exp3_writer,single,record,10,measured,23,70,0.010933,831537362.1859643,,,"{""sum_rel_diff"": 0.0, ""log_entries"": 10, ""n_results"": 10, ""user_lock_acquisitions"": 0}",2026-08-12T05:52:40Z
exp3_writer,single,indexed,10,measured,0,71,0.010971,831537362.1859643,,,"{""sum_rel_diff"": 0.0, ""log_entries"": 10, ""n_results"": 10, ""user_lock_acquisitions"": 0}",2026-08-12T05:52:40Z
exp3_writer,single,record,10,measured,27,72,0.010678,831537362.1859643,,,"{""sum_rel_diff"": 0.0, ""log_entries"": 10, ""n_results"": 10, ""user_lock_acquisitions"": 0}",2026-08-12T05:52:40Z
exp3_writer,single,record,10,measured,0,73,0.010616,831537362.1859643,,,"{""sum_rel_diff"": 0.0, ""log_entries"": 10, ""n_results"": 10, ""user_lock_acquisitions"": 0}",2026-08-12T05:52:40Z
exp3_writer,single,indexed,10,measured,17,74,0.010686,831537362.1859643,,,"{""sum_rel_diff"": 0.0, ""log_entries"": 10, ""n_results"": 10, ""user_lock_acquisitions"": 0}",2026-08-12T05:52:40Z
exp3_writer,single,writer,10,measured,4,75,0.010675,831537362.1859643,,,"{""sum_rel_diff"": 0.0, ""log_entries"": 10, ""n_results"": 10, ""user_lock_acquisitions"": 0}",2026-08-12T05:52:40Z
exp3_writer,single,writer,10,measured,5,76,0.011411,831537362.1859643,,,"{""sum_rel_diff"": 0.0, ""log_entries"": 10, ""n_results"": 10, ""user_lock_acquisitions"": 0}",2026-08-12T05:52:40Z
exp3_writer,single,record,10,measured,16,77,0.010922,831537362.1859643,,,"{""sum_rel_diff"": 0.0, ""log_entries"": 10, ""n_results"": 10, ""user_lock_acquisitions"": 0}",2026-08-12T05:52:41Z
exp3_writer,single,indexed,10,measured,23,78,0.011019,831537362.1859643,,,"{""sum_rel_diff"": 0.0, ""log_entries"": 10, ""n_results"": 10, ""user_lock_acquisitions"": 0}",2026-08-12T05:52:41Z
exp3_writer,single,writer,10,measured,12,79,0.011134,831537362.1859643,,,"{""sum_rel_diff"": 0.0, ""log_entries"": 10, ""n_results"": 10, ""user_lock_acquisitions"": 0}",2026-08-12T05:52:41Z
exp3_writer,single,record,10,measured,24,80,0.010914,831537362.1859643,,,"{""sum_rel_diff"": 0.0, ""log_entries"": 10, ""n_results"": 10, ""user_lock_acquisitions"": 0}",2026-08-12T05:52:41Z
exp3_writer,single,lock,10,measured,20,81,0.011111,831537362.1859643,,,"{""sum_rel_diff"": 0.0, ""log_entries"": 10, ""n_results"": 10, ""user_lock_acquisitions"": 10}",2026-08-12T05:52:41Z
exp3_writer,single,record,10,measured,9,82,0.011030,831537362.1859643,,,"{""sum_rel_diff"": 0.0, ""log_entries"": 10, ""n_results"": 10, ""user_lock_acquisitions"": 0}",2026-08-12T05:52:41Z
exp3_writer,single,indexed,10,measured,24,83,0.011049,831537362.1859643,,,"{""sum_rel_diff"": 0.0, ""log_entries"": 10, ""n_results"": 10, ""user_lock_acquisitions"": 0}",2026-08-12T05:52:41Z
exp3_writer,single,record,10,measured,19,84,0.011082,831537362.1859643,,,"{""sum_rel_diff"": 0.0, ""log_entries"": 10, ""n_results"": 10, ""user_lock_acquisitions"": 0}",2026-08-12T05:52:41Z
exp3_writer,single,lock,10,measured,15,85,0.010952,831537362.1859643,,,"{""sum_rel_diff"": 0.0, ""log_entries"": 10, ""n_results"": 10, ""user_lock_acquisitions"": 10}",2026-08-12T05:52:41Z
exp3_writer,single,record,10,measured,29,86,0.010829,831537362.1859643,,,"{""sum_rel_diff"": 0.0, ""log_entries"": 10, ""n_results"": 10, ""user_lock_acquisitions"": 0}",2026-08-12T05:52:41Z
exp3_writer,single,record,10,measured,21,87,0.010792,831537362.1859643,,,"{""sum_rel_diff"": 0.0, ""log_entries"": 10, ""n_results"": 10, ""user_lock_acquisitions"": 0}",2026-08-12T05:52:41Z
exp3_writer,single,record,10,measured,12,88,0.010529,831537362.1859643,,,"{""sum_rel_diff"": 0.0, ""log_entries"": 10, ""n_results"": 10, ""user_lock_acquisitions"": 0}",2026-08-12T05:52:41Z
exp3_writer,single,writer,10,measured,20,89,0.010809,831537362.1859643,,,"{""sum_rel_diff"": 0.0, ""log_entries"": 10, ""n_results"": 10, ""user_lock_acquisitions"": 0}",2026-08-12T05:52:41Z
exp3_writer,single,writer,10,measured,9,90,0.010553,831537362.1859643,,,"{""sum_rel_diff"": 0.0, ""log_entries"": 10, ""n_results"": 10, ""user_lock_acquisitions"": 0}",2026-08-12T05:52:41Z
exp3_writer,single,lock,10,measured,4,91,0.010712,831537362.1859643,,,"{""sum_rel_diff"": 0.0, ""log_entries"": 10, ""n_results"": 10, ""user_lock_acquisitions"": 10}",2026-08-12T05:52:41Z
exp3_writer,single,writer,10,measured,25,92,0.010883,831537362.1859643,,,"{""sum_rel_diff"": 0.0, ""log_entries"": 10, ""n_results"": 10, ""user_lock_acquisitions"": 0}",2026-08-12T05:52:41Z
exp3_writer,single,lock,10,measured,8,93,0.010509,831537362.1859643,,,"{""sum_rel_diff"": 0.0, ""log_entries"": 10, ""n_results"": 10, ""user_lock_acquisitions"": 10}",2026-08-12T05:52:41Z
exp3_writer,single,writer,10,measured,26,94,0.010777,831537362.1859643,,,"{""sum_rel_diff"": 0.0, ""log_entries"": 10, ""n_results"": 10, ""user_lock_acquisitions"": 0}",2026-08-12T05:52:41Z
exp3_writer,single,lock,10,measured,24,95,0.011252,831537362.1859643,,,"{""sum_rel_diff"": 0.0, ""log_entries"": 10, ""n_results"": 10, ""user_lock_acquisitions"": 10}",2026-08-12T05:52:41Z
exp3_writer,single,writer,10,measured,2,96,0.010802,831537362.1859643,,,"{""sum_rel_diff"": 0.0, ""log_entries"": 10, ""n_results"": 10, ""user_lock_acquisitions"": 0}",2026-08-12T05:52:41Z
exp3_writer,single,lock,10,measured,9,97,0.010626,831537362.1859643,,,"{""sum_rel_diff"": 0.0, ""log_entries"": 10, ""n_results"": 10, ""user_lock_acquisitions"": 10}",2026-08-12T05:52:41Z
exp3_writer,single,record,10,measured,14,98,0.010986,831537362.1859643,,,"{""sum_rel_diff"": 0.0, ""log_entries"": 10, ""n_results"": 10, ""user_lock_acquisitions"": 0}",2026-08-12T05:52:41Z
exp3_writer,single,indexed,10,measured,26,99,0.010952,831537362.1859643,,,"{""sum_rel_diff"": 0.0, ""log_entries"": 10, ""n_results"": 10, ""user_lock_acquisitions"": 0}",2026-08-12T05:52:41Z
exp3_writer,single,writer,10,measured,28,100,0.010480,831537362.1859643,,,"{""sum_rel_diff"": 0.0, ""log_entries"": 10, ""n_results"": 10, ""user_lock_acquisitions"": 0}",2026-08-12T05:52:41Z
exp3_writer,single,lock,10,measured,3,101,0.010514,831537362.1859643,,,"{""sum_rel_diff"": 0.0, ""log_entries"": 10, ""n_results"": 10, ""user_lock_acquisitions"": 10}",2026-08-12T05:52:41Z
exp3_writer,single,writer,10,measured,24,102,0.011071,831537362.1859643,,,"{""sum_rel_diff"": 0.0, ""log_entries"": 10, ""n_results"": 10, ""user_lock_acquisitions"": 0}",2026-08-12T05:52:41Z
exp3_writer,single,indexed,10,measured,14,103,0.011027,831537362.1859643,,,"{""sum_rel_diff"": 0.0, ""log_entries"": 10, ""n_results"": 10, ""user_lock_acquisitions"": 0}",2026-08-12T05:52:41Z
exp3_writer,single,writer,10,measured,3,104,0.010762,831537362.1859643,,,"{""sum_rel_diff"": 0.0, ""log_entries"": 10, ""n_results"": 10, ""user_lock_acquisitions"": 0}",2026-08-12T05:52:41Z
exp3_writer,single,record,10,measured,1,105,0.010894,831537362.1859643,,,"{""sum_rel_diff"": 0.0, ""log_entries"": 10, ""n_results"": 10, ""user_lock_acquisitions"": 0}",2026-08-12T05:52:41Z
exp3_writer,single,writer,10,measured,6,106,0.010865,831537362.1859643,,,"{""sum_rel_diff"": 0.0, ""log_entries"": 10, ""n_results"": 10, ""user_lock_acquisitions"": 0}",2026-08-12T05:52:41Z
exp3_writer,single,record,10,measured,10,107,0.010806,831537362.1859643,,,"{""sum_rel_diff"": 0.0, ""log_entries"": 10, ""n_results"": 10, ""user_lock_acquisitions"": 0}",2026-08-12T05:52:41Z
exp3_writer,single,indexed,10,measured,29,108,0.010688,831537362.1859643,,,"{""sum_rel_diff"": 0.0, ""log_entries"": 10, ""n_results"": 10, ""user_lock_acquisitions"": 0}",2026-08-12T05:52:41Z
exp3_writer,single,writer,10,measured,22,109,0.011013,831537362.1859643,,,"{""sum_rel_diff"": 0.0, ""log_entries"": 10, ""n_results"": 10, ""user_lock_acquisitions"": 0}",2026-08-12T05:52:41Z
exp3_writer,single,lock,10,measured,19,110,0.010728,831537362.1859643,,,"{""sum_rel_diff"": 0.0, ""log_entries"": 10, ""n_results"": 10, ""user_lock_acquisitions"": 10}",2026-08-12T05:52:41Z
exp3_writer,single,lock,10,measured,0,111,0.010487,831537362.1859643,,,"{""sum_rel_diff"": 0.0, ""log_entries"": 10, ""n_results"": 10, ""user_lock_acquisitions"": 10}",2026-08-12T05:52:41Z
exp3_writer,single,record,10,measured,15,112,0.010750,831537362.1859643,,,"{""sum_rel_diff"": 0.0, ""log_entries"": 10, ""n_results"": 10, ""user_lock_acquisitions"": 0}",2026-08-12T05:52:41Z
exp3_writer,single,record,10,measured,11,113,0.010460,831537362.1859643,,,"{""sum_rel_diff"": 0.0, ""log_entries"": 10, ""n_results"": 10, ""user_lock_acquisitions"": 0}",2026-08-12T05:52:41Z
exp3_writer,single,record,10,measured,8,114,0.010493,831537362.1859643,,,"{""sum_rel_diff"": 0.0, ""log_entries"": 10, ""n_results"": 10, ""user_lock_acquisitions"": 0}",2026-08-12T05:52:41Z
exp3_writer,single,lock,10,measured,7,115,0.010741,831537362.1859643,,,"{""sum_rel_diff"": 0.0, ""log_entries"": 10, ""n_results"": 10, ""user_lock_acquisitions"": 10}",2026-08-12T05:52:41Z
exp3_writer,single,record,10,measured,3,116,0.010703,831537362.1859643,,,"{""sum_rel_diff"": 0.0, ""log_entries"": 10, ""n_results"": 10, ""user_lock_acquisitions"": 0}",2026-08-12T05:52:41Z
exp3_writer,single,record,10,measured,13,117,0.010854,831537362.1859643,,,"{""sum_rel_diff"": 0.0, ""log_entries"": 10, ""n_results"": 10, ""user_lock_acquisitions"": 0}",2026-08-12T05:52:41Z
exp3_writer,single,writer,10,measured,14,118,0.011056,831537362.1859643,,,"{""sum_rel_diff"": 0.0, ""log_entries"": 10, ""n_results"": 10, ""user_lock_acquisitions"": 0}",2026-08-12T05:52:41Z
exp3_writer,single,indexed,10,measured,15,119,0.010849,831537362.1859643,,,"{""sum_rel_diff"": 0.0, ""log_entries"": 10, ""n_results"": 10, ""user_lock_acquisitions"": 0}",2026-08-12T05:52:41Z
exp3_writer,single,lock,10,measured,11,120,0.010535,831537362.1859643,,,"{""sum_rel_diff"": 0.0, ""log_entries"": 10, ""n_results"": 10, ""user_lock_acquisitions"": 10}",2026-08-12T05:52:41Z
exp3_writer,single,lock,10,measured,12,121,0.010868,831537362.1859643,,,"{""sum_rel_diff"": 0.0, ""log_entries"": 10, ""n_results"": 10, ""user_lock_acquisitions"": 10}",2026-08-12T05:52:41Z
exp3_writer,single,writer,10,measured,11,122,0.010720,831537362.1859643,,,"{""sum_rel_diff"": 0.0, ""log_entries"": 10, ""n_results"": 10, ""user_lock_acquisitions"": 0}",2026-08-12T05:52:41Z
exp3_writer,single,writer,10,measured,8,123,0.010808,831537362.1859643,,,"{""sum_rel_diff"": 0.0, ""log_entries"": 10, ""n_results"": 10, ""user_lock_acquisitions"": 0}",2026-08-12T05:52:41Z
exp3_writer,single,lock,10,measured,6,124,0.010942,831537362.1859643,,,"{""sum_rel_diff"": 0.0, ""log_entries"": 10, ""n_results"": 10, ""user_lock_acquisitions"": 10}",2026-08-12T05:52:41Z
exp3_writer,single,indexed,10,measured,10,125,0.010979,831537362.1859643,,,"{""sum_rel_diff"": 0.0, ""log_entries"": 10, ""n_results"": 10, ""user_lock_acquisitions"": 0}",2026-08-12T05:52:41Z
exp3_writer,single,indexed,10,measured,9,126,0.011125,831537362.1859643,,,"{""sum_rel_diff"": 0.0, ""log_entries"": 10, ""n_results"": 10, ""user_lock_acquisitions"": 0}",2026-08-12T05:52:41Z
exp3_writer,single,writer,10,measured,27,127,0.011015,831537362.1859643,,,"{""sum_rel_diff"": 0.0, ""log_entries"": 10, ""n_results"": 10, ""user_lock_acquisitions"": 0}",2026-08-12T05:52:41Z
exp3_writer,single,writer,10,measured,7,128,0.010901,831537362.1859643,,,"{""sum_rel_diff"": 0.0, ""log_entries"": 10, ""n_results"": 10, ""user_lock_acquisitions"": 0}",2026-08-12T05:52:41Z
exp3_writer,single,record,10,measured,6,129,0.010924,831537362.1859643,,,"{""sum_rel_diff"": 0.0, ""log_entries"": 10, ""n_results"": 10, ""user_lock_acquisitions"": 0}",2026-08-12T05:52:41Z
exp3_writer,single,lock,10,measured,29,130,0.011055,831537362.1859643,,,"{""sum_rel_diff"": 0.0, ""log_entries"": 10, ""n_results"": 10, ""user_lock_acquisitions"": 10}",2026-08-12T05:52:41Z
exp3_writer,single,indexed,10,measured,18,131,0.010906,831537362.1859643,,,"{""sum_rel_diff"": 0.0, ""log_entries"": 10, ""n_results"": 10, ""user_lock_acquisitions"": 0}",2026-08-12T05:52:41Z
exp3_writer,single,record,12,warmup,2,0,0.010919,831537362.1859645,,,"{""sum_rel_diff"": 1.4336011221119537e-16, ""log_entries"": 12, ""n_results"": 12, ""user_lock_acquisitions"": 0}",2026-08-12T05:52:41Z
exp3_writer,single,lock,12,warmup,1,1,0.009543,831537362.1859645,,,"{""sum_rel_diff"": 1.4336011221119537e-16, ""log_entries"": 12, ""n_results"": 12, ""user_lock_acquisitions"": 12}",2026-08-12T05:52:41Z
exp3_writer,single,indexed,12,warmup,1,2,0.009659,831537362.1859645,,,"{""sum_rel_diff"": 1.4336011221119537e-16, ""log_entries"": 12, ""n_results"": 12, ""user_lock_acquisitions"": 0}",2026-08-12T05:52:41Z
exp3_writer,single,writer,12,warmup,0,3,0.009241,831537362.1859645,,,"{""sum_rel_diff"": 1.4336011221119537e-16, ""log_entries"": 12, ""n_results"": 12, ""user_lock_acquisitions"": 0}",2026-08-12T05:52:41Z
exp3_writer,single,indexed,12,warmup,0,4,0.009419,831537362.1859645,,,"{""sum_rel_diff"": 1.4336011221119537e-16, ""log_entries"": 12, ""n_results"": 12, ""user_lock_acquisitions"": 0}",2026-08-12T05:52:41Z
exp3_writer,single,record,12,warmup,1,5,0.009261,831537362.1859645,,,"{""sum_rel_diff"": 1.4336011221119537e-16, ""log_entries"": 12, ""n_results"": 12, ""user_lock_acquisitions"": 0}",2026-08-12T05:52:41Z
exp3_writer,single,lock,12,warmup,2,6,0.009380,831537362.1859645,,,"{""sum_rel_diff"": 1.4336011221119537e-16, ""log_entries"": 12, ""n_results"": 12, ""user_lock_acquisitions"": 12}",2026-08-12T05:52:41Z
exp3_writer,single,indexed,12,warmup,2,7,0.009677,831537362.1859645,,,"{""sum_rel_diff"": 1.4336011221119537e-16, ""log_entries"": 12, ""n_results"": 12, ""user_lock_acquisitions"": 0}",2026-08-12T05:52:41Z
exp3_writer,single,writer,12,warmup,1,8,0.009767,831537362.1859645,,,"{""sum_rel_diff"": 1.4336011221119537e-16, ""log_entries"": 12, ""n_results"": 12, ""user_lock_acquisitions"": 0}",2026-08-12T05:52:41Z
exp3_writer,single,lock,12,warmup,0,9,0.009628,831537362.1859645,,,"{""sum_rel_diff"": 1.4336011221119537e-16, ""log_entries"": 12, ""n_results"": 12, ""user_lock_acquisitions"": 12}",2026-08-12T05:52:41Z
exp3_writer,single,record,12,warmup,0,10,0.009851,831537362.1859645,,,"{""sum_rel_diff"": 1.4336011221119537e-16, ""log_entries"": 12, ""n_results"": 12, ""user_lock_acquisitions"": 0}",2026-08-12T05:52:41Z
exp3_writer,single,writer,12,warmup,2,11,0.009824,831537362.1859645,,,"{""sum_rel_diff"": 1.4336011221119537e-16, ""log_entries"": 12, ""n_results"": 12, ""user_lock_acquisitions"": 0}",2026-08-12T05:52:41Z
exp3_writer,single,record,12,measured,0,12,0.009645,831537362.1859645,,,"{""sum_rel_diff"": 1.4336011221119537e-16, ""log_entries"": 12, ""n_results"": 12, ""user_lock_acquisitions"": 0}",2026-08-12T05:52:41Z
exp3_writer,single,writer,12,measured,20,13,0.009445,831537362.1859645,,,"{""sum_rel_diff"": 1.4336011221119537e-16, ""log_entries"": 12, ""n_results"": 12, ""user_lock_acquisitions"": 0}",2026-08-12T05:52:41Z
exp3_writer,single,lock,12,measured,7,14,0.010477,831537362.1859645,,,"{""sum_rel_diff"": 1.4336011221119537e-16, ""log_entries"": 12, ""n_results"": 12, ""user_lock_acquisitions"": 12}",2026-08-12T05:52:41Z
exp3_writer,single,record,12,measured,1,15,0.009439,831537362.1859645,,,"{""sum_rel_diff"": 1.4336011221119537e-16, ""log_entries"": 12, ""n_results"": 12, ""user_lock_acquisitions"": 0}",2026-08-12T05:52:41Z
exp3_writer,single,lock,12,measured,17,16,0.009802,831537362.1859645,,,"{""sum_rel_diff"": 1.4336011221119537e-16, ""log_entries"": 12, ""n_results"": 12, ""user_lock_acquisitions"": 12}",2026-08-12T05:52:41Z
exp3_writer,single,indexed,12,measured,7,17,0.009467,831537362.1859645,,,"{""sum_rel_diff"": 1.4336011221119537e-16, ""log_entries"": 12, ""n_results"": 12, ""user_lock_acquisitions"": 0}",2026-08-12T05:52:41Z
exp3_writer,single,record,12,measured,5,18,0.009466,831537362.1859645,,,"{""sum_rel_diff"": 1.4336011221119537e-16, ""log_entries"": 12, ""n_results"": 12, ""user_lock_acquisitions"": 0}",2026-08-12T05:52:41Z
exp3_writer,single,record,12,measured,2,19,0.009537,831537362.1859645,,,"{""sum_rel_diff"": 1.4336011221119537e-16, ""log_entries"": 12, ""n_results"": 12, ""user_lock_acquisitions"": 0}",2026-08-12T05:52:41Z
exp3_writer,single,indexed,12,measured,20,20,0.009524,831537362.1859645,,,"{""sum_rel_diff"": 1.4336011221119537e-16, ""log_entries"": 12, ""n_results"": 12, ""user_lock_acquisitions"": 0}",2026-08-12T05:52:41Z
exp3_writer,single,writer,12,measured,7,21,0.009424,831537362.1859645,,,"{""sum_rel_diff"": 1.4336011221119537e-16, ""log_entries"": 12, ""n_results"": 12, ""user_lock_acquisitions"": 0}",2026-08-12T05:52:41Z
exp3_writer,single,writer,12,measured,21,22,0.009311,831537362.1859645,,,"{""sum_rel_diff"": 1.4336011221119537e-16, ""log_entries"": 12, ""n_results"": 12, ""user_lock_acquisitions"": 0}",2026-08-12T05:52:41Z
exp3_writer,single,record,12,measured,3,23,0.009457,831537362.1859645,,,"{""sum_rel_diff"": 1.4336011221119537e-16, ""log_entries"": 12, ""n_results"": 12, ""user_lock_acquisitions"": 0}",2026-08-12T05:52:41Z
exp3_writer,single,record,12,measured,7,24,0.009154,831537362.1859645,,,"{""sum_rel_diff"": 1.4336011221119537e-16, ""log_entries"": 12, ""n_results"": 12, ""user_lock_acquisitions"": 0}",2026-08-12T05:52:41Z
exp3_writer,single,indexed,12,measured,14,25,0.009094,831537362.1859645,,,"{""sum_rel_diff"": 1.4336011221119537e-16, ""log_entries"": 12, ""n_results"": 12, ""user_lock_acquisitions"": 0}",2026-08-12T05:52:41Z
exp3_writer,single,lock,12,measured,21,26,0.009649,831537362.1859645,,,"{""sum_rel_diff"": 1.4336011221119537e-16, ""log_entries"": 12, ""n_results"": 12, ""user_lock_acquisitions"": 12}",2026-08-12T05:52:41Z
exp3_writer,single,lock,12,measured,0,27,0.009210,831537362.1859645,,,"{""sum_rel_diff"": 1.4336011221119537e-16, ""log_entries"": 12, ""n_results"": 12, ""user_lock_acquisitions"": 12}",2026-08-12T05:52:41Z
exp3_writer,single,indexed,12,measured,16,28,0.009532,831537362.1859645,,,"{""sum_rel_diff"": 1.4336011221119537e-16, ""log_entries"": 12, ""n_results"": 12, ""user_lock_acquisitions"": 0}",2026-08-12T05:52:41Z
exp3_writer,single,record,12,measured,12,29,0.009468,831537362.1859645,,,"{""sum_rel_diff"": 1.4336011221119537e-16, ""log_entries"": 12, ""n_results"": 12, ""user_lock_acquisitions"": 0}",2026-08-12T05:52:41Z
exp3_writer,single,indexed,12,measured,0,30,0.009259,831537362.1859645,,,"{""sum_rel_diff"": 1.4336011221119537e-16, ""log_entries"": 12, ""n_results"": 12, ""user_lock_acquisitions"": 0}",2026-08-12T05:52:41Z
exp3_writer,single,writer,12,measured,27,31,0.009459,831537362.1859645,,,"{""sum_rel_diff"": 1.4336011221119537e-16, ""log_entries"": 12, ""n_results"": 12, ""user_lock_acquisitions"": 0}",2026-08-12T05:52:41Z
exp3_writer,single,writer,12,measured,10,32,0.009363,831537362.1859645,,,"{""sum_rel_diff"": 1.4336011221119537e-16, ""log_entries"": 12, ""n_results"": 12, ""user_lock_acquisitions"": 0}",2026-08-12T05:52:41Z
exp3_writer,single,record,12,measured,20,33,0.009566,831537362.1859645,,,"{""sum_rel_diff"": 1.4336011221119537e-16, ""log_entries"": 12, ""n_results"": 12, ""user_lock_acquisitions"": 0}",2026-08-12T05:52:41Z
exp3_writer,single,record,12,measured,13,34,0.009305,831537362.1859645,,,"{""sum_rel_diff"": 1.4336011221119537e-16, ""log_entries"": 12, ""n_results"": 12, ""user_lock_acquisitions"": 0}",2026-08-12T05:52:41Z
exp3_writer,single,lock,12,measured,25,35,0.009566,831537362.1859645,,,"{""sum_rel_diff"": 1.4336011221119537e-16, ""log_entries"": 12, ""n_results"": 12, ""user_lock_acquisitions"": 12}",2026-08-12T05:52:41Z
exp3_writer,single,indexed,12,measured,2,36,0.009269,831537362.1859645,,,"{""sum_rel_diff"": 1.4336011221119537e-16, ""log_entries"": 12, ""n_results"": 12, ""user_lock_acquisitions"": 0}",2026-08-12T05:52:41Z
exp3_writer,single,indexed,12,measured,28,37,0.009241,831537362.1859645,,,"{""sum_rel_diff"": 1.4336011221119537e-16, ""log_entries"": 12, ""n_results"": 12, ""user_lock_acquisitions"": 0}",2026-08-12T05:52:41Z
exp3_writer,single,lock,12,measured,4,38,0.009181,831537362.1859645,,,"{""sum_rel_diff"": 1.4336011221119537e-16, ""log_entries"": 12, ""n_results"": 12, ""user_lock_acquisitions"": 12}",2026-08-12T05:52:41Z
exp3_writer,single,lock,12,measured,3,39,0.009552,831537362.1859645,,,"{""sum_rel_diff"": 1.4336011221119537e-16, ""log_entries"": 12, ""n_results"": 12, ""user_lock_acquisitions"": 12}",2026-08-12T05:52:41Z
exp3_writer,single,indexed,12,measured,9,40,0.009146,831537362.1859645,,,"{""sum_rel_diff"": 1.4336011221119537e-16, ""log_entries"": 12, ""n_results"": 12, ""user_lock_acquisitions"": 0}",2026-08-12T05:52:41Z
exp3_writer,single,record,12,measured,4,41,0.009217,831537362.1859645,,,"{""sum_rel_diff"": 1.4336011221119537e-16, ""log_entries"": 12, ""n_results"": 12, ""user_lock_acquisitions"": 0}",2026-08-12T05:52:42Z
exp3_writer,single,record,12,measured,25,42,0.009721,831537362.1859645,,,"{""sum_rel_diff"": 1.4336011221119537e-16, ""log_entries"": 12, ""n_results"": 12, ""user_lock_acquisitions"": 0}",2026-08-12T05:52:42Z
exp3_writer,single,indexed,12,measured,25,43,0.010686,831537362.1859645,,,"{""sum_rel_diff"": 1.4336011221119537e-16, ""log_entries"": 12, ""n_results"": 12, ""user_lock_acquisitions"": 0}",2026-08-12T05:52:42Z
exp3_writer,single,writer,12,measured,18,44,0.009438,831537362.1859645,,,"{""sum_rel_diff"": 1.4336011221119537e-16, ""log_entries"": 12, ""n_results"": 12, ""user_lock_acquisitions"": 0}",2026-08-12T05:52:42Z
exp3_writer,single,writer,12,measured,1,45,0.009486,831537362.1859645,,,"{""sum_rel_diff"": 1.4336011221119537e-16, ""log_entries"": 12, ""n_results"": 12, ""user_lock_acquisitions"": 0}",2026-08-12T05:52:42Z
exp3_writer,single,writer,12,measured,24,46,0.009608,831537362.1859645,,,"{""sum_rel_diff"": 1.4336011221119537e-16, ""log_entries"": 12, ""n_results"": 12, ""user_lock_acquisitions"": 0}",2026-08-12T05:52:42Z
exp3_writer,single,indexed,12,measured,6,47,0.009236,831537362.1859645,,,"{""sum_rel_diff"": 1.4336011221119537e-16, ""log_entries"": 12, ""n_results"": 12, ""user_lock_acquisitions"": 0}",2026-08-12T05:52:42Z
exp3_writer,single,record,12,measured,8,48,0.009783,831537362.1859645,,,"{""sum_rel_diff"": 1.4336011221119537e-16, ""log_entries"": 12, ""n_results"": 12, ""user_lock_acquisitions"": 0}",2026-08-12T05:52:42Z
exp3_writer,single,record,12,measured,26,49,0.009947,831537362.1859645,,,"{""sum_rel_diff"": 1.4336011221119537e-16, ""log_entries"": 12, ""n_results"": 12, ""user_lock_acquisitions"": 0}",2026-08-12T05:52:42Z
exp3_writer,single,writer,12,measured,4,50,0.009507,831537362.1859645,,,"{""sum_rel_diff"": 1.4336011221119537e-16, ""log_entries"": 12, ""n_results"": 12, ""user_lock_acquisitions"": 0}",2026-08-12T05:52:42Z
exp3_writer,single,lock,12,measured,16,51,0.009563,831537362.1859645,,,"{""sum_rel_diff"": 1.4336011221119537e-16, ""log_entries"": 12, ""n_results"": 12, ""user_lock_acquisitions"": 12}",2026-08-12T05:52:42Z
exp3_writer,single,lock,12,measured,29,52,0.009500,831537362.1859645,,,"{""sum_rel_diff"": 1.4336011221119537e-16, ""log_entries"": 12, ""n_results"": 12, ""user_lock_acquisitions"": 12}",2026-08-12T05:52:42Z
exp3_writer,single,record,12,measured,18,53,0.009491,831537362.1859645,,,"{""sum_rel_diff"": 1.4336011221119537e-16, ""log_entries"": 12, ""n_results"": 12, ""user_lock_acquisitions"": 0}",2026-08-12T05:52:42Z
exp3_writer,single,record,12,measured,28,54,0.009429,831537362.1859645,,,"{""sum_rel_diff"": 1.4336011221119537e-16, ""log_entries"": 12, ""n_results"": 12, ""user_lock_acquisitions"": 0}",2026-08-12T05:52:42Z
exp3_writer,single,record,12,measured,15,55,0.009787,831537362.1859645,,,"{""sum_rel_diff"": 1.4336011221119537e-16, ""log_entries"": 12, ""n_results"": 12, ""user_lock_acquisitions"": 0}",2026-08-12T05:52:42Z
exp3_writer,single,lock,12,measured,5,56,0.009552,831537362.1859645,,,"{""sum_rel_diff"": 1.4336011221119537e-16, ""log_entries"": 12, ""n_results"": 12, ""user_lock_acquisitions"": 12}",2026-08-12T05:52:42Z
exp3_writer,single,lock,12,measured,20,57,0.009413,831537362.1859645,,,"{""sum_rel_diff"": 1.4336011221119537e-16, ""log_entries"": 12, ""n_results"": 12, ""user_lock_acquisitions"": 12}",2026-08-12T05:52:42Z
exp3_writer,single,lock,12,measured,1,58,0.009560,831537362.1859645,,,"{""sum_rel_diff"": 1.4336011221119537e-16, ""log_entries"": 12, ""n_results"": 12, ""user_lock_acquisitions"": 12}",2026-08-12T05:52:42Z
exp3_writer,single,lock,12,measured,6,59,0.009524,831537362.1859645,,,"{""sum_rel_diff"": 1.4336011221119537e-16, ""log_entries"": 12, ""n_results"": 12, ""user_lock_acquisitions"": 12}",2026-08-12T05:52:42Z
exp3_writer,single,indexed,12,measured,22,60,0.009606,831537362.1859645,,,"{""sum_rel_diff"": 1.4336011221119537e-16, ""log_entries"": 12, ""n_results"": 12, ""user_lock_acquisitions"": 0}",2026-08-12T05:52:42Z
exp3_writer,single,indexed,12,measured,3,61,0.009601,831537362.1859645,,,"{""sum_rel_diff"": 1.4336011221119537e-16, ""log_entries"": 12, ""n_results"": 12, ""user_lock_acquisitions"": 0}",2026-08-12T05:52:42Z
exp3_writer,single,indexed,12,measured,21,62,0.009628,831537362.1859645,,,"{""sum_rel_diff"": 1.4336011221119537e-16, ""log_entries"": 12, ""n_results"": 12, ""user_lock_acquisitions"": 0}",2026-08-12T05:52:42Z
exp3_writer,single,writer,12,measured,22,63,0.009378,831537362.1859645,,,"{""sum_rel_diff"": 1.4336011221119537e-16, ""log_entries"": 12, ""n_results"": 12, ""user_lock_acquisitions"": 0}",2026-08-12T05:52:42Z
exp3_writer,single,lock,12,measured,24,64,0.009972,831537362.1859645,,,"{""sum_rel_diff"": 1.4336011221119537e-16, ""log_entries"": 12, ""n_results"": 12, ""user_lock_acquisitions"": 12}",2026-08-12T05:52:42Z
exp3_writer,single,indexed,12,measured,24,65,0.009916,831537362.1859645,,,"{""sum_rel_diff"": 1.4336011221119537e-16, ""log_entries"": 12, ""n_results"": 12, ""user_lock_acquisitions"": 0}",2026-08-12T05:52:42Z
exp3_writer,single,lock,12,measured,11,66,0.009552,831537362.1859645,,,"{""sum_rel_diff"": 1.4336011221119537e-16, ""log_entries"": 12, ""n_results"": 12, ""user_lock_acquisitions"": 12}",2026-08-12T05:52:42Z
exp3_writer,single,indexed,12,measured,27,67,0.009841,831537362.1859645,,,"{""sum_rel_diff"": 1.4336011221119537e-16, ""log_entries"": 12, ""n_results"": 12, ""user_lock_acquisitions"": 0}",2026-08-12T05:52:42Z
exp3_writer,single,writer,12,measured,5,68,0.009560,831537362.1859645,,,"{""sum_rel_diff"": 1.4336011221119537e-16, ""log_entries"": 12, ""n_results"": 12, ""user_lock_acquisitions"": 0}",2026-08-12T05:52:42Z
exp3_writer,single,lock,12,measured,15,69,0.009668,831537362.1859645,,,"{""sum_rel_diff"": 1.4336011221119537e-16, ""log_entries"": 12, ""n_results"": 12, ""user_lock_acquisitions"": 12}",2026-08-12T05:52:42Z
exp3_writer,single,writer,12,measured,14,70,0.009907,831537362.1859645,,,"{""sum_rel_diff"": 1.4336011221119537e-16, ""log_entries"": 12, ""n_results"": 12, ""user_lock_acquisitions"": 0}",2026-08-12T05:52:42Z
exp3_writer,single,writer,12,measured,23,71,0.009433,831537362.1859645,,,"{""sum_rel_diff"": 1.4336011221119537e-16, ""log_entries"": 12, ""n_results"": 12, ""user_lock_acquisitions"": 0}",2026-08-12T05:52:42Z
exp3_writer,single,writer,12,measured,11,72,0.009264,831537362.1859645,,,"{""sum_rel_diff"": 1.4336011221119537e-16, ""log_entries"": 12, ""n_results"": 12, ""user_lock_acquisitions"": 0}",2026-08-12T05:52:42Z
exp3_writer,single,writer,12,measured,0,73,0.009759,831537362.1859645,,,"{""sum_rel_diff"": 1.4336011221119537e-16, ""log_entries"": 12, ""n_results"": 12, ""user_lock_acquisitions"": 0}",2026-08-12T05:52:42Z
exp3_writer,single,indexed,12,measured,19,74,0.009576,831537362.1859645,,,"{""sum_rel_diff"": 1.4336011221119537e-16, ""log_entries"": 12, ""n_results"": 12, ""user_lock_acquisitions"": 0}",2026-08-12T05:52:42Z
exp3_writer,single,indexed,12,measured,5,75,0.009550,831537362.1859645,,,"{""sum_rel_diff"": 1.4336011221119537e-16, ""log_entries"": 12, ""n_results"": 12, ""user_lock_acquisitions"": 0}",2026-08-12T05:52:42Z
exp3_writer,single,record,12,measured,11,76,0.009304,831537362.1859645,,,"{""sum_rel_diff"": 1.4336011221119537e-16, ""log_entries"": 12, ""n_results"": 12, ""user_lock_acquisitions"": 0}",2026-08-12T05:52:42Z
exp3_writer,single,lock,12,measured,2,77,0.009198,831537362.1859645,,,"{""sum_rel_diff"": 1.4336011221119537e-16, ""log_entries"": 12, ""n_results"": 12, ""user_lock_acquisitions"": 12}",2026-08-12T05:52:42Z
exp3_writer,single,writer,12,measured,8,78,0.009237,831537362.1859645,,,"{""sum_rel_diff"": 1.4336011221119537e-16, ""log_entries"": 12, ""n_results"": 12, ""user_lock_acquisitions"": 0}",2026-08-12T05:52:42Z
exp3_writer,single,indexed,12,measured,23,79,0.009173,831537362.1859645,,,"{""sum_rel_diff"": 1.4336011221119537e-16, ""log_entries"": 12, ""n_results"": 12, ""user_lock_acquisitions"": 0}",2026-08-12T05:52:42Z
exp3_writer,single,indexed,12,measured,18,80,0.009351,831537362.1859645,,,"{""sum_rel_diff"": 1.4336011221119537e-16, ""log_entries"": 12, ""n_results"": 12, ""user_lock_acquisitions"": 0}",2026-08-12T05:52:42Z
exp3_writer,single,writer,12,measured,19,81,0.009330,831537362.1859645,,,"{""sum_rel_diff"": 1.4336011221119537e-16, ""log_entries"": 12, ""n_results"": 12, ""user_lock_acquisitions"": 0}",2026-08-12T05:52:42Z
exp3_writer,single,lock,12,measured,9,82,0.009082,831537362.1859645,,,"{""sum_rel_diff"": 1.4336011221119537e-16, ""log_entries"": 12, ""n_results"": 12, ""user_lock_acquisitions"": 12}",2026-08-12T05:52:42Z
exp3_writer,single,lock,12,measured,26,83,0.009385,831537362.1859645,,,"{""sum_rel_diff"": 1.4336011221119537e-16, ""log_entries"": 12, ""n_results"": 12, ""user_lock_acquisitions"": 12}",2026-08-12T05:52:42Z
exp3_writer,single,lock,12,measured,10,84,0.009507,831537362.1859645,,,"{""sum_rel_diff"": 1.4336011221119537e-16, ""log_entries"": 12, ""n_results"": 12, ""user_lock_acquisitions"": 12}",2026-08-12T05:52:42Z
exp3_writer,single,writer,12,measured,26,85,0.009258,831537362.1859645,,,"{""sum_rel_diff"": 1.4336011221119537e-16, ""log_entries"": 12, ""n_results"": 12, ""user_lock_acquisitions"": 0}",2026-08-12T05:52:42Z
exp3_writer,single,lock,12,measured,22,86,0.009230,831537362.1859645,,,"{""sum_rel_diff"": 1.4336011221119537e-16, ""log_entries"": 12, ""n_results"": 12, ""user_lock_acquisitions"": 12}",2026-08-12T05:52:42Z
exp3_writer,single,record,12,measured,10,87,0.010389,831537362.1859645,,,"{""sum_rel_diff"": 1.4336011221119537e-16, ""log_entries"": 12, ""n_results"": 12, ""user_lock_acquisitions"": 0}",2026-08-12T05:52:42Z
exp3_writer,single,record,12,measured,23,88,0.009469,831537362.1859645,,,"{""sum_rel_diff"": 1.4336011221119537e-16, ""log_entries"": 12, ""n_results"": 12, ""user_lock_acquisitions"": 0}",2026-08-12T05:52:42Z
exp3_writer,single,writer,12,measured,3,89,0.009708,831537362.1859645,,,"{""sum_rel_diff"": 1.4336011221119537e-16, ""log_entries"": 12, ""n_results"": 12, ""user_lock_acquisitions"": 0}",2026-08-12T05:52:42Z
exp3_writer,single,writer,12,measured,13,90,0.009511,831537362.1859645,,,"{""sum_rel_diff"": 1.4336011221119537e-16, ""log_entries"": 12, ""n_results"": 12, ""user_lock_acquisitions"": 0}",2026-08-12T05:52:42Z
exp3_writer,single,record,12,measured,6,91,0.009523,831537362.1859645,,,"{""sum_rel_diff"": 1.4336011221119537e-16, ""log_entries"": 12, ""n_results"": 12, ""user_lock_acquisitions"": 0}",2026-08-12T05:52:42Z
exp3_writer,single,lock,12,measured,13,92,0.011376,831537362.1859645,,,"{""sum_rel_diff"": 1.4336011221119537e-16, ""log_entries"": 12, ""n_results"": 12, ""user_lock_acquisitions"": 12}",2026-08-12T05:52:42Z
exp3_writer,single,record,12,measured,27,93,0.009632,831537362.1859645,,,"{""sum_rel_diff"": 1.4336011221119537e-16, ""log_entries"": 12, ""n_results"": 12, ""user_lock_acquisitions"": 0}",2026-08-12T05:52:42Z
exp3_writer,single,lock,12,measured,23,94,0.009706,831537362.1859645,,,"{""sum_rel_diff"": 1.4336011221119537e-16, ""log_entries"": 12, ""n_results"": 12, ""user_lock_acquisitions"": 12}",2026-08-12T05:52:42Z
exp3_writer,single,indexed,12,measured,8,95,0.010022,831537362.1859645,,,"{""sum_rel_diff"": 1.4336011221119537e-16, ""log_entries"": 12, ""n_results"": 12, ""user_lock_acquisitions"": 0}",2026-08-12T05:52:42Z
exp3_writer,single,writer,12,measured,2,96,0.009729,831537362.1859645,,,"{""sum_rel_diff"": 1.4336011221119537e-16, ""log_entries"": 12, ""n_results"": 12, ""user_lock_acquisitions"": 0}",2026-08-12T05:52:42Z
exp3_writer,single,writer,12,measured,25,97,0.009498,831537362.1859645,,,"{""sum_rel_diff"": 1.4336011221119537e-16, ""log_entries"": 12, ""n_results"": 12, ""user_lock_acquisitions"": 0}",2026-08-12T05:52:42Z
exp3_writer,single,writer,12,measured,6,98,0.009506,831537362.1859645,,,"{""sum_rel_diff"": 1.4336011221119537e-16, ""log_entries"": 12, ""n_results"": 12, ""user_lock_acquisitions"": 0}",2026-08-12T05:52:42Z
exp3_writer,single,indexed,12,measured,26,99,0.009664,831537362.1859645,,,"{""sum_rel_diff"": 1.4336011221119537e-16, ""log_entries"": 12, ""n_results"": 12, ""user_lock_acquisitions"": 0}",2026-08-12T05:52:42Z
exp3_writer,single,lock,12,measured,19,100,0.009725,831537362.1859645,,,"{""sum_rel_diff"": 1.4336011221119537e-16, ""log_entries"": 12, ""n_results"": 12, ""user_lock_acquisitions"": 12}",2026-08-12T05:52:42Z
exp3_writer,single,lock,12,measured,27,101,0.009918,831537362.1859645,,,"{""sum_rel_diff"": 1.4336011221119537e-16, ""log_entries"": 12, ""n_results"": 12, ""user_lock_acquisitions"": 12}",2026-08-12T05:52:42Z
exp3_writer,single,record,12,measured,17,102,0.009673,831537362.1859645,,,"{""sum_rel_diff"": 1.4336011221119537e-16, ""log_entries"": 12, ""n_results"": 12, ""user_lock_acquisitions"": 0}",2026-08-12T05:52:42Z
exp3_writer,single,indexed,12,measured,13,103,0.009822,831537362.1859645,,,"{""sum_rel_diff"": 1.4336011221119537e-16, ""log_entries"": 12, ""n_results"": 12, ""user_lock_acquisitions"": 0}",2026-08-12T05:52:42Z
exp3_writer,single,record,12,measured,9,104,0.009639,831537362.1859645,,,"{""sum_rel_diff"": 1.4336011221119537e-16, ""log_entries"": 12, ""n_results"": 12, ""user_lock_acquisitions"": 0}",2026-08-12T05:52:42Z
exp3_writer,single,indexed,12,measured,11,105,0.009285,831537362.1859645,,,"{""sum_rel_diff"": 1.4336011221119537e-16, ""log_entries"": 12, ""n_results"": 12, ""user_lock_acquisitions"": 0}",2026-08-12T05:52:42Z
exp3_writer,single,lock,12,measured,8,106,0.009255,831537362.1859645,,,"{""sum_rel_diff"": 1.4336011221119537e-16, ""log_entries"": 12, ""n_results"": 12, ""user_lock_acquisitions"": 12}",2026-08-12T05:52:42Z
exp3_writer,single,lock,12,measured,14,107,0.009281,831537362.1859645,,,"{""sum_rel_diff"": 1.4336011221119537e-16, ""log_entries"": 12, ""n_results"": 12, ""user_lock_acquisitions"": 12}",2026-08-12T05:52:42Z
exp3_writer,single,writer,12,measured,29,108,0.009309,831537362.1859645,,,"{""sum_rel_diff"": 1.4336011221119537e-16, ""log_entries"": 12, ""n_results"": 12, ""user_lock_acquisitions"": 0}",2026-08-12T05:52:42Z
exp3_writer,single,writer,12,measured,28,109,0.009470,831537362.1859645,,,"{""sum_rel_diff"": 1.4336011221119537e-16, ""log_entries"": 12, ""n_results"": 12, ""user_lock_acquisitions"": 0}",2026-08-12T05:52:42Z
exp3_writer,single,writer,12,measured,9,110,0.009308,831537362.1859645,,,"{""sum_rel_diff"": 1.4336011221119537e-16, ""log_entries"": 12, ""n_results"": 12, ""user_lock_acquisitions"": 0}",2026-08-12T05:52:42Z
exp3_writer,single,writer,12,measured,12,111,0.009533,831537362.1859645,,,"{""sum_rel_diff"": 1.4336011221119537e-16, ""log_entries"": 12, ""n_results"": 12, ""user_lock_acquisitions"": 0}",2026-08-12T05:52:42Z
exp3_writer,single,indexed,12,measured,4,112,0.009560,831537362.1859645,,,"{""sum_rel_diff"": 1.4336011221119537e-16, ""log_entries"": 12, ""n_results"": 12, ""user_lock_acquisitions"": 0}",2026-08-12T05:52:42Z
exp3_writer,single,lock,12,measured,18,113,0.009536,831537362.1859645,,,"{""sum_rel_diff"": 1.4336011221119537e-16, ""log_entries"": 12, ""n_results"": 12, ""user_lock_acquisitions"": 12}",2026-08-12T05:52:42Z
exp3_writer,single,indexed,12,measured,1,114,0.009755,831537362.1859645,,,"{""sum_rel_diff"": 1.4336011221119537e-16, ""log_entries"": 12, ""n_results"": 12, ""user_lock_acquisitions"": 0}",2026-08-12T05:52:42Z
exp3_writer,single,indexed,12,measured,15,115,0.009562,831537362.1859645,,,"{""sum_rel_diff"": 1.4336011221119537e-16, ""log_entries"": 12, ""n_results"": 12, ""user_lock_acquisitions"": 0}",2026-08-12T05:52:42Z
exp3_writer,single,writer,12,measured,17,116,0.009559,831537362.1859645,,,"{""sum_rel_diff"": 1.4336011221119537e-16, ""log_entries"": 12, ""n_results"": 12, ""user_lock_acquisitions"": 0}",2026-08-12T05:52:42Z
exp3_writer,single,indexed,12,measured,12,117,0.009444,831537362.1859645,,,"{""sum_rel_diff"": 1.4336011221119537e-16, ""log_entries"": 12, ""n_results"": 12, ""user_lock_acquisitions"": 0}",2026-08-12T05:52:42Z
exp3_writer,single,writer,12,measured,15,118,0.009642,831537362.1859645,,,"{""sum_rel_diff"": 1.4336011221119537e-16, ""log_entries"": 12, ""n_results"": 12, ""user_lock_acquisitions"": 0}",2026-08-12T05:52:42Z
exp3_writer,single,writer,12,measured,16,119,0.009478,831537362.1859645,,,"{""sum_rel_diff"": 1.4336011221119537e-16, ""log_entries"": 12, ""n_results"": 12, ""user_lock_acquisitions"": 0}",2026-08-12T05:52:42Z
exp3_writer,single,record,12,measured,24,120,0.009505,831537362.1859645,,,"{""sum_rel_diff"": 1.4336011221119537e-16, ""log_entries"": 12, ""n_results"": 12, ""user_lock_acquisitions"": 0}",2026-08-12T05:52:42Z
exp3_writer,single,lock,12,measured,12,121,0.009272,831537362.1859645,,,"{""sum_rel_diff"": 1.4336011221119537e-16, ""log_entries"": 12, ""n_results"": 12, ""user_lock_acquisitions"": 12}",2026-08-12T05:52:42Z
exp3_writer,single,record,12,measured,14,122,0.009415,831537362.1859645,,,"{""sum_rel_diff"": 1.4336011221119537e-16, ""log_entries"": 12, ""n_results"": 12, ""user_lock_acquisitions"": 0}",2026-08-12T05:52:42Z
exp3_writer,single,lock,12,measured,28,123,0.009494,831537362.1859645,,,"{""sum_rel_diff"": 1.4336011221119537e-16, ""log_entries"": 12, ""n_results"": 12, ""user_lock_acquisitions"": 12}",2026-08-12T05:52:42Z
exp3_writer,single,record,12,measured,21,124,0.009681,831537362.1859645,,,"{""sum_rel_diff"": 1.4336011221119537e-16, ""log_entries"": 12, ""n_results"": 12, ""user_lock_acquisitions"": 0}",2026-08-12T05:52:42Z
exp3_writer,single,record,12,measured,16,125,0.009414,831537362.1859645,,,"{""sum_rel_diff"": 1.4336011221119537e-16, ""log_entries"": 12, ""n_results"": 12, ""user_lock_acquisitions"": 0}",2026-08-12T05:52:42Z
exp3_writer,single,record,12,measured,19,126,0.009181,831537362.1859645,,,"{""sum_rel_diff"": 1.4336011221119537e-16, ""log_entries"": 12, ""n_results"": 12, ""user_lock_acquisitions"": 0}",2026-08-12T05:52:42Z
exp3_writer,single,indexed,12,measured,29,127,0.010177,831537362.1859645,,,"{""sum_rel_diff"": 1.4336011221119537e-16, ""log_entries"": 12, ""n_results"": 12, ""user_lock_acquisitions"": 0}",2026-08-12T05:52:42Z
exp3_writer,single,record,12,measured,29,128,0.010493,831537362.1859645,,,"{""sum_rel_diff"": 1.4336011221119537e-16, ""log_entries"": 12, ""n_results"": 12, ""user_lock_acquisitions"": 0}",2026-08-12T05:52:42Z
exp3_writer,single,indexed,12,measured,10,129,0.010041,831537362.1859645,,,"{""sum_rel_diff"": 1.4336011221119537e-16, ""log_entries"": 12, ""n_results"": 12, ""user_lock_acquisitions"": 0}",2026-08-12T05:52:42Z
exp3_writer,single,record,12,measured,22,130,0.009516,831537362.1859645,,,"{""sum_rel_diff"": 1.4336011221119537e-16, ""log_entries"": 12, ""n_results"": 12, ""user_lock_acquisitions"": 0}",2026-08-12T05:52:42Z
exp3_writer,single,indexed,12,measured,17,131,0.009534,831537362.1859645,,,"{""sum_rel_diff"": 1.4336011221119537e-16, ""log_entries"": 12, ""n_results"": 12, ""user_lock_acquisitions"": 0}",2026-08-12T05:52:42Z
exp3_writer,single,writer,14,warmup,0,0,0.010095,831537362.1859643,,,"{""sum_rel_diff"": 0.0, ""log_entries"": 14, ""n_results"": 14, ""user_lock_acquisitions"": 0}",2026-08-12T05:52:42Z
exp3_writer,single,lock,14,warmup,0,1,0.009068,831537362.1859643,,,"{""sum_rel_diff"": 0.0, ""log_entries"": 14, ""n_results"": 14, ""user_lock_acquisitions"": 14}",2026-08-12T05:52:42Z
exp3_writer,single,indexed,14,warmup,1,2,0.008637,831537362.1859643,,,"{""sum_rel_diff"": 0.0, ""log_entries"": 14, ""n_results"": 14, ""user_lock_acquisitions"": 0}",2026-08-12T05:52:42Z
exp3_writer,single,indexed,14,warmup,0,3,0.009347,831537362.1859643,,,"{""sum_rel_diff"": 0.0, ""log_entries"": 14, ""n_results"": 14, ""user_lock_acquisitions"": 0}",2026-08-12T05:52:42Z
exp3_writer,single,writer,14,warmup,2,4,0.008738,831537362.1859643,,,"{""sum_rel_diff"": 0.0, ""log_entries"": 14, ""n_results"": 14, ""user_lock_acquisitions"": 0}",2026-08-12T05:52:42Z
exp3_writer,single,writer,14,warmup,1,5,0.008796,831537362.1859643,,,"{""sum_rel_diff"": 0.0, ""log_entries"": 14, ""n_results"": 14, ""user_lock_acquisitions"": 0}",2026-08-12T05:52:42Z
exp3_writer,single,lock,14,warmup,2,6,0.008689,831537362.1859643,,,"{""sum_rel_diff"": 0.0, ""log_entries"": 14, ""n_results"": 14, ""user_lock_acquisitions"": 14}",2026-08-12T05:52:42Z
exp3_writer,single,record,14,warmup,0,7,0.008739,831537362.1859643,,,"{""sum_rel_diff"": 0.0, ""log_entries"": 14, ""n_results"": 14, ""user_lock_acquisitions"": 0}",2026-08-12T05:52:42Z
exp3_writer,single,record,14,warmup,1,8,0.008922,831537362.1859643,,,"{""sum_rel_diff"": 0.0, ""log_entries"": 14, ""n_results"": 14, ""user_lock_acquisitions"": 0}",2026-08-12T05:52:42Z
exp3_writer,single,lock,14,warmup,1,9,0.008548,831537362.1859643,,,"{""sum_rel_diff"": 0.0, ""log_entries"": 14, ""n_results"": 14, ""user_lock_acquisitions"": 14}",2026-08-12T05:52:42Z
exp3_writer,single,indexed,14,warmup,2,10,0.008861,831537362.1859643,,,"{""sum_rel_diff"": 0.0, ""log_entries"": 14, ""n_results"": 14, ""user_lock_acquisitions"": 0}",2026-08-12T05:52:42Z
exp3_writer,single,record,14,warmup,2,11,0.008743,831537362.1859643,,,"{""sum_rel_diff"": 0.0, ""log_entries"": 14, ""n_results"": 14, ""user_lock_acquisitions"": 0}",2026-08-12T05:52:42Z
exp3_writer,single,indexed,14,measured,8,12,0.008738,831537362.1859643,,,"{""sum_rel_diff"": 0.0, ""log_entries"": 14, ""n_results"": 14, ""user_lock_acquisitions"": 0}",2026-08-12T05:52:43Z
exp3_writer,single,indexed,14,measured,4,13,0.008766,831537362.1859643,,,"{""sum_rel_diff"": 0.0, ""log_entries"": 14, ""n_results"": 14, ""user_lock_acquisitions"": 0}",2026-08-12T05:52:43Z
exp3_writer,single,lock,14,measured,29,14,0.010365,831537362.1859643,,,"{""sum_rel_diff"": 0.0, ""log_entries"": 14, ""n_results"": 14, ""user_lock_acquisitions"": 14}",2026-08-12T05:52:43Z
exp3_writer,single,indexed,14,measured,20,15,0.008949,831537362.1859643,,,"{""sum_rel_diff"": 0.0, ""log_entries"": 14, ""n_results"": 14, ""user_lock_acquisitions"": 0}",2026-08-12T05:52:43Z
exp3_writer,single,record,14,measured,11,16,0.008699,831537362.1859643,,,"{""sum_rel_diff"": 0.0, ""log_entries"": 14, ""n_results"": 14, ""user_lock_acquisitions"": 0}",2026-08-12T05:52:43Z
exp3_writer,single,writer,14,measured,17,17,0.009416,831537362.1859643,,,"{""sum_rel_diff"": 0.0, ""log_entries"": 14, ""n_results"": 14, ""user_lock_acquisitions"": 0}",2026-08-12T05:52:43Z
exp3_writer,single,lock,14,measured,9,18,0.008543,831537362.1859643,,,"{""sum_rel_diff"": 0.0, ""log_entries"": 14, ""n_results"": 14, ""user_lock_acquisitions"": 14}",2026-08-12T05:52:43Z
exp3_writer,single,indexed,14,measured,0,19,0.008719,831537362.1859643,,,"{""sum_rel_diff"": 0.0, ""log_entries"": 14, ""n_results"": 14, ""user_lock_acquisitions"": 0}",2026-08-12T05:52:43Z
exp3_writer,single,writer,14,measured,5,20,0.008588,831537362.1859643,,,"{""sum_rel_diff"": 0.0, ""log_entries"": 14, ""n_results"": 14, ""user_lock_acquisitions"": 0}",2026-08-12T05:52:43Z
exp3_writer,single,writer,14,measured,8,21,0.008524,831537362.1859643,,,"{""sum_rel_diff"": 0.0, ""log_entries"": 14, ""n_results"": 14, ""user_lock_acquisitions"": 0}",2026-08-12T05:52:43Z
exp3_writer,single,lock,14,measured,8,22,0.008869,831537362.1859643,,,"{""sum_rel_diff"": 0.0, ""log_entries"": 14, ""n_results"": 14, ""user_lock_acquisitions"": 14}",2026-08-12T05:52:43Z
exp3_writer,single,writer,14,measured,23,23,0.008616,831537362.1859643,,,"{""sum_rel_diff"": 0.0, ""log_entries"": 14, ""n_results"": 14, ""user_lock_acquisitions"": 0}",2026-08-12T05:52:43Z
exp3_writer,single,indexed,14,measured,29,24,0.008718,831537362.1859643,,,"{""sum_rel_diff"": 0.0, ""log_entries"": 14, ""n_results"": 14, ""user_lock_acquisitions"": 0}",2026-08-12T05:52:43Z
exp3_writer,single,record,14,measured,12,25,0.008702,831537362.1859643,,,"{""sum_rel_diff"": 0.0, ""log_entries"": 14, ""n_results"": 14, ""user_lock_acquisitions"": 0}",2026-08-12T05:52:43Z
exp3_writer,single,lock,14,measured,5,26,0.008697,831537362.1859643,,,"{""sum_rel_diff"": 0.0, ""log_entries"": 14, ""n_results"": 14, ""user_lock_acquisitions"": 14}",2026-08-12T05:52:43Z
exp3_writer,single,writer,14,measured,26,27,0.008894,831537362.1859643,,,"{""sum_rel_diff"": 0.0, ""log_entries"": 14, ""n_results"": 14, ""user_lock_acquisitions"": 0}",2026-08-12T05:52:43Z
exp3_writer,single,indexed,14,measured,17,28,0.008594,831537362.1859643,,,"{""sum_rel_diff"": 0.0, ""log_entries"": 14, ""n_results"": 14, ""user_lock_acquisitions"": 0}",2026-08-12T05:52:43Z
exp3_writer,single,record,14,measured,19,29,0.008469,831537362.1859643,,,"{""sum_rel_diff"": 0.0, ""log_entries"": 14, ""n_results"": 14, ""user_lock_acquisitions"": 0}",2026-08-12T05:52:43Z
exp3_writer,single,writer,14,measured,13,30,0.008708,831537362.1859643,,,"{""sum_rel_diff"": 0.0, ""log_entries"": 14, ""n_results"": 14, ""user_lock_acquisitions"": 0}",2026-08-12T05:52:43Z
exp3_writer,single,indexed,14,measured,5,31,0.008730,831537362.1859643,,,"{""sum_rel_diff"": 0.0, ""log_entries"": 14, ""n_results"": 14, ""user_lock_acquisitions"": 0}",2026-08-12T05:52:43Z
exp3_writer,single,writer,14,measured,19,32,0.008514,831537362.1859643,,,"{""sum_rel_diff"": 0.0, ""log_entries"": 14, ""n_results"": 14, ""user_lock_acquisitions"": 0}",2026-08-12T05:52:43Z
exp3_writer,single,lock,14,measured,11,33,0.008598,831537362.1859643,,,"{""sum_rel_diff"": 0.0, ""log_entries"": 14, ""n_results"": 14, ""user_lock_acquisitions"": 14}",2026-08-12T05:52:43Z
exp3_writer,single,record,14,measured,8,34,0.008615,831537362.1859643,,,"{""sum_rel_diff"": 0.0, ""log_entries"": 14, ""n_results"": 14, ""user_lock_acquisitions"": 0}",2026-08-12T05:52:43Z
exp3_writer,single,record,14,measured,15,35,0.009765,831537362.1859643,,,"{""sum_rel_diff"": 0.0, ""log_entries"": 14, ""n_results"": 14, ""user_lock_acquisitions"": 0}",2026-08-12T05:52:43Z
exp3_writer,single,lock,14,measured,17,36,0.009227,831537362.1859643,,,"{""sum_rel_diff"": 0.0, ""log_entries"": 14, ""n_results"": 14, ""user_lock_acquisitions"": 14}",2026-08-12T05:52:43Z
exp3_writer,single,indexed,14,measured,27,37,0.008991,831537362.1859643,,,"{""sum_rel_diff"": 0.0, ""log_entries"": 14, ""n_results"": 14, ""user_lock_acquisitions"": 0}",2026-08-12T05:52:43Z
exp3_writer,single,lock,14,measured,16,38,0.008857,831537362.1859643,,,"{""sum_rel_diff"": 0.0, ""log_entries"": 14, ""n_results"": 14, ""user_lock_acquisitions"": 14}",2026-08-12T05:52:43Z
exp3_writer,single,writer,14,measured,4,39,0.008778,831537362.1859643,,,"{""sum_rel_diff"": 0.0, ""log_entries"": 14, ""n_results"": 14, ""user_lock_acquisitions"": 0}",2026-08-12T05:52:43Z
exp3_writer,single,lock,14,measured,12,40,0.008641,831537362.1859643,,,"{""sum_rel_diff"": 0.0, ""log_entries"": 14, ""n_results"": 14, ""user_lock_acquisitions"": 14}",2026-08-12T05:52:43Z
exp3_writer,single,indexed,14,measured,15,41,0.008731,831537362.1859643,,,"{""sum_rel_diff"": 0.0, ""log_entries"": 14, ""n_results"": 14, ""user_lock_acquisitions"": 0}",2026-08-12T05:52:43Z
exp3_writer,single,indexed,14,measured,12,42,0.008387,831537362.1859643,,,"{""sum_rel_diff"": 0.0, ""log_entries"": 14, ""n_results"": 14, ""user_lock_acquisitions"": 0}",2026-08-12T05:52:43Z
exp3_writer,single,indexed,14,measured,16,43,0.008617,831537362.1859643,,,"{""sum_rel_diff"": 0.0, ""log_entries"": 14, ""n_results"": 14, ""user_lock_acquisitions"": 0}",2026-08-12T05:52:43Z
exp3_writer,single,lock,14,measured,0,44,0.008380,831537362.1859643,,,"{""sum_rel_diff"": 0.0, ""log_entries"": 14, ""n_results"": 14, ""user_lock_acquisitions"": 14}",2026-08-12T05:52:43Z
exp3_writer,single,lock,14,measured,15,45,0.008466,831537362.1859643,,,"{""sum_rel_diff"": 0.0, ""log_entries"": 14, ""n_results"": 14, ""user_lock_acquisitions"": 14}",2026-08-12T05:52:43Z
exp3_writer,single,record,14,measured,1,46,0.008388,831537362.1859643,,,"{""sum_rel_diff"": 0.0, ""log_entries"": 14, ""n_results"": 14, ""user_lock_acquisitions"": 0}",2026-08-12T05:52:43Z
exp3_writer,single,indexed,14,measured,19,47,0.008303,831537362.1859643,,,"{""sum_rel_diff"": 0.0, ""log_entries"": 14, ""n_results"": 14, ""user_lock_acquisitions"": 0}",2026-08-12T05:52:43Z
exp3_writer,single,writer,14,measured,0,48,0.008616,831537362.1859643,,,"{""sum_rel_diff"": 0.0, ""log_entries"": 14, ""n_results"": 14, ""user_lock_acquisitions"": 0}",2026-08-12T05:52:43Z
exp3_writer,single,lock,14,measured,14,49,0.008230,831537362.1859643,,,"{""sum_rel_diff"": 0.0, ""log_entries"": 14, ""n_results"": 14, ""user_lock_acquisitions"": 14}",2026-08-12T05:52:43Z
exp3_writer,single,record,14,measured,22,50,0.008561,831537362.1859643,,,"{""sum_rel_diff"": 0.0, ""log_entries"": 14, ""n_results"": 14, ""user_lock_acquisitions"": 0}",2026-08-12T05:52:43Z
exp3_writer,single,lock,14,measured,26,51,0.008612,831537362.1859643,,,"{""sum_rel_diff"": 0.0, ""log_entries"": 14, ""n_results"": 14, ""user_lock_acquisitions"": 14}",2026-08-12T05:52:43Z
exp3_writer,single,indexed,14,measured,26,52,0.008453,831537362.1859643,,,"{""sum_rel_diff"": 0.0, ""log_entries"": 14, ""n_results"": 14, ""user_lock_acquisitions"": 0}",2026-08-12T05:52:43Z
exp3_writer,single,lock,14,measured,3,53,0.008509,831537362.1859643,,,"{""sum_rel_diff"": 0.0, ""log_entries"": 14, ""n_results"": 14, ""user_lock_acquisitions"": 14}",2026-08-12T05:52:43Z
exp3_writer,single,writer,14,measured,3,54,0.008753,831537362.1859643,,,"{""sum_rel_diff"": 0.0, ""log_entries"": 14, ""n_results"": 14, ""user_lock_acquisitions"": 0}",2026-08-12T05:52:43Z
exp3_writer,single,writer,14,measured,12,55,0.008511,831537362.1859643,,,"{""sum_rel_diff"": 0.0, ""log_entries"": 14, ""n_results"": 14, ""user_lock_acquisitions"": 0}",2026-08-12T05:52:43Z
exp3_writer,single,indexed,14,measured,11,56,0.008789,831537362.1859643,,,"{""sum_rel_diff"": 0.0, ""log_entries"": 14, ""n_results"": 14, ""user_lock_acquisitions"": 0}",2026-08-12T05:52:43Z
exp3_writer,single,record,14,measured,21,57,0.008772,831537362.1859643,,,"{""sum_rel_diff"": 0.0, ""log_entries"": 14, ""n_results"": 14, ""user_lock_acquisitions"": 0}",2026-08-12T05:52:43Z
exp3_writer,single,writer,14,measured,15,58,0.008462,831537362.1859643,,,"{""sum_rel_diff"": 0.0, ""log_entries"": 14, ""n_results"": 14, ""user_lock_acquisitions"": 0}",2026-08-12T05:52:43Z
exp3_writer,single,writer,14,measured,18,59,0.008545,831537362.1859643,,,"{""sum_rel_diff"": 0.0, ""log_entries"": 14, ""n_results"": 14, ""user_lock_acquisitions"": 0}",2026-08-12T05:52:43Z
exp3_writer,single,record,14,measured,2,60,0.008433,831537362.1859643,,,"{""sum_rel_diff"": 0.0, ""log_entries"": 14, ""n_results"": 14, ""user_lock_acquisitions"": 0}",2026-08-12T05:52:43Z
exp3_writer,single,lock,14,measured,18,61,0.008856,831537362.1859643,,,"{""sum_rel_diff"": 0.0, ""log_entries"": 14, ""n_results"": 14, ""user_lock_acquisitions"": 14}",2026-08-12T05:52:43Z
exp3_writer,single,writer,14,measured,16,62,0.008508,831537362.1859643,,,"{""sum_rel_diff"": 0.0, ""log_entries"": 14, ""n_results"": 14, ""user_lock_acquisitions"": 0}",2026-08-12T05:52:43Z
exp3_writer,single,record,14,measured,5,63,0.008545,831537362.1859643,,,"{""sum_rel_diff"": 0.0, ""log_entries"": 14, ""n_results"": 14, ""user_lock_acquisitions"": 0}",2026-08-12T05:52:43Z
exp3_writer,single,indexed,14,measured,3,64,0.008847,831537362.1859643,,,"{""sum_rel_diff"": 0.0, ""log_entries"": 14, ""n_results"": 14, ""user_lock_acquisitions"": 0}",2026-08-12T05:52:43Z
exp3_writer,single,writer,14,measured,1,65,0.009287,831537362.1859643,,,"{""sum_rel_diff"": 0.0, ""log_entries"": 14, ""n_results"": 14, ""user_lock_acquisitions"": 0}",2026-08-12T05:52:43Z
exp3_writer,single,writer,14,measured,24,66,0.009029,831537362.1859643,,,"{""sum_rel_diff"": 0.0, ""log_entries"": 14, ""n_results"": 14, ""user_lock_acquisitions"": 0}",2026-08-12T05:52:43Z
exp3_writer,single,record,14,measured,27,67,0.008991,831537362.1859643,,,"{""sum_rel_diff"": 0.0, ""log_entries"": 14, ""n_results"": 14, ""user_lock_acquisitions"": 0}",2026-08-12T05:52:43Z
exp3_writer,single,record,14,measured,7,68,0.008628,831537362.1859643,,,"{""sum_rel_diff"": 0.0, ""log_entries"": 14, ""n_results"": 14, ""user_lock_acquisitions"": 0}",2026-08-12T05:52:43Z
exp3_writer,single,record,14,measured,9,69,0.008650,831537362.1859643,,,"{""sum_rel_diff"": 0.0, ""log_entries"": 14, ""n_results"": 14, ""user_lock_acquisitions"": 0}",2026-08-12T05:52:43Z
exp3_writer,single,writer,14,measured,20,70,0.009594,831537362.1859643,,,"{""sum_rel_diff"": 0.0, ""log_entries"": 14, ""n_results"": 14, ""user_lock_acquisitions"": 0}",2026-08-12T05:52:43Z
exp3_writer,single,record,14,measured,3,71,0.008687,831537362.1859643,,,"{""sum_rel_diff"": 0.0, ""log_entries"": 14, ""n_results"": 14, ""user_lock_acquisitions"": 0}",2026-08-12T05:52:43Z
exp3_writer,single,indexed,14,measured,23,72,0.008647,831537362.1859643,,,"{""sum_rel_diff"": 0.0, ""log_entries"": 14, ""n_results"": 14, ""user_lock_acquisitions"": 0}",2026-08-12T05:52:43Z
exp3_writer,single,record,14,measured,20,73,0.008637,831537362.1859643,,,"{""sum_rel_diff"": 0.0, ""log_entries"": 14, ""n_results"": 14, ""user_lock_acquisitions"": 0}",2026-08-12T05:52:43Z
exp3_writer,single,indexed,14,measured,14,74,0.009355,831537362.1859643,,,"{""sum_rel_diff"": 0.0, ""log_entries"": 14, ""n_results"": 14, ""user_lock_acquisitions"": 0}",2026-08-12T05:52:43Z
exp3_writer,single,indexed,14,measured,18,75,0.008677,831537362.1859643,,,"{""sum_rel_diff"": 0.0, ""log_entries"": 14, ""n_results"": 14, ""user_lock_acquisitions"": 0}",2026-08-12T05:52:43Z
exp3_writer,single,indexed,14,measured,24,76,0.008464,831537362.1859643,,,"{""sum_rel_diff"": 0.0, ""log_entries"": 14, ""n_results"": 14, ""user_lock_acquisitions"": 0}",2026-08-12T05:52:43Z
exp3_writer,single,indexed,14,measured,6,77,0.008701,831537362.1859643,,,"{""sum_rel_diff"": 0.0, ""log_entries"": 14, ""n_results"": 14, ""user_lock_acquisitions"": 0}",2026-08-12T05:52:43Z
exp3_writer,single,indexed,14,measured,2,78,0.008789,831537362.1859643,,,"{""sum_rel_diff"": 0.0, ""log_entries"": 14, ""n_results"": 14, ""user_lock_acquisitions"": 0}",2026-08-12T05:52:43Z
exp3_writer,single,writer,14,measured,10,79,0.008421,831537362.1859643,,,"{""sum_rel_diff"": 0.0, ""log_entries"": 14, ""n_results"": 14, ""user_lock_acquisitions"": 0}",2026-08-12T05:52:43Z
exp3_writer,single,indexed,14,measured,10,80,0.008638,831537362.1859643,,,"{""sum_rel_diff"": 0.0, ""log_entries"": 14, ""n_results"": 14, ""user_lock_acquisitions"": 0}",2026-08-12T05:52:43Z
exp3_writer,single,writer,14,measured,6,81,0.008908,831537362.1859643,,,"{""sum_rel_diff"": 0.0, ""log_entries"": 14, ""n_results"": 14, ""user_lock_acquisitions"": 0}",2026-08-12T05:52:43Z
exp3_writer,single,lock,14,measured,7,82,0.008695,831537362.1859643,,,"{""sum_rel_diff"": 0.0, ""log_entries"": 14, ""n_results"": 14, ""user_lock_acquisitions"": 14}",2026-08-12T05:52:43Z
exp3_writer,single,writer,14,measured,2,83,0.008589,831537362.1859643,,,"{""sum_rel_diff"": 0.0, ""log_entries"": 14, ""n_results"": 14, ""user_lock_acquisitions"": 0}",2026-08-12T05:52:43Z
exp3_writer,single,record,14,measured,6,84,0.008377,831537362.1859643,,,"{""sum_rel_diff"": 0.0, ""log_entries"": 14, ""n_results"": 14, ""user_lock_acquisitions"": 0}",2026-08-12T05:52:43Z
exp3_writer,single,indexed,14,measured,28,85,0.008385,831537362.1859643,,,"{""sum_rel_diff"": 0.0, ""log_entries"": 14, ""n_results"": 14, ""user_lock_acquisitions"": 0}",2026-08-12T05:52:43Z
exp3_writer,single,indexed,14,measured,7,86,0.008597,831537362.1859643,,,"{""sum_rel_diff"": 0.0, ""log_entries"": 14, ""n_results"": 14, ""user_lock_acquisitions"": 0}",2026-08-12T05:52:43Z
exp3_writer,single,record,14,measured,13,87,0.008688,831537362.1859643,,,"{""sum_rel_diff"": 0.0, ""log_entries"": 14, ""n_results"": 14, ""user_lock_acquisitions"": 0}",2026-08-12T05:52:43Z
exp3_writer,single,writer,14,measured,9,88,0.008421,831537362.1859643,,,"{""sum_rel_diff"": 0.0, ""log_entries"": 14, ""n_results"": 14, ""user_lock_acquisitions"": 0}",2026-08-12T05:52:43Z
exp3_writer,single,lock,14,measured,6,89,0.008548,831537362.1859643,,,"{""sum_rel_diff"": 0.0, ""log_entries"": 14, ""n_results"": 14, ""user_lock_acquisitions"": 14}",2026-08-12T05:52:43Z
exp3_writer,single,record,14,measured,4,90,0.008485,831537362.1859643,,,"{""sum_rel_diff"": 0.0, ""log_entries"": 14, ""n_results"": 14, ""user_lock_acquisitions"": 0}",2026-08-12T05:52:43Z
exp3_writer,single,writer,14,measured,29,91,0.008388,831537362.1859643,,,"{""sum_rel_diff"": 0.0, ""log_entries"": 14, ""n_results"": 14, ""user_lock_acquisitions"": 0}",2026-08-12T05:52:43Z
exp3_writer,single,indexed,14,measured,9,92,0.008428,831537362.1859643,,,"{""sum_rel_diff"": 0.0, ""log_entries"": 14, ""n_results"": 14, ""user_lock_acquisitions"": 0}",2026-08-12T05:52:43Z
exp3_writer,single,lock,14,measured,19,93,0.008461,831537362.1859643,,,"{""sum_rel_diff"": 0.0, ""log_entries"": 14, ""n_results"": 14, ""user_lock_acquisitions"": 14}",2026-08-12T05:52:43Z
exp3_writer,single,lock,14,measured,23,94,0.009107,831537362.1859643,,,"{""sum_rel_diff"": 0.0, ""log_entries"": 14, ""n_results"": 14, ""user_lock_acquisitions"": 14}",2026-08-12T05:52:43Z
exp3_writer,single,lock,14,measured,25,95,0.010241,831537362.1859643,,,"{""sum_rel_diff"": 0.0, ""log_entries"": 14, ""n_results"": 14, ""user_lock_acquisitions"": 14}",2026-08-12T05:52:43Z
exp3_writer,single,record,14,measured,25,96,0.009066,831537362.1859643,,,"{""sum_rel_diff"": 0.0, ""log_entries"": 14, ""n_results"": 14, ""user_lock_acquisitions"": 0}",2026-08-12T05:52:43Z
exp3_writer,single,indexed,14,measured,25,97,0.008571,831537362.1859643,,,"{""sum_rel_diff"": 0.0, ""log_entries"": 14, ""n_results"": 14, ""user_lock_acquisitions"": 0}",2026-08-12T05:52:43Z
exp3_writer,single,lock,14,measured,21,98,0.008823,831537362.1859643,,,"{""sum_rel_diff"": 0.0, ""log_entries"": 14, ""n_results"": 14, ""user_lock_acquisitions"": 14}",2026-08-12T05:52:43Z
exp3_writer,single,record,14,measured,0,99,0.008588,831537362.1859643,,,"{""sum_rel_diff"": 0.0, ""log_entries"": 14, ""n_results"": 14, ""user_lock_acquisitions"": 0}",2026-08-12T05:52:43Z
exp3_writer,single,lock,14,measured,24,100,0.008895,831537362.1859643,,,"{""sum_rel_diff"": 0.0, ""log_entries"": 14, ""n_results"": 14, ""user_lock_acquisitions"": 14}",2026-08-12T05:52:43Z
exp3_writer,single,writer,14,measured,21,101,0.008484,831537362.1859643,,,"{""sum_rel_diff"": 0.0, ""log_entries"": 14, ""n_results"": 14, ""user_lock_acquisitions"": 0}",2026-08-12T05:52:43Z
exp3_writer,single,writer,14,measured,14,102,0.008377,831537362.1859643,,,"{""sum_rel_diff"": 0.0, ""log_entries"": 14, ""n_results"": 14, ""user_lock_acquisitions"": 0}",2026-08-12T05:52:43Z
exp3_writer,single,lock,14,measured,20,103,0.008484,831537362.1859643,,,"{""sum_rel_diff"": 0.0, ""log_entries"": 14, ""n_results"": 14, ""user_lock_acquisitions"": 14}",2026-08-12T05:52:43Z
exp3_writer,single,indexed,14,measured,21,104,0.008557,831537362.1859643,,,"{""sum_rel_diff"": 0.0, ""log_entries"": 14, ""n_results"": 14, ""user_lock_acquisitions"": 0}",2026-08-12T05:52:43Z
exp3_writer,single,lock,14,measured,22,105,0.008807,831537362.1859643,,,"{""sum_rel_diff"": 0.0, ""log_entries"": 14, ""n_results"": 14, ""user_lock_acquisitions"": 14}",2026-08-12T05:52:43Z
exp3_writer,single,lock,14,measured,2,106,0.008331,831537362.1859643,,,"{""sum_rel_diff"": 0.0, ""log_entries"": 14, ""n_results"": 14, ""user_lock_acquisitions"": 14}",2026-08-12T05:52:43Z
exp3_writer,single,writer,14,measured,22,107,0.008536,831537362.1859643,,,"{""sum_rel_diff"": 0.0, ""log_entries"": 14, ""n_results"": 14, ""user_lock_acquisitions"": 0}",2026-08-12T05:52:43Z
exp3_writer,single,record,14,measured,10,108,0.008747,831537362.1859643,,,"{""sum_rel_diff"": 0.0, ""log_entries"": 14, ""n_results"": 14, ""user_lock_acquisitions"": 0}",2026-08-12T05:52:43Z
exp3_writer,single,record,14,measured,17,109,0.008825,831537362.1859643,,,"{""sum_rel_diff"": 0.0, ""log_entries"": 14, ""n_results"": 14, ""user_lock_acquisitions"": 0}",2026-08-12T05:52:43Z
exp3_writer,single,record,14,measured,14,110,0.008557,831537362.1859643,,,"{""sum_rel_diff"": 0.0, ""log_entries"": 14, ""n_results"": 14, ""user_lock_acquisitions"": 0}",2026-08-12T05:52:43Z
exp3_writer,single,record,14,measured,26,111,0.008609,831537362.1859643,,,"{""sum_rel_diff"": 0.0, ""log_entries"": 14, ""n_results"": 14, ""user_lock_acquisitions"": 0}",2026-08-12T05:52:43Z
exp3_writer,single,lock,14,measured,13,112,0.008748,831537362.1859643,,,"{""sum_rel_diff"": 0.0, ""log_entries"": 14, ""n_results"": 14, ""user_lock_acquisitions"": 14}",2026-08-12T05:52:43Z
exp3_writer,single,record,14,measured,24,113,0.008768,831537362.1859643,,,"{""sum_rel_diff"": 0.0, ""log_entries"": 14, ""n_results"": 14, ""user_lock_acquisitions"": 0}",2026-08-12T05:52:43Z
exp3_writer,single,writer,14,measured,11,114,0.008777,831537362.1859643,,,"{""sum_rel_diff"": 0.0, ""log_entries"": 14, ""n_results"": 14, ""user_lock_acquisitions"": 0}",2026-08-12T05:52:43Z
exp3_writer,single,record,14,measured,23,115,0.008691,831537362.1859643,,,"{""sum_rel_diff"": 0.0, ""log_entries"": 14, ""n_results"": 14, ""user_lock_acquisitions"": 0}",2026-08-12T05:52:43Z
exp3_writer,single,lock,14,measured,4,116,0.008445,831537362.1859643,,,"{""sum_rel_diff"": 0.0, ""log_entries"": 14, ""n_results"": 14, ""user_lock_acquisitions"": 14}",2026-08-12T05:52:43Z
exp3_writer,single,lock,14,measured,10,117,0.008644,831537362.1859643,,,"{""sum_rel_diff"": 0.0, ""log_entries"": 14, ""n_results"": 14, ""user_lock_acquisitions"": 14}",2026-08-12T05:52:43Z
exp3_writer,single,indexed,14,measured,1,118,0.008545,831537362.1859643,,,"{""sum_rel_diff"": 0.0, ""log_entries"": 14, ""n_results"": 14, ""user_lock_acquisitions"": 0}",2026-08-12T05:52:43Z
exp3_writer,single,writer,14,measured,7,119,0.008775,831537362.1859643,,,"{""sum_rel_diff"": 0.0, ""log_entries"": 14, ""n_results"": 14, ""user_lock_acquisitions"": 0}",2026-08-12T05:52:43Z
exp3_writer,single,writer,14,measured,27,120,0.008754,831537362.1859643,,,"{""sum_rel_diff"": 0.0, ""log_entries"": 14, ""n_results"": 14, ""user_lock_acquisitions"": 0}",2026-08-12T05:52:43Z
exp3_writer,single,indexed,14,measured,13,121,0.008931,831537362.1859643,,,"{""sum_rel_diff"": 0.0, ""log_entries"": 14, ""n_results"": 14, ""user_lock_acquisitions"": 0}",2026-08-12T05:52:43Z
exp3_writer,single,lock,14,measured,1,122,0.008541,831537362.1859643,,,"{""sum_rel_diff"": 0.0, ""log_entries"": 14, ""n_results"": 14, ""user_lock_acquisitions"": 14}",2026-08-12T05:52:43Z
exp3_writer,single,record,14,measured,28,123,0.008656,831537362.1859643,,,"{""sum_rel_diff"": 0.0, ""log_entries"": 14, ""n_results"": 14, ""user_lock_acquisitions"": 0}",2026-08-12T05:52:43Z
exp3_writer,single,record,14,measured,18,124,0.008646,831537362.1859643,,,"{""sum_rel_diff"": 0.0, ""log_entries"": 14, ""n_results"": 14, ""user_lock_acquisitions"": 0}",2026-08-12T05:52:43Z
exp3_writer,single,lock,14,measured,28,125,0.008430,831537362.1859643,,,"{""sum_rel_diff"": 0.0, ""log_entries"": 14, ""n_results"": 14, ""user_lock_acquisitions"": 14}",2026-08-12T05:52:43Z
exp3_writer,single,lock,14,measured,27,126,0.008733,831537362.1859643,,,"{""sum_rel_diff"": 0.0, ""log_entries"": 14, ""n_results"": 14, ""user_lock_acquisitions"": 14}",2026-08-12T05:52:44Z
exp3_writer,single,indexed,14,measured,22,127,0.008952,831537362.1859643,,,"{""sum_rel_diff"": 0.0, ""log_entries"": 14, ""n_results"": 14, ""user_lock_acquisitions"": 0}",2026-08-12T05:52:44Z
exp3_writer,single,writer,14,measured,28,128,0.009055,831537362.1859643,,,"{""sum_rel_diff"": 0.0, ""log_entries"": 14, ""n_results"": 14, ""user_lock_acquisitions"": 0}",2026-08-12T05:52:44Z
exp3_writer,single,record,14,measured,29,129,0.008618,831537362.1859643,,,"{""sum_rel_diff"": 0.0, ""log_entries"": 14, ""n_results"": 14, ""user_lock_acquisitions"": 0}",2026-08-12T05:52:44Z
exp3_writer,single,record,14,measured,16,130,0.009054,831537362.1859643,,,"{""sum_rel_diff"": 0.0, ""log_entries"": 14, ""n_results"": 14, ""user_lock_acquisitions"": 0}",2026-08-12T05:52:44Z
exp3_writer,single,writer,14,measured,25,131,0.008855,831537362.1859643,,,"{""sum_rel_diff"": 0.0, ""log_entries"": 14, ""n_results"": 14, ""user_lock_acquisitions"": 0}",2026-08-12T05:52:44Z
exp3_writer,single,lock,16,warmup,2,0,0.010311,831537362.1859643,,,"{""sum_rel_diff"": 0.0, ""log_entries"": 16, ""n_results"": 16, ""user_lock_acquisitions"": 16}",2026-08-12T05:52:44Z
exp3_writer,single,writer,16,warmup,1,1,0.009060,831537362.1859643,,,"{""sum_rel_diff"": 0.0, ""log_entries"": 16, ""n_results"": 16, ""user_lock_acquisitions"": 0}",2026-08-12T05:52:44Z
exp3_writer,single,writer,16,warmup,2,2,0.008285,831537362.1859643,,,"{""sum_rel_diff"": 0.0, ""log_entries"": 16, ""n_results"": 16, ""user_lock_acquisitions"": 0}",2026-08-12T05:52:44Z
exp3_writer,single,indexed,16,warmup,1,3,0.008217,831537362.1859643,,,"{""sum_rel_diff"": 0.0, ""log_entries"": 16, ""n_results"": 16, ""user_lock_acquisitions"": 0}",2026-08-12T05:52:44Z
exp3_writer,single,indexed,16,warmup,0,4,0.008517,831537362.1859643,,,"{""sum_rel_diff"": 0.0, ""log_entries"": 16, ""n_results"": 16, ""user_lock_acquisitions"": 0}",2026-08-12T05:52:44Z
exp3_writer,single,writer,16,warmup,0,5,0.008049,831537362.1859643,,,"{""sum_rel_diff"": 0.0, ""log_entries"": 16, ""n_results"": 16, ""user_lock_acquisitions"": 0}",2026-08-12T05:52:44Z
exp3_writer,single,indexed,16,warmup,2,6,0.008021,831537362.1859643,,,"{""sum_rel_diff"": 0.0, ""log_entries"": 16, ""n_results"": 16, ""user_lock_acquisitions"": 0}",2026-08-12T05:52:44Z
exp3_writer,single,record,16,warmup,1,7,0.008315,831537362.1859643,,,"{""sum_rel_diff"": 0.0, ""log_entries"": 16, ""n_results"": 16, ""user_lock_acquisitions"": 0}",2026-08-12T05:52:44Z
exp3_writer,single,lock,16,warmup,1,8,0.008003,831537362.1859643,,,"{""sum_rel_diff"": 0.0, ""log_entries"": 16, ""n_results"": 16, ""user_lock_acquisitions"": 16}",2026-08-12T05:52:44Z
exp3_writer,single,lock,16,warmup,0,9,0.008277,831537362.1859643,,,"{""sum_rel_diff"": 0.0, ""log_entries"": 16, ""n_results"": 16, ""user_lock_acquisitions"": 16}",2026-08-12T05:52:44Z
exp3_writer,single,record,16,warmup,2,10,0.007909,831537362.1859643,,,"{""sum_rel_diff"": 0.0, ""log_entries"": 16, ""n_results"": 16, ""user_lock_acquisitions"": 0}",2026-08-12T05:52:44Z
exp3_writer,single,record,16,warmup,0,11,0.008052,831537362.1859643,,,"{""sum_rel_diff"": 0.0, ""log_entries"": 16, ""n_results"": 16, ""user_lock_acquisitions"": 0}",2026-08-12T05:52:44Z
exp3_writer,single,record,16,measured,23,12,0.008144,831537362.1859643,,,"{""sum_rel_diff"": 0.0, ""log_entries"": 16, ""n_results"": 16, ""user_lock_acquisitions"": 0}",2026-08-12T05:52:44Z
exp3_writer,single,record,16,measured,8,13,0.012588,831537362.1859643,,,"{""sum_rel_diff"": 0.0, ""log_entries"": 16, ""n_results"": 16, ""user_lock_acquisitions"": 0}",2026-08-12T05:52:44Z
exp3_writer,single,indexed,16,measured,26,14,0.008163,831537362.1859643,,,"{""sum_rel_diff"": 0.0, ""log_entries"": 16, ""n_results"": 16, ""user_lock_acquisitions"": 0}",2026-08-12T05:52:44Z
exp3_writer,single,writer,16,measured,2,15,0.008241,831537362.1859643,,,"{""sum_rel_diff"": 0.0, ""log_entries"": 16, ""n_results"": 16, ""user_lock_acquisitions"": 0}",2026-08-12T05:52:44Z
exp3_writer,single,writer,16,measured,25,16,0.008096,831537362.1859643,,,"{""sum_rel_diff"": 0.0, ""log_entries"": 16, ""n_results"": 16, ""user_lock_acquisitions"": 0}",2026-08-12T05:52:44Z
exp3_writer,single,record,16,measured,25,17,0.007733,831537362.1859643,,,"{""sum_rel_diff"": 0.0, ""log_entries"": 16, ""n_results"": 16, ""user_lock_acquisitions"": 0}",2026-08-12T05:52:44Z
exp3_writer,single,writer,16,measured,28,18,0.007864,831537362.1859643,,,"{""sum_rel_diff"": 0.0, ""log_entries"": 16, ""n_results"": 16, ""user_lock_acquisitions"": 0}",2026-08-12T05:52:44Z
exp3_writer,single,writer,16,measured,22,19,0.007667,831537362.1859643,,,"{""sum_rel_diff"": 0.0, ""log_entries"": 16, ""n_results"": 16, ""user_lock_acquisitions"": 0}",2026-08-12T05:52:44Z
exp3_writer,single,lock,16,measured,17,20,0.008279,831537362.1859643,,,"{""sum_rel_diff"": 0.0, ""log_entries"": 16, ""n_results"": 16, ""user_lock_acquisitions"": 16}",2026-08-12T05:52:44Z
exp3_writer,single,writer,16,measured,27,21,0.007870,831537362.1859643,,,"{""sum_rel_diff"": 0.0, ""log_entries"": 16, ""n_results"": 16, ""user_lock_acquisitions"": 0}",2026-08-12T05:52:44Z
exp3_writer,single,lock,16,measured,28,22,0.008449,831537362.1859643,,,"{""sum_rel_diff"": 0.0, ""log_entries"": 16, ""n_results"": 16, ""user_lock_acquisitions"": 16}",2026-08-12T05:52:44Z
exp3_writer,single,lock,16,measured,10,23,0.007655,831537362.1859643,,,"{""sum_rel_diff"": 0.0, ""log_entries"": 16, ""n_results"": 16, ""user_lock_acquisitions"": 16}",2026-08-12T05:52:44Z
exp3_writer,single,record,16,measured,10,24,0.008137,831537362.1859643,,,"{""sum_rel_diff"": 0.0, ""log_entries"": 16, ""n_results"": 16, ""user_lock_acquisitions"": 0}",2026-08-12T05:52:44Z
exp3_writer,single,writer,16,measured,5,25,0.007927,831537362.1859643,,,"{""sum_rel_diff"": 0.0, ""log_entries"": 16, ""n_results"": 16, ""user_lock_acquisitions"": 0}",2026-08-12T05:52:44Z
exp3_writer,single,writer,16,measured,4,26,0.007887,831537362.1859643,,,"{""sum_rel_diff"": 0.0, ""log_entries"": 16, ""n_results"": 16, ""user_lock_acquisitions"": 0}",2026-08-12T05:52:44Z
exp3_writer,single,lock,16,measured,15,27,0.008557,831537362.1859643,,,"{""sum_rel_diff"": 0.0, ""log_entries"": 16, ""n_results"": 16, ""user_lock_acquisitions"": 16}",2026-08-12T05:52:44Z
exp3_writer,single,indexed,16,measured,7,28,0.009123,831537362.1859643,,,"{""sum_rel_diff"": 0.0, ""log_entries"": 16, ""n_results"": 16, ""user_lock_acquisitions"": 0}",2026-08-12T05:52:44Z
exp3_writer,single,indexed,16,measured,4,29,0.008023,831537362.1859643,,,"{""sum_rel_diff"": 0.0, ""log_entries"": 16, ""n_results"": 16, ""user_lock_acquisitions"": 0}",2026-08-12T05:52:44Z
exp3_writer,single,lock,16,measured,20,30,0.008405,831537362.1859643,,,"{""sum_rel_diff"": 0.0, ""log_entries"": 16, ""n_results"": 16, ""user_lock_acquisitions"": 16}",2026-08-12T05:52:44Z
exp3_writer,single,writer,16,measured,9,31,0.008070,831537362.1859643,,,"{""sum_rel_diff"": 0.0, ""log_entries"": 16, ""n_results"": 16, ""user_lock_acquisitions"": 0}",2026-08-12T05:52:44Z
exp3_writer,single,writer,16,measured,3,32,0.008026,831537362.1859643,,,"{""sum_rel_diff"": 0.0, ""log_entries"": 16, ""n_results"": 16, ""user_lock_acquisitions"": 0}",2026-08-12T05:52:44Z
exp3_writer,single,lock,16,measured,2,33,0.007983,831537362.1859643,,,"{""sum_rel_diff"": 0.0, ""log_entries"": 16, ""n_results"": 16, ""user_lock_acquisitions"": 16}",2026-08-12T05:52:44Z
exp3_writer,single,lock,16,measured,9,34,0.007803,831537362.1859643,,,"{""sum_rel_diff"": 0.0, ""log_entries"": 16, ""n_results"": 16, ""user_lock_acquisitions"": 16}",2026-08-12T05:52:44Z
exp3_writer,single,writer,16,measured,13,35,0.008007,831537362.1859643,,,"{""sum_rel_diff"": 0.0, ""log_entries"": 16, ""n_results"": 16, ""user_lock_acquisitions"": 0}",2026-08-12T05:52:44Z
exp3_writer,single,lock,16,measured,0,36,0.008313,831537362.1859643,,,"{""sum_rel_diff"": 0.0, ""log_entries"": 16, ""n_results"": 16, ""user_lock_acquisitions"": 16}",2026-08-12T05:52:44Z
exp3_writer,single,lock,16,measured,1,37,0.007988,831537362.1859643,,,"{""sum_rel_diff"": 0.0, ""log_entries"": 16, ""n_results"": 16, ""user_lock_acquisitions"": 16}",2026-08-12T05:52:44Z
exp3_writer,single,indexed,16,measured,0,38,0.008078,831537362.1859643,,,"{""sum_rel_diff"": 0.0, ""log_entries"": 16, ""n_results"": 16, ""user_lock_acquisitions"": 0}",2026-08-12T05:52:44Z
exp3_writer,single,indexed,16,measured,23,39,0.008067,831537362.1859643,,,"{""sum_rel_diff"": 0.0, ""log_entries"": 16, ""n_results"": 16, ""user_lock_acquisitions"": 0}",2026-08-12T05:52:44Z
exp3_writer,single,indexed,16,measured,10,40,0.008141,831537362.1859643,,,"{""sum_rel_diff"": 0.0, ""log_entries"": 16, ""n_results"": 16, ""user_lock_acquisitions"": 0}",2026-08-12T05:52:44Z
exp3_writer,single,record,16,measured,3,41,0.008072,831537362.1859643,,,"{""sum_rel_diff"": 0.0, ""log_entries"": 16, ""n_results"": 16, ""user_lock_acquisitions"": 0}",2026-08-12T05:52:44Z
exp3_writer,single,record,16,measured,17,42,0.008007,831537362.1859643,,,"{""sum_rel_diff"": 0.0, ""log_entries"": 16, ""n_results"": 16, ""user_lock_acquisitions"": 0}",2026-08-12T05:52:44Z
exp3_writer,single,indexed,16,measured,25,43,0.007927,831537362.1859643,,,"{""sum_rel_diff"": 0.0, ""log_entries"": 16, ""n_results"": 16, ""user_lock_acquisitions"": 0}",2026-08-12T05:52:44Z
exp3_writer,single,lock,16,measured,24,44,0.007958,831537362.1859643,,,"{""sum_rel_diff"": 0.0, ""log_entries"": 16, ""n_results"": 16, ""user_lock_acquisitions"": 16}",2026-08-12T05:52:44Z
exp3_writer,single,lock,16,measured,8,45,0.007850,831537362.1859643,,,"{""sum_rel_diff"": 0.0, ""log_entries"": 16, ""n_results"": 16, ""user_lock_acquisitions"": 16}",2026-08-12T05:52:44Z
exp3_writer,single,writer,16,measured,6,46,0.008286,831537362.1859643,,,"{""sum_rel_diff"": 0.0, ""log_entries"": 16, ""n_results"": 16, ""user_lock_acquisitions"": 0}",2026-08-12T05:52:44Z
exp3_writer,single,record,16,measured,28,47,0.007838,831537362.1859643,,,"{""sum_rel_diff"": 0.0, ""log_entries"": 16, ""n_results"": 16, ""user_lock_acquisitions"": 0}",2026-08-12T05:52:44Z
exp3_writer,single,record,16,measured,16,48,0.007864,831537362.1859643,,,"{""sum_rel_diff"": 0.0, ""log_entries"": 16, ""n_results"": 16, ""user_lock_acquisitions"": 0}",2026-08-12T05:52:44Z
exp3_writer,single,indexed,16,measured,16,49,0.007893,831537362.1859643,,,"{""sum_rel_diff"": 0.0, ""log_entries"": 16, ""n_results"": 16, ""user_lock_acquisitions"": 0}",2026-08-12T05:52:44Z
exp3_writer,single,writer,16,measured,26,50,0.007843,831537362.1859643,,,"{""sum_rel_diff"": 0.0, ""log_entries"": 16, ""n_results"": 16, ""user_lock_acquisitions"": 0}",2026-08-12T05:52:44Z
exp3_writer,single,indexed,16,measured,6,51,0.007963,831537362.1859643,,,"{""sum_rel_diff"": 0.0, ""log_entries"": 16, ""n_results"": 16, ""user_lock_acquisitions"": 0}",2026-08-12T05:52:44Z
exp3_writer,single,record,16,measured,11,52,0.007841,831537362.1859643,,,"{""sum_rel_diff"": 0.0, ""log_entries"": 16, ""n_results"": 16, ""user_lock_acquisitions"": 0}",2026-08-12T05:52:44Z
exp3_writer,single,lock,16,measured,11,53,0.007683,831537362.1859643,,,"{""sum_rel_diff"": 0.0, ""log_entries"": 16, ""n_results"": 16, ""user_lock_acquisitions"": 16}",2026-08-12T05:52:44Z
exp3_writer,single,indexed,16,measured,17,54,0.007947,831537362.1859643,,,"{""sum_rel_diff"": 0.0, ""log_entries"": 16, ""n_results"": 16, ""user_lock_acquisitions"": 0}",2026-08-12T05:52:44Z
exp3_writer,single,record,16,measured,9,55,0.008041,831537362.1859643,,,"{""sum_rel_diff"": 0.0, ""log_entries"": 16, ""n_results"": 16, ""user_lock_acquisitions"": 0}",2026-08-12T05:52:44Z
exp3_writer,single,lock,16,measured,26,56,0.007912,831537362.1859643,,,"{""sum_rel_diff"": 0.0, ""log_entries"": 16, ""n_results"": 16, ""user_lock_acquisitions"": 16}",2026-08-12T05:52:44Z
exp3_writer,single,lock,16,measured,6,57,0.007870,831537362.1859643,,,"{""sum_rel_diff"": 0.0, ""log_entries"": 16, ""n_results"": 16, ""user_lock_acquisitions"": 16}",2026-08-12T05:52:44Z
exp3_writer,single,lock,16,measured,19,58,0.008289,831537362.1859643,,,"{""sum_rel_diff"": 0.0, ""log_entries"": 16, ""n_results"": 16, ""user_lock_acquisitions"": 16}",2026-08-12T05:52:44Z
exp3_writer,single,record,16,measured,0,59,0.008085,831537362.1859643,,,"{""sum_rel_diff"": 0.0, ""log_entries"": 16, ""n_results"": 16, ""user_lock_acquisitions"": 0}",2026-08-12T05:52:44Z
exp3_writer,single,indexed,16,measured,11,60,0.008019,831537362.1859643,,,"{""sum_rel_diff"": 0.0, ""log_entries"": 16, ""n_results"": 16, ""user_lock_acquisitions"": 0}",2026-08-12T05:52:44Z
exp3_writer,single,lock,16,measured,4,61,0.007843,831537362.1859643,,,"{""sum_rel_diff"": 0.0, ""log_entries"": 16, ""n_results"": 16, ""user_lock_acquisitions"": 16}",2026-08-12T05:52:44Z
exp3_writer,single,indexed,16,measured,19,62,0.008032,831537362.1859643,,,"{""sum_rel_diff"": 0.0, ""log_entries"": 16, ""n_results"": 16, ""user_lock_acquisitions"": 0}",2026-08-12T05:52:44Z
exp3_writer,single,writer,16,measured,20,63,0.007737,831537362.1859643,,,"{""sum_rel_diff"": 0.0, ""log_entries"": 16, ""n_results"": 16, ""user_lock_acquisitions"": 0}",2026-08-12T05:52:44Z
exp3_writer,single,writer,16,measured,24,64,0.007869,831537362.1859643,,,"{""sum_rel_diff"": 0.0, ""log_entries"": 16, ""n_results"": 16, ""user_lock_acquisitions"": 0}",2026-08-12T05:52:44Z
exp3_writer,single,writer,16,measured,14,65,0.007707,831537362.1859643,,,"{""sum_rel_diff"": 0.0, ""log_entries"": 16, ""n_results"": 16, ""user_lock_acquisitions"": 0}",2026-08-12T05:52:44Z
exp3_writer,single,record,16,measured,4,66,0.007884,831537362.1859643,,,"{""sum_rel_diff"": 0.0, ""log_entries"": 16, ""n_results"": 16, ""user_lock_acquisitions"": 0}",2026-08-12T05:52:44Z
exp3_writer,single,indexed,16,measured,27,67,0.007984,831537362.1859643,,,"{""sum_rel_diff"": 0.0, ""log_entries"": 16, ""n_results"": 16, ""user_lock_acquisitions"": 0}",2026-08-12T05:52:44Z
exp3_writer,single,record,16,measured,1,68,0.007944,831537362.1859643,,,"{""sum_rel_diff"": 0.0, ""log_entries"": 16, ""n_results"": 16, ""user_lock_acquisitions"": 0}",2026-08-12T05:52:44Z
exp3_writer,single,writer,16,measured,12,69,0.008154,831537362.1859643,,,"{""sum_rel_diff"": 0.0, ""log_entries"": 16, ""n_results"": 16, ""user_lock_acquisitions"": 0}",2026-08-12T05:52:44Z
exp3_writer,single,lock,16,measured,21,70,0.008096,831537362.1859643,,,"{""sum_rel_diff"": 0.0, ""log_entries"": 16, ""n_results"": 16, ""user_lock_acquisitions"": 16}",2026-08-12T05:52:44Z
exp3_writer,single,record,16,measured,20,71,0.008007,831537362.1859643,,,"{""sum_rel_diff"": 0.0, ""log_entries"": 16, ""n_results"": 16, ""user_lock_acquisitions"": 0}",2026-08-12T05:52:44Z
exp3_writer,single,record,16,measured,15,72,0.008166,831537362.1859643,,,"{""sum_rel_diff"": 0.0, ""log_entries"": 16, ""n_results"": 16, ""user_lock_acquisitions"": 0}",2026-08-12T05:52:44Z
exp3_writer,single,record,16,measured,12,73,0.008177,831537362.1859643,,,"{""sum_rel_diff"": 0.0, ""log_entries"": 16, ""n_results"": 16, ""user_lock_acquisitions"": 0}",2026-08-12T05:52:44Z
exp3_writer,single,record,16,measured,6,74,0.008079,831537362.1859643,,,"{""sum_rel_diff"": 0.0, ""log_entries"": 16, ""n_results"": 16, ""user_lock_acquisitions"": 0}",2026-08-12T05:52:44Z
exp3_writer,single,record,16,measured,13,75,0.008247,831537362.1859643,,,"{""sum_rel_diff"": 0.0, ""log_entries"": 16, ""n_results"": 16, ""user_lock_acquisitions"": 0}",2026-08-12T05:52:44Z
exp3_writer,single,indexed,16,measured,8,76,0.008168,831537362.1859643,,,"{""sum_rel_diff"": 0.0, ""log_entries"": 16, ""n_results"": 16, ""user_lock_acquisitions"": 0}",2026-08-12T05:52:44Z
exp3_writer,single,lock,16,measured,16,77,0.008227,831537362.1859643,,,"{""sum_rel_diff"": 0.0, ""log_entries"": 16, ""n_results"": 16, ""user_lock_acquisitions"": 16}",2026-08-12T05:52:44Z
exp3_writer,single,record,16,measured,26,78,0.010980,831537362.1859643,,,"{""sum_rel_diff"": 0.0, ""log_entries"": 16, ""n_results"": 16, ""user_lock_acquisitions"": 0}",2026-08-12T05:52:44Z
exp3_writer,single,writer,16,measured,17,79,0.008544,831537362.1859643,,,"{""sum_rel_diff"": 0.0, ""log_entries"": 16, ""n_results"": 16, ""user_lock_acquisitions"": 0}",2026-08-12T05:52:44Z
exp3_writer,single,indexed,16,measured,21,80,0.008145,831537362.1859643,,,"{""sum_rel_diff"": 0.0, ""log_entries"": 16, ""n_results"": 16, ""user_lock_acquisitions"": 0}",2026-08-12T05:52:44Z
exp3_writer,single,record,16,measured,19,81,0.007992,831537362.1859643,,,"{""sum_rel_diff"": 0.0, ""log_entries"": 16, ""n_results"": 16, ""user_lock_acquisitions"": 0}",2026-08-12T05:52:44Z
exp3_writer,single,lock,16,measured,7,82,0.007826,831537362.1859643,,,"{""sum_rel_diff"": 0.0, ""log_entries"": 16, ""n_results"": 16, ""user_lock_acquisitions"": 16}",2026-08-12T05:52:44Z
exp3_writer,single,writer,16,measured,8,83,0.007856,831537362.1859643,,,"{""sum_rel_diff"": 0.0, ""log_entries"": 16, ""n_results"": 16, ""user_lock_acquisitions"": 0}",2026-08-12T05:52:44Z
exp3_writer,single,indexed,16,measured,28,84,0.008227,831537362.1859643,,,"{""sum_rel_diff"": 0.0, ""log_entries"": 16, ""n_results"": 16, ""user_lock_acquisitions"": 0}",2026-08-12T05:52:44Z
exp3_writer,single,writer,16,measured,11,85,0.007816,831537362.1859643,,,"{""sum_rel_diff"": 0.0, ""log_entries"": 16, ""n_results"": 16, ""user_lock_acquisitions"": 0}",2026-08-12T05:52:44Z
exp3_writer,single,lock,16,measured,12,86,0.007884,831537362.1859643,,,"{""sum_rel_diff"": 0.0, ""log_entries"": 16, ""n_results"": 16, ""user_lock_acquisitions"": 16}",2026-08-12T05:52:44Z
exp3_writer,single,record,16,measured,14,87,0.007891,831537362.1859643,,,"{""sum_rel_diff"": 0.0, ""log_entries"": 16, ""n_results"": 16, ""user_lock_acquisitions"": 0}",2026-08-12T05:52:44Z
exp3_writer,single,record,16,measured,24,88,0.008164,831537362.1859643,,,"{""sum_rel_diff"": 0.0, ""log_entries"": 16, ""n_results"": 16, ""user_lock_acquisitions"": 0}",2026-08-12T05:52:44Z
exp3_writer,single,writer,16,measured,23,89,0.008368,831537362.1859643,,,"{""sum_rel_diff"": 0.0, ""log_entries"": 16, ""n_results"": 16, ""user_lock_acquisitions"": 0}",2026-08-12T05:52:44Z
exp3_writer,single,record,16,measured,29,90,0.007955,831537362.1859643,,,"{""sum_rel_diff"": 0.0, ""log_entries"": 16, ""n_results"": 16, ""user_lock_acquisitions"": 0}",2026-08-12T05:52:44Z
exp3_writer,single,indexed,16,measured,2,91,0.008118,831537362.1859643,,,"{""sum_rel_diff"": 0.0, ""log_entries"": 16, ""n_results"": 16, ""user_lock_acquisitions"": 0}",2026-08-12T05:52:44Z
exp3_writer,single,record,16,measured,27,92,0.008023,831537362.1859643,,,"{""sum_rel_diff"": 0.0, ""log_entries"": 16, ""n_results"": 16, ""user_lock_acquisitions"": 0}",2026-08-12T05:52:44Z
exp3_writer,single,indexed,16,measured,9,93,0.007778,831537362.1859643,,,"{""sum_rel_diff"": 0.0, ""log_entries"": 16, ""n_results"": 16, ""user_lock_acquisitions"": 0}",2026-08-12T05:52:44Z
exp3_writer,single,indexed,16,measured,18,94,0.007760,831537362.1859643,,,"{""sum_rel_diff"": 0.0, ""log_entries"": 16, ""n_results"": 16, ""user_lock_acquisitions"": 0}",2026-08-12T05:52:44Z
exp3_writer,single,record,16,measured,7,95,0.008216,831537362.1859643,,,"{""sum_rel_diff"": 0.0, ""log_entries"": 16, ""n_results"": 16, ""user_lock_acquisitions"": 0}",2026-08-12T05:52:44Z
exp3_writer,single,record,16,measured,22,96,0.007693,831537362.1859643,,,"{""sum_rel_diff"": 0.0, ""log_entries"": 16, ""n_results"": 16, ""user_lock_acquisitions"": 0}",2026-08-12T05:52:44Z
exp3_writer,single,lock,16,measured,27,97,0.007740,831537362.1859643,,,"{""sum_rel_diff"": 0.0, ""log_entries"": 16, ""n_results"": 16, ""user_lock_acquisitions"": 16}",2026-08-12T05:52:44Z
exp3_writer,single,record,16,measured,5,98,0.007737,831537362.1859643,,,"{""sum_rel_diff"": 0.0, ""log_entries"": 16, ""n_results"": 16, ""user_lock_acquisitions"": 0}",2026-08-12T05:52:44Z
exp3_writer,single,lock,16,measured,14,99,0.007696,831537362.1859643,,,"{""sum_rel_diff"": 0.0, ""log_entries"": 16, ""n_results"": 16, ""user_lock_acquisitions"": 16}",2026-08-12T05:52:44Z
exp3_writer,single,indexed,16,measured,24,100,0.007802,831537362.1859643,,,"{""sum_rel_diff"": 0.0, ""log_entries"": 16, ""n_results"": 16, ""user_lock_acquisitions"": 0}",2026-08-12T05:52:44Z
exp3_writer,single,indexed,16,measured,14,101,0.007763,831537362.1859643,,,"{""sum_rel_diff"": 0.0, ""log_entries"": 16, ""n_results"": 16, ""user_lock_acquisitions"": 0}",2026-08-12T05:52:44Z
exp3_writer,single,indexed,16,measured,20,102,0.008081,831537362.1859643,,,"{""sum_rel_diff"": 0.0, ""log_entries"": 16, ""n_results"": 16, ""user_lock_acquisitions"": 0}",2026-08-12T05:52:44Z
exp3_writer,single,writer,16,measured,15,103,0.009113,831537362.1859643,,,"{""sum_rel_diff"": 0.0, ""log_entries"": 16, ""n_results"": 16, ""user_lock_acquisitions"": 0}",2026-08-12T05:52:44Z
exp3_writer,single,writer,16,measured,0,104,0.008281,831537362.1859643,,,"{""sum_rel_diff"": 0.0, ""log_entries"": 16, ""n_results"": 16, ""user_lock_acquisitions"": 0}",2026-08-12T05:52:44Z
exp3_writer,single,writer,16,measured,29,105,0.008339,831537362.1859643,,,"{""sum_rel_diff"": 0.0, ""log_entries"": 16, ""n_results"": 16, ""user_lock_acquisitions"": 0}",2026-08-12T05:52:44Z
exp3_writer,single,lock,16,measured,18,106,0.008061,831537362.1859643,,,"{""sum_rel_diff"": 0.0, ""log_entries"": 16, ""n_results"": 16, ""user_lock_acquisitions"": 16}",2026-08-12T05:52:44Z
exp3_writer,single,lock,16,measured,25,107,0.007889,831537362.1859643,,,"{""sum_rel_diff"": 0.0, ""log_entries"": 16, ""n_results"": 16, ""user_lock_acquisitions"": 16}",2026-08-12T05:52:44Z
exp3_writer,single,indexed,16,measured,29,108,0.008230,831537362.1859643,,,"{""sum_rel_diff"": 0.0, ""log_entries"": 16, ""n_results"": 16, ""user_lock_acquisitions"": 0}",2026-08-12T05:52:44Z
exp3_writer,single,writer,16,measured,16,109,0.008221,831537362.1859643,,,"{""sum_rel_diff"": 0.0, ""log_entries"": 16, ""n_results"": 16, ""user_lock_acquisitions"": 0}",2026-08-12T05:52:44Z
exp3_writer,single,indexed,16,measured,12,110,0.008162,831537362.1859643,,,"{""sum_rel_diff"": 0.0, ""log_entries"": 16, ""n_results"": 16, ""user_lock_acquisitions"": 0}",2026-08-12T05:52:44Z
exp3_writer,single,indexed,16,measured,3,111,0.008039,831537362.1859643,,,"{""sum_rel_diff"": 0.0, ""log_entries"": 16, ""n_results"": 16, ""user_lock_acquisitions"": 0}",2026-08-12T05:52:44Z
exp3_writer,single,lock,16,measured,13,112,0.008236,831537362.1859643,,,"{""sum_rel_diff"": 0.0, ""log_entries"": 16, ""n_results"": 16, ""user_lock_acquisitions"": 16}",2026-08-12T05:52:44Z
exp3_writer,single,record,16,measured,2,113,0.007899,831537362.1859643,,,"{""sum_rel_diff"": 0.0, ""log_entries"": 16, ""n_results"": 16, ""user_lock_acquisitions"": 0}",2026-08-12T05:52:44Z
exp3_writer,single,writer,16,measured,19,114,0.008170,831537362.1859643,,,"{""sum_rel_diff"": 0.0, ""log_entries"": 16, ""n_results"": 16, ""user_lock_acquisitions"": 0}",2026-08-12T05:52:45Z
exp3_writer,single,writer,16,measured,10,115,0.008218,831537362.1859643,,,"{""sum_rel_diff"": 0.0, ""log_entries"": 16, ""n_results"": 16, ""user_lock_acquisitions"": 0}",2026-08-12T05:52:45Z
exp3_writer,single,lock,16,measured,29,116,0.008275,831537362.1859643,,,"{""sum_rel_diff"": 0.0, ""log_entries"": 16, ""n_results"": 16, ""user_lock_acquisitions"": 16}",2026-08-12T05:52:45Z
exp3_writer,single,lock,16,measured,22,117,0.007962,831537362.1859643,,,"{""sum_rel_diff"": 0.0, ""log_entries"": 16, ""n_results"": 16, ""user_lock_acquisitions"": 16}",2026-08-12T05:52:45Z
exp3_writer,single,lock,16,measured,5,118,0.007803,831537362.1859643,,,"{""sum_rel_diff"": 0.0, ""log_entries"": 16, ""n_results"": 16, ""user_lock_acquisitions"": 16}",2026-08-12T05:52:45Z
exp3_writer,single,indexed,16,measured,13,119,0.008041,831537362.1859643,,,"{""sum_rel_diff"": 0.0, ""log_entries"": 16, ""n_results"": 16, ""user_lock_acquisitions"": 0}",2026-08-12T05:52:45Z
exp3_writer,single,writer,16,measured,1,120,0.007673,831537362.1859643,,,"{""sum_rel_diff"": 0.0, ""log_entries"": 16, ""n_results"": 16, ""user_lock_acquisitions"": 0}",2026-08-12T05:52:45Z
exp3_writer,single,indexed,16,measured,15,121,0.007650,831537362.1859643,,,"{""sum_rel_diff"": 0.0, ""log_entries"": 16, ""n_results"": 16, ""user_lock_acquisitions"": 0}",2026-08-12T05:52:45Z
exp3_writer,single,writer,16,measured,7,122,0.008170,831537362.1859643,,,"{""sum_rel_diff"": 0.0, ""log_entries"": 16, ""n_results"": 16, ""user_lock_acquisitions"": 0}",2026-08-12T05:52:45Z
exp3_writer,single,indexed,16,measured,22,123,0.007815,831537362.1859643,,,"{""sum_rel_diff"": 0.0, ""log_entries"": 16, ""n_results"": 16, ""user_lock_acquisitions"": 0}",2026-08-12T05:52:45Z
exp3_writer,single,writer,16,measured,18,124,0.007821,831537362.1859643,,,"{""sum_rel_diff"": 0.0, ""log_entries"": 16, ""n_results"": 16, ""user_lock_acquisitions"": 0}",2026-08-12T05:52:45Z
exp3_writer,single,writer,16,measured,21,125,0.007793,831537362.1859643,,,"{""sum_rel_diff"": 0.0, ""log_entries"": 16, ""n_results"": 16, ""user_lock_acquisitions"": 0}",2026-08-12T05:52:45Z
exp3_writer,single,record,16,measured,18,126,0.007913,831537362.1859643,,,"{""sum_rel_diff"": 0.0, ""log_entries"": 16, ""n_results"": 16, ""user_lock_acquisitions"": 0}",2026-08-12T05:52:45Z
exp3_writer,single,indexed,16,measured,5,127,0.007742,831537362.1859643,,,"{""sum_rel_diff"": 0.0, ""log_entries"": 16, ""n_results"": 16, ""user_lock_acquisitions"": 0}",2026-08-12T05:52:45Z
exp3_writer,single,lock,16,measured,23,128,0.010892,831537362.1859643,,,"{""sum_rel_diff"": 0.0, ""log_entries"": 16, ""n_results"": 16, ""user_lock_acquisitions"": 16}",2026-08-12T05:52:45Z
exp3_writer,single,indexed,16,measured,1,129,0.009028,831537362.1859643,,,"{""sum_rel_diff"": 0.0, ""log_entries"": 16, ""n_results"": 16, ""user_lock_acquisitions"": 0}",2026-08-12T05:52:45Z
exp3_writer,single,record,16,measured,21,130,0.008558,831537362.1859643,,,"{""sum_rel_diff"": 0.0, ""log_entries"": 16, ""n_results"": 16, ""user_lock_acquisitions"": 0}",2026-08-12T05:52:45Z
exp3_writer,single,lock,16,measured,3,131,0.008078,831537362.1859643,,,"{""sum_rel_diff"": 0.0, ""log_entries"": 16, ""n_results"": 16, ""user_lock_acquisitions"": 16}",2026-08-12T05:52:45Z
exp3_writer,single,lock,1,memory,0,0,0.552243,831537362.1859643,,,"{""sum_rel_diff"": 0.0, ""log_entries"": 1, ""n_results"": 1, ""user_lock_acquisitions"": 1, ""tracemalloc_peak_bytes"": 26417857}",2026-08-12T05:52:45Z
exp3_writer,single,indexed,1,memory,0,1,0.531822,831537362.1859643,,,"{""sum_rel_diff"": 0.0, ""log_entries"": 1, ""n_results"": 1, ""user_lock_acquisitions"": 0, ""tracemalloc_peak_bytes"": 26416668}",2026-08-12T05:52:46Z
exp3_writer,single,record,1,memory,0,2,0.519802,831537362.1859643,,,"{""sum_rel_diff"": 0.0, ""log_entries"": 1, ""n_results"": 1, ""user_lock_acquisitions"": 0, ""tracemalloc_peak_bytes"": 26416643}",2026-08-12T05:52:46Z
exp3_writer,single,writer,1,memory,0,3,0.519427,831537362.1859643,,,"{""sum_rel_diff"": 0.0, ""log_entries"": 1, ""n_results"": 1, ""user_lock_acquisitions"": 0, ""tracemalloc_peak_bytes"": 26416483}",2026-08-12T05:52:47Z
exp3_writer,single,lock,2,memory,0,0,0.587548,831537362.1859643,,,"{""sum_rel_diff"": 0.0, ""log_entries"": 2, ""n_results"": 2, ""user_lock_acquisitions"": 2, ""tracemalloc_peak_bytes"": 23395531}",2026-08-12T05:52:47Z
exp3_writer,single,indexed,2,memory,0,1,0.574202,831537362.1859643,,,"{""sum_rel_diff"": 0.0, ""log_entries"": 2, ""n_results"": 2, ""user_lock_acquisitions"": 0, ""tracemalloc_peak_bytes"": 25118110}",2026-08-12T05:52:48Z
exp3_writer,single,record,2,memory,0,2,0.583700,831537362.1859643,,,"{""sum_rel_diff"": 0.0, ""log_entries"": 2, ""n_results"": 2, ""user_lock_acquisitions"": 0, ""tracemalloc_peak_bytes"": 25122005}",2026-08-12T05:52:49Z
exp3_writer,single,writer,2,memory,0,3,0.589431,831537362.1859643,,,"{""sum_rel_diff"": 0.0, ""log_entries"": 2, ""n_results"": 2, ""user_lock_acquisitions"": 0, ""tracemalloc_peak_bytes"": 25117589}",2026-08-12T05:52:49Z
exp3_writer,single,lock,4,memory,0,0,0.789919,831537362.1859643,,,"{""sum_rel_diff"": 0.0, ""log_entries"": 4, ""n_results"": 4, ""user_lock_acquisitions"": 4, ""tracemalloc_peak_bytes"": 23586255}",2026-08-12T05:52:50Z
exp3_writer,single,indexed,4,memory,0,1,0.772035,831537362.1859643,,,"{""sum_rel_diff"": 0.0, ""log_entries"": 4, ""n_results"": 4, ""user_lock_acquisitions"": 0, ""tracemalloc_peak_bytes"": 23903170}",2026-08-12T05:52:51Z
exp3_writer,single,record,4,memory,0,2,0.800762,831537362.1859643,,,"{""sum_rel_diff"": 0.0, ""log_entries"": 4, ""n_results"": 4, ""user_lock_acquisitions"": 0, ""tracemalloc_peak_bytes"": 24144977}",2026-08-12T05:52:51Z
exp3_writer,single,writer,4,memory,0,3,0.779665,831537362.1859643,,,"{""sum_rel_diff"": 0.0, ""log_entries"": 4, ""n_results"": 4, ""user_lock_acquisitions"": 0, ""tracemalloc_peak_bytes"": 23833137}",2026-08-12T05:52:52Z
exp3_writer,single,lock,6,memory,0,0,1.085729,831537362.1859643,,,"{""sum_rel_diff"": 0.0, ""log_entries"": 6, ""n_results"": 6, ""user_lock_acquisitions"": 6, ""tracemalloc_peak_bytes"": 23661867}",2026-08-12T05:52:53Z
exp3_writer,single,indexed,6,memory,0,1,0.994809,831537362.1859643,,,"{""sum_rel_diff"": 0.0, ""log_entries"": 6, ""n_results"": 6, ""user_lock_acquisitions"": 0, ""tracemalloc_peak_bytes"": 24354366}",2026-08-12T05:52:54Z
exp3_writer,single,record,6,memory,0,2,1.023267,831537362.1859643,,,"{""sum_rel_diff"": 0.0, ""log_entries"": 6, ""n_results"": 6, ""user_lock_acquisitions"": 0, ""tracemalloc_peak_bytes"": 24452733}",2026-08-12T05:52:55Z
exp3_writer,single,writer,6,memory,0,3,1.021615,831537362.1859643,,,"{""sum_rel_diff"": 0.0, ""log_entries"": 6, ""n_results"": 6, ""user_lock_acquisitions"": 0, ""tracemalloc_peak_bytes"": 23983461}",2026-08-12T05:52:56Z
exp3_writer,single,lock,8,memory,0,0,1.404635,831537362.1859643,,,"{""sum_rel_diff"": 0.0, ""log_entries"": 8, ""n_results"": 8, ""user_lock_acquisitions"": 8, ""tracemalloc_peak_bytes"": 23715207}",2026-08-12T05:52:58Z
exp3_writer,single,indexed,8,memory,0,1,1.378846,831537362.1859643,,,"{""sum_rel_diff"": 0.0, ""log_entries"": 8, ""n_results"": 8, ""user_lock_acquisitions"": 0, ""tracemalloc_peak_bytes"": 24129714}",2026-08-12T05:52:59Z
exp3_writer,single,record,8,memory,0,2,1.396681,831537362.1859643,,,"{""sum_rel_diff"": 0.0, ""log_entries"": 8, ""n_results"": 8, ""user_lock_acquisitions"": 0, ""tracemalloc_peak_bytes"": 24138457}",2026-08-12T05:53:01Z
exp3_writer,single,writer,8,memory,0,3,1.404693,831537362.1859643,,,"{""sum_rel_diff"": 0.0, ""log_entries"": 8, ""n_results"": 8, ""user_lock_acquisitions"": 0, ""tracemalloc_peak_bytes"": 24134617}",2026-08-12T05:53:02Z
exp3_writer,single,lock,10,memory,0,0,2.161698,831537362.1859643,,,"{""sum_rel_diff"": 0.0, ""log_entries"": 10, ""n_results"": 10, ""user_lock_acquisitions"": 10, ""tracemalloc_peak_bytes"": 24081291}",2026-08-12T05:53:04Z
exp3_writer,single,indexed,10,memory,0,1,2.228725,831537362.1859643,,,"{""sum_rel_diff"": 0.0, ""log_entries"": 10, ""n_results"": 10, ""user_lock_acquisitions"": 0, ""tracemalloc_peak_bytes"": 24196758}",2026-08-12T05:53:06Z
exp3_writer,single,record,10,memory,0,2,2.208888,831537362.1859643,,,"{""sum_rel_diff"": 0.0, ""log_entries"": 10, ""n_results"": 10, ""user_lock_acquisitions"": 0, ""tracemalloc_peak_bytes"": 23238821}",2026-08-12T05:53:09Z
exp3_writer,single,writer,10,memory,0,3,2.265303,831537362.1859643,,,"{""sum_rel_diff"": 0.0, ""log_entries"": 10, ""n_results"": 10, ""user_lock_acquisitions"": 0, ""tracemalloc_peak_bytes"": 24320581}",2026-08-12T05:53:11Z
exp3_writer,single,lock,12,memory,0,0,2.999710,831537362.1859645,,,"{""sum_rel_diff"": 1.4336011221119537e-16, ""log_entries"": 12, ""n_results"": 12, ""user_lock_acquisitions"": 12, ""tracemalloc_peak_bytes"": 23895009}",2026-08-12T05:53:14Z
exp3_writer,single,indexed,12,memory,0,1,2.968855,831537362.1859645,,,"{""sum_rel_diff"": 1.4336011221119537e-16, ""log_entries"": 12, ""n_results"": 12, ""user_lock_acquisitions"": 0, ""tracemalloc_peak_bytes"": 24107676}",2026-08-12T05:53:17Z
exp3_writer,single,record,12,memory,0,2,2.975863,831537362.1859645,,,"{""sum_rel_diff"": 1.4336011221119537e-16, ""log_entries"": 12, ""n_results"": 12, ""user_lock_acquisitions"": 0, ""tracemalloc_peak_bytes"": 24093547}",2026-08-12T05:53:20Z
exp3_writer,single,writer,12,memory,0,3,3.057437,831537362.1859645,,,"{""sum_rel_diff"": 1.4336011221119537e-16, ""log_entries"": 12, ""n_results"": 12, ""user_lock_acquisitions"": 0, ""tracemalloc_peak_bytes"": 23945523}",2026-08-12T05:53:23Z
exp3_writer,single,lock,14,memory,0,0,3.845099,831537362.1859643,,,"{""sum_rel_diff"": 0.0, ""log_entries"": 14, ""n_results"": 14, ""user_lock_acquisitions"": 14, ""tracemalloc_peak_bytes"": 24467327}",2026-08-12T05:53:27Z
exp3_writer,single,indexed,14,memory,0,1,3.984534,831537362.1859643,,,"{""sum_rel_diff"": 0.0, ""log_entries"": 14, ""n_results"": 14, ""user_lock_acquisitions"": 0, ""tracemalloc_peak_bytes"": 24002394}",2026-08-12T05:53:31Z
exp3_writer,single,record,14,memory,0,2,3.796910,831537362.1859643,,,"{""sum_rel_diff"": 0.0, ""log_entries"": 14, ""n_results"": 14, ""user_lock_acquisitions"": 0, ""tracemalloc_peak_bytes"": 24617705}",2026-08-12T05:53:34Z
exp3_writer,single,writer,14,memory,0,3,3.690789,831537362.1859643,,,"{""sum_rel_diff"": 0.0, ""log_entries"": 14, ""n_results"": 14, ""user_lock_acquisitions"": 0, ""tracemalloc_peak_bytes"": 24025689}",2026-08-12T05:53:38Z
exp3_writer,single,lock,16,memory,0,0,4.578992,831537362.1859643,,,"{""sum_rel_diff"": 0.0, ""log_entries"": 16, ""n_results"": 16, ""user_lock_acquisitions"": 16, ""tracemalloc_peak_bytes"": 24306877}",2026-08-12T05:53:43Z
exp3_writer,single,indexed,16,memory,0,1,4.522908,831537362.1859643,,,"{""sum_rel_diff"": 0.0, ""log_entries"": 16, ""n_results"": 16, ""user_lock_acquisitions"": 0, ""tracemalloc_peak_bytes"": 24747352}",2026-08-12T05:53:47Z
exp3_writer,single,record,16,memory,0,2,4.654592,831537362.1859643,,,"{""sum_rel_diff"": 0.0, ""log_entries"": 16, ""n_results"": 16, ""user_lock_acquisitions"": 0, ""tracemalloc_peak_bytes"": 24479487}",2026-08-12T05:53:52Z
exp3_writer,single,writer,16,memory,0,3,4.708573,831537362.1859643,,,"{""sum_rel_diff"": 0.0, ""log_entries"": 16, ""n_results"": 16, ""user_lock_acquisitions"": 0, ""tracemalloc_peak_bytes"": 24317295}",2026-08-12T05:53:57Z
