experiment,workload,condition,n_threads,phase,rep,order_idx,wall_s,result,expected,error_pct,aux,timestamp_utc
exp3_writer,chained,lock,1,warmup,2,0,0.107111,831537362.1859643,,,"{""sum_rel_diff"": 0.0, ""log_entries"": 2, ""n_results"": 1, ""user_lock_acquisitions"": 1}",2026-08-12T05:53:57Z
exp3_writer,chained,record,1,warmup,1,1,0.104078,831537362.1859643,,,"{""sum_rel_diff"": 0.0, ""log_entries"": 2, ""n_results"": 1, ""user_lock_acquisitions"": 0}",2026-08-12T05:53:57Z
exp3_writer,chained,indexed,1,warmup,2,2,0.094696,831537362.1859643,,,"{""sum_rel_diff"": 0.0, ""log_entries"": 2, ""n_results"": 1, ""user_lock_acquisitions"": 0}",2026-08-12T05:53:57Z
exp3_writer,chained,writer,1,warmup,0,3,0.095786,831537362.1859643,,,"{""sum_rel_diff"": 0.0, ""log_entries"": 2, ""n_results"": 1, ""user_lock_acquisitions"": 0}",2026-08-12T05:53:57Z
exp3_writer,chained,writer,1,warmup,1,4,0.096800,831537362.1859643,,,"{""sum_rel_diff"": 0.0, ""log_entries"": 2, ""n_results"": 1, ""user_lock_acquisitions"": 0}",2026-08-12T05:53:57Z
exp3_writer,chained,indexed,1,warmup,0,5,0.096564,831537362.1859643,,,"{""sum_rel_diff"": 0.0, ""log_entries"": 2, ""n_results"": 1, ""user_lock_acquisitions"": 0}",2026-08-12T05:53:57Z
exp3_writer,chained,record,1,warmup,0,6,0.096388,831537362.1859643,,,"{""sum_rel_diff"": 0.0, ""log_entries"": 2, ""n_results"": 1, ""user_lock_acquisitions"": 0}",2026-08-12T05:53:57Z
exp3_writer,chained,writer,1,warmup,2,7,0.096894,831537362.1859643,,,"{""sum_rel_diff"": 0.0, ""log_entries"": 2, ""n_results"": 1, ""user_lock_acquisitions"": 0}",2026-08-12T05:53:57Z
exp3_writer,chained,lock,1,warmup,0,8,0.097407,831537362.1859643,,,"{""sum_rel_diff"": 0.0, ""log_entries"": 2, ""n_results"": 1, ""user_lock_acquisitions"": 1}",2026-08-12T05:53:58Z
exp3_writer,chained,lock,1,warmup,1,9,0.096946,831537362.1859643,,,"{""sum_rel_diff"": 0.0, ""log_entries"": 2, ""n_results"": 1, ""user_lock_acquisitions"": 1}",2026-08-12T05:53:58Z
exp3_writer,chained,indexed,1,warmup,1,10,0.095799,831537362.1859643,,,"{""sum_rel_diff"": 0.0, ""log_entries"": 2, ""n_results"": 1, ""user_lock_acquisitions"": 0}",2026-08-12T05:53:58Z
exp3_writer,chained,record,1,warmup,2,11,0.097057,831537362.1859643,,,"{""sum_rel_diff"": 0.0, ""log_entries"": 2, ""n_results"": 1, ""user_lock_acquisitions"": 0}",2026-08-12T05:53:58Z
exp3_writer,chained,writer,1,measured,21,12,0.096058,831537362.1859643,,,"{""sum_rel_diff"": 0.0, ""log_entries"": 2, ""n_results"": 1, ""user_lock_acquisitions"": 0}",2026-08-12T05:53:58Z
exp3_writer,chained,record,1,measured,12,13,0.095995,831537362.1859643,,,"{""sum_rel_diff"": 0.0, ""log_entries"": 2, ""n_results"": 1, ""user_lock_acquisitions"": 0}",2026-08-12T05:53:58Z
exp3_writer,chained,lock,1,measured,2,14,0.095513,831537362.1859643,,,"{""sum_rel_diff"": 0.0, ""log_entries"": 2, ""n_results"": 1, ""user_lock_acquisitions"": 1}",2026-08-12T05:53:58Z
exp3_writer,chained,indexed,1,measured,29,15,0.096847,831537362.1859643,,,"{""sum_rel_diff"": 0.0, ""log_entries"": 2, ""n_results"": 1, ""user_lock_acquisitions"": 0}",2026-08-12T05:53:58Z
exp3_writer,chained,record,1,measured,8,16,0.098436,831537362.1859643,,,"{""sum_rel_diff"": 0.0, ""log_entries"": 2, ""n_results"": 1, ""user_lock_acquisitions"": 0}",2026-08-12T05:53:58Z
exp3_writer,chained,record,1,measured,24,17,0.098098,831537362.1859643,,,"{""sum_rel_diff"": 0.0, ""log_entries"": 2, ""n_results"": 1, ""user_lock_acquisitions"": 0}",2026-08-12T05:53:58Z
exp3_writer,chained,writer,1,measured,10,18,0.097592,831537362.1859643,,,"{""sum_rel_diff"": 0.0, ""log_entries"": 2, ""n_results"": 1, ""user_lock_acquisitions"": 0}",2026-08-12T05:53:58Z
exp3_writer,chained,lock,1,measured,21,19,0.103806,831537362.1859643,,,"{""sum_rel_diff"": 0.0, ""log_entries"": 2, ""n_results"": 1, ""user_lock_acquisitions"": 1}",2026-08-12T05:53:59Z
exp3_writer,chained,record,1,measured,7,20,0.098753,831537362.1859643,,,"{""sum_rel_diff"": 0.0, ""log_entries"": 2, ""n_results"": 1, ""user_lock_acquisitions"": 0}",2026-08-12T05:53:59Z
exp3_writer,chained,lock,1,measured,29,21,0.101022,831537362.1859643,,,"{""sum_rel_diff"": 0.0, ""log_entries"": 2, ""n_results"": 1, ""user_lock_acquisitions"": 1}",2026-08-12T05:53:59Z
exp3_writer,chained,record,1,measured,6,22,0.100194,831537362.1859643,,,"{""sum_rel_diff"": 0.0, ""log_entries"": 2, ""n_results"": 1, ""user_lock_acquisitions"": 0}",2026-08-12T05:53:59Z
exp3_writer,chained,indexed,1,measured,18,23,0.100198,831537362.1859643,,,"{""sum_rel_diff"": 0.0, ""log_entries"": 2, ""n_results"": 1, ""user_lock_acquisitions"": 0}",2026-08-12T05:53:59Z
exp3_writer,chained,indexed,1,measured,8,24,0.100141,831537362.1859643,,,"{""sum_rel_diff"": 0.0, ""log_entries"": 2, ""n_results"": 1, ""user_lock_acquisitions"": 0}",2026-08-12T05:53:59Z
exp3_writer,chained,lock,1,measured,19,25,0.100392,831537362.1859643,,,"{""sum_rel_diff"": 0.0, ""log_entries"": 2, ""n_results"": 1, ""user_lock_acquisitions"": 1}",2026-08-12T05:53:59Z
exp3_writer,chained,indexed,1,measured,26,26,0.100762,831537362.1859643,,,"{""sum_rel_diff"": 0.0, ""log_entries"": 2, ""n_results"": 1, ""user_lock_acquisitions"": 0}",2026-08-12T05:53:59Z
exp3_writer,chained,writer,1,measured,5,27,0.098198,831537362.1859643,,,"{""sum_rel_diff"": 0.0, ""log_entries"": 2, ""n_results"": 1, ""user_lock_acquisitions"": 0}",2026-08-12T05:53:59Z
exp3_writer,chained,record,1,measured,4,28,0.104710,831537362.1859643,,,"{""sum_rel_diff"": 0.0, ""log_entries"": 2, ""n_results"": 1, ""user_lock_acquisitions"": 0}",2026-08-12T05:53:59Z
exp3_writer,chained,lock,1,measured,14,29,0.098426,831537362.1859643,,,"{""sum_rel_diff"": 0.0, ""log_entries"": 2, ""n_results"": 1, ""user_lock_acquisitions"": 1}",2026-08-12T05:54:00Z
exp3_writer,chained,writer,1,measured,12,30,0.098501,831537362.1859643,,,"{""sum_rel_diff"": 0.0, ""log_entries"": 2, ""n_results"": 1, ""user_lock_acquisitions"": 0}",2026-08-12T05:54:00Z
exp3_writer,chained,indexed,1,measured,3,31,0.098343,831537362.1859643,,,"{""sum_rel_diff"": 0.0, ""log_entries"": 2, ""n_results"": 1, ""user_lock_acquisitions"": 0}",2026-08-12T05:54:00Z
exp3_writer,chained,record,1,measured,16,32,0.098544,831537362.1859643,,,"{""sum_rel_diff"": 0.0, ""log_entries"": 2, ""n_results"": 1, ""user_lock_acquisitions"": 0}",2026-08-12T05:54:00Z
exp3_writer,chained,lock,1,measured,22,33,0.097442,831537362.1859643,,,"{""sum_rel_diff"": 0.0, ""log_entries"": 2, ""n_results"": 1, ""user_lock_acquisitions"": 1}",2026-08-12T05:54:00Z
exp3_writer,chained,record,1,measured,10,34,0.097564,831537362.1859643,,,"{""sum_rel_diff"": 0.0, ""log_entries"": 2, ""n_results"": 1, ""user_lock_acquisitions"": 0}",2026-08-12T05:54:00Z
exp3_writer,chained,writer,1,measured,29,35,0.098268,831537362.1859643,,,"{""sum_rel_diff"": 0.0, ""log_entries"": 2, ""n_results"": 1, ""user_lock_acquisitions"": 0}",2026-08-12T05:54:00Z
exp3_writer,chained,lock,1,measured,27,36,0.102996,831537362.1859643,,,"{""sum_rel_diff"": 0.0, ""log_entries"": 2, ""n_results"": 1, ""user_lock_acquisitions"": 1}",2026-08-12T05:54:00Z
exp3_writer,chained,record,1,measured,3,37,0.097373,831537362.1859643,,,"{""sum_rel_diff"": 0.0, ""log_entries"": 2, ""n_results"": 1, ""user_lock_acquisitions"": 0}",2026-08-12T05:54:00Z
exp3_writer,chained,record,1,measured,22,38,0.097388,831537362.1859643,,,"{""sum_rel_diff"": 0.0, ""log_entries"": 2, ""n_results"": 1, ""user_lock_acquisitions"": 0}",2026-08-12T05:54:00Z
exp3_writer,chained,writer,1,measured,22,39,0.096421,831537362.1859643,,,"{""sum_rel_diff"": 0.0, ""log_entries"": 2, ""n_results"": 1, ""user_lock_acquisitions"": 0}",2026-08-12T05:54:01Z
exp3_writer,chained,indexed,1,measured,12,40,0.097045,831537362.1859643,,,"{""sum_rel_diff"": 0.0, ""log_entries"": 2, ""n_results"": 1, ""user_lock_acquisitions"": 0}",2026-08-12T05:54:01Z
exp3_writer,chained,indexed,1,measured,22,41,0.097196,831537362.1859643,,,"{""sum_rel_diff"": 0.0, ""log_entries"": 2, ""n_results"": 1, ""user_lock_acquisitions"": 0}",2026-08-12T05:54:01Z
exp3_writer,chained,writer,1,measured,3,42,0.097022,831537362.1859643,,,"{""sum_rel_diff"": 0.0, ""log_entries"": 2, ""n_results"": 1, ""user_lock_acquisitions"": 0}",2026-08-12T05:54:01Z
exp3_writer,chained,lock,1,measured,6,43,0.098280,831537362.1859643,,,"{""sum_rel_diff"": 0.0, ""log_entries"": 2, ""n_results"": 1, ""user_lock_acquisitions"": 1}",2026-08-12T05:54:01Z
exp3_writer,chained,lock,1,measured,7,44,0.096376,831537362.1859643,,,"{""sum_rel_diff"": 0.0, ""log_entries"": 2, ""n_results"": 1, ""user_lock_acquisitions"": 1}",2026-08-12T05:54:01Z
exp3_writer,chained,indexed,1,measured,6,45,0.096321,831537362.1859643,,,"{""sum_rel_diff"": 0.0, ""log_entries"": 2, ""n_results"": 1, ""user_lock_acquisitions"": 0}",2026-08-12T05:54:01Z
exp3_writer,chained,record,1,measured,14,46,0.096406,831537362.1859643,,,"{""sum_rel_diff"": 0.0, ""log_entries"": 2, ""n_results"": 1, ""user_lock_acquisitions"": 0}",2026-08-12T05:54:01Z
exp3_writer,chained,record,1,measured,13,47,0.095841,831537362.1859643,,,"{""sum_rel_diff"": 0.0, ""log_entries"": 2, ""n_results"": 1, ""user_lock_acquisitions"": 0}",2026-08-12T05:54:01Z
exp3_writer,chained,indexed,1,measured,25,48,0.097383,831537362.1859643,,,"{""sum_rel_diff"": 0.0, ""log_entries"": 2, ""n_results"": 1, ""user_lock_acquisitions"": 0}",2026-08-12T05:54:01Z
exp3_writer,chained,lock,1,measured,26,49,0.097843,831537362.1859643,,,"{""sum_rel_diff"": 0.0, ""log_entries"": 2, ""n_results"": 1, ""user_lock_acquisitions"": 1}",2026-08-12T05:54:02Z
exp3_writer,chained,record,1,measured,9,50,0.097116,831537362.1859643,,,"{""sum_rel_diff"": 0.0, ""log_entries"": 2, ""n_results"": 1, ""user_lock_acquisitions"": 0}",2026-08-12T05:54:02Z
exp3_writer,chained,lock,1,measured,9,51,0.096885,831537362.1859643,,,"{""sum_rel_diff"": 0.0, ""log_entries"": 2, ""n_results"": 1, ""user_lock_acquisitions"": 1}",2026-08-12T05:54:02Z
exp3_writer,chained,record,1,measured,29,52,0.096688,831537362.1859643,,,"{""sum_rel_diff"": 0.0, ""log_entries"": 2, ""n_results"": 1, ""user_lock_acquisitions"": 0}",2026-08-12T05:54:02Z
exp3_writer,chained,lock,1,measured,23,53,0.098124,831537362.1859643,,,"{""sum_rel_diff"": 0.0, ""log_entries"": 2, ""n_results"": 1, ""user_lock_acquisitions"": 1}",2026-08-12T05:54:02Z
exp3_writer,chained,record,1,measured,2,54,0.098356,831537362.1859643,,,"{""sum_rel_diff"": 0.0, ""log_entries"": 2, ""n_results"": 1, ""user_lock_acquisitions"": 0}",2026-08-12T05:54:02Z
exp3_writer,chained,writer,1,measured,27,55,0.096165,831537362.1859643,,,"{""sum_rel_diff"": 0.0, ""log_entries"": 2, ""n_results"": 1, ""user_lock_acquisitions"": 0}",2026-08-12T05:54:02Z
exp3_writer,chained,indexed,1,measured,15,56,0.096085,831537362.1859643,,,"{""sum_rel_diff"": 0.0, ""log_entries"": 2, ""n_results"": 1, ""user_lock_acquisitions"": 0}",2026-08-12T05:54:02Z
exp3_writer,chained,record,1,measured,19,57,0.098654,831537362.1859643,,,"{""sum_rel_diff"": 0.0, ""log_entries"": 2, ""n_results"": 1, ""user_lock_acquisitions"": 0}",2026-08-12T05:54:02Z
exp3_writer,chained,lock,1,measured,4,58,0.097491,831537362.1859643,,,"{""sum_rel_diff"": 0.0, ""log_entries"": 2, ""n_results"": 1, ""user_lock_acquisitions"": 1}",2026-08-12T05:54:02Z
exp3_writer,chained,indexed,1,measured,27,59,0.095922,831537362.1859643,,,"{""sum_rel_diff"": 0.0, ""log_entries"": 2, ""n_results"": 1, ""user_lock_acquisitions"": 0}",2026-08-12T05:54:03Z
exp3_writer,chained,lock,1,measured,20,60,0.096678,831537362.1859643,,,"{""sum_rel_diff"": 0.0, ""log_entries"": 2, ""n_results"": 1, ""user_lock_acquisitions"": 1}",2026-08-12T05:54:03Z
exp3_writer,chained,record,1,measured,18,61,0.098476,831537362.1859643,,,"{""sum_rel_diff"": 0.0, ""log_entries"": 2, ""n_results"": 1, ""user_lock_acquisitions"": 0}",2026-08-12T05:54:03Z
exp3_writer,chained,indexed,1,measured,20,62,0.097438,831537362.1859643,,,"{""sum_rel_diff"": 0.0, ""log_entries"": 2, ""n_results"": 1, ""user_lock_acquisitions"": 0}",2026-08-12T05:54:03Z
exp3_writer,chained,lock,1,measured,25,63,0.097290,831537362.1859643,,,"{""sum_rel_diff"": 0.0, ""log_entries"": 2, ""n_results"": 1, ""user_lock_acquisitions"": 1}",2026-08-12T05:54:03Z
exp3_writer,chained,lock,1,measured,17,64,0.097970,831537362.1859643,,,"{""sum_rel_diff"": 0.0, ""log_entries"": 2, ""n_results"": 1, ""user_lock_acquisitions"": 1}",2026-08-12T05:54:03Z
exp3_writer,chained,indexed,1,measured,13,65,0.098066,831537362.1859643,,,"{""sum_rel_diff"": 0.0, ""log_entries"": 2, ""n_results"": 1, ""user_lock_acquisitions"": 0}",2026-08-12T05:54:03Z
exp3_writer,chained,indexed,1,measured,7,66,0.097957,831537362.1859643,,,"{""sum_rel_diff"": 0.0, ""log_entries"": 2, ""n_results"": 1, ""user_lock_acquisitions"": 0}",2026-08-12T05:54:03Z
exp3_writer,chained,record,1,measured,20,67,0.097684,831537362.1859643,,,"{""sum_rel_diff"": 0.0, ""log_entries"": 2, ""n_results"": 1, ""user_lock_acquisitions"": 0}",2026-08-12T05:54:03Z
exp3_writer,chained,indexed,1,measured,11,68,0.095705,831537362.1859643,,,"{""sum_rel_diff"": 0.0, ""log_entries"": 2, ""n_results"": 1, ""user_lock_acquisitions"": 0}",2026-08-12T05:54:03Z
exp3_writer,chained,indexed,1,measured,10,69,0.093144,831537362.1859643,,,"{""sum_rel_diff"": 0.0, ""log_entries"": 2, ""n_results"": 1, ""user_lock_acquisitions"": 0}",2026-08-12T05:54:03Z
exp3_writer,chained,indexed,1,measured,23,70,0.094789,831537362.1859643,,,"{""sum_rel_diff"": 0.0, ""log_entries"": 2, ""n_results"": 1, ""user_lock_acquisitions"": 0}",2026-08-12T05:54:04Z
exp3_writer,chained,lock,1,measured,12,71,0.096516,831537362.1859643,,,"{""sum_rel_diff"": 0.0, ""log_entries"": 2, ""n_results"": 1, ""user_lock_acquisitions"": 1}",2026-08-12T05:54:04Z
exp3_writer,chained,writer,1,measured,26,72,0.096204,831537362.1859643,,,"{""sum_rel_diff"": 0.0, ""log_entries"": 2, ""n_results"": 1, ""user_lock_acquisitions"": 0}",2026-08-12T05:54:04Z
exp3_writer,chained,indexed,1,measured,24,73,0.097228,831537362.1859643,,,"{""sum_rel_diff"": 0.0, ""log_entries"": 2, ""n_results"": 1, ""user_lock_acquisitions"": 0}",2026-08-12T05:54:04Z
exp3_writer,chained,indexed,1,measured,4,74,0.098947,831537362.1859643,,,"{""sum_rel_diff"": 0.0, ""log_entries"": 2, ""n_results"": 1, ""user_lock_acquisitions"": 0}",2026-08-12T05:54:04Z
exp3_writer,chained,indexed,1,measured,2,75,0.096769,831537362.1859643,,,"{""sum_rel_diff"": 0.0, ""log_entries"": 2, ""n_results"": 1, ""user_lock_acquisitions"": 0}",2026-08-12T05:54:04Z
exp3_writer,chained,indexed,1,measured,28,76,0.098159,831537362.1859643,,,"{""sum_rel_diff"": 0.0, ""log_entries"": 2, ""n_results"": 1, ""user_lock_acquisitions"": 0}",2026-08-12T05:54:04Z
exp3_writer,chained,writer,1,measured,7,77,0.095268,831537362.1859643,,,"{""sum_rel_diff"": 0.0, ""log_entries"": 2, ""n_results"": 1, ""user_lock_acquisitions"": 0}",2026-08-12T05:54:04Z
exp3_writer,chained,record,1,measured,0,78,0.103917,831537362.1859643,,,"{""sum_rel_diff"": 0.0, ""log_entries"": 2, ""n_results"": 1, ""user_lock_acquisitions"": 0}",2026-08-12T05:54:04Z
exp3_writer,chained,lock,1,measured,24,79,0.095410,831537362.1859643,,,"{""sum_rel_diff"": 0.0, ""log_entries"": 2, ""n_results"": 1, ""user_lock_acquisitions"": 1}",2026-08-12T05:54:04Z
exp3_writer,chained,writer,1,measured,16,80,0.096726,831537362.1859643,,,"{""sum_rel_diff"": 0.0, ""log_entries"": 2, ""n_results"": 1, ""user_lock_acquisitions"": 0}",2026-08-12T05:54:05Z
exp3_writer,chained,record,1,measured,26,81,0.101890,831537362.1859643,,,"{""sum_rel_diff"": 0.0, ""log_entries"": 2, ""n_results"": 1, ""user_lock_acquisitions"": 0}",2026-08-12T05:54:05Z
exp3_writer,chained,lock,1,measured,8,82,0.104503,831537362.1859643,,,"{""sum_rel_diff"": 0.0, ""log_entries"": 2, ""n_results"": 1, ""user_lock_acquisitions"": 1}",2026-08-12T05:54:05Z
exp3_writer,chained,indexed,1,measured,5,83,0.097321,831537362.1859643,,,"{""sum_rel_diff"": 0.0, ""log_entries"": 2, ""n_results"": 1, ""user_lock_acquisitions"": 0}",2026-08-12T05:54:05Z
exp3_writer,chained,record,1,measured,21,84,0.096558,831537362.1859643,,,"{""sum_rel_diff"": 0.0, ""log_entries"": 2, ""n_results"": 1, ""user_lock_acquisitions"": 0}",2026-08-12T05:54:05Z
exp3_writer,chained,lock,1,measured,18,85,0.097843,831537362.1859643,,,"{""sum_rel_diff"": 0.0, ""log_entries"": 2, ""n_results"": 1, ""user_lock_acquisitions"": 1}",2026-08-12T05:54:05Z
exp3_writer,chained,indexed,1,measured,17,86,0.097984,831537362.1859643,,,"{""sum_rel_diff"": 0.0, ""log_entries"": 2, ""n_results"": 1, ""user_lock_acquisitions"": 0}",2026-08-12T05:54:05Z
exp3_writer,chained,writer,1,measured,13,87,0.098046,831537362.1859643,,,"{""sum_rel_diff"": 0.0, ""log_entries"": 2, ""n_results"": 1, ""user_lock_acquisitions"": 0}",2026-08-12T05:54:05Z
exp3_writer,chained,writer,1,measured,20,88,0.104762,831537362.1859643,,,"{""sum_rel_diff"": 0.0, ""log_entries"": 2, ""n_results"": 1, ""user_lock_acquisitions"": 0}",2026-08-12T05:54:05Z
exp3_writer,chained,writer,1,measured,1,89,0.095426,831537362.1859643,,,"{""sum_rel_diff"": 0.0, ""log_entries"": 2, ""n_results"": 1, ""user_lock_acquisitions"": 0}",2026-08-12T05:54:05Z
exp3_writer,chained,record,1,measured,25,90,0.094930,831537362.1859643,,,"{""sum_rel_diff"": 0.0, ""log_entries"": 2, ""n_results"": 1, ""user_lock_acquisitions"": 0}",2026-08-12T05:54:06Z
exp3_writer,chained,lock,1,measured,1,91,0.096055,831537362.1859643,,,"{""sum_rel_diff"": 0.0, ""log_entries"": 2, ""n_results"": 1, ""user_lock_acquisitions"": 1}",2026-08-12T05:54:06Z
exp3_writer,chained,indexed,1,measured,9,92,0.095585,831537362.1859643,,,"{""sum_rel_diff"": 0.0, ""log_entries"": 2, ""n_results"": 1, ""user_lock_acquisitions"": 0}",2026-08-12T05:54:06Z
exp3_writer,chained,record,1,measured,15,93,0.094681,831537362.1859643,,,"{""sum_rel_diff"": 0.0, ""log_entries"": 2, ""n_results"": 1, ""user_lock_acquisitions"": 0}",2026-08-12T05:54:06Z
exp3_writer,chained,record,1,measured,28,94,0.095169,831537362.1859643,,,"{""sum_rel_diff"": 0.0, ""log_entries"": 2, ""n_results"": 1, ""user_lock_acquisitions"": 0}",2026-08-12T05:54:06Z
exp3_writer,chained,indexed,1,measured,0,95,0.095114,831537362.1859643,,,"{""sum_rel_diff"": 0.0, ""log_entries"": 2, ""n_results"": 1, ""user_lock_acquisitions"": 0}",2026-08-12T05:54:06Z
exp3_writer,chained,record,1,measured,11,96,0.095324,831537362.1859643,,,"{""sum_rel_diff"": 0.0, ""log_entries"": 2, ""n_results"": 1, ""user_lock_acquisitions"": 0}",2026-08-12T05:54:06Z
exp3_writer,chained,lock,1,measured,13,97,0.095753,831537362.1859643,,,"{""sum_rel_diff"": 0.0, ""log_entries"": 2, ""n_results"": 1, ""user_lock_acquisitions"": 1}",2026-08-12T05:54:06Z
exp3_writer,chained,writer,1,measured,19,98,0.094826,831537362.1859643,,,"{""sum_rel_diff"": 0.0, ""log_entries"": 2, ""n_results"": 1, ""user_lock_acquisitions"": 0}",2026-08-12T05:54:06Z
exp3_writer,chained,writer,1,measured,9,99,0.103694,831537362.1859643,,,"{""sum_rel_diff"": 0.0, ""log_entries"": 2, ""n_results"": 1, ""user_lock_acquisitions"": 0}",2026-08-12T05:54:06Z
exp3_writer,chained,writer,1,measured,11,100,0.097032,831537362.1859643,,,"{""sum_rel_diff"": 0.0, ""log_entries"": 2, ""n_results"": 1, ""user_lock_acquisitions"": 0}",2026-08-12T05:54:07Z
exp3_writer,chained,writer,1,measured,28,101,0.103990,831537362.1859643,,,"{""sum_rel_diff"": 0.0, ""log_entries"": 2, ""n_results"": 1, ""user_lock_acquisitions"": 0}",2026-08-12T05:54:07Z
exp3_writer,chained,lock,1,measured,28,102,0.102299,831537362.1859643,,,"{""sum_rel_diff"": 0.0, ""log_entries"": 2, ""n_results"": 1, ""user_lock_acquisitions"": 1}",2026-08-12T05:54:07Z
exp3_writer,chained,record,1,measured,5,103,0.094033,831537362.1859643,,,"{""sum_rel_diff"": 0.0, ""log_entries"": 2, ""n_results"": 1, ""user_lock_acquisitions"": 0}",2026-08-12T05:54:07Z
exp3_writer,chained,writer,1,measured,0,104,0.096318,831537362.1859643,,,"{""sum_rel_diff"": 0.0, ""log_entries"": 2, ""n_results"": 1, ""user_lock_acquisitions"": 0}",2026-08-12T05:54:07Z
exp3_writer,chained,writer,1,measured,24,105,0.094155,831537362.1859643,,,"{""sum_rel_diff"": 0.0, ""log_entries"": 2, ""n_results"": 1, ""user_lock_acquisitions"": 0}",2026-08-12T05:54:07Z
exp3_writer,chained,indexed,1,measured,1,106,0.096386,831537362.1859643,,,"{""sum_rel_diff"": 0.0, ""log_entries"": 2, ""n_results"": 1, ""user_lock_acquisitions"": 0}",2026-08-12T05:54:07Z
exp3_writer,chained,lock,1,measured,3,107,0.102954,831537362.1859643,,,"{""sum_rel_diff"": 0.0, ""log_entries"": 2, ""n_results"": 1, ""user_lock_acquisitions"": 1}",2026-08-12T05:54:07Z
exp3_writer,chained,writer,1,measured,25,108,0.096241,831537362.1859643,,,"{""sum_rel_diff"": 0.0, ""log_entries"": 2, ""n_results"": 1, ""user_lock_acquisitions"": 0}",2026-08-12T05:54:07Z
exp3_writer,chained,lock,1,measured,5,109,0.102662,831537362.1859643,,,"{""sum_rel_diff"": 0.0, ""log_entries"": 2, ""n_results"": 1, ""user_lock_acquisitions"": 1}",2026-08-12T05:54:07Z
exp3_writer,chained,writer,1,measured,4,110,0.103359,831537362.1859643,,,"{""sum_rel_diff"": 0.0, ""log_entries"": 2, ""n_results"": 1, ""user_lock_acquisitions"": 0}",2026-08-12T05:54:08Z
exp3_writer,chained,lock,1,measured,15,111,0.103549,831537362.1859643,,,"{""sum_rel_diff"": 0.0, ""log_entries"": 2, ""n_results"": 1, ""user_lock_acquisitions"": 1}",2026-08-12T05:54:08Z
exp3_writer,chained,writer,1,measured,23,112,0.094576,831537362.1859643,,,"{""sum_rel_diff"": 0.0, ""log_entries"": 2, ""n_results"": 1, ""user_lock_acquisitions"": 0}",2026-08-12T05:54:08Z
exp3_writer,chained,lock,1,measured,11,113,0.103792,831537362.1859643,,,"{""sum_rel_diff"": 0.0, ""log_entries"": 2, ""n_results"": 1, ""user_lock_acquisitions"": 1}",2026-08-12T05:54:08Z
exp3_writer,chained,record,1,measured,23,114,0.103409,831537362.1859643,,,"{""sum_rel_diff"": 0.0, ""log_entries"": 2, ""n_results"": 1, ""user_lock_acquisitions"": 0}",2026-08-12T05:54:08Z
exp3_writer,chained,record,1,measured,1,115,0.099355,831537362.1859643,,,"{""sum_rel_diff"": 0.0, ""log_entries"": 2, ""n_results"": 1, ""user_lock_acquisitions"": 0}",2026-08-12T05:54:08Z
exp3_writer,chained,writer,1,measured,2,116,0.096421,831537362.1859643,,,"{""sum_rel_diff"": 0.0, ""log_entries"": 2, ""n_results"": 1, ""user_lock_acquisitions"": 0}",2026-08-12T05:54:08Z
exp3_writer,chained,writer,1,measured,18,117,0.098936,831537362.1859643,,,"{""sum_rel_diff"": 0.0, ""log_entries"": 2, ""n_results"": 1, ""user_lock_acquisitions"": 0}",2026-08-12T05:54:08Z
exp3_writer,chained,lock,1,measured,10,118,0.096392,831537362.1859643,,,"{""sum_rel_diff"": 0.0, ""log_entries"": 2, ""n_results"": 1, ""user_lock_acquisitions"": 1}",2026-08-12T05:54:08Z
exp3_writer,chained,indexed,1,measured,21,119,0.106361,831537362.1859643,,,"{""sum_rel_diff"": 0.0, ""log_entries"": 2, ""n_results"": 1, ""user_lock_acquisitions"": 0}",2026-08-12T05:54:08Z
exp3_writer,chained,writer,1,measured,6,120,0.102943,831537362.1859643,,,"{""sum_rel_diff"": 0.0, ""log_entries"": 2, ""n_results"": 1, ""user_lock_acquisitions"": 0}",2026-08-12T05:54:09Z
exp3_writer,chained,indexed,1,measured,14,121,0.094275,831537362.1859643,,,"{""sum_rel_diff"": 0.0, ""log_entries"": 2, ""n_results"": 1, ""user_lock_acquisitions"": 0}",2026-08-12T05:54:09Z
exp3_writer,chained,indexed,1,measured,19,122,0.093599,831537362.1859643,,,"{""sum_rel_diff"": 0.0, ""log_entries"": 2, ""n_results"": 1, ""user_lock_acquisitions"": 0}",2026-08-12T05:54:09Z
exp3_writer,chained,writer,1,measured,15,123,0.094872,831537362.1859643,,,"{""sum_rel_diff"": 0.0, ""log_entries"": 2, ""n_results"": 1, ""user_lock_acquisitions"": 0}",2026-08-12T05:54:09Z
exp3_writer,chained,record,1,measured,17,124,0.102253,831537362.1859643,,,"{""sum_rel_diff"": 0.0, ""log_entries"": 2, ""n_results"": 1, ""user_lock_acquisitions"": 0}",2026-08-12T05:54:09Z
exp3_writer,chained,writer,1,measured,17,125,0.096015,831537362.1859643,,,"{""sum_rel_diff"": 0.0, ""log_entries"": 2, ""n_results"": 1, ""user_lock_acquisitions"": 0}",2026-08-12T05:54:09Z
exp3_writer,chained,record,1,measured,27,126,0.095082,831537362.1859643,,,"{""sum_rel_diff"": 0.0, ""log_entries"": 2, ""n_results"": 1, ""user_lock_acquisitions"": 0}",2026-08-12T05:54:09Z
exp3_writer,chained,writer,1,measured,8,127,0.104250,831537362.1859643,,,"{""sum_rel_diff"": 0.0, ""log_entries"": 2, ""n_results"": 1, ""user_lock_acquisitions"": 0}",2026-08-12T05:54:09Z
exp3_writer,chained,indexed,1,measured,16,128,0.103835,831537362.1859643,,,"{""sum_rel_diff"": 0.0, ""log_entries"": 2, ""n_results"": 1, ""user_lock_acquisitions"": 0}",2026-08-12T05:54:09Z
exp3_writer,chained,lock,1,measured,0,129,0.097092,831537362.1859643,,,"{""sum_rel_diff"": 0.0, ""log_entries"": 2, ""n_results"": 1, ""user_lock_acquisitions"": 1}",2026-08-12T05:54:09Z
exp3_writer,chained,writer,1,measured,14,130,0.094418,831537362.1859643,,,"{""sum_rel_diff"": 0.0, ""log_entries"": 2, ""n_results"": 1, ""user_lock_acquisitions"": 0}",2026-08-12T05:54:09Z
exp3_writer,chained,lock,1,measured,16,131,0.101695,831537362.1859643,,,"{""sum_rel_diff"": 0.0, ""log_entries"": 2, ""n_results"": 1, ""user_lock_acquisitions"": 1}",2026-08-12T05:54:10Z
exp3_writer,chained,record,2,warmup,1,0,0.052011,831537362.1859643,,,"{""sum_rel_diff"": 0.0, ""log_entries"": 4, ""n_results"": 2, ""user_lock_acquisitions"": 0}",2026-08-12T05:54:10Z
exp3_writer,chained,lock,2,warmup,1,1,0.052702,831537362.1859643,,,"{""sum_rel_diff"": 0.0, ""log_entries"": 4, ""n_results"": 2, ""user_lock_acquisitions"": 2}",2026-08-12T05:54:10Z
exp3_writer,chained,indexed,2,warmup,0,2,0.050756,831537362.1859643,,,"{""sum_rel_diff"": 0.0, ""log_entries"": 4, ""n_results"": 2, ""user_lock_acquisitions"": 0}",2026-08-12T05:54:10Z
exp3_writer,chained,indexed,2,warmup,2,3,0.053669,831537362.1859643,,,"{""sum_rel_diff"": 0.0, ""log_entries"": 4, ""n_results"": 2, ""user_lock_acquisitions"": 0}",2026-08-12T05:54:10Z
exp3_writer,chained,indexed,2,warmup,1,4,0.053763,831537362.1859643,,,"{""sum_rel_diff"": 0.0, ""log_entries"": 4, ""n_results"": 2, ""user_lock_acquisitions"": 0}",2026-08-12T05:54:10Z
exp3_writer,chained,record,2,warmup,2,5,0.052781,831537362.1859643,,,"{""sum_rel_diff"": 0.0, ""log_entries"": 4, ""n_results"": 2, ""user_lock_acquisitions"": 0}",2026-08-12T05:54:10Z
exp3_writer,chained,lock,2,warmup,2,6,0.052955,831537362.1859643,,,"{""sum_rel_diff"": 0.0, ""log_entries"": 4, ""n_results"": 2, ""user_lock_acquisitions"": 2}",2026-08-12T05:54:10Z
exp3_writer,chained,writer,2,warmup,0,7,0.051868,831537362.1859643,,,"{""sum_rel_diff"": 0.0, ""log_entries"": 4, ""n_results"": 2, ""user_lock_acquisitions"": 0}",2026-08-12T05:54:10Z
exp3_writer,chained,writer,2,warmup,2,8,0.049037,831537362.1859643,,,"{""sum_rel_diff"": 0.0, ""log_entries"": 4, ""n_results"": 2, ""user_lock_acquisitions"": 0}",2026-08-12T05:54:10Z
exp3_writer,chained,record,2,warmup,0,9,0.054091,831537362.1859643,,,"{""sum_rel_diff"": 0.0, ""log_entries"": 4, ""n_results"": 2, ""user_lock_acquisitions"": 0}",2026-08-12T05:54:10Z
exp3_writer,chained,writer,2,warmup,1,10,0.053007,831537362.1859643,,,"{""sum_rel_diff"": 0.0, ""log_entries"": 4, ""n_results"": 2, ""user_lock_acquisitions"": 0}",2026-08-12T05:54:10Z
exp3_writer,chained,lock,2,warmup,0,11,0.053455,831537362.1859643,,,"{""sum_rel_diff"": 0.0, ""log_entries"": 4, ""n_results"": 2, ""user_lock_acquisitions"": 2}",2026-08-12T05:54:10Z
exp3_writer,chained,record,2,measured,7,12,0.053568,831537362.1859643,,,"{""sum_rel_diff"": 0.0, ""log_entries"": 4, ""n_results"": 2, ""user_lock_acquisitions"": 0}",2026-08-12T05:54:10Z
exp3_writer,chained,indexed,2,measured,14,13,0.053207,831537362.1859643,,,"{""sum_rel_diff"": 0.0, ""log_entries"": 4, ""n_results"": 2, ""user_lock_acquisitions"": 0}",2026-08-12T05:54:10Z
exp3_writer,chained,indexed,2,measured,13,14,0.053816,831537362.1859643,,,"{""sum_rel_diff"": 0.0, ""log_entries"": 4, ""n_results"": 2, ""user_lock_acquisitions"": 0}",2026-08-12T05:54:10Z
exp3_writer,chained,indexed,2,measured,15,15,0.051331,831537362.1859643,,,"{""sum_rel_diff"": 0.0, ""log_entries"": 4, ""n_results"": 2, ""user_lock_acquisitions"": 0}",2026-08-12T05:54:10Z
exp3_writer,chained,lock,2,measured,6,16,0.052226,831537362.1859643,,,"{""sum_rel_diff"": 0.0, ""log_entries"": 4, ""n_results"": 2, ""user_lock_acquisitions"": 2}",2026-08-12T05:54:10Z
exp3_writer,chained,writer,2,measured,3,17,0.050848,831537362.1859643,,,"{""sum_rel_diff"": 0.0, ""log_entries"": 4, ""n_results"": 2, ""user_lock_acquisitions"": 0}",2026-08-12T05:54:11Z
exp3_writer,chained,record,2,measured,11,18,0.051926,831537362.1859643,,,"{""sum_rel_diff"": 0.0, ""log_entries"": 4, ""n_results"": 2, ""user_lock_acquisitions"": 0}",2026-08-12T05:54:11Z
exp3_writer,chained,record,2,measured,1,19,0.053504,831537362.1859643,,,"{""sum_rel_diff"": 0.0, ""log_entries"": 4, ""n_results"": 2, ""user_lock_acquisitions"": 0}",2026-08-12T05:54:11Z
exp3_writer,chained,writer,2,measured,7,20,0.052615,831537362.1859643,,,"{""sum_rel_diff"": 0.0, ""log_entries"": 4, ""n_results"": 2, ""user_lock_acquisitions"": 0}",2026-08-12T05:54:11Z
exp3_writer,chained,writer,2,measured,29,21,0.052321,831537362.1859643,,,"{""sum_rel_diff"": 0.0, ""log_entries"": 4, ""n_results"": 2, ""user_lock_acquisitions"": 0}",2026-08-12T05:54:11Z
exp3_writer,chained,writer,2,measured,8,22,0.051531,831537362.1859643,,,"{""sum_rel_diff"": 0.0, ""log_entries"": 4, ""n_results"": 2, ""user_lock_acquisitions"": 0}",2026-08-12T05:54:11Z
exp3_writer,chained,indexed,2,measured,7,23,0.050632,831537362.1859643,,,"{""sum_rel_diff"": 0.0, ""log_entries"": 4, ""n_results"": 2, ""user_lock_acquisitions"": 0}",2026-08-12T05:54:11Z
exp3_writer,chained,lock,2,measured,14,24,0.053389,831537362.1859643,,,"{""sum_rel_diff"": 0.0, ""log_entries"": 4, ""n_results"": 2, ""user_lock_acquisitions"": 2}",2026-08-12T05:54:11Z
exp3_writer,chained,record,2,measured,28,25,0.047322,831537362.1859643,,,"{""sum_rel_diff"": 0.0, ""log_entries"": 4, ""n_results"": 2, ""user_lock_acquisitions"": 0}",2026-08-12T05:54:11Z
exp3_writer,chained,writer,2,measured,26,26,0.052569,831537362.1859643,,,"{""sum_rel_diff"": 0.0, ""log_entries"": 4, ""n_results"": 2, ""user_lock_acquisitions"": 0}",2026-08-12T05:54:11Z
exp3_writer,chained,writer,2,measured,2,27,0.048081,831537362.1859643,,,"{""sum_rel_diff"": 0.0, ""log_entries"": 4, ""n_results"": 2, ""user_lock_acquisitions"": 0}",2026-08-12T05:54:11Z
exp3_writer,chained,lock,2,measured,9,28,0.051230,831537362.1859643,,,"{""sum_rel_diff"": 0.0, ""log_entries"": 4, ""n_results"": 2, ""user_lock_acquisitions"": 2}",2026-08-12T05:54:11Z
exp3_writer,chained,indexed,2,measured,29,29,0.052934,831537362.1859643,,,"{""sum_rel_diff"": 0.0, ""log_entries"": 4, ""n_results"": 2, ""user_lock_acquisitions"": 0}",2026-08-12T05:54:11Z
exp3_writer,chained,lock,2,measured,11,30,0.052770,831537362.1859643,,,"{""sum_rel_diff"": 0.0, ""log_entries"": 4, ""n_results"": 2, ""user_lock_acquisitions"": 2}",2026-08-12T05:54:11Z
exp3_writer,chained,record,2,measured,17,31,0.054270,831537362.1859643,,,"{""sum_rel_diff"": 0.0, ""log_entries"": 4, ""n_results"": 2, ""user_lock_acquisitions"": 0}",2026-08-12T05:54:11Z
exp3_writer,chained,lock,2,measured,24,32,0.052402,831537362.1859643,,,"{""sum_rel_diff"": 0.0, ""log_entries"": 4, ""n_results"": 2, ""user_lock_acquisitions"": 2}",2026-08-12T05:54:11Z
exp3_writer,chained,lock,2,measured,5,33,0.051691,831537362.1859643,,,"{""sum_rel_diff"": 0.0, ""log_entries"": 4, ""n_results"": 2, ""user_lock_acquisitions"": 2}",2026-08-12T05:54:11Z
exp3_writer,chained,indexed,2,measured,27,34,0.053404,831537362.1859643,,,"{""sum_rel_diff"": 0.0, ""log_entries"": 4, ""n_results"": 2, ""user_lock_acquisitions"": 0}",2026-08-12T05:54:11Z
exp3_writer,chained,record,2,measured,14,35,0.051840,831537362.1859643,,,"{""sum_rel_diff"": 0.0, ""log_entries"": 4, ""n_results"": 2, ""user_lock_acquisitions"": 0}",2026-08-12T05:54:11Z
exp3_writer,chained,lock,2,measured,23,36,0.052361,831537362.1859643,,,"{""sum_rel_diff"": 0.0, ""log_entries"": 4, ""n_results"": 2, ""user_lock_acquisitions"": 2}",2026-08-12T05:54:12Z
exp3_writer,chained,record,2,measured,24,37,0.052366,831537362.1859643,,,"{""sum_rel_diff"": 0.0, ""log_entries"": 4, ""n_results"": 2, ""user_lock_acquisitions"": 0}",2026-08-12T05:54:12Z
exp3_writer,chained,record,2,measured,3,38,0.052881,831537362.1859643,,,"{""sum_rel_diff"": 0.0, ""log_entries"": 4, ""n_results"": 2, ""user_lock_acquisitions"": 0}",2026-08-12T05:54:12Z
exp3_writer,chained,writer,2,measured,12,39,0.053103,831537362.1859643,,,"{""sum_rel_diff"": 0.0, ""log_entries"": 4, ""n_results"": 2, ""user_lock_acquisitions"": 0}",2026-08-12T05:54:12Z
exp3_writer,chained,lock,2,measured,28,40,0.052046,831537362.1859643,,,"{""sum_rel_diff"": 0.0, ""log_entries"": 4, ""n_results"": 2, ""user_lock_acquisitions"": 2}",2026-08-12T05:54:12Z
exp3_writer,chained,record,2,measured,20,41,0.052702,831537362.1859643,,,"{""sum_rel_diff"": 0.0, ""log_entries"": 4, ""n_results"": 2, ""user_lock_acquisitions"": 0}",2026-08-12T05:54:12Z
exp3_writer,chained,writer,2,measured,15,42,0.052519,831537362.1859643,,,"{""sum_rel_diff"": 0.0, ""log_entries"": 4, ""n_results"": 2, ""user_lock_acquisitions"": 0}",2026-08-12T05:54:12Z
exp3_writer,chained,record,2,measured,5,43,0.052606,831537362.1859643,,,"{""sum_rel_diff"": 0.0, ""log_entries"": 4, ""n_results"": 2, ""user_lock_acquisitions"": 0}",2026-08-12T05:54:12Z
exp3_writer,chained,indexed,2,measured,2,44,0.047099,831537362.1859643,,,"{""sum_rel_diff"": 0.0, ""log_entries"": 4, ""n_results"": 2, ""user_lock_acquisitions"": 0}",2026-08-12T05:54:12Z
exp3_writer,chained,record,2,measured,10,45,0.053083,831537362.1859643,,,"{""sum_rel_diff"": 0.0, ""log_entries"": 4, ""n_results"": 2, ""user_lock_acquisitions"": 0}",2026-08-12T05:54:12Z
exp3_writer,chained,indexed,2,measured,25,46,0.053388,831537362.1859643,,,"{""sum_rel_diff"": 0.0, ""log_entries"": 4, ""n_results"": 2, ""user_lock_acquisitions"": 0}",2026-08-12T05:54:12Z
exp3_writer,chained,indexed,2,measured,22,47,0.053535,831537362.1859643,,,"{""sum_rel_diff"": 0.0, ""log_entries"": 4, ""n_results"": 2, ""user_lock_acquisitions"": 0}",2026-08-12T05:54:12Z
exp3_writer,chained,writer,2,measured,28,48,0.052664,831537362.1859643,,,"{""sum_rel_diff"": 0.0, ""log_entries"": 4, ""n_results"": 2, ""user_lock_acquisitions"": 0}",2026-08-12T05:54:12Z
exp3_writer,chained,writer,2,measured,19,49,0.051414,831537362.1859643,,,"{""sum_rel_diff"": 0.0, ""log_entries"": 4, ""n_results"": 2, ""user_lock_acquisitions"": 0}",2026-08-12T05:54:12Z
exp3_writer,chained,writer,2,measured,21,50,0.052933,831537362.1859643,,,"{""sum_rel_diff"": 0.0, ""log_entries"": 4, ""n_results"": 2, ""user_lock_acquisitions"": 0}",2026-08-12T05:54:12Z
exp3_writer,chained,lock,2,measured,2,51,0.052722,831537362.1859643,,,"{""sum_rel_diff"": 0.0, ""log_entries"": 4, ""n_results"": 2, ""user_lock_acquisitions"": 2}",2026-08-12T05:54:12Z
exp3_writer,chained,indexed,2,measured,4,52,0.051245,831537362.1859643,,,"{""sum_rel_diff"": 0.0, ""log_entries"": 4, ""n_results"": 2, ""user_lock_acquisitions"": 0}",2026-08-12T05:54:12Z
exp3_writer,chained,writer,2,measured,13,53,0.052933,831537362.1859643,,,"{""sum_rel_diff"": 0.0, ""log_entries"": 4, ""n_results"": 2, ""user_lock_acquisitions"": 0}",2026-08-12T05:54:12Z
exp3_writer,chained,indexed,2,measured,10,54,0.052757,831537362.1859643,,,"{""sum_rel_diff"": 0.0, ""log_entries"": 4, ""n_results"": 2, ""user_lock_acquisitions"": 0}",2026-08-12T05:54:12Z
exp3_writer,chained,writer,2,measured,22,55,0.050554,831537362.1859643,,,"{""sum_rel_diff"": 0.0, ""log_entries"": 4, ""n_results"": 2, ""user_lock_acquisitions"": 0}",2026-08-12T05:54:13Z
exp3_writer,chained,lock,2,measured,25,56,0.052990,831537362.1859643,,,"{""sum_rel_diff"": 0.0, ""log_entries"": 4, ""n_results"": 2, ""user_lock_acquisitions"": 2}",2026-08-12T05:54:13Z
exp3_writer,chained,writer,2,measured,14,57,0.053165,831537362.1859643,,,"{""sum_rel_diff"": 0.0, ""log_entries"": 4, ""n_results"": 2, ""user_lock_acquisitions"": 0}",2026-08-12T05:54:13Z
exp3_writer,chained,record,2,measured,6,58,0.052486,831537362.1859643,,,"{""sum_rel_diff"": 0.0, ""log_entries"": 4, ""n_results"": 2, ""user_lock_acquisitions"": 0}",2026-08-12T05:54:13Z
exp3_writer,chained,record,2,measured,22,59,0.052193,831537362.1859643,,,"{""sum_rel_diff"": 0.0, ""log_entries"": 4, ""n_results"": 2, ""user_lock_acquisitions"": 0}",2026-08-12T05:54:13Z
exp3_writer,chained,writer,2,measured,6,60,0.052976,831537362.1859643,,,"{""sum_rel_diff"": 0.0, ""log_entries"": 4, ""n_results"": 2, ""user_lock_acquisitions"": 0}",2026-08-12T05:54:13Z
exp3_writer,chained,record,2,measured,0,61,0.052340,831537362.1859643,,,"{""sum_rel_diff"": 0.0, ""log_entries"": 4, ""n_results"": 2, ""user_lock_acquisitions"": 0}",2026-08-12T05:54:13Z
exp3_writer,chained,lock,2,measured,20,62,0.052841,831537362.1859643,,,"{""sum_rel_diff"": 0.0, ""log_entries"": 4, ""n_results"": 2, ""user_lock_acquisitions"": 2}",2026-08-12T05:54:13Z
exp3_writer,chained,lock,2,measured,7,63,0.054622,831537362.1859643,,,"{""sum_rel_diff"": 0.0, ""log_entries"": 4, ""n_results"": 2, ""user_lock_acquisitions"": 2}",2026-08-12T05:54:13Z
exp3_writer,chained,record,2,measured,15,64,0.052510,831537362.1859643,,,"{""sum_rel_diff"": 0.0, ""log_entries"": 4, ""n_results"": 2, ""user_lock_acquisitions"": 0}",2026-08-12T05:54:13Z
exp3_writer,chained,writer,2,measured,23,65,0.052210,831537362.1859643,,,"{""sum_rel_diff"": 0.0, ""log_entries"": 4, ""n_results"": 2, ""user_lock_acquisitions"": 0}",2026-08-12T05:54:13Z
exp3_writer,chained,lock,2,measured,0,66,0.053511,831537362.1859643,,,"{""sum_rel_diff"": 0.0, ""log_entries"": 4, ""n_results"": 2, ""user_lock_acquisitions"": 2}",2026-08-12T05:54:13Z
exp3_writer,chained,lock,2,measured,1,67,0.047912,831537362.1859643,,,"{""sum_rel_diff"": 0.0, ""log_entries"": 4, ""n_results"": 2, ""user_lock_acquisitions"": 2}",2026-08-12T05:54:13Z
exp3_writer,chained,lock,2,measured,4,68,0.052543,831537362.1859643,,,"{""sum_rel_diff"": 0.0, ""log_entries"": 4, ""n_results"": 2, ""user_lock_acquisitions"": 2}",2026-08-12T05:54:13Z
exp3_writer,chained,record,2,measured,23,69,0.052456,831537362.1859643,,,"{""sum_rel_diff"": 0.0, ""log_entries"": 4, ""n_results"": 2, ""user_lock_acquisitions"": 0}",2026-08-12T05:54:13Z
exp3_writer,chained,indexed,2,measured,23,70,0.053087,831537362.1859643,,,"{""sum_rel_diff"": 0.0, ""log_entries"": 4, ""n_results"": 2, ""user_lock_acquisitions"": 0}",2026-08-12T05:54:13Z
exp3_writer,chained,indexed,2,measured,17,71,0.053058,831537362.1859643,,,"{""sum_rel_diff"": 0.0, ""log_entries"": 4, ""n_results"": 2, ""user_lock_acquisitions"": 0}",2026-08-12T05:54:13Z
exp3_writer,chained,indexed,2,measured,20,72,0.052193,831537362.1859643,,,"{""sum_rel_diff"": 0.0, ""log_entries"": 4, ""n_results"": 2, ""user_lock_acquisitions"": 0}",2026-08-12T05:54:13Z
exp3_writer,chained,lock,2,measured,13,73,0.051741,831537362.1859643,,,"{""sum_rel_diff"": 0.0, ""log_entries"": 4, ""n_results"": 2, ""user_lock_acquisitions"": 2}",2026-08-12T05:54:13Z
exp3_writer,chained,indexed,2,measured,19,74,0.053196,831537362.1859643,,,"{""sum_rel_diff"": 0.0, ""log_entries"": 4, ""n_results"": 2, ""user_lock_acquisitions"": 0}",2026-08-12T05:54:14Z
exp3_writer,chained,record,2,measured,16,75,0.053637,831537362.1859643,,,"{""sum_rel_diff"": 0.0, ""log_entries"": 4, ""n_results"": 2, ""user_lock_acquisitions"": 0}",2026-08-12T05:54:14Z
exp3_writer,chained,indexed,2,measured,26,76,0.051750,831537362.1859643,,,"{""sum_rel_diff"": 0.0, ""log_entries"": 4, ""n_results"": 2, ""user_lock_acquisitions"": 0}",2026-08-12T05:54:14Z
exp3_writer,chained,lock,2,measured,26,77,0.053330,831537362.1859643,,,"{""sum_rel_diff"": 0.0, ""log_entries"": 4, ""n_results"": 2, ""user_lock_acquisitions"": 2}",2026-08-12T05:54:14Z
exp3_writer,chained,writer,2,measured,18,78,0.053265,831537362.1859643,,,"{""sum_rel_diff"": 0.0, ""log_entries"": 4, ""n_results"": 2, ""user_lock_acquisitions"": 0}",2026-08-12T05:54:14Z
exp3_writer,chained,record,2,measured,9,79,0.051060,831537362.1859643,,,"{""sum_rel_diff"": 0.0, ""log_entries"": 4, ""n_results"": 2, ""user_lock_acquisitions"": 0}",2026-08-12T05:54:14Z
exp3_writer,chained,lock,2,measured,15,80,0.055592,831537362.1859643,,,"{""sum_rel_diff"": 0.0, ""log_entries"": 4, ""n_results"": 2, ""user_lock_acquisitions"": 2}",2026-08-12T05:54:14Z
exp3_writer,chained,indexed,2,measured,1,81,0.053889,831537362.1859643,,,"{""sum_rel_diff"": 0.0, ""log_entries"": 4, ""n_results"": 2, ""user_lock_acquisitions"": 0}",2026-08-12T05:54:14Z
exp3_writer,chained,writer,2,measured,25,82,0.053020,831537362.1859643,,,"{""sum_rel_diff"": 0.0, ""log_entries"": 4, ""n_results"": 2, ""user_lock_acquisitions"": 0}",2026-08-12T05:54:14Z
exp3_writer,chained,indexed,2,measured,24,83,0.051800,831537362.1859643,,,"{""sum_rel_diff"": 0.0, ""log_entries"": 4, ""n_results"": 2, ""user_lock_acquisitions"": 0}",2026-08-12T05:54:14Z
exp3_writer,chained,lock,2,measured,21,84,0.052540,831537362.1859643,,,"{""sum_rel_diff"": 0.0, ""log_entries"": 4, ""n_results"": 2, ""user_lock_acquisitions"": 2}",2026-08-12T05:54:14Z
exp3_writer,chained,record,2,measured,21,85,0.054235,831537362.1859643,,,"{""sum_rel_diff"": 0.0, ""log_entries"": 4, ""n_results"": 2, ""user_lock_acquisitions"": 0}",2026-08-12T05:54:14Z
exp3_writer,chained,writer,2,measured,9,86,0.052047,831537362.1859643,,,"{""sum_rel_diff"": 0.0, ""log_entries"": 4, ""n_results"": 2, ""user_lock_acquisitions"": 0}",2026-08-12T05:54:14Z
exp3_writer,chained,record,2,measured,4,87,0.052461,831537362.1859643,,,"{""sum_rel_diff"": 0.0, ""log_entries"": 4, ""n_results"": 2, ""user_lock_acquisitions"": 0}",2026-08-12T05:54:14Z
exp3_writer,chained,record,2,measured,19,88,0.052422,831537362.1859643,,,"{""sum_rel_diff"": 0.0, ""log_entries"": 4, ""n_results"": 2, ""user_lock_acquisitions"": 0}",2026-08-12T05:54:14Z
exp3_writer,chained,lock,2,measured,17,89,0.052211,831537362.1859643,,,"{""sum_rel_diff"": 0.0, ""log_entries"": 4, ""n_results"": 2, ""user_lock_acquisitions"": 2}",2026-08-12T05:54:14Z
exp3_writer,chained,record,2,measured,25,90,0.053399,831537362.1859643,,,"{""sum_rel_diff"": 0.0, ""log_entries"": 4, ""n_results"": 2, ""user_lock_acquisitions"": 0}",2026-08-12T05:54:14Z
exp3_writer,chained,writer,2,measured,17,91,0.046148,831537362.1859643,,,"{""sum_rel_diff"": 0.0, ""log_entries"": 4, ""n_results"": 2, ""user_lock_acquisitions"": 0}",2026-08-12T05:54:14Z
exp3_writer,chained,record,2,measured,8,92,0.051801,831537362.1859643,,,"{""sum_rel_diff"": 0.0, ""log_entries"": 4, ""n_results"": 2, ""user_lock_acquisitions"": 0}",2026-08-12T05:54:14Z
exp3_writer,chained,indexed,2,measured,3,93,0.047886,831537362.1859643,,,"{""sum_rel_diff"": 0.0, ""log_entries"": 4, ""n_results"": 2, ""user_lock_acquisitions"": 0}",2026-08-12T05:54:15Z
exp3_writer,chained,lock,2,measured,22,94,0.051985,831537362.1859643,,,"{""sum_rel_diff"": 0.0, ""log_entries"": 4, ""n_results"": 2, ""user_lock_acquisitions"": 2}",2026-08-12T05:54:15Z
exp3_writer,chained,writer,2,measured,27,95,0.053708,831537362.1859643,,,"{""sum_rel_diff"": 0.0, ""log_entries"": 4, ""n_results"": 2, ""user_lock_acquisitions"": 0}",2026-08-12T05:54:15Z
exp3_writer,chained,writer,2,measured,16,96,0.051501,831537362.1859643,,,"{""sum_rel_diff"": 0.0, ""log_entries"": 4, ""n_results"": 2, ""user_lock_acquisitions"": 0}",2026-08-12T05:54:15Z
exp3_writer,chained,record,2,measured,18,97,0.050967,831537362.1859643,,,"{""sum_rel_diff"": 0.0, ""log_entries"": 4, ""n_results"": 2, ""user_lock_acquisitions"": 0}",2026-08-12T05:54:15Z
exp3_writer,chained,writer,2,measured,4,98,0.052075,831537362.1859643,,,"{""sum_rel_diff"": 0.0, ""log_entries"": 4, ""n_results"": 2, ""user_lock_acquisitions"": 0}",2026-08-12T05:54:15Z
exp3_writer,chained,lock,2,measured,29,99,0.052820,831537362.1859643,,,"{""sum_rel_diff"": 0.0, ""log_entries"": 4, ""n_results"": 2, ""user_lock_acquisitions"": 2}",2026-08-12T05:54:15Z
exp3_writer,chained,writer,2,measured,5,100,0.053187,831537362.1859643,,,"{""sum_rel_diff"": 0.0, ""log_entries"": 4, ""n_results"": 2, ""user_lock_acquisitions"": 0}",2026-08-12T05:54:15Z
exp3_writer,chained,indexed,2,measured,6,101,0.048646,831537362.1859643,,,"{""sum_rel_diff"": 0.0, ""log_entries"": 4, ""n_results"": 2, ""user_lock_acquisitions"": 0}",2026-08-12T05:54:15Z
exp3_writer,chained,writer,2,measured,10,102,0.052533,831537362.1859643,,,"{""sum_rel_diff"": 0.0, ""log_entries"": 4, ""n_results"": 2, ""user_lock_acquisitions"": 0}",2026-08-12T05:54:15Z
exp3_writer,chained,record,2,measured,13,103,0.052455,831537362.1859643,,,"{""sum_rel_diff"": 0.0, ""log_entries"": 4, ""n_results"": 2, ""user_lock_acquisitions"": 0}",2026-08-12T05:54:15Z
exp3_writer,chained,writer,2,measured,24,104,0.052526,831537362.1859643,,,"{""sum_rel_diff"": 0.0, ""log_entries"": 4, ""n_results"": 2, ""user_lock_acquisitions"": 0}",2026-08-12T05:54:15Z
exp3_writer,chained,lock,2,measured,10,105,0.047270,831537362.1859643,,,"{""sum_rel_diff"": 0.0, ""log_entries"": 4, ""n_results"": 2, ""user_lock_acquisitions"": 2}",2026-08-12T05:54:15Z
exp3_writer,chained,lock,2,measured,19,106,0.047573,831537362.1859643,,,"{""sum_rel_diff"": 0.0, ""log_entries"": 4, ""n_results"": 2, ""user_lock_acquisitions"": 2}",2026-08-12T05:54:15Z
exp3_writer,chained,indexed,2,measured,11,107,0.052936,831537362.1859643,,,"{""sum_rel_diff"": 0.0, ""log_entries"": 4, ""n_results"": 2, ""user_lock_acquisitions"": 0}",2026-08-12T05:54:15Z
exp3_writer,chained,indexed,2,measured,18,108,0.051973,831537362.1859643,,,"{""sum_rel_diff"": 0.0, ""log_entries"": 4, ""n_results"": 2, ""user_lock_acquisitions"": 0}",2026-08-12T05:54:15Z
exp3_writer,chained,record,2,measured,2,109,0.053192,831537362.1859643,,,"{""sum_rel_diff"": 0.0, ""log_entries"": 4, ""n_results"": 2, ""user_lock_acquisitions"": 0}",2026-08-12T05:54:15Z
exp3_writer,chained,writer,2,measured,0,110,0.052839,831537362.1859643,,,"{""sum_rel_diff"": 0.0, ""log_entries"": 4, ""n_results"": 2, ""user_lock_acquisitions"": 0}",2026-08-12T05:54:15Z
exp3_writer,chained,indexed,2,measured,21,111,0.053215,831537362.1859643,,,"{""sum_rel_diff"": 0.0, ""log_entries"": 4, ""n_results"": 2, ""user_lock_acquisitions"": 0}",2026-08-12T05:54:15Z
exp3_writer,chained,indexed,2,measured,9,112,0.052548,831537362.1859643,,,"{""sum_rel_diff"": 0.0, ""log_entries"": 4, ""n_results"": 2, ""user_lock_acquisitions"": 0}",2026-08-12T05:54:16Z
exp3_writer,chained,writer,2,measured,11,113,0.052565,831537362.1859643,,,"{""sum_rel_diff"": 0.0, ""log_entries"": 4, ""n_results"": 2, ""user_lock_acquisitions"": 0}",2026-08-12T05:54:16Z
exp3_writer,chained,writer,2,measured,20,114,0.051920,831537362.1859643,,,"{""sum_rel_diff"": 0.0, ""log_entries"": 4, ""n_results"": 2, ""user_lock_acquisitions"": 0}",2026-08-12T05:54:16Z
exp3_writer,chained,lock,2,measured,12,115,0.053511,831537362.1859643,,,"{""sum_rel_diff"": 0.0, ""log_entries"": 4, ""n_results"": 2, ""user_lock_acquisitions"": 2}",2026-08-12T05:54:16Z
exp3_writer,chained,indexed,2,measured,0,116,0.047422,831537362.1859643,,,"{""sum_rel_diff"": 0.0, ""log_entries"": 4, ""n_results"": 2, ""user_lock_acquisitions"": 0}",2026-08-12T05:54:16Z
exp3_writer,chained,indexed,2,measured,5,117,0.052773,831537362.1859643,,,"{""sum_rel_diff"": 0.0, ""log_entries"": 4, ""n_results"": 2, ""user_lock_acquisitions"": 0}",2026-08-12T05:54:16Z
exp3_writer,chained,indexed,2,measured,8,118,0.051878,831537362.1859643,,,"{""sum_rel_diff"": 0.0, ""log_entries"": 4, ""n_results"": 2, ""user_lock_acquisitions"": 0}",2026-08-12T05:54:16Z
exp3_writer,chained,lock,2,measured,27,119,0.050758,831537362.1859643,,,"{""sum_rel_diff"": 0.0, ""log_entries"": 4, ""n_results"": 2, ""user_lock_acquisitions"": 2}",2026-08-12T05:54:16Z
exp3_writer,chained,indexed,2,measured,12,120,0.051931,831537362.1859643,,,"{""sum_rel_diff"": 0.0, ""log_entries"": 4, ""n_results"": 2, ""user_lock_acquisitions"": 0}",2026-08-12T05:54:16Z
exp3_writer,chained,indexed,2,measured,28,121,0.053008,831537362.1859643,,,"{""sum_rel_diff"": 0.0, ""log_entries"": 4, ""n_results"": 2, ""user_lock_acquisitions"": 0}",2026-08-12T05:54:16Z
exp3_writer,chained,lock,2,measured,8,122,0.054034,831537362.1859643,,,"{""sum_rel_diff"": 0.0, ""log_entries"": 4, ""n_results"": 2, ""user_lock_acquisitions"": 2}",2026-08-12T05:54:16Z
exp3_writer,chained,writer,2,measured,1,123,0.052998,831537362.1859643,,,"{""sum_rel_diff"": 0.0, ""log_entries"": 4, ""n_results"": 2, ""user_lock_acquisitions"": 0}",2026-08-12T05:54:16Z
exp3_writer,chained,record,2,measured,27,124,0.053580,831537362.1859643,,,"{""sum_rel_diff"": 0.0, ""log_entries"": 4, ""n_results"": 2, ""user_lock_acquisitions"": 0}",2026-08-12T05:54:16Z
exp3_writer,chained,record,2,measured,29,125,0.053167,831537362.1859643,,,"{""sum_rel_diff"": 0.0, ""log_entries"": 4, ""n_results"": 2, ""user_lock_acquisitions"": 0}",2026-08-12T05:54:16Z
exp3_writer,chained,lock,2,measured,18,126,0.052331,831537362.1859643,,,"{""sum_rel_diff"": 0.0, ""log_entries"": 4, ""n_results"": 2, ""user_lock_acquisitions"": 2}",2026-08-12T05:54:16Z
exp3_writer,chained,record,2,measured,12,127,0.047096,831537362.1859643,,,"{""sum_rel_diff"": 0.0, ""log_entries"": 4, ""n_results"": 2, ""user_lock_acquisitions"": 0}",2026-08-12T05:54:16Z
exp3_writer,chained,indexed,2,measured,16,128,0.046822,831537362.1859643,,,"{""sum_rel_diff"": 0.0, ""log_entries"": 4, ""n_results"": 2, ""user_lock_acquisitions"": 0}",2026-08-12T05:54:16Z
exp3_writer,chained,lock,2,measured,3,129,0.045777,831537362.1859643,,,"{""sum_rel_diff"": 0.0, ""log_entries"": 4, ""n_results"": 2, ""user_lock_acquisitions"": 2}",2026-08-12T05:54:16Z
exp3_writer,chained,record,2,measured,26,130,0.053407,831537362.1859643,,,"{""sum_rel_diff"": 0.0, ""log_entries"": 4, ""n_results"": 2, ""user_lock_acquisitions"": 0}",2026-08-12T05:54:16Z
exp3_writer,chained,lock,2,measured,16,131,0.052346,831537362.1859643,,,"{""sum_rel_diff"": 0.0, ""log_entries"": 4, ""n_results"": 2, ""user_lock_acquisitions"": 2}",2026-08-12T05:54:16Z
exp3_writer,chained,indexed,4,warmup,1,0,0.027263,831537362.1859643,,,"{""sum_rel_diff"": 0.0, ""log_entries"": 8, ""n_results"": 4, ""user_lock_acquisitions"": 0}",2026-08-12T05:54:17Z
exp3_writer,chained,record,4,warmup,2,1,0.026617,831537362.1859643,,,"{""sum_rel_diff"": 0.0, ""log_entries"": 8, ""n_results"": 4, ""user_lock_acquisitions"": 0}",2026-08-12T05:54:17Z
exp3_writer,chained,record,4,warmup,0,2,0.027361,831537362.1859643,,,"{""sum_rel_diff"": 0.0, ""log_entries"": 8, ""n_results"": 4, ""user_lock_acquisitions"": 0}",2026-08-12T05:54:17Z
exp3_writer,chained,lock,4,warmup,1,3,0.026506,831537362.1859643,,,"{""sum_rel_diff"": 0.0, ""log_entries"": 8, ""n_results"": 4, ""user_lock_acquisitions"": 4}",2026-08-12T05:54:17Z
exp3_writer,chained,writer,4,warmup,1,4,0.028176,831537362.1859643,,,"{""sum_rel_diff"": 0.0, ""log_entries"": 8, ""n_results"": 4, ""user_lock_acquisitions"": 0}",2026-08-12T05:54:17Z
exp3_writer,chained,indexed,4,warmup,2,5,0.027642,831537362.1859643,,,"{""sum_rel_diff"": 0.0, ""log_entries"": 8, ""n_results"": 4, ""user_lock_acquisitions"": 0}",2026-08-12T05:54:17Z
exp3_writer,chained,lock,4,warmup,2,6,0.026678,831537362.1859643,,,"{""sum_rel_diff"": 0.0, ""log_entries"": 8, ""n_results"": 4, ""user_lock_acquisitions"": 4}",2026-08-12T05:54:17Z
exp3_writer,chained,indexed,4,warmup,0,7,0.027028,831537362.1859643,,,"{""sum_rel_diff"": 0.0, ""log_entries"": 8, ""n_results"": 4, ""user_lock_acquisitions"": 0}",2026-08-12T05:54:17Z
exp3_writer,chained,writer,4,warmup,2,8,0.026706,831537362.1859643,,,"{""sum_rel_diff"": 0.0, ""log_entries"": 8, ""n_results"": 4, ""user_lock_acquisitions"": 0}",2026-08-12T05:54:17Z
exp3_writer,chained,writer,4,warmup,0,9,0.026996,831537362.1859643,,,"{""sum_rel_diff"": 0.0, ""log_entries"": 8, ""n_results"": 4, ""user_lock_acquisitions"": 0}",2026-08-12T05:54:17Z
exp3_writer,chained,record,4,warmup,1,10,0.027314,831537362.1859643,,,"{""sum_rel_diff"": 0.0, ""log_entries"": 8, ""n_results"": 4, ""user_lock_acquisitions"": 0}",2026-08-12T05:54:17Z
exp3_writer,chained,lock,4,warmup,0,11,0.026980,831537362.1859643,,,"{""sum_rel_diff"": 0.0, ""log_entries"": 8, ""n_results"": 4, ""user_lock_acquisitions"": 4}",2026-08-12T05:54:17Z
exp3_writer,chained,writer,4,measured,26,12,0.026996,831537362.1859643,,,"{""sum_rel_diff"": 0.0, ""log_entries"": 8, ""n_results"": 4, ""user_lock_acquisitions"": 0}",2026-08-12T05:54:17Z
exp3_writer,chained,indexed,4,measured,18,13,0.026503,831537362.1859643,,,"{""sum_rel_diff"": 0.0, ""log_entries"": 8, ""n_results"": 4, ""user_lock_acquisitions"": 0}",2026-08-12T05:54:17Z
exp3_writer,chained,writer,4,measured,22,14,0.026942,831537362.1859643,,,"{""sum_rel_diff"": 0.0, ""log_entries"": 8, ""n_results"": 4, ""user_lock_acquisitions"": 0}",2026-08-12T05:54:17Z
exp3_writer,chained,record,4,measured,5,15,0.027480,831537362.1859643,,,"{""sum_rel_diff"": 0.0, ""log_entries"": 8, ""n_results"": 4, ""user_lock_acquisitions"": 0}",2026-08-12T05:54:17Z
exp3_writer,chained,indexed,4,measured,9,16,0.027940,831537362.1859643,,,"{""sum_rel_diff"": 0.0, ""log_entries"": 8, ""n_results"": 4, ""user_lock_acquisitions"": 0}",2026-08-12T05:54:17Z
exp3_writer,chained,lock,4,measured,9,17,0.026976,831537362.1859643,,,"{""sum_rel_diff"": 0.0, ""log_entries"": 8, ""n_results"": 4, ""user_lock_acquisitions"": 4}",2026-08-12T05:54:17Z
exp3_writer,chained,record,4,measured,10,18,0.027418,831537362.1859643,,,"{""sum_rel_diff"": 0.0, ""log_entries"": 8, ""n_results"": 4, ""user_lock_acquisitions"": 0}",2026-08-12T05:54:17Z
exp3_writer,chained,lock,4,measured,21,19,0.027104,831537362.1859643,,,"{""sum_rel_diff"": 0.0, ""log_entries"": 8, ""n_results"": 4, ""user_lock_acquisitions"": 4}",2026-08-12T05:54:17Z
exp3_writer,chained,indexed,4,measured,1,20,0.027414,831537362.1859643,,,"{""sum_rel_diff"": 0.0, ""log_entries"": 8, ""n_results"": 4, ""user_lock_acquisitions"": 0}",2026-08-12T05:54:17Z
exp3_writer,chained,record,4,measured,9,21,0.027505,831537362.1859643,,,"{""sum_rel_diff"": 0.0, ""log_entries"": 8, ""n_results"": 4, ""user_lock_acquisitions"": 0}",2026-08-12T05:54:17Z
exp3_writer,chained,lock,4,measured,17,22,0.028176,831537362.1859643,,,"{""sum_rel_diff"": 0.0, ""log_entries"": 8, ""n_results"": 4, ""user_lock_acquisitions"": 4}",2026-08-12T05:54:17Z
exp3_writer,chained,record,4,measured,21,23,0.026385,831537362.1859643,,,"{""sum_rel_diff"": 0.0, ""log_entries"": 8, ""n_results"": 4, ""user_lock_acquisitions"": 0}",2026-08-12T05:54:17Z
exp3_writer,chained,record,4,measured,11,24,0.027386,831537362.1859643,,,"{""sum_rel_diff"": 0.0, ""log_entries"": 8, ""n_results"": 4, ""user_lock_acquisitions"": 0}",2026-08-12T05:54:17Z
exp3_writer,chained,indexed,4,measured,21,25,0.027073,831537362.1859643,,,"{""sum_rel_diff"": 0.0, ""log_entries"": 8, ""n_results"": 4, ""user_lock_acquisitions"": 0}",2026-08-12T05:54:17Z
exp3_writer,chained,record,4,measured,4,26,0.026989,831537362.1859643,,,"{""sum_rel_diff"": 0.0, ""log_entries"": 8, ""n_results"": 4, ""user_lock_acquisitions"": 0}",2026-08-12T05:54:17Z
exp3_writer,chained,writer,4,measured,3,27,0.023787,831537362.1859643,,,"{""sum_rel_diff"": 0.0, ""log_entries"": 8, ""n_results"": 4, ""user_lock_acquisitions"": 0}",2026-08-12T05:54:17Z
exp3_writer,chained,indexed,4,measured,14,28,0.026898,831537362.1859643,,,"{""sum_rel_diff"": 0.0, ""log_entries"": 8, ""n_results"": 4, ""user_lock_acquisitions"": 0}",2026-08-12T05:54:17Z
exp3_writer,chained,writer,4,measured,23,29,0.027715,831537362.1859643,,,"{""sum_rel_diff"": 0.0, ""log_entries"": 8, ""n_results"": 4, ""user_lock_acquisitions"": 0}",2026-08-12T05:54:17Z
exp3_writer,chained,writer,4,measured,8,30,0.026947,831537362.1859643,,,"{""sum_rel_diff"": 0.0, ""log_entries"": 8, ""n_results"": 4, ""user_lock_acquisitions"": 0}",2026-08-12T05:54:17Z
exp3_writer,chained,writer,4,measured,0,31,0.027681,831537362.1859643,,,"{""sum_rel_diff"": 0.0, ""log_entries"": 8, ""n_results"": 4, ""user_lock_acquisitions"": 0}",2026-08-12T05:54:17Z
exp3_writer,chained,writer,4,measured,9,32,0.027125,831537362.1859643,,,"{""sum_rel_diff"": 0.0, ""log_entries"": 8, ""n_results"": 4, ""user_lock_acquisitions"": 0}",2026-08-12T05:54:17Z
exp3_writer,chained,record,4,measured,1,33,0.026649,831537362.1859643,,,"{""sum_rel_diff"": 0.0, ""log_entries"": 8, ""n_results"": 4, ""user_lock_acquisitions"": 0}",2026-08-12T05:54:17Z
exp3_writer,chained,indexed,4,measured,16,34,0.026736,831537362.1859643,,,"{""sum_rel_diff"": 0.0, ""log_entries"": 8, ""n_results"": 4, ""user_lock_acquisitions"": 0}",2026-08-12T05:54:17Z
exp3_writer,chained,lock,4,measured,22,35,0.026664,831537362.1859643,,,"{""sum_rel_diff"": 0.0, ""log_entries"": 8, ""n_results"": 4, ""user_lock_acquisitions"": 4}",2026-08-12T05:54:17Z
exp3_writer,chained,record,4,measured,15,36,0.027647,831537362.1859643,,,"{""sum_rel_diff"": 0.0, ""log_entries"": 8, ""n_results"": 4, ""user_lock_acquisitions"": 0}",2026-08-12T05:54:18Z
exp3_writer,chained,record,4,measured,6,37,0.027064,831537362.1859643,,,"{""sum_rel_diff"": 0.0, ""log_entries"": 8, ""n_results"": 4, ""user_lock_acquisitions"": 0}",2026-08-12T05:54:18Z
exp3_writer,chained,lock,4,measured,3,38,0.028229,831537362.1859643,,,"{""sum_rel_diff"": 0.0, ""log_entries"": 8, ""n_results"": 4, ""user_lock_acquisitions"": 4}",2026-08-12T05:54:18Z
exp3_writer,chained,lock,4,measured,14,39,0.024751,831537362.1859643,,,"{""sum_rel_diff"": 0.0, ""log_entries"": 8, ""n_results"": 4, ""user_lock_acquisitions"": 4}",2026-08-12T05:54:18Z
exp3_writer,chained,lock,4,measured,0,40,0.026824,831537362.1859643,,,"{""sum_rel_diff"": 0.0, ""log_entries"": 8, ""n_results"": 4, ""user_lock_acquisitions"": 4}",2026-08-12T05:54:18Z
exp3_writer,chained,lock,4,measured,28,41,0.027015,831537362.1859643,,,"{""sum_rel_diff"": 0.0, ""log_entries"": 8, ""n_results"": 4, ""user_lock_acquisitions"": 4}",2026-08-12T05:54:18Z
exp3_writer,chained,writer,4,measured,17,42,0.024153,831537362.1859643,,,"{""sum_rel_diff"": 0.0, ""log_entries"": 8, ""n_results"": 4, ""user_lock_acquisitions"": 0}",2026-08-12T05:54:18Z
exp3_writer,chained,record,4,measured,7,43,0.025338,831537362.1859643,,,"{""sum_rel_diff"": 0.0, ""log_entries"": 8, ""n_results"": 4, ""user_lock_acquisitions"": 0}",2026-08-12T05:54:18Z
exp3_writer,chained,writer,4,measured,20,44,0.026645,831537362.1859643,,,"{""sum_rel_diff"": 0.0, ""log_entries"": 8, ""n_results"": 4, ""user_lock_acquisitions"": 0}",2026-08-12T05:54:18Z
exp3_writer,chained,writer,4,measured,5,45,0.027414,831537362.1859643,,,"{""sum_rel_diff"": 0.0, ""log_entries"": 8, ""n_results"": 4, ""user_lock_acquisitions"": 0}",2026-08-12T05:54:18Z
exp3_writer,chained,lock,4,measured,12,46,0.027135,831537362.1859643,,,"{""sum_rel_diff"": 0.0, ""log_entries"": 8, ""n_results"": 4, ""user_lock_acquisitions"": 4}",2026-08-12T05:54:18Z
exp3_writer,chained,indexed,4,measured,8,47,0.027452,831537362.1859643,,,"{""sum_rel_diff"": 0.0, ""log_entries"": 8, ""n_results"": 4, ""user_lock_acquisitions"": 0}",2026-08-12T05:54:18Z
exp3_writer,chained,lock,4,measured,6,48,0.024499,831537362.1859643,,,"{""sum_rel_diff"": 0.0, ""log_entries"": 8, ""n_results"": 4, ""user_lock_acquisitions"": 4}",2026-08-12T05:54:18Z
exp3_writer,chained,writer,4,measured,15,49,0.027029,831537362.1859643,,,"{""sum_rel_diff"": 0.0, ""log_entries"": 8, ""n_results"": 4, ""user_lock_acquisitions"": 0}",2026-08-12T05:54:18Z
exp3_writer,chained,writer,4,measured,16,50,0.027160,831537362.1859643,,,"{""sum_rel_diff"": 0.0, ""log_entries"": 8, ""n_results"": 4, ""user_lock_acquisitions"": 0}",2026-08-12T05:54:18Z
exp3_writer,chained,indexed,4,measured,24,51,0.027508,831537362.1859643,,,"{""sum_rel_diff"": 0.0, ""log_entries"": 8, ""n_results"": 4, ""user_lock_acquisitions"": 0}",2026-08-12T05:54:18Z
exp3_writer,chained,indexed,4,measured,22,52,0.027412,831537362.1859643,,,"{""sum_rel_diff"": 0.0, ""log_entries"": 8, ""n_results"": 4, ""user_lock_acquisitions"": 0}",2026-08-12T05:54:18Z
exp3_writer,chained,indexed,4,measured,5,53,0.027328,831537362.1859643,,,"{""sum_rel_diff"": 0.0, ""log_entries"": 8, ""n_results"": 4, ""user_lock_acquisitions"": 0}",2026-08-12T05:54:18Z
exp3_writer,chained,indexed,4,measured,15,54,0.027511,831537362.1859643,,,"{""sum_rel_diff"": 0.0, ""log_entries"": 8, ""n_results"": 4, ""user_lock_acquisitions"": 0}",2026-08-12T05:54:18Z
exp3_writer,chained,writer,4,measured,29,55,0.024972,831537362.1859643,,,"{""sum_rel_diff"": 0.0, ""log_entries"": 8, ""n_results"": 4, ""user_lock_acquisitions"": 0}",2026-08-12T05:54:18Z
exp3_writer,chained,record,4,measured,23,56,0.026521,831537362.1859643,,,"{""sum_rel_diff"": 0.0, ""log_entries"": 8, ""n_results"": 4, ""user_lock_acquisitions"": 0}",2026-08-12T05:54:18Z
exp3_writer,chained,record,4,measured,24,57,0.027738,831537362.1859643,,,"{""sum_rel_diff"": 0.0, ""log_entries"": 8, ""n_results"": 4, ""user_lock_acquisitions"": 0}",2026-08-12T05:54:18Z
exp3_writer,chained,lock,4,measured,26,58,0.026909,831537362.1859643,,,"{""sum_rel_diff"": 0.0, ""log_entries"": 8, ""n_results"": 4, ""user_lock_acquisitions"": 4}",2026-08-12T05:54:18Z
exp3_writer,chained,writer,4,measured,21,59,0.026152,831537362.1859643,,,"{""sum_rel_diff"": 0.0, ""log_entries"": 8, ""n_results"": 4, ""user_lock_acquisitions"": 0}",2026-08-12T05:54:18Z
exp3_writer,chained,indexed,4,measured,13,60,0.027789,831537362.1859643,,,"{""sum_rel_diff"": 0.0, ""log_entries"": 8, ""n_results"": 4, ""user_lock_acquisitions"": 0}",2026-08-12T05:54:18Z
exp3_writer,chained,indexed,4,measured,25,61,0.027242,831537362.1859643,,,"{""sum_rel_diff"": 0.0, ""log_entries"": 8, ""n_results"": 4, ""user_lock_acquisitions"": 0}",2026-08-12T05:54:18Z
exp3_writer,chained,writer,4,measured,18,62,0.027736,831537362.1859643,,,"{""sum_rel_diff"": 0.0, ""log_entries"": 8, ""n_results"": 4, ""user_lock_acquisitions"": 0}",2026-08-12T05:54:18Z
exp3_writer,chained,indexed,4,measured,26,63,0.026729,831537362.1859643,,,"{""sum_rel_diff"": 0.0, ""log_entries"": 8, ""n_results"": 4, ""user_lock_acquisitions"": 0}",2026-08-12T05:54:18Z
exp3_writer,chained,writer,4,measured,19,64,0.026859,831537362.1859643,,,"{""sum_rel_diff"": 0.0, ""log_entries"": 8, ""n_results"": 4, ""user_lock_acquisitions"": 0}",2026-08-12T05:54:18Z
exp3_writer,chained,lock,4,measured,2,65,0.027380,831537362.1859643,,,"{""sum_rel_diff"": 0.0, ""log_entries"": 8, ""n_results"": 4, ""user_lock_acquisitions"": 4}",2026-08-12T05:54:18Z
exp3_writer,chained,indexed,4,measured,0,66,0.027203,831537362.1859643,,,"{""sum_rel_diff"": 0.0, ""log_entries"": 8, ""n_results"": 4, ""user_lock_acquisitions"": 0}",2026-08-12T05:54:18Z
exp3_writer,chained,writer,4,measured,27,67,0.026718,831537362.1859643,,,"{""sum_rel_diff"": 0.0, ""log_entries"": 8, ""n_results"": 4, ""user_lock_acquisitions"": 0}",2026-08-12T05:54:18Z
exp3_writer,chained,indexed,4,measured,17,68,0.027012,831537362.1859643,,,"{""sum_rel_diff"": 0.0, ""log_entries"": 8, ""n_results"": 4, ""user_lock_acquisitions"": 0}",2026-08-12T05:54:18Z
exp3_writer,chained,record,4,measured,12,69,0.027527,831537362.1859643,,,"{""sum_rel_diff"": 0.0, ""log_entries"": 8, ""n_results"": 4, ""user_lock_acquisitions"": 0}",2026-08-12T05:54:18Z
exp3_writer,chained,record,4,measured,26,70,0.027732,831537362.1859643,,,"{""sum_rel_diff"": 0.0, ""log_entries"": 8, ""n_results"": 4, ""user_lock_acquisitions"": 0}",2026-08-12T05:54:18Z
exp3_writer,chained,indexed,4,measured,12,71,0.025178,831537362.1859643,,,"{""sum_rel_diff"": 0.0, ""log_entries"": 8, ""n_results"": 4, ""user_lock_acquisitions"": 0}",2026-08-12T05:54:18Z
exp3_writer,chained,record,4,measured,22,72,0.027057,831537362.1859643,,,"{""sum_rel_diff"": 0.0, ""log_entries"": 8, ""n_results"": 4, ""user_lock_acquisitions"": 0}",2026-08-12T05:54:18Z
exp3_writer,chained,record,4,measured,2,73,0.027359,831537362.1859643,,,"{""sum_rel_diff"": 0.0, ""log_entries"": 8, ""n_results"": 4, ""user_lock_acquisitions"": 0}",2026-08-12T05:54:18Z
exp3_writer,chained,lock,4,measured,13,74,0.026821,831537362.1859643,,,"{""sum_rel_diff"": 0.0, ""log_entries"": 8, ""n_results"": 4, ""user_lock_acquisitions"": 4}",2026-08-12T05:54:19Z
exp3_writer,chained,record,4,measured,14,75,0.026985,831537362.1859643,,,"{""sum_rel_diff"": 0.0, ""log_entries"": 8, ""n_results"": 4, ""user_lock_acquisitions"": 0}",2026-08-12T05:54:19Z
exp3_writer,chained,writer,4,measured,28,76,0.027182,831537362.1859643,,,"{""sum_rel_diff"": 0.0, ""log_entries"": 8, ""n_results"": 4, ""user_lock_acquisitions"": 0}",2026-08-12T05:54:19Z
exp3_writer,chained,lock,4,measured,24,77,0.027518,831537362.1859643,,,"{""sum_rel_diff"": 0.0, ""log_entries"": 8, ""n_results"": 4, ""user_lock_acquisitions"": 4}",2026-08-12T05:54:19Z
exp3_writer,chained,record,4,measured,8,78,0.026025,831537362.1859643,,,"{""sum_rel_diff"": 0.0, ""log_entries"": 8, ""n_results"": 4, ""user_lock_acquisitions"": 0}",2026-08-12T05:54:19Z
exp3_writer,chained,record,4,measured,19,79,0.027362,831537362.1859643,,,"{""sum_rel_diff"": 0.0, ""log_entries"": 8, ""n_results"": 4, ""user_lock_acquisitions"": 0}",2026-08-12T05:54:19Z
exp3_writer,chained,lock,4,measured,27,80,0.027039,831537362.1859643,,,"{""sum_rel_diff"": 0.0, ""log_entries"": 8, ""n_results"": 4, ""user_lock_acquisitions"": 4}",2026-08-12T05:54:19Z
exp3_writer,chained,writer,4,measured,4,81,0.026998,831537362.1859643,,,"{""sum_rel_diff"": 0.0, ""log_entries"": 8, ""n_results"": 4, ""user_lock_acquisitions"": 0}",2026-08-12T05:54:19Z
exp3_writer,chained,indexed,4,measured,23,82,0.026800,831537362.1859643,,,"{""sum_rel_diff"": 0.0, ""log_entries"": 8, ""n_results"": 4, ""user_lock_acquisitions"": 0}",2026-08-12T05:54:19Z
exp3_writer,chained,indexed,4,measured,28,83,0.026844,831537362.1859643,,,"{""sum_rel_diff"": 0.0, ""log_entries"": 8, ""n_results"": 4, ""user_lock_acquisitions"": 0}",2026-08-12T05:54:19Z
exp3_writer,chained,lock,4,measured,25,84,0.025202,831537362.1859643,,,"{""sum_rel_diff"": 0.0, ""log_entries"": 8, ""n_results"": 4, ""user_lock_acquisitions"": 4}",2026-08-12T05:54:19Z
exp3_writer,chained,writer,4,measured,14,85,0.026383,831537362.1859643,,,"{""sum_rel_diff"": 0.0, ""log_entries"": 8, ""n_results"": 4, ""user_lock_acquisitions"": 0}",2026-08-12T05:54:19Z
exp3_writer,chained,indexed,4,measured,7,86,0.026550,831537362.1859643,,,"{""sum_rel_diff"": 0.0, ""log_entries"": 8, ""n_results"": 4, ""user_lock_acquisitions"": 0}",2026-08-12T05:54:19Z
exp3_writer,chained,record,4,measured,3,87,0.026977,831537362.1859643,,,"{""sum_rel_diff"": 0.0, ""log_entries"": 8, ""n_results"": 4, ""user_lock_acquisitions"": 0}",2026-08-12T05:54:19Z
exp3_writer,chained,lock,4,measured,16,88,0.028192,831537362.1859643,,,"{""sum_rel_diff"": 0.0, ""log_entries"": 8, ""n_results"": 4, ""user_lock_acquisitions"": 4}",2026-08-12T05:54:19Z
exp3_writer,chained,indexed,4,measured,11,89,0.027439,831537362.1859643,,,"{""sum_rel_diff"": 0.0, ""log_entries"": 8, ""n_results"": 4, ""user_lock_acquisitions"": 0}",2026-08-12T05:54:19Z
exp3_writer,chained,lock,4,measured,8,90,0.027557,831537362.1859643,,,"{""sum_rel_diff"": 0.0, ""log_entries"": 8, ""n_results"": 4, ""user_lock_acquisitions"": 4}",2026-08-12T05:54:19Z
exp3_writer,chained,indexed,4,measured,29,91,0.027106,831537362.1859643,,,"{""sum_rel_diff"": 0.0, ""log_entries"": 8, ""n_results"": 4, ""user_lock_acquisitions"": 0}",2026-08-12T05:54:19Z
exp3_writer,chained,writer,4,measured,6,92,0.026854,831537362.1859643,,,"{""sum_rel_diff"": 0.0, ""log_entries"": 8, ""n_results"": 4, ""user_lock_acquisitions"": 0}",2026-08-12T05:54:19Z
exp3_writer,chained,record,4,measured,13,93,0.027328,831537362.1859643,,,"{""sum_rel_diff"": 0.0, ""log_entries"": 8, ""n_results"": 4, ""user_lock_acquisitions"": 0}",2026-08-12T05:54:19Z
exp3_writer,chained,lock,4,measured,15,94,0.027220,831537362.1859643,,,"{""sum_rel_diff"": 0.0, ""log_entries"": 8, ""n_results"": 4, ""user_lock_acquisitions"": 4}",2026-08-12T05:54:19Z
exp3_writer,chained,indexed,4,measured,3,95,0.027239,831537362.1859643,,,"{""sum_rel_diff"": 0.0, ""log_entries"": 8, ""n_results"": 4, ""user_lock_acquisitions"": 0}",2026-08-12T05:54:19Z
exp3_writer,chained,writer,4,measured,2,96,0.027829,831537362.1859643,,,"{""sum_rel_diff"": 0.0, ""log_entries"": 8, ""n_results"": 4, ""user_lock_acquisitions"": 0}",2026-08-12T05:54:19Z
exp3_writer,chained,lock,4,measured,7,97,0.026798,831537362.1859643,,,"{""sum_rel_diff"": 0.0, ""log_entries"": 8, ""n_results"": 4, ""user_lock_acquisitions"": 4}",2026-08-12T05:54:19Z
exp3_writer,chained,indexed,4,measured,20,98,0.027239,831537362.1859643,,,"{""sum_rel_diff"": 0.0, ""log_entries"": 8, ""n_results"": 4, ""user_lock_acquisitions"": 0}",2026-08-12T05:54:19Z
exp3_writer,chained,writer,4,measured,12,99,0.024966,831537362.1859643,,,"{""sum_rel_diff"": 0.0, ""log_entries"": 8, ""n_results"": 4, ""user_lock_acquisitions"": 0}",2026-08-12T05:54:19Z
exp3_writer,chained,record,4,measured,16,100,0.027406,831537362.1859643,,,"{""sum_rel_diff"": 0.0, ""log_entries"": 8, ""n_results"": 4, ""user_lock_acquisitions"": 0}",2026-08-12T05:54:19Z
exp3_writer,chained,lock,4,measured,4,101,0.026744,831537362.1859643,,,"{""sum_rel_diff"": 0.0, ""log_entries"": 8, ""n_results"": 4, ""user_lock_acquisitions"": 4}",2026-08-12T05:54:19Z
exp3_writer,chained,record,4,measured,29,102,0.025782,831537362.1859643,,,"{""sum_rel_diff"": 0.0, ""log_entries"": 8, ""n_results"": 4, ""user_lock_acquisitions"": 0}",2026-08-12T05:54:19Z
exp3_writer,chained,indexed,4,measured,27,103,0.027064,831537362.1859643,,,"{""sum_rel_diff"": 0.0, ""log_entries"": 8, ""n_results"": 4, ""user_lock_acquisitions"": 0}",2026-08-12T05:54:19Z
exp3_writer,chained,indexed,4,measured,4,104,0.027449,831537362.1859643,,,"{""sum_rel_diff"": 0.0, ""log_entries"": 8, ""n_results"": 4, ""user_lock_acquisitions"": 0}",2026-08-12T05:54:19Z
exp3_writer,chained,record,4,measured,28,105,0.026961,831537362.1859643,,,"{""sum_rel_diff"": 0.0, ""log_entries"": 8, ""n_results"": 4, ""user_lock_acquisitions"": 0}",2026-08-12T05:54:19Z
exp3_writer,chained,lock,4,measured,1,106,0.027095,831537362.1859643,,,"{""sum_rel_diff"": 0.0, ""log_entries"": 8, ""n_results"": 4, ""user_lock_acquisitions"": 4}",2026-08-12T05:54:19Z
exp3_writer,chained,indexed,4,measured,10,107,0.027357,831537362.1859643,,,"{""sum_rel_diff"": 0.0, ""log_entries"": 8, ""n_results"": 4, ""user_lock_acquisitions"": 0}",2026-08-12T05:54:19Z
exp3_writer,chained,lock,4,measured,5,108,0.026745,831537362.1859643,,,"{""sum_rel_diff"": 0.0, ""log_entries"": 8, ""n_results"": 4, ""user_lock_acquisitions"": 4}",2026-08-12T05:54:19Z
exp3_writer,chained,lock,4,measured,29,109,0.027001,831537362.1859643,,,"{""sum_rel_diff"": 0.0, ""log_entries"": 8, ""n_results"": 4, ""user_lock_acquisitions"": 4}",2026-08-12T05:54:19Z
exp3_writer,chained,writer,4,measured,25,110,0.026485,831537362.1859643,,,"{""sum_rel_diff"": 0.0, ""log_entries"": 8, ""n_results"": 4, ""user_lock_acquisitions"": 0}",2026-08-12T05:54:20Z
exp3_writer,chained,record,4,measured,0,111,0.026749,831537362.1859643,,,"{""sum_rel_diff"": 0.0, ""log_entries"": 8, ""n_results"": 4, ""user_lock_acquisitions"": 0}",2026-08-12T05:54:20Z
exp3_writer,chained,lock,4,measured,18,112,0.026429,831537362.1859643,,,"{""sum_rel_diff"": 0.0, ""log_entries"": 8, ""n_results"": 4, ""user_lock_acquisitions"": 4}",2026-08-12T05:54:20Z
exp3_writer,chained,indexed,4,measured,2,113,0.024456,831537362.1859643,,,"{""sum_rel_diff"": 0.0, ""log_entries"": 8, ""n_results"": 4, ""user_lock_acquisitions"": 0}",2026-08-12T05:54:20Z
exp3_writer,chained,indexed,4,measured,19,114,0.027741,831537362.1859643,,,"{""sum_rel_diff"": 0.0, ""log_entries"": 8, ""n_results"": 4, ""user_lock_acquisitions"": 0}",2026-08-12T05:54:20Z
exp3_writer,chained,writer,4,measured,11,115,0.024279,831537362.1859643,,,"{""sum_rel_diff"": 0.0, ""log_entries"": 8, ""n_results"": 4, ""user_lock_acquisitions"": 0}",2026-08-12T05:54:20Z
exp3_writer,chained,writer,4,measured,13,116,0.027178,831537362.1859643,,,"{""sum_rel_diff"": 0.0, ""log_entries"": 8, ""n_results"": 4, ""user_lock_acquisitions"": 0}",2026-08-12T05:54:20Z
exp3_writer,chained,record,4,measured,17,117,0.027138,831537362.1859643,,,"{""sum_rel_diff"": 0.0, ""log_entries"": 8, ""n_results"": 4, ""user_lock_acquisitions"": 0}",2026-08-12T05:54:20Z
exp3_writer,chained,record,4,measured,20,118,0.026374,831537362.1859643,,,"{""sum_rel_diff"": 0.0, ""log_entries"": 8, ""n_results"": 4, ""user_lock_acquisitions"": 0}",2026-08-12T05:54:20Z
exp3_writer,chained,writer,4,measured,1,119,0.026954,831537362.1859643,,,"{""sum_rel_diff"": 0.0, ""log_entries"": 8, ""n_results"": 4, ""user_lock_acquisitions"": 0}",2026-08-12T05:54:20Z
exp3_writer,chained,lock,4,measured,19,120,0.024945,831537362.1859643,,,"{""sum_rel_diff"": 0.0, ""log_entries"": 8, ""n_results"": 4, ""user_lock_acquisitions"": 4}",2026-08-12T05:54:20Z
exp3_writer,chained,indexed,4,measured,6,121,0.026267,831537362.1859643,,,"{""sum_rel_diff"": 0.0, ""log_entries"": 8, ""n_results"": 4, ""user_lock_acquisitions"": 0}",2026-08-12T05:54:20Z
exp3_writer,chained,lock,4,measured,20,122,0.027073,831537362.1859643,,,"{""sum_rel_diff"": 0.0, ""log_entries"": 8, ""n_results"": 4, ""user_lock_acquisitions"": 4}",2026-08-12T05:54:20Z
exp3_writer,chained,lock,4,measured,11,123,0.026317,831537362.1859643,,,"{""sum_rel_diff"": 0.0, ""log_entries"": 8, ""n_results"": 4, ""user_lock_acquisitions"": 4}",2026-08-12T05:54:20Z
exp3_writer,chained,lock,4,measured,23,124,0.026723,831537362.1859643,,,"{""sum_rel_diff"": 0.0, ""log_entries"": 8, ""n_results"": 4, ""user_lock_acquisitions"": 4}",2026-08-12T05:54:20Z
exp3_writer,chained,lock,4,measured,10,125,0.026679,831537362.1859643,,,"{""sum_rel_diff"": 0.0, ""log_entries"": 8, ""n_results"": 4, ""user_lock_acquisitions"": 4}",2026-08-12T05:54:20Z
exp3_writer,chained,record,4,measured,18,126,0.026821,831537362.1859643,,,"{""sum_rel_diff"": 0.0, ""log_entries"": 8, ""n_results"": 4, ""user_lock_acquisitions"": 0}",2026-08-12T05:54:20Z
exp3_writer,chained,writer,4,measured,24,127,0.027842,831537362.1859643,,,"{""sum_rel_diff"": 0.0, ""log_entries"": 8, ""n_results"": 4, ""user_lock_acquisitions"": 0}",2026-08-12T05:54:20Z
exp3_writer,chained,record,4,measured,27,128,0.025794,831537362.1859643,,,"{""sum_rel_diff"": 0.0, ""log_entries"": 8, ""n_results"": 4, ""user_lock_acquisitions"": 0}",2026-08-12T05:54:20Z
exp3_writer,chained,record,4,measured,25,129,0.026206,831537362.1859643,,,"{""sum_rel_diff"": 0.0, ""log_entries"": 8, ""n_results"": 4, ""user_lock_acquisitions"": 0}",2026-08-12T05:54:20Z
exp3_writer,chained,writer,4,measured,10,130,0.026838,831537362.1859643,,,"{""sum_rel_diff"": 0.0, ""log_entries"": 8, ""n_results"": 4, ""user_lock_acquisitions"": 0}",2026-08-12T05:54:20Z
exp3_writer,chained,writer,4,measured,7,131,0.028257,831537362.1859643,,,"{""sum_rel_diff"": 0.0, ""log_entries"": 8, ""n_results"": 4, ""user_lock_acquisitions"": 0}",2026-08-12T05:54:20Z
exp3_writer,chained,record,6,warmup,1,0,0.020086,831537362.1859643,,,"{""sum_rel_diff"": 0.0, ""log_entries"": 12, ""n_results"": 6, ""user_lock_acquisitions"": 0}",2026-08-12T05:54:20Z
exp3_writer,chained,writer,6,warmup,2,1,0.017686,831537362.1859643,,,"{""sum_rel_diff"": 0.0, ""log_entries"": 12, ""n_results"": 6, ""user_lock_acquisitions"": 0}",2026-08-12T05:54:20Z
exp3_writer,chained,lock,6,warmup,1,2,0.018343,831537362.1859643,,,"{""sum_rel_diff"": 0.0, ""log_entries"": 12, ""n_results"": 6, ""user_lock_acquisitions"": 6}",2026-08-12T05:54:20Z
exp3_writer,chained,indexed,6,warmup,1,3,0.018031,831537362.1859643,,,"{""sum_rel_diff"": 0.0, ""log_entries"": 12, ""n_results"": 6, ""user_lock_acquisitions"": 0}",2026-08-12T05:54:20Z
exp3_writer,chained,indexed,6,warmup,0,4,0.018903,831537362.1859643,,,"{""sum_rel_diff"": 0.0, ""log_entries"": 12, ""n_results"": 6, ""user_lock_acquisitions"": 0}",2026-08-12T05:54:20Z
exp3_writer,chained,lock,6,warmup,0,5,0.018989,831537362.1859643,,,"{""sum_rel_diff"": 0.0, ""log_entries"": 12, ""n_results"": 6, ""user_lock_acquisitions"": 6}",2026-08-12T05:54:20Z
exp3_writer,chained,writer,6,warmup,1,6,0.019516,831537362.1859643,,,"{""sum_rel_diff"": 0.0, ""log_entries"": 12, ""n_results"": 6, ""user_lock_acquisitions"": 0}",2026-08-12T05:54:20Z
exp3_writer,chained,writer,6,warmup,0,7,0.018937,831537362.1859643,,,"{""sum_rel_diff"": 0.0, ""log_entries"": 12, ""n_results"": 6, ""user_lock_acquisitions"": 0}",2026-08-12T05:54:20Z
exp3_writer,chained,record,6,warmup,0,8,0.017741,831537362.1859643,,,"{""sum_rel_diff"": 0.0, ""log_entries"": 12, ""n_results"": 6, ""user_lock_acquisitions"": 0}",2026-08-12T05:54:20Z
exp3_writer,chained,indexed,6,warmup,2,9,0.019246,831537362.1859643,,,"{""sum_rel_diff"": 0.0, ""log_entries"": 12, ""n_results"": 6, ""user_lock_acquisitions"": 0}",2026-08-12T05:54:20Z
exp3_writer,chained,record,6,warmup,2,10,0.019448,831537362.1859643,,,"{""sum_rel_diff"": 0.0, ""log_entries"": 12, ""n_results"": 6, ""user_lock_acquisitions"": 0}",2026-08-12T05:54:20Z
exp3_writer,chained,lock,6,warmup,2,11,0.018705,831537362.1859643,,,"{""sum_rel_diff"": 0.0, ""log_entries"": 12, ""n_results"": 6, ""user_lock_acquisitions"": 6}",2026-08-12T05:54:20Z
exp3_writer,chained,record,6,measured,28,12,0.018925,831537362.1859643,,,"{""sum_rel_diff"": 0.0, ""log_entries"": 12, ""n_results"": 6, ""user_lock_acquisitions"": 0}",2026-08-12T05:54:20Z
exp3_writer,chained,writer,6,measured,15,13,0.019645,831537362.1859643,,,"{""sum_rel_diff"": 0.0, ""log_entries"": 12, ""n_results"": 6, ""user_lock_acquisitions"": 0}",2026-08-12T05:54:20Z
exp3_writer,chained,writer,6,measured,21,14,0.019763,831537362.1859643,,,"{""sum_rel_diff"": 0.0, ""log_entries"": 12, ""n_results"": 6, ""user_lock_acquisitions"": 0}",2026-08-12T05:54:20Z
exp3_writer,chained,writer,6,measured,7,15,0.019128,831537362.1859643,,,"{""sum_rel_diff"": 0.0, ""log_entries"": 12, ""n_results"": 6, ""user_lock_acquisitions"": 0}",2026-08-12T05:54:20Z
exp3_writer,chained,lock,6,measured,23,16,0.018283,831537362.1859643,,,"{""sum_rel_diff"": 0.0, ""log_entries"": 12, ""n_results"": 6, ""user_lock_acquisitions"": 6}",2026-08-12T05:54:20Z
exp3_writer,chained,writer,6,measured,17,17,0.019312,831537362.1859643,,,"{""sum_rel_diff"": 0.0, ""log_entries"": 12, ""n_results"": 6, ""user_lock_acquisitions"": 0}",2026-08-12T05:54:20Z
exp3_writer,chained,lock,6,measured,9,18,0.018721,831537362.1859643,,,"{""sum_rel_diff"": 0.0, ""log_entries"": 12, ""n_results"": 6, ""user_lock_acquisitions"": 6}",2026-08-12T05:54:20Z
exp3_writer,chained,record,6,measured,22,19,0.016922,831537362.1859643,,,"{""sum_rel_diff"": 0.0, ""log_entries"": 12, ""n_results"": 6, ""user_lock_acquisitions"": 0}",2026-08-12T05:54:20Z
exp3_writer,chained,lock,6,measured,8,20,0.019076,831537362.1859643,,,"{""sum_rel_diff"": 0.0, ""log_entries"": 12, ""n_results"": 6, ""user_lock_acquisitions"": 6}",2026-08-12T05:54:20Z
exp3_writer,chained,indexed,6,measured,10,21,0.018400,831537362.1859643,,,"{""sum_rel_diff"": 0.0, ""log_entries"": 12, ""n_results"": 6, ""user_lock_acquisitions"": 0}",2026-08-12T05:54:20Z
exp3_writer,chained,lock,6,measured,3,22,0.018646,831537362.1859643,,,"{""sum_rel_diff"": 0.0, ""log_entries"": 12, ""n_results"": 6, ""user_lock_acquisitions"": 6}",2026-08-12T05:54:20Z
exp3_writer,chained,lock,6,measured,25,23,0.017127,831537362.1859643,,,"{""sum_rel_diff"": 0.0, ""log_entries"": 12, ""n_results"": 6, ""user_lock_acquisitions"": 6}",2026-08-12T05:54:21Z
exp3_writer,chained,record,6,measured,24,24,0.018996,831537362.1859643,,,"{""sum_rel_diff"": 0.0, ""log_entries"": 12, ""n_results"": 6, ""user_lock_acquisitions"": 0}",2026-08-12T05:54:21Z
exp3_writer,chained,record,6,measured,26,25,0.018779,831537362.1859643,,,"{""sum_rel_diff"": 0.0, ""log_entries"": 12, ""n_results"": 6, ""user_lock_acquisitions"": 0}",2026-08-12T05:54:21Z
exp3_writer,chained,lock,6,measured,20,26,0.018497,831537362.1859643,,,"{""sum_rel_diff"": 0.0, ""log_entries"": 12, ""n_results"": 6, ""user_lock_acquisitions"": 6}",2026-08-12T05:54:21Z
exp3_writer,chained,record,6,measured,3,27,0.018749,831537362.1859643,,,"{""sum_rel_diff"": 0.0, ""log_entries"": 12, ""n_results"": 6, ""user_lock_acquisitions"": 0}",2026-08-12T05:54:21Z
exp3_writer,chained,record,6,measured,7,28,0.018277,831537362.1859643,,,"{""sum_rel_diff"": 0.0, ""log_entries"": 12, ""n_results"": 6, ""user_lock_acquisitions"": 0}",2026-08-12T05:54:21Z
exp3_writer,chained,record,6,measured,8,29,0.018674,831537362.1859643,,,"{""sum_rel_diff"": 0.0, ""log_entries"": 12, ""n_results"": 6, ""user_lock_acquisitions"": 0}",2026-08-12T05:54:21Z
exp3_writer,chained,writer,6,measured,0,30,0.019253,831537362.1859643,,,"{""sum_rel_diff"": 0.0, ""log_entries"": 12, ""n_results"": 6, ""user_lock_acquisitions"": 0}",2026-08-12T05:54:21Z
exp3_writer,chained,indexed,6,measured,7,31,0.017988,831537362.1859643,,,"{""sum_rel_diff"": 0.0, ""log_entries"": 12, ""n_results"": 6, ""user_lock_acquisitions"": 0}",2026-08-12T05:54:21Z
exp3_writer,chained,record,6,measured,4,32,0.018732,831537362.1859643,,,"{""sum_rel_diff"": 0.0, ""log_entries"": 12, ""n_results"": 6, ""user_lock_acquisitions"": 0}",2026-08-12T05:54:21Z
exp3_writer,chained,writer,6,measured,24,33,0.018354,831537362.1859643,,,"{""sum_rel_diff"": 0.0, ""log_entries"": 12, ""n_results"": 6, ""user_lock_acquisitions"": 0}",2026-08-12T05:54:21Z
exp3_writer,chained,record,6,measured,9,34,0.018559,831537362.1859643,,,"{""sum_rel_diff"": 0.0, ""log_entries"": 12, ""n_results"": 6, ""user_lock_acquisitions"": 0}",2026-08-12T05:54:21Z
exp3_writer,chained,lock,6,measured,2,35,0.019472,831537362.1859643,,,"{""sum_rel_diff"": 0.0, ""log_entries"": 12, ""n_results"": 6, ""user_lock_acquisitions"": 6}",2026-08-12T05:54:21Z
exp3_writer,chained,record,6,measured,21,36,0.019359,831537362.1859643,,,"{""sum_rel_diff"": 0.0, ""log_entries"": 12, ""n_results"": 6, ""user_lock_acquisitions"": 0}",2026-08-12T05:54:21Z
exp3_writer,chained,indexed,6,measured,8,37,0.019087,831537362.1859643,,,"{""sum_rel_diff"": 0.0, ""log_entries"": 12, ""n_results"": 6, ""user_lock_acquisitions"": 0}",2026-08-12T05:54:21Z
exp3_writer,chained,indexed,6,measured,28,38,0.018644,831537362.1859643,,,"{""sum_rel_diff"": 0.0, ""log_entries"": 12, ""n_results"": 6, ""user_lock_acquisitions"": 0}",2026-08-12T05:54:21Z
exp3_writer,chained,writer,6,measured,27,39,0.018962,831537362.1859643,,,"{""sum_rel_diff"": 0.0, ""log_entries"": 12, ""n_results"": 6, ""user_lock_acquisitions"": 0}",2026-08-12T05:54:21Z
exp3_writer,chained,record,6,measured,17,40,0.018745,831537362.1859643,,,"{""sum_rel_diff"": 0.0, ""log_entries"": 12, ""n_results"": 6, ""user_lock_acquisitions"": 0}",2026-08-12T05:54:21Z
exp3_writer,chained,indexed,6,measured,15,41,0.018106,831537362.1859643,,,"{""sum_rel_diff"": 0.0, ""log_entries"": 12, ""n_results"": 6, ""user_lock_acquisitions"": 0}",2026-08-12T05:54:21Z
exp3_writer,chained,lock,6,measured,10,42,0.018434,831537362.1859643,,,"{""sum_rel_diff"": 0.0, ""log_entries"": 12, ""n_results"": 6, ""user_lock_acquisitions"": 6}",2026-08-12T05:54:21Z
exp3_writer,chained,writer,6,measured,9,43,0.017736,831537362.1859643,,,"{""sum_rel_diff"": 0.0, ""log_entries"": 12, ""n_results"": 6, ""user_lock_acquisitions"": 0}",2026-08-12T05:54:21Z
exp3_writer,chained,indexed,6,measured,27,44,0.018788,831537362.1859643,,,"{""sum_rel_diff"": 0.0, ""log_entries"": 12, ""n_results"": 6, ""user_lock_acquisitions"": 0}",2026-08-12T05:54:21Z
exp3_writer,chained,lock,6,measured,14,45,0.018517,831537362.1859643,,,"{""sum_rel_diff"": 0.0, ""log_entries"": 12, ""n_results"": 6, ""user_lock_acquisitions"": 6}",2026-08-12T05:54:21Z
exp3_writer,chained,record,6,measured,2,46,0.020058,831537362.1859643,,,"{""sum_rel_diff"": 0.0, ""log_entries"": 12, ""n_results"": 6, ""user_lock_acquisitions"": 0}",2026-08-12T05:54:21Z
exp3_writer,chained,record,6,measured,20,47,0.017409,831537362.1859643,,,"{""sum_rel_diff"": 0.0, ""log_entries"": 12, ""n_results"": 6, ""user_lock_acquisitions"": 0}",2026-08-12T05:54:21Z
exp3_writer,chained,indexed,6,measured,1,48,0.017010,831537362.1859643,,,"{""sum_rel_diff"": 0.0, ""log_entries"": 12, ""n_results"": 6, ""user_lock_acquisitions"": 0}",2026-08-12T05:54:21Z
exp3_writer,chained,writer,6,measured,6,49,0.018111,831537362.1859643,,,"{""sum_rel_diff"": 0.0, ""log_entries"": 12, ""n_results"": 6, ""user_lock_acquisitions"": 0}",2026-08-12T05:54:21Z
exp3_writer,chained,record,6,measured,18,50,0.019324,831537362.1859643,,,"{""sum_rel_diff"": 0.0, ""log_entries"": 12, ""n_results"": 6, ""user_lock_acquisitions"": 0}",2026-08-12T05:54:21Z
exp3_writer,chained,lock,6,measured,29,51,0.016695,831537362.1859643,,,"{""sum_rel_diff"": 0.0, ""log_entries"": 12, ""n_results"": 6, ""user_lock_acquisitions"": 6}",2026-08-12T05:54:21Z
exp3_writer,chained,lock,6,measured,0,52,0.019444,831537362.1859643,,,"{""sum_rel_diff"": 0.0, ""log_entries"": 12, ""n_results"": 6, ""user_lock_acquisitions"": 6}",2026-08-12T05:54:21Z
exp3_writer,chained,writer,6,measured,11,53,0.016523,831537362.1859643,,,"{""sum_rel_diff"": 0.0, ""log_entries"": 12, ""n_results"": 6, ""user_lock_acquisitions"": 0}",2026-08-12T05:54:21Z
exp3_writer,chained,indexed,6,measured,23,54,0.019345,831537362.1859643,,,"{""sum_rel_diff"": 0.0, ""log_entries"": 12, ""n_results"": 6, ""user_lock_acquisitions"": 0}",2026-08-12T05:54:21Z
exp3_writer,chained,indexed,6,measured,20,55,0.019422,831537362.1859643,,,"{""sum_rel_diff"": 0.0, ""log_entries"": 12, ""n_results"": 6, ""user_lock_acquisitions"": 0}",2026-08-12T05:54:21Z
exp3_writer,chained,indexed,6,measured,16,56,0.018783,831537362.1859643,,,"{""sum_rel_diff"": 0.0, ""log_entries"": 12, ""n_results"": 6, ""user_lock_acquisitions"": 0}",2026-08-12T05:54:21Z
exp3_writer,chained,indexed,6,measured,13,57,0.018413,831537362.1859643,,,"{""sum_rel_diff"": 0.0, ""log_entries"": 12, ""n_results"": 6, ""user_lock_acquisitions"": 0}",2026-08-12T05:54:21Z
exp3_writer,chained,lock,6,measured,1,58,0.019219,831537362.1859643,,,"{""sum_rel_diff"": 0.0, ""log_entries"": 12, ""n_results"": 6, ""user_lock_acquisitions"": 6}",2026-08-12T05:54:21Z
exp3_writer,chained,writer,6,measured,2,59,0.019086,831537362.1859643,,,"{""sum_rel_diff"": 0.0, ""log_entries"": 12, ""n_results"": 6, ""user_lock_acquisitions"": 0}",2026-08-12T05:54:21Z
exp3_writer,chained,writer,6,measured,22,60,0.018433,831537362.1859643,,,"{""sum_rel_diff"": 0.0, ""log_entries"": 12, ""n_results"": 6, ""user_lock_acquisitions"": 0}",2026-08-12T05:54:21Z
exp3_writer,chained,writer,6,measured,16,61,0.019025,831537362.1859643,,,"{""sum_rel_diff"": 0.0, ""log_entries"": 12, ""n_results"": 6, ""user_lock_acquisitions"": 0}",2026-08-12T05:54:21Z
exp3_writer,chained,indexed,6,measured,6,62,0.018723,831537362.1859643,,,"{""sum_rel_diff"": 0.0, ""log_entries"": 12, ""n_results"": 6, ""user_lock_acquisitions"": 0}",2026-08-12T05:54:21Z
exp3_writer,chained,writer,6,measured,12,63,0.018718,831537362.1859643,,,"{""sum_rel_diff"": 0.0, ""log_entries"": 12, ""n_results"": 6, ""user_lock_acquisitions"": 0}",2026-08-12T05:54:21Z
exp3_writer,chained,record,6,measured,19,64,0.018643,831537362.1859643,,,"{""sum_rel_diff"": 0.0, ""log_entries"": 12, ""n_results"": 6, ""user_lock_acquisitions"": 0}",2026-08-12T05:54:21Z
exp3_writer,chained,indexed,6,measured,19,65,0.018180,831537362.1859643,,,"{""sum_rel_diff"": 0.0, ""log_entries"": 12, ""n_results"": 6, ""user_lock_acquisitions"": 0}",2026-08-12T05:54:21Z
exp3_writer,chained,writer,6,measured,23,66,0.018762,831537362.1859643,,,"{""sum_rel_diff"": 0.0, ""log_entries"": 12, ""n_results"": 6, ""user_lock_acquisitions"": 0}",2026-08-12T05:54:21Z
exp3_writer,chained,writer,6,measured,5,67,0.017064,831537362.1859643,,,"{""sum_rel_diff"": 0.0, ""log_entries"": 12, ""n_results"": 6, ""user_lock_acquisitions"": 0}",2026-08-12T05:54:21Z
exp3_writer,chained,record,6,measured,29,68,0.018391,831537362.1859643,,,"{""sum_rel_diff"": 0.0, ""log_entries"": 12, ""n_results"": 6, ""user_lock_acquisitions"": 0}",2026-08-12T05:54:21Z
exp3_writer,chained,record,6,measured,12,69,0.019039,831537362.1859643,,,"{""sum_rel_diff"": 0.0, ""log_entries"": 12, ""n_results"": 6, ""user_lock_acquisitions"": 0}",2026-08-12T05:54:21Z
exp3_writer,chained,indexed,6,measured,3,70,0.018715,831537362.1859643,,,"{""sum_rel_diff"": 0.0, ""log_entries"": 12, ""n_results"": 6, ""user_lock_acquisitions"": 0}",2026-08-12T05:54:21Z
exp3_writer,chained,lock,6,measured,7,71,0.018439,831537362.1859643,,,"{""sum_rel_diff"": 0.0, ""log_entries"": 12, ""n_results"": 6, ""user_lock_acquisitions"": 6}",2026-08-12T05:54:21Z
exp3_writer,chained,indexed,6,measured,11,72,0.018723,831537362.1859643,,,"{""sum_rel_diff"": 0.0, ""log_entries"": 12, ""n_results"": 6, ""user_lock_acquisitions"": 0}",2026-08-12T05:54:21Z
exp3_writer,chained,indexed,6,measured,25,73,0.017226,831537362.1859643,,,"{""sum_rel_diff"": 0.0, ""log_entries"": 12, ""n_results"": 6, ""user_lock_acquisitions"": 0}",2026-08-12T05:54:21Z
exp3_writer,chained,lock,6,measured,28,74,0.018202,831537362.1859643,,,"{""sum_rel_diff"": 0.0, ""log_entries"": 12, ""n_results"": 6, ""user_lock_acquisitions"": 6}",2026-08-12T05:54:21Z
exp3_writer,chained,writer,6,measured,29,75,0.017177,831537362.1859643,,,"{""sum_rel_diff"": 0.0, ""log_entries"": 12, ""n_results"": 6, ""user_lock_acquisitions"": 0}",2026-08-12T05:54:21Z
exp3_writer,chained,writer,6,measured,26,76,0.018395,831537362.1859643,,,"{""sum_rel_diff"": 0.0, ""log_entries"": 12, ""n_results"": 6, ""user_lock_acquisitions"": 0}",2026-08-12T05:54:22Z
exp3_writer,chained,lock,6,measured,13,77,0.016892,831537362.1859643,,,"{""sum_rel_diff"": 0.0, ""log_entries"": 12, ""n_results"": 6, ""user_lock_acquisitions"": 6}",2026-08-12T05:54:22Z
exp3_writer,chained,lock,6,measured,5,78,0.019323,831537362.1859643,,,"{""sum_rel_diff"": 0.0, ""log_entries"": 12, ""n_results"": 6, ""user_lock_acquisitions"": 6}",2026-08-12T05:54:22Z
exp3_writer,chained,indexed,6,measured,26,79,0.017405,831537362.1859643,,,"{""sum_rel_diff"": 0.0, ""log_entries"": 12, ""n_results"": 6, ""user_lock_acquisitions"": 0}",2026-08-12T05:54:22Z
exp3_writer,chained,indexed,6,measured,5,80,0.019093,831537362.1859643,,,"{""sum_rel_diff"": 0.0, ""log_entries"": 12, ""n_results"": 6, ""user_lock_acquisitions"": 0}",2026-08-12T05:54:22Z
exp3_writer,chained,record,6,measured,6,81,0.018701,831537362.1859643,,,"{""sum_rel_diff"": 0.0, ""log_entries"": 12, ""n_results"": 6, ""user_lock_acquisitions"": 0}",2026-08-12T05:54:22Z
exp3_writer,chained,lock,6,measured,18,82,0.018897,831537362.1859643,,,"{""sum_rel_diff"": 0.0, ""log_entries"": 12, ""n_results"": 6, ""user_lock_acquisitions"": 6}",2026-08-12T05:54:22Z
exp3_writer,chained,record,6,measured,23,83,0.017606,831537362.1859643,,,"{""sum_rel_diff"": 0.0, ""log_entries"": 12, ""n_results"": 6, ""user_lock_acquisitions"": 0}",2026-08-12T05:54:22Z
exp3_writer,chained,writer,6,measured,4,84,0.018690,831537362.1859643,,,"{""sum_rel_diff"": 0.0, ""log_entries"": 12, ""n_results"": 6, ""user_lock_acquisitions"": 0}",2026-08-12T05:54:22Z
exp3_writer,chained,indexed,6,measured,2,85,0.018146,831537362.1859643,,,"{""sum_rel_diff"": 0.0, ""log_entries"": 12, ""n_results"": 6, ""user_lock_acquisitions"": 0}",2026-08-12T05:54:22Z
exp3_writer,chained,record,6,measured,16,86,0.019756,831537362.1859643,,,"{""sum_rel_diff"": 0.0, ""log_entries"": 12, ""n_results"": 6, ""user_lock_acquisitions"": 0}",2026-08-12T05:54:22Z
exp3_writer,chained,indexed,6,measured,21,87,0.017260,831537362.1859643,,,"{""sum_rel_diff"": 0.0, ""log_entries"": 12, ""n_results"": 6, ""user_lock_acquisitions"": 0}",2026-08-12T05:54:22Z
exp3_writer,chained,indexed,6,measured,29,88,0.018540,831537362.1859643,,,"{""sum_rel_diff"": 0.0, ""log_entries"": 12, ""n_results"": 6, ""user_lock_acquisitions"": 0}",2026-08-12T05:54:22Z
exp3_writer,chained,record,6,measured,25,89,0.018544,831537362.1859643,,,"{""sum_rel_diff"": 0.0, ""log_entries"": 12, ""n_results"": 6, ""user_lock_acquisitions"": 0}",2026-08-12T05:54:22Z
exp3_writer,chained,writer,6,measured,10,90,0.017192,831537362.1859643,,,"{""sum_rel_diff"": 0.0, ""log_entries"": 12, ""n_results"": 6, ""user_lock_acquisitions"": 0}",2026-08-12T05:54:22Z
exp3_writer,chained,lock,6,measured,12,91,0.018633,831537362.1859643,,,"{""sum_rel_diff"": 0.0, ""log_entries"": 12, ""n_results"": 6, ""user_lock_acquisitions"": 6}",2026-08-12T05:54:22Z
exp3_writer,chained,indexed,6,measured,24,92,0.017770,831537362.1859643,,,"{""sum_rel_diff"": 0.0, ""log_entries"": 12, ""n_results"": 6, ""user_lock_acquisitions"": 0}",2026-08-12T05:54:22Z
exp3_writer,chained,indexed,6,measured,18,93,0.017912,831537362.1859643,,,"{""sum_rel_diff"": 0.0, ""log_entries"": 12, ""n_results"": 6, ""user_lock_acquisitions"": 0}",2026-08-12T05:54:22Z
exp3_writer,chained,lock,6,measured,17,94,0.019070,831537362.1859643,,,"{""sum_rel_diff"": 0.0, ""log_entries"": 12, ""n_results"": 6, ""user_lock_acquisitions"": 6}",2026-08-12T05:54:22Z
exp3_writer,chained,record,6,measured,14,95,0.018937,831537362.1859643,,,"{""sum_rel_diff"": 0.0, ""log_entries"": 12, ""n_results"": 6, ""user_lock_acquisitions"": 0}",2026-08-12T05:54:22Z
exp3_writer,chained,lock,6,measured,27,96,0.017875,831537362.1859643,,,"{""sum_rel_diff"": 0.0, ""log_entries"": 12, ""n_results"": 6, ""user_lock_acquisitions"": 6}",2026-08-12T05:54:22Z
exp3_writer,chained,lock,6,measured,22,97,0.018432,831537362.1859643,,,"{""sum_rel_diff"": 0.0, ""log_entries"": 12, ""n_results"": 6, ""user_lock_acquisitions"": 6}",2026-08-12T05:54:22Z
exp3_writer,chained,indexed,6,measured,14,98,0.018538,831537362.1859643,,,"{""sum_rel_diff"": 0.0, ""log_entries"": 12, ""n_results"": 6, ""user_lock_acquisitions"": 0}",2026-08-12T05:54:22Z
exp3_writer,chained,record,6,measured,13,99,0.019021,831537362.1859643,,,"{""sum_rel_diff"": 0.0, ""log_entries"": 12, ""n_results"": 6, ""user_lock_acquisitions"": 0}",2026-08-12T05:54:22Z
exp3_writer,chained,writer,6,measured,18,100,0.018513,831537362.1859643,,,"{""sum_rel_diff"": 0.0, ""log_entries"": 12, ""n_results"": 6, ""user_lock_acquisitions"": 0}",2026-08-12T05:54:22Z
exp3_writer,chained,lock,6,measured,4,101,0.018538,831537362.1859643,,,"{""sum_rel_diff"": 0.0, ""log_entries"": 12, ""n_results"": 6, ""user_lock_acquisitions"": 6}",2026-08-12T05:54:22Z
exp3_writer,chained,indexed,6,measured,9,102,0.018619,831537362.1859643,,,"{""sum_rel_diff"": 0.0, ""log_entries"": 12, ""n_results"": 6, ""user_lock_acquisitions"": 0}",2026-08-12T05:54:22Z
exp3_writer,chained,indexed,6,measured,17,103,0.018418,831537362.1859643,,,"{""sum_rel_diff"": 0.0, ""log_entries"": 12, ""n_results"": 6, ""user_lock_acquisitions"": 0}",2026-08-12T05:54:22Z
exp3_writer,chained,lock,6,measured,11,104,0.016366,831537362.1859643,,,"{""sum_rel_diff"": 0.0, ""log_entries"": 12, ""n_results"": 6, ""user_lock_acquisitions"": 6}",2026-08-12T05:54:22Z
exp3_writer,chained,record,6,measured,15,105,0.017194,831537362.1859643,,,"{""sum_rel_diff"": 0.0, ""log_entries"": 12, ""n_results"": 6, ""user_lock_acquisitions"": 0}",2026-08-12T05:54:22Z
exp3_writer,chained,lock,6,measured,24,106,0.018331,831537362.1859643,,,"{""sum_rel_diff"": 0.0, ""log_entries"": 12, ""n_results"": 6, ""user_lock_acquisitions"": 6}",2026-08-12T05:54:22Z
exp3_writer,chained,writer,6,measured,13,107,0.016765,831537362.1859643,,,"{""sum_rel_diff"": 0.0, ""log_entries"": 12, ""n_results"": 6, ""user_lock_acquisitions"": 0}",2026-08-12T05:54:22Z
exp3_writer,chained,indexed,6,measured,0,108,0.017064,831537362.1859643,,,"{""sum_rel_diff"": 0.0, ""log_entries"": 12, ""n_results"": 6, ""user_lock_acquisitions"": 0}",2026-08-12T05:54:22Z
exp3_writer,chained,writer,6,measured,8,109,0.019651,831537362.1859643,,,"{""sum_rel_diff"": 0.0, ""log_entries"": 12, ""n_results"": 6, ""user_lock_acquisitions"": 0}",2026-08-12T05:54:22Z
exp3_writer,chained,lock,6,measured,19,110,0.018386,831537362.1859643,,,"{""sum_rel_diff"": 0.0, ""log_entries"": 12, ""n_results"": 6, ""user_lock_acquisitions"": 6}",2026-08-12T05:54:22Z
exp3_writer,chained,writer,6,measured,1,111,0.017489,831537362.1859643,,,"{""sum_rel_diff"": 0.0, ""log_entries"": 12, ""n_results"": 6, ""user_lock_acquisitions"": 0}",2026-08-12T05:54:22Z
exp3_writer,chained,record,6,measured,0,112,0.018330,831537362.1859643,,,"{""sum_rel_diff"": 0.0, ""log_entries"": 12, ""n_results"": 6, ""user_lock_acquisitions"": 0}",2026-08-12T05:54:22Z
exp3_writer,chained,indexed,6,measured,22,113,0.017887,831537362.1859643,,,"{""sum_rel_diff"": 0.0, ""log_entries"": 12, ""n_results"": 6, ""user_lock_acquisitions"": 0}",2026-08-12T05:54:22Z
exp3_writer,chained,writer,6,measured,3,114,0.017305,831537362.1859643,,,"{""sum_rel_diff"": 0.0, ""log_entries"": 12, ""n_results"": 6, ""user_lock_acquisitions"": 0}",2026-08-12T05:54:22Z
exp3_writer,chained,record,6,measured,11,115,0.018291,831537362.1859643,,,"{""sum_rel_diff"": 0.0, ""log_entries"": 12, ""n_results"": 6, ""user_lock_acquisitions"": 0}",2026-08-12T05:54:22Z
exp3_writer,chained,writer,6,measured,14,116,0.019017,831537362.1859643,,,"{""sum_rel_diff"": 0.0, ""log_entries"": 12, ""n_results"": 6, ""user_lock_acquisitions"": 0}",2026-08-12T05:54:22Z
exp3_writer,chained,writer,6,measured,28,117,0.018487,831537362.1859643,,,"{""sum_rel_diff"": 0.0, ""log_entries"": 12, ""n_results"": 6, ""user_lock_acquisitions"": 0}",2026-08-12T05:54:22Z
exp3_writer,chained,lock,6,measured,26,118,0.018556,831537362.1859643,,,"{""sum_rel_diff"": 0.0, ""log_entries"": 12, ""n_results"": 6, ""user_lock_acquisitions"": 6}",2026-08-12T05:54:22Z
exp3_writer,chained,record,6,measured,27,119,0.017373,831537362.1859643,,,"{""sum_rel_diff"": 0.0, ""log_entries"": 12, ""n_results"": 6, ""user_lock_acquisitions"": 0}",2026-08-12T05:54:22Z
exp3_writer,chained,record,6,measured,10,120,0.018730,831537362.1859643,,,"{""sum_rel_diff"": 0.0, ""log_entries"": 12, ""n_results"": 6, ""user_lock_acquisitions"": 0}",2026-08-12T05:54:22Z
exp3_writer,chained,record,6,measured,1,121,0.016600,831537362.1859643,,,"{""sum_rel_diff"": 0.0, ""log_entries"": 12, ""n_results"": 6, ""user_lock_acquisitions"": 0}",2026-08-12T05:54:22Z
exp3_writer,chained,indexed,6,measured,12,122,0.018528,831537362.1859643,,,"{""sum_rel_diff"": 0.0, ""log_entries"": 12, ""n_results"": 6, ""user_lock_acquisitions"": 0}",2026-08-12T05:54:22Z
exp3_writer,chained,writer,6,measured,20,123,0.018086,831537362.1859643,,,"{""sum_rel_diff"": 0.0, ""log_entries"": 12, ""n_results"": 6, ""user_lock_acquisitions"": 0}",2026-08-12T05:54:22Z
exp3_writer,chained,lock,6,measured,15,124,0.017163,831537362.1859643,,,"{""sum_rel_diff"": 0.0, ""log_entries"": 12, ""n_results"": 6, ""user_lock_acquisitions"": 6}",2026-08-12T05:54:22Z
exp3_writer,chained,lock,6,measured,21,125,0.018138,831537362.1859643,,,"{""sum_rel_diff"": 0.0, ""log_entries"": 12, ""n_results"": 6, ""user_lock_acquisitions"": 6}",2026-08-12T05:54:22Z
exp3_writer,chained,writer,6,measured,19,126,0.019102,831537362.1859643,,,"{""sum_rel_diff"": 0.0, ""log_entries"": 12, ""n_results"": 6, ""user_lock_acquisitions"": 0}",2026-08-12T05:54:22Z
exp3_writer,chained,writer,6,measured,25,127,0.018399,831537362.1859643,,,"{""sum_rel_diff"": 0.0, ""log_entries"": 12, ""n_results"": 6, ""user_lock_acquisitions"": 0}",2026-08-12T05:54:22Z
exp3_writer,chained,indexed,6,measured,4,128,0.017442,831537362.1859643,,,"{""sum_rel_diff"": 0.0, ""log_entries"": 12, ""n_results"": 6, ""user_lock_acquisitions"": 0}",2026-08-12T05:54:22Z
exp3_writer,chained,record,6,measured,5,129,0.016186,831537362.1859643,,,"{""sum_rel_diff"": 0.0, ""log_entries"": 12, ""n_results"": 6, ""user_lock_acquisitions"": 0}",2026-08-12T05:54:22Z
exp3_writer,chained,lock,6,measured,6,130,0.018911,831537362.1859643,,,"{""sum_rel_diff"": 0.0, ""log_entries"": 12, ""n_results"": 6, ""user_lock_acquisitions"": 6}",2026-08-12T05:54:22Z
exp3_writer,chained,lock,6,measured,16,131,0.017295,831537362.1859643,,,"{""sum_rel_diff"": 0.0, ""log_entries"": 12, ""n_results"": 6, ""user_lock_acquisitions"": 6}",2026-08-12T05:54:23Z
exp3_writer,chained,lock,8,warmup,1,0,0.015713,831537362.1859643,,,"{""sum_rel_diff"": 0.0, ""log_entries"": 16, ""n_results"": 8, ""user_lock_acquisitions"": 8}",2026-08-12T05:54:23Z
exp3_writer,chained,indexed,8,warmup,2,1,0.014413,831537362.1859643,,,"{""sum_rel_diff"": 0.0, ""log_entries"": 16, ""n_results"": 8, ""user_lock_acquisitions"": 0}",2026-08-12T05:54:23Z
exp3_writer,chained,record,8,warmup,0,2,0.012989,831537362.1859643,,,"{""sum_rel_diff"": 0.0, ""log_entries"": 16, ""n_results"": 8, ""user_lock_acquisitions"": 0}",2026-08-12T05:54:23Z
exp3_writer,chained,lock,8,warmup,0,3,0.014910,831537362.1859643,,,"{""sum_rel_diff"": 0.0, ""log_entries"": 16, ""n_results"": 8, ""user_lock_acquisitions"": 8}",2026-08-12T05:54:23Z
exp3_writer,chained,lock,8,warmup,2,4,0.013226,831537362.1859643,,,"{""sum_rel_diff"": 0.0, ""log_entries"": 16, ""n_results"": 8, ""user_lock_acquisitions"": 8}",2026-08-12T05:54:23Z
exp3_writer,chained,indexed,8,warmup,0,5,0.014491,831537362.1859643,,,"{""sum_rel_diff"": 0.0, ""log_entries"": 16, ""n_results"": 8, ""user_lock_acquisitions"": 0}",2026-08-12T05:54:23Z
exp3_writer,chained,record,8,warmup,2,6,0.014260,831537362.1859643,,,"{""sum_rel_diff"": 0.0, ""log_entries"": 16, ""n_results"": 8, ""user_lock_acquisitions"": 0}",2026-08-12T05:54:23Z
exp3_writer,chained,record,8,warmup,1,7,0.012977,831537362.1859643,,,"{""sum_rel_diff"": 0.0, ""log_entries"": 16, ""n_results"": 8, ""user_lock_acquisitions"": 0}",2026-08-12T05:54:23Z
exp3_writer,chained,writer,8,warmup,1,8,0.013072,831537362.1859643,,,"{""sum_rel_diff"": 0.0, ""log_entries"": 16, ""n_results"": 8, ""user_lock_acquisitions"": 0}",2026-08-12T05:54:23Z
exp3_writer,chained,writer,8,warmup,0,9,0.013202,831537362.1859643,,,"{""sum_rel_diff"": 0.0, ""log_entries"": 16, ""n_results"": 8, ""user_lock_acquisitions"": 0}",2026-08-12T05:54:23Z
exp3_writer,chained,writer,8,warmup,2,10,0.012981,831537362.1859643,,,"{""sum_rel_diff"": 0.0, ""log_entries"": 16, ""n_results"": 8, ""user_lock_acquisitions"": 0}",2026-08-12T05:54:23Z
exp3_writer,chained,indexed,8,warmup,1,11,0.013310,831537362.1859643,,,"{""sum_rel_diff"": 0.0, ""log_entries"": 16, ""n_results"": 8, ""user_lock_acquisitions"": 0}",2026-08-12T05:54:23Z
exp3_writer,chained,writer,8,measured,29,12,0.013804,831537362.1859643,,,"{""sum_rel_diff"": 0.0, ""log_entries"": 16, ""n_results"": 8, ""user_lock_acquisitions"": 0}",2026-08-12T05:54:23Z
exp3_writer,chained,writer,8,measured,21,13,0.013832,831537362.1859643,,,"{""sum_rel_diff"": 0.0, ""log_entries"": 16, ""n_results"": 8, ""user_lock_acquisitions"": 0}",2026-08-12T05:54:23Z
exp3_writer,chained,lock,8,measured,11,14,0.013047,831537362.1859643,,,"{""sum_rel_diff"": 0.0, ""log_entries"": 16, ""n_results"": 8, ""user_lock_acquisitions"": 8}",2026-08-12T05:54:23Z
exp3_writer,chained,writer,8,measured,9,15,0.013763,831537362.1859643,,,"{""sum_rel_diff"": 0.0, ""log_entries"": 16, ""n_results"": 8, ""user_lock_acquisitions"": 0}",2026-08-12T05:54:23Z
exp3_writer,chained,writer,8,measured,8,16,0.014503,831537362.1859643,,,"{""sum_rel_diff"": 0.0, ""log_entries"": 16, ""n_results"": 8, ""user_lock_acquisitions"": 0}",2026-08-12T05:54:23Z
exp3_writer,chained,record,8,measured,15,17,0.013056,831537362.1859643,,,"{""sum_rel_diff"": 0.0, ""log_entries"": 16, ""n_results"": 8, ""user_lock_acquisitions"": 0}",2026-08-12T05:54:23Z
exp3_writer,chained,writer,8,measured,2,18,0.013105,831537362.1859643,,,"{""sum_rel_diff"": 0.0, ""log_entries"": 16, ""n_results"": 8, ""user_lock_acquisitions"": 0}",2026-08-12T05:54:23Z
exp3_writer,chained,lock,8,measured,17,19,0.014610,831537362.1859643,,,"{""sum_rel_diff"": 0.0, ""log_entries"": 16, ""n_results"": 8, ""user_lock_acquisitions"": 8}",2026-08-12T05:54:23Z
exp3_writer,chained,lock,8,measured,12,20,0.013288,831537362.1859643,,,"{""sum_rel_diff"": 0.0, ""log_entries"": 16, ""n_results"": 8, ""user_lock_acquisitions"": 8}",2026-08-12T05:54:23Z
exp3_writer,chained,record,8,measured,5,21,0.012834,831537362.1859643,,,"{""sum_rel_diff"": 0.0, ""log_entries"": 16, ""n_results"": 8, ""user_lock_acquisitions"": 0}",2026-08-12T05:54:23Z
exp3_writer,chained,lock,8,measured,21,22,0.013322,831537362.1859643,,,"{""sum_rel_diff"": 0.0, ""log_entries"": 16, ""n_results"": 8, ""user_lock_acquisitions"": 8}",2026-08-12T05:54:23Z
exp3_writer,chained,indexed,8,measured,5,23,0.013072,831537362.1859643,,,"{""sum_rel_diff"": 0.0, ""log_entries"": 16, ""n_results"": 8, ""user_lock_acquisitions"": 0}",2026-08-12T05:54:23Z
exp3_writer,chained,indexed,8,measured,0,24,0.014142,831537362.1859643,,,"{""sum_rel_diff"": 0.0, ""log_entries"": 16, ""n_results"": 8, ""user_lock_acquisitions"": 0}",2026-08-12T05:54:23Z
exp3_writer,chained,writer,8,measured,12,25,0.014271,831537362.1859643,,,"{""sum_rel_diff"": 0.0, ""log_entries"": 16, ""n_results"": 8, ""user_lock_acquisitions"": 0}",2026-08-12T05:54:23Z
exp3_writer,chained,lock,8,measured,28,26,0.013638,831537362.1859643,,,"{""sum_rel_diff"": 0.0, ""log_entries"": 16, ""n_results"": 8, ""user_lock_acquisitions"": 8}",2026-08-12T05:54:23Z
exp3_writer,chained,lock,8,measured,15,27,0.013839,831537362.1859643,,,"{""sum_rel_diff"": 0.0, ""log_entries"": 16, ""n_results"": 8, ""user_lock_acquisitions"": 8}",2026-08-12T05:54:23Z
exp3_writer,chained,writer,8,measured,26,28,0.012930,831537362.1859643,,,"{""sum_rel_diff"": 0.0, ""log_entries"": 16, ""n_results"": 8, ""user_lock_acquisitions"": 0}",2026-08-12T05:54:23Z
exp3_writer,chained,lock,8,measured,14,29,0.014559,831537362.1859643,,,"{""sum_rel_diff"": 0.0, ""log_entries"": 16, ""n_results"": 8, ""user_lock_acquisitions"": 8}",2026-08-12T05:54:23Z
exp3_writer,chained,record,8,measured,7,30,0.013136,831537362.1859643,,,"{""sum_rel_diff"": 0.0, ""log_entries"": 16, ""n_results"": 8, ""user_lock_acquisitions"": 0}",2026-08-12T05:54:23Z
exp3_writer,chained,writer,8,measured,3,31,0.014021,831537362.1859643,,,"{""sum_rel_diff"": 0.0, ""log_entries"": 16, ""n_results"": 8, ""user_lock_acquisitions"": 0}",2026-08-12T05:54:23Z
exp3_writer,chained,lock,8,measured,29,32,0.012977,831537362.1859643,,,"{""sum_rel_diff"": 0.0, ""log_entries"": 16, ""n_results"": 8, ""user_lock_acquisitions"": 8}",2026-08-12T05:54:23Z
exp3_writer,chained,record,8,measured,17,33,0.013515,831537362.1859643,,,"{""sum_rel_diff"": 0.0, ""log_entries"": 16, ""n_results"": 8, ""user_lock_acquisitions"": 0}",2026-08-12T05:54:23Z
exp3_writer,chained,record,8,measured,9,34,0.013269,831537362.1859643,,,"{""sum_rel_diff"": 0.0, ""log_entries"": 16, ""n_results"": 8, ""user_lock_acquisitions"": 0}",2026-08-12T05:54:23Z
exp3_writer,chained,writer,8,measured,28,35,0.012808,831537362.1859643,,,"{""sum_rel_diff"": 0.0, ""log_entries"": 16, ""n_results"": 8, ""user_lock_acquisitions"": 0}",2026-08-12T05:54:23Z
exp3_writer,chained,record,8,measured,21,36,0.014049,831537362.1859643,,,"{""sum_rel_diff"": 0.0, ""log_entries"": 16, ""n_results"": 8, ""user_lock_acquisitions"": 0}",2026-08-12T05:54:23Z
exp3_writer,chained,record,8,measured,24,37,0.012943,831537362.1859643,,,"{""sum_rel_diff"": 0.0, ""log_entries"": 16, ""n_results"": 8, ""user_lock_acquisitions"": 0}",2026-08-12T05:54:23Z
exp3_writer,chained,indexed,8,measured,16,38,0.012777,831537362.1859643,,,"{""sum_rel_diff"": 0.0, ""log_entries"": 16, ""n_results"": 8, ""user_lock_acquisitions"": 0}",2026-08-12T05:54:23Z
exp3_writer,chained,indexed,8,measured,20,39,0.012779,831537362.1859643,,,"{""sum_rel_diff"": 0.0, ""log_entries"": 16, ""n_results"": 8, ""user_lock_acquisitions"": 0}",2026-08-12T05:54:23Z
exp3_writer,chained,record,8,measured,6,40,0.014113,831537362.1859643,,,"{""sum_rel_diff"": 0.0, ""log_entries"": 16, ""n_results"": 8, ""user_lock_acquisitions"": 0}",2026-08-12T05:54:23Z
exp3_writer,chained,indexed,8,measured,22,41,0.012829,831537362.1859643,,,"{""sum_rel_diff"": 0.0, ""log_entries"": 16, ""n_results"": 8, ""user_lock_acquisitions"": 0}",2026-08-12T05:54:23Z
exp3_writer,chained,indexed,8,measured,8,42,0.012494,831537362.1859643,,,"{""sum_rel_diff"": 0.0, ""log_entries"": 16, ""n_results"": 8, ""user_lock_acquisitions"": 0}",2026-08-12T05:54:23Z
exp3_writer,chained,writer,8,measured,0,43,0.012967,831537362.1859643,,,"{""sum_rel_diff"": 0.0, ""log_entries"": 16, ""n_results"": 8, ""user_lock_acquisitions"": 0}",2026-08-12T05:54:23Z
exp3_writer,chained,lock,8,measured,10,44,0.013147,831537362.1859643,,,"{""sum_rel_diff"": 0.0, ""log_entries"": 16, ""n_results"": 8, ""user_lock_acquisitions"": 8}",2026-08-12T05:54:23Z
exp3_writer,chained,lock,8,measured,20,45,0.013477,831537362.1859643,,,"{""sum_rel_diff"": 0.0, ""log_entries"": 16, ""n_results"": 8, ""user_lock_acquisitions"": 8}",2026-08-12T05:54:23Z
exp3_writer,chained,record,8,measured,29,46,0.014330,831537362.1859643,,,"{""sum_rel_diff"": 0.0, ""log_entries"": 16, ""n_results"": 8, ""user_lock_acquisitions"": 0}",2026-08-12T05:54:23Z
exp3_writer,chained,lock,8,measured,5,47,0.014497,831537362.1859643,,,"{""sum_rel_diff"": 0.0, ""log_entries"": 16, ""n_results"": 8, ""user_lock_acquisitions"": 8}",2026-08-12T05:54:23Z
exp3_writer,chained,record,8,measured,10,48,0.013059,831537362.1859643,,,"{""sum_rel_diff"": 0.0, ""log_entries"": 16, ""n_results"": 8, ""user_lock_acquisitions"": 0}",2026-08-12T05:54:23Z
exp3_writer,chained,lock,8,measured,6,49,0.014360,831537362.1859643,,,"{""sum_rel_diff"": 0.0, ""log_entries"": 16, ""n_results"": 8, ""user_lock_acquisitions"": 8}",2026-08-12T05:54:23Z
exp3_writer,chained,record,8,measured,2,50,0.013474,831537362.1859643,,,"{""sum_rel_diff"": 0.0, ""log_entries"": 16, ""n_results"": 8, ""user_lock_acquisitions"": 0}",2026-08-12T05:54:23Z
exp3_writer,chained,lock,8,measured,9,51,0.012840,831537362.1859643,,,"{""sum_rel_diff"": 0.0, ""log_entries"": 16, ""n_results"": 8, ""user_lock_acquisitions"": 8}",2026-08-12T05:54:23Z
exp3_writer,chained,indexed,8,measured,15,52,0.013123,831537362.1859643,,,"{""sum_rel_diff"": 0.0, ""log_entries"": 16, ""n_results"": 8, ""user_lock_acquisitions"": 0}",2026-08-12T05:54:23Z
exp3_writer,chained,writer,8,measured,11,53,0.013301,831537362.1859643,,,"{""sum_rel_diff"": 0.0, ""log_entries"": 16, ""n_results"": 8, ""user_lock_acquisitions"": 0}",2026-08-12T05:54:23Z
exp3_writer,chained,lock,8,measured,7,54,0.014118,831537362.1859643,,,"{""sum_rel_diff"": 0.0, ""log_entries"": 16, ""n_results"": 8, ""user_lock_acquisitions"": 8}",2026-08-12T05:54:23Z
exp3_writer,chained,record,8,measured,13,55,0.012742,831537362.1859643,,,"{""sum_rel_diff"": 0.0, ""log_entries"": 16, ""n_results"": 8, ""user_lock_acquisitions"": 0}",2026-08-12T05:54:23Z
exp3_writer,chained,record,8,measured,16,56,0.013586,831537362.1859643,,,"{""sum_rel_diff"": 0.0, ""log_entries"": 16, ""n_results"": 8, ""user_lock_acquisitions"": 0}",2026-08-12T05:54:23Z
exp3_writer,chained,writer,8,measured,22,57,0.012984,831537362.1859643,,,"{""sum_rel_diff"": 0.0, ""log_entries"": 16, ""n_results"": 8, ""user_lock_acquisitions"": 0}",2026-08-12T05:54:23Z
exp3_writer,chained,indexed,8,measured,28,58,0.013177,831537362.1859643,,,"{""sum_rel_diff"": 0.0, ""log_entries"": 16, ""n_results"": 8, ""user_lock_acquisitions"": 0}",2026-08-12T05:54:23Z
exp3_writer,chained,indexed,8,measured,14,59,0.013139,831537362.1859643,,,"{""sum_rel_diff"": 0.0, ""log_entries"": 16, ""n_results"": 8, ""user_lock_acquisitions"": 0}",2026-08-12T05:54:23Z
exp3_writer,chained,writer,8,measured,16,60,0.013303,831537362.1859643,,,"{""sum_rel_diff"": 0.0, ""log_entries"": 16, ""n_results"": 8, ""user_lock_acquisitions"": 0}",2026-08-12T05:54:23Z
exp3_writer,chained,writer,8,measured,20,61,0.014290,831537362.1859643,,,"{""sum_rel_diff"": 0.0, ""log_entries"": 16, ""n_results"": 8, ""user_lock_acquisitions"": 0}",2026-08-12T05:54:23Z
exp3_writer,chained,indexed,8,measured,7,62,0.012851,831537362.1859643,,,"{""sum_rel_diff"": 0.0, ""log_entries"": 16, ""n_results"": 8, ""user_lock_acquisitions"": 0}",2026-08-12T05:54:23Z
exp3_writer,chained,writer,8,measured,27,63,0.013103,831537362.1859643,,,"{""sum_rel_diff"": 0.0, ""log_entries"": 16, ""n_results"": 8, ""user_lock_acquisitions"": 0}",2026-08-12T05:54:23Z
exp3_writer,chained,record,8,measured,4,64,0.013001,831537362.1859643,,,"{""sum_rel_diff"": 0.0, ""log_entries"": 16, ""n_results"": 8, ""user_lock_acquisitions"": 0}",2026-08-12T05:54:23Z
exp3_writer,chained,lock,8,measured,13,65,0.013258,831537362.1859643,,,"{""sum_rel_diff"": 0.0, ""log_entries"": 16, ""n_results"": 8, ""user_lock_acquisitions"": 8}",2026-08-12T05:54:23Z
exp3_writer,chained,writer,8,measured,1,66,0.012869,831537362.1859643,,,"{""sum_rel_diff"": 0.0, ""log_entries"": 16, ""n_results"": 8, ""user_lock_acquisitions"": 0}",2026-08-12T05:54:23Z
exp3_writer,chained,indexed,8,measured,11,67,0.012850,831537362.1859643,,,"{""sum_rel_diff"": 0.0, ""log_entries"": 16, ""n_results"": 8, ""user_lock_acquisitions"": 0}",2026-08-12T05:54:23Z
exp3_writer,chained,indexed,8,measured,18,68,0.013173,831537362.1859643,,,"{""sum_rel_diff"": 0.0, ""log_entries"": 16, ""n_results"": 8, ""user_lock_acquisitions"": 0}",2026-08-12T05:54:23Z
exp3_writer,chained,indexed,8,measured,17,69,0.013387,831537362.1859643,,,"{""sum_rel_diff"": 0.0, ""log_entries"": 16, ""n_results"": 8, ""user_lock_acquisitions"": 0}",2026-08-12T05:54:23Z
exp3_writer,chained,record,8,measured,8,70,0.013514,831537362.1859643,,,"{""sum_rel_diff"": 0.0, ""log_entries"": 16, ""n_results"": 8, ""user_lock_acquisitions"": 0}",2026-08-12T05:54:23Z
exp3_writer,chained,record,8,measured,11,71,0.013574,831537362.1859643,,,"{""sum_rel_diff"": 0.0, ""log_entries"": 16, ""n_results"": 8, ""user_lock_acquisitions"": 0}",2026-08-12T05:54:23Z
exp3_writer,chained,lock,8,measured,8,72,0.014199,831537362.1859643,,,"{""sum_rel_diff"": 0.0, ""log_entries"": 16, ""n_results"": 8, ""user_lock_acquisitions"": 8}",2026-08-12T05:54:24Z
exp3_writer,chained,writer,8,measured,15,73,0.012995,831537362.1859643,,,"{""sum_rel_diff"": 0.0, ""log_entries"": 16, ""n_results"": 8, ""user_lock_acquisitions"": 0}",2026-08-12T05:54:24Z
exp3_writer,chained,record,8,measured,25,74,0.012712,831537362.1859643,,,"{""sum_rel_diff"": 0.0, ""log_entries"": 16, ""n_results"": 8, ""user_lock_acquisitions"": 0}",2026-08-12T05:54:24Z
exp3_writer,chained,record,8,measured,18,75,0.015119,831537362.1859643,,,"{""sum_rel_diff"": 0.0, ""log_entries"": 16, ""n_results"": 8, ""user_lock_acquisitions"": 0}",2026-08-12T05:54:24Z
exp3_writer,chained,record,8,measured,3,76,0.013697,831537362.1859643,,,"{""sum_rel_diff"": 0.0, ""log_entries"": 16, ""n_results"": 8, ""user_lock_acquisitions"": 0}",2026-08-12T05:54:24Z
exp3_writer,chained,indexed,8,measured,24,77,0.013296,831537362.1859643,,,"{""sum_rel_diff"": 0.0, ""log_entries"": 16, ""n_results"": 8, ""user_lock_acquisitions"": 0}",2026-08-12T05:54:24Z
exp3_writer,chained,lock,8,measured,16,78,0.014019,831537362.1859643,,,"{""sum_rel_diff"": 0.0, ""log_entries"": 16, ""n_results"": 8, ""user_lock_acquisitions"": 8}",2026-08-12T05:54:24Z
exp3_writer,chained,lock,8,measured,24,79,0.012687,831537362.1859643,,,"{""sum_rel_diff"": 0.0, ""log_entries"": 16, ""n_results"": 8, ""user_lock_acquisitions"": 8}",2026-08-12T05:54:24Z
exp3_writer,chained,writer,8,measured,25,80,0.012790,831537362.1859643,,,"{""sum_rel_diff"": 0.0, ""log_entries"": 16, ""n_results"": 8, ""user_lock_acquisitions"": 0}",2026-08-12T05:54:24Z
exp3_writer,chained,indexed,8,measured,27,81,0.013282,831537362.1859643,,,"{""sum_rel_diff"": 0.0, ""log_entries"": 16, ""n_results"": 8, ""user_lock_acquisitions"": 0}",2026-08-12T05:54:24Z
exp3_writer,chained,indexed,8,measured,6,82,0.012704,831537362.1859643,,,"{""sum_rel_diff"": 0.0, ""log_entries"": 16, ""n_results"": 8, ""user_lock_acquisitions"": 0}",2026-08-12T05:54:24Z
exp3_writer,chained,record,8,measured,19,83,0.013453,831537362.1859643,,,"{""sum_rel_diff"": 0.0, ""log_entries"": 16, ""n_results"": 8, ""user_lock_acquisitions"": 0}",2026-08-12T05:54:24Z
exp3_writer,chained,indexed,8,measured,29,84,0.014936,831537362.1859643,,,"{""sum_rel_diff"": 0.0, ""log_entries"": 16, ""n_results"": 8, ""user_lock_acquisitions"": 0}",2026-08-12T05:54:24Z
exp3_writer,chained,lock,8,measured,18,85,0.013992,831537362.1859643,,,"{""sum_rel_diff"": 0.0, ""log_entries"": 16, ""n_results"": 8, ""user_lock_acquisitions"": 8}",2026-08-12T05:54:24Z
exp3_writer,chained,writer,8,measured,19,86,0.013072,831537362.1859643,,,"{""sum_rel_diff"": 0.0, ""log_entries"": 16, ""n_results"": 8, ""user_lock_acquisitions"": 0}",2026-08-12T05:54:24Z
exp3_writer,chained,writer,8,measured,6,87,0.012733,831537362.1859643,,,"{""sum_rel_diff"": 0.0, ""log_entries"": 16, ""n_results"": 8, ""user_lock_acquisitions"": 0}",2026-08-12T05:54:24Z
exp3_writer,chained,writer,8,measured,10,88,0.012822,831537362.1859643,,,"{""sum_rel_diff"": 0.0, ""log_entries"": 16, ""n_results"": 8, ""user_lock_acquisitions"": 0}",2026-08-12T05:54:24Z
exp3_writer,chained,writer,8,measured,4,89,0.013470,831537362.1859643,,,"{""sum_rel_diff"": 0.0, ""log_entries"": 16, ""n_results"": 8, ""user_lock_acquisitions"": 0}",2026-08-12T05:54:24Z
exp3_writer,chained,record,8,measured,14,90,0.013951,831537362.1859643,,,"{""sum_rel_diff"": 0.0, ""log_entries"": 16, ""n_results"": 8, ""user_lock_acquisitions"": 0}",2026-08-12T05:54:24Z
exp3_writer,chained,indexed,8,measured,23,91,0.013297,831537362.1859643,,,"{""sum_rel_diff"": 0.0, ""log_entries"": 16, ""n_results"": 8, ""user_lock_acquisitions"": 0}",2026-08-12T05:54:24Z
exp3_writer,chained,lock,8,measured,25,92,0.013402,831537362.1859643,,,"{""sum_rel_diff"": 0.0, ""log_entries"": 16, ""n_results"": 8, ""user_lock_acquisitions"": 8}",2026-08-12T05:54:24Z
exp3_writer,chained,record,8,measured,22,93,0.013276,831537362.1859643,,,"{""sum_rel_diff"": 0.0, ""log_entries"": 16, ""n_results"": 8, ""user_lock_acquisitions"": 0}",2026-08-12T05:54:24Z
exp3_writer,chained,indexed,8,measured,4,94,0.014392,831537362.1859643,,,"{""sum_rel_diff"": 0.0, ""log_entries"": 16, ""n_results"": 8, ""user_lock_acquisitions"": 0}",2026-08-12T05:54:24Z
exp3_writer,chained,writer,8,measured,18,95,0.012915,831537362.1859643,,,"{""sum_rel_diff"": 0.0, ""log_entries"": 16, ""n_results"": 8, ""user_lock_acquisitions"": 0}",2026-08-12T05:54:24Z
exp3_writer,chained,indexed,8,measured,2,96,0.012878,831537362.1859643,,,"{""sum_rel_diff"": 0.0, ""log_entries"": 16, ""n_results"": 8, ""user_lock_acquisitions"": 0}",2026-08-12T05:54:24Z
exp3_writer,chained,indexed,8,measured,12,97,0.012827,831537362.1859643,,,"{""sum_rel_diff"": 0.0, ""log_entries"": 16, ""n_results"": 8, ""user_lock_acquisitions"": 0}",2026-08-12T05:54:24Z
exp3_writer,chained,indexed,8,measured,25,98,0.012862,831537362.1859643,,,"{""sum_rel_diff"": 0.0, ""log_entries"": 16, ""n_results"": 8, ""user_lock_acquisitions"": 0}",2026-08-12T05:54:24Z
exp3_writer,chained,indexed,8,measured,13,99,0.013104,831537362.1859643,,,"{""sum_rel_diff"": 0.0, ""log_entries"": 16, ""n_results"": 8, ""user_lock_acquisitions"": 0}",2026-08-12T05:54:24Z
exp3_writer,chained,lock,8,measured,1,100,0.012865,831537362.1859643,,,"{""sum_rel_diff"": 0.0, ""log_entries"": 16, ""n_results"": 8, ""user_lock_acquisitions"": 8}",2026-08-12T05:54:24Z
exp3_writer,chained,lock,8,measured,26,101,0.013002,831537362.1859643,,,"{""sum_rel_diff"": 0.0, ""log_entries"": 16, ""n_results"": 8, ""user_lock_acquisitions"": 8}",2026-08-12T05:54:24Z
exp3_writer,chained,writer,8,measured,23,102,0.012713,831537362.1859643,,,"{""sum_rel_diff"": 0.0, ""log_entries"": 16, ""n_results"": 8, ""user_lock_acquisitions"": 0}",2026-08-12T05:54:24Z
exp3_writer,chained,writer,8,measured,7,103,0.013146,831537362.1859643,,,"{""sum_rel_diff"": 0.0, ""log_entries"": 16, ""n_results"": 8, ""user_lock_acquisitions"": 0}",2026-08-12T05:54:24Z
exp3_writer,chained,writer,8,measured,17,104,0.013810,831537362.1859643,,,"{""sum_rel_diff"": 0.0, ""log_entries"": 16, ""n_results"": 8, ""user_lock_acquisitions"": 0}",2026-08-12T05:54:24Z
exp3_writer,chained,lock,8,measured,19,105,0.013104,831537362.1859643,,,"{""sum_rel_diff"": 0.0, ""log_entries"": 16, ""n_results"": 8, ""user_lock_acquisitions"": 8}",2026-08-12T05:54:24Z
exp3_writer,chained,record,8,measured,1,106,0.014324,831537362.1859643,,,"{""sum_rel_diff"": 0.0, ""log_entries"": 16, ""n_results"": 8, ""user_lock_acquisitions"": 0}",2026-08-12T05:54:24Z
exp3_writer,chained,record,8,measured,23,107,0.013142,831537362.1859643,,,"{""sum_rel_diff"": 0.0, ""log_entries"": 16, ""n_results"": 8, ""user_lock_acquisitions"": 0}",2026-08-12T05:54:24Z
exp3_writer,chained,indexed,8,measured,1,108,0.012963,831537362.1859643,,,"{""sum_rel_diff"": 0.0, ""log_entries"": 16, ""n_results"": 8, ""user_lock_acquisitions"": 0}",2026-08-12T05:54:24Z
exp3_writer,chained,record,8,measured,0,109,0.013345,831537362.1859643,,,"{""sum_rel_diff"": 0.0, ""log_entries"": 16, ""n_results"": 8, ""user_lock_acquisitions"": 0}",2026-08-12T05:54:24Z
exp3_writer,chained,indexed,8,measured,3,110,0.012828,831537362.1859643,,,"{""sum_rel_diff"": 0.0, ""log_entries"": 16, ""n_results"": 8, ""user_lock_acquisitions"": 0}",2026-08-12T05:54:24Z
exp3_writer,chained,lock,8,measured,4,111,0.012924,831537362.1859643,,,"{""sum_rel_diff"": 0.0, ""log_entries"": 16, ""n_results"": 8, ""user_lock_acquisitions"": 8}",2026-08-12T05:54:24Z
exp3_writer,chained,indexed,8,measured,10,112,0.013347,831537362.1859643,,,"{""sum_rel_diff"": 0.0, ""log_entries"": 16, ""n_results"": 8, ""user_lock_acquisitions"": 0}",2026-08-12T05:54:24Z
exp3_writer,chained,lock,8,measured,3,113,0.013941,831537362.1859643,,,"{""sum_rel_diff"": 0.0, ""log_entries"": 16, ""n_results"": 8, ""user_lock_acquisitions"": 8}",2026-08-12T05:54:24Z
exp3_writer,chained,indexed,8,measured,19,114,0.013680,831537362.1859643,,,"{""sum_rel_diff"": 0.0, ""log_entries"": 16, ""n_results"": 8, ""user_lock_acquisitions"": 0}",2026-08-12T05:54:24Z
exp3_writer,chained,writer,8,measured,13,115,0.014534,831537362.1859643,,,"{""sum_rel_diff"": 0.0, ""log_entries"": 16, ""n_results"": 8, ""user_lock_acquisitions"": 0}",2026-08-12T05:54:24Z
exp3_writer,chained,record,8,measured,26,116,0.014203,831537362.1859643,,,"{""sum_rel_diff"": 0.0, ""log_entries"": 16, ""n_results"": 8, ""user_lock_acquisitions"": 0}",2026-08-12T05:54:24Z
exp3_writer,chained,writer,8,measured,14,117,0.012786,831537362.1859643,,,"{""sum_rel_diff"": 0.0, ""log_entries"": 16, ""n_results"": 8, ""user_lock_acquisitions"": 0}",2026-08-12T05:54:24Z
exp3_writer,chained,lock,8,measured,22,118,0.014911,831537362.1859643,,,"{""sum_rel_diff"": 0.0, ""log_entries"": 16, ""n_results"": 8, ""user_lock_acquisitions"": 8}",2026-08-12T05:54:24Z
exp3_writer,chained,indexed,8,measured,26,119,0.014858,831537362.1859643,,,"{""sum_rel_diff"": 0.0, ""log_entries"": 16, ""n_results"": 8, ""user_lock_acquisitions"": 0}",2026-08-12T05:54:24Z
exp3_writer,chained,indexed,8,measured,21,120,0.012766,831537362.1859643,,,"{""sum_rel_diff"": 0.0, ""log_entries"": 16, ""n_results"": 8, ""user_lock_acquisitions"": 0}",2026-08-12T05:54:24Z
exp3_writer,chained,writer,8,measured,24,121,0.013571,831537362.1859643,,,"{""sum_rel_diff"": 0.0, ""log_entries"": 16, ""n_results"": 8, ""user_lock_acquisitions"": 0}",2026-08-12T05:54:24Z
exp3_writer,chained,record,8,measured,28,122,0.014971,831537362.1859643,,,"{""sum_rel_diff"": 0.0, ""log_entries"": 16, ""n_results"": 8, ""user_lock_acquisitions"": 0}",2026-08-12T05:54:24Z
exp3_writer,chained,lock,8,measured,2,123,0.013784,831537362.1859643,,,"{""sum_rel_diff"": 0.0, ""log_entries"": 16, ""n_results"": 8, ""user_lock_acquisitions"": 8}",2026-08-12T05:54:24Z
exp3_writer,chained,record,8,measured,20,124,0.014595,831537362.1859643,,,"{""sum_rel_diff"": 0.0, ""log_entries"": 16, ""n_results"": 8, ""user_lock_acquisitions"": 0}",2026-08-12T05:54:24Z
exp3_writer,chained,writer,8,measured,5,125,0.013106,831537362.1859643,,,"{""sum_rel_diff"": 0.0, ""log_entries"": 16, ""n_results"": 8, ""user_lock_acquisitions"": 0}",2026-08-12T05:54:24Z
exp3_writer,chained,lock,8,measured,27,126,0.012961,831537362.1859643,,,"{""sum_rel_diff"": 0.0, ""log_entries"": 16, ""n_results"": 8, ""user_lock_acquisitions"": 8}",2026-08-12T05:54:24Z
exp3_writer,chained,lock,8,measured,23,127,0.012809,831537362.1859643,,,"{""sum_rel_diff"": 0.0, ""log_entries"": 16, ""n_results"": 8, ""user_lock_acquisitions"": 8}",2026-08-12T05:54:24Z
exp3_writer,chained,record,8,measured,27,128,0.013005,831537362.1859643,,,"{""sum_rel_diff"": 0.0, ""log_entries"": 16, ""n_results"": 8, ""user_lock_acquisitions"": 0}",2026-08-12T05:54:24Z
exp3_writer,chained,indexed,8,measured,9,129,0.012849,831537362.1859643,,,"{""sum_rel_diff"": 0.0, ""log_entries"": 16, ""n_results"": 8, ""user_lock_acquisitions"": 0}",2026-08-12T05:54:24Z
exp3_writer,chained,lock,8,measured,0,130,0.012676,831537362.1859643,,,"{""sum_rel_diff"": 0.0, ""log_entries"": 16, ""n_results"": 8, ""user_lock_acquisitions"": 8}",2026-08-12T05:54:24Z
exp3_writer,chained,record,8,measured,12,131,0.013247,831537362.1859643,,,"{""sum_rel_diff"": 0.0, ""log_entries"": 16, ""n_results"": 8, ""user_lock_acquisitions"": 0}",2026-08-12T05:54:24Z
exp3_writer,chained,lock,10,warmup,1,0,0.011682,831537362.1859643,,,"{""sum_rel_diff"": 0.0, ""log_entries"": 20, ""n_results"": 10, ""user_lock_acquisitions"": 10}",2026-08-12T05:54:24Z
exp3_writer,chained,indexed,10,warmup,1,1,0.010795,831537362.1859643,,,"{""sum_rel_diff"": 0.0, ""log_entries"": 20, ""n_results"": 10, ""user_lock_acquisitions"": 0}",2026-08-12T05:54:24Z
exp3_writer,chained,indexed,10,warmup,0,2,0.011420,831537362.1859643,,,"{""sum_rel_diff"": 0.0, ""log_entries"": 20, ""n_results"": 10, ""user_lock_acquisitions"": 0}",2026-08-12T05:54:24Z
exp3_writer,chained,writer,10,warmup,1,3,0.011764,831537362.1859643,,,"{""sum_rel_diff"": 0.0, ""log_entries"": 20, ""n_results"": 10, ""user_lock_acquisitions"": 0}",2026-08-12T05:54:24Z
exp3_writer,chained,record,10,warmup,2,4,0.011114,831537362.1859643,,,"{""sum_rel_diff"": 0.0, ""log_entries"": 20, ""n_results"": 10, ""user_lock_acquisitions"": 0}",2026-08-12T05:54:24Z
exp3_writer,chained,indexed,10,warmup,2,5,0.011240,831537362.1859643,,,"{""sum_rel_diff"": 0.0, ""log_entries"": 20, ""n_results"": 10, ""user_lock_acquisitions"": 0}",2026-08-12T05:54:24Z
exp3_writer,chained,writer,10,warmup,2,6,0.010836,831537362.1859643,,,"{""sum_rel_diff"": 0.0, ""log_entries"": 20, ""n_results"": 10, ""user_lock_acquisitions"": 0}",2026-08-12T05:54:24Z
exp3_writer,chained,record,10,warmup,0,7,0.010908,831537362.1859643,,,"{""sum_rel_diff"": 0.0, ""log_entries"": 20, ""n_results"": 10, ""user_lock_acquisitions"": 0}",2026-08-12T05:54:24Z
exp3_writer,chained,writer,10,warmup,0,8,0.011047,831537362.1859643,,,"{""sum_rel_diff"": 0.0, ""log_entries"": 20, ""n_results"": 10, ""user_lock_acquisitions"": 0}",2026-08-12T05:54:24Z
exp3_writer,chained,lock,10,warmup,0,9,0.011167,831537362.1859643,,,"{""sum_rel_diff"": 0.0, ""log_entries"": 20, ""n_results"": 10, ""user_lock_acquisitions"": 10}",2026-08-12T05:54:24Z
exp3_writer,chained,record,10,warmup,1,10,0.012451,831537362.1859643,,,"{""sum_rel_diff"": 0.0, ""log_entries"": 20, ""n_results"": 10, ""user_lock_acquisitions"": 0}",2026-08-12T05:54:24Z
exp3_writer,chained,lock,10,warmup,2,11,0.010808,831537362.1859643,,,"{""sum_rel_diff"": 0.0, ""log_entries"": 20, ""n_results"": 10, ""user_lock_acquisitions"": 10}",2026-08-12T05:54:24Z
exp3_writer,chained,indexed,10,measured,21,12,0.011221,831537362.1859643,,,"{""sum_rel_diff"": 0.0, ""log_entries"": 20, ""n_results"": 10, ""user_lock_acquisitions"": 0}",2026-08-12T05:54:24Z
exp3_writer,chained,writer,10,measured,1,13,0.010648,831537362.1859643,,,"{""sum_rel_diff"": 0.0, ""log_entries"": 20, ""n_results"": 10, ""user_lock_acquisitions"": 0}",2026-08-12T05:54:24Z
exp3_writer,chained,indexed,10,measured,2,14,0.011118,831537362.1859643,,,"{""sum_rel_diff"": 0.0, ""log_entries"": 20, ""n_results"": 10, ""user_lock_acquisitions"": 0}",2026-08-12T05:54:24Z
exp3_writer,chained,indexed,10,measured,14,15,0.011545,831537362.1859643,,,"{""sum_rel_diff"": 0.0, ""log_entries"": 20, ""n_results"": 10, ""user_lock_acquisitions"": 0}",2026-08-12T05:54:24Z
exp3_writer,chained,lock,10,measured,14,16,0.011887,831537362.1859643,,,"{""sum_rel_diff"": 0.0, ""log_entries"": 20, ""n_results"": 10, ""user_lock_acquisitions"": 10}",2026-08-12T05:54:24Z
exp3_writer,chained,writer,10,measured,6,17,0.010793,831537362.1859643,,,"{""sum_rel_diff"": 0.0, ""log_entries"": 20, ""n_results"": 10, ""user_lock_acquisitions"": 0}",2026-08-12T05:54:25Z
exp3_writer,chained,record,10,measured,9,18,0.010483,831537362.1859643,,,"{""sum_rel_diff"": 0.0, ""log_entries"": 20, ""n_results"": 10, ""user_lock_acquisitions"": 0}",2026-08-12T05:54:25Z
exp3_writer,chained,lock,10,measured,9,19,0.010628,831537362.1859643,,,"{""sum_rel_diff"": 0.0, ""log_entries"": 20, ""n_results"": 10, ""user_lock_acquisitions"": 10}",2026-08-12T05:54:25Z
exp3_writer,chained,lock,10,measured,12,20,0.011273,831537362.1859643,,,"{""sum_rel_diff"": 0.0, ""log_entries"": 20, ""n_results"": 10, ""user_lock_acquisitions"": 10}",2026-08-12T05:54:25Z
exp3_writer,chained,indexed,10,measured,5,21,0.011382,831537362.1859643,,,"{""sum_rel_diff"": 0.0, ""log_entries"": 20, ""n_results"": 10, ""user_lock_acquisitions"": 0}",2026-08-12T05:54:25Z
exp3_writer,chained,writer,10,measured,16,22,0.012048,831537362.1859643,,,"{""sum_rel_diff"": 0.0, ""log_entries"": 20, ""n_results"": 10, ""user_lock_acquisitions"": 0}",2026-08-12T05:54:25Z
exp3_writer,chained,writer,10,measured,20,23,0.011003,831537362.1859643,,,"{""sum_rel_diff"": 0.0, ""log_entries"": 20, ""n_results"": 10, ""user_lock_acquisitions"": 0}",2026-08-12T05:54:25Z
exp3_writer,chained,lock,10,measured,22,24,0.010870,831537362.1859643,,,"{""sum_rel_diff"": 0.0, ""log_entries"": 20, ""n_results"": 10, ""user_lock_acquisitions"": 10}",2026-08-12T05:54:25Z
exp3_writer,chained,lock,10,measured,28,25,0.011446,831537362.1859643,,,"{""sum_rel_diff"": 0.0, ""log_entries"": 20, ""n_results"": 10, ""user_lock_acquisitions"": 10}",2026-08-12T05:54:25Z
exp3_writer,chained,lock,10,measured,11,26,0.010663,831537362.1859643,,,"{""sum_rel_diff"": 0.0, ""log_entries"": 20, ""n_results"": 10, ""user_lock_acquisitions"": 10}",2026-08-12T05:54:25Z
exp3_writer,chained,record,10,measured,10,27,0.012669,831537362.1859643,,,"{""sum_rel_diff"": 0.0, ""log_entries"": 20, ""n_results"": 10, ""user_lock_acquisitions"": 0}",2026-08-12T05:54:25Z
exp3_writer,chained,indexed,10,measured,26,28,0.010913,831537362.1859643,,,"{""sum_rel_diff"": 0.0, ""log_entries"": 20, ""n_results"": 10, ""user_lock_acquisitions"": 0}",2026-08-12T05:54:25Z
exp3_writer,chained,record,10,measured,4,29,0.010587,831537362.1859643,,,"{""sum_rel_diff"": 0.0, ""log_entries"": 20, ""n_results"": 10, ""user_lock_acquisitions"": 0}",2026-08-12T05:54:25Z
exp3_writer,chained,lock,10,measured,0,30,0.011262,831537362.1859643,,,"{""sum_rel_diff"": 0.0, ""log_entries"": 20, ""n_results"": 10, ""user_lock_acquisitions"": 10}",2026-08-12T05:54:25Z
exp3_writer,chained,writer,10,measured,2,31,0.011305,831537362.1859643,,,"{""sum_rel_diff"": 0.0, ""log_entries"": 20, ""n_results"": 10, ""user_lock_acquisitions"": 0}",2026-08-12T05:54:25Z
exp3_writer,chained,writer,10,measured,0,32,0.010851,831537362.1859643,,,"{""sum_rel_diff"": 0.0, ""log_entries"": 20, ""n_results"": 10, ""user_lock_acquisitions"": 0}",2026-08-12T05:54:25Z
exp3_writer,chained,indexed,10,measured,23,33,0.010843,831537362.1859643,,,"{""sum_rel_diff"": 0.0, ""log_entries"": 20, ""n_results"": 10, ""user_lock_acquisitions"": 0}",2026-08-12T05:54:25Z
exp3_writer,chained,record,10,measured,13,34,0.010567,831537362.1859643,,,"{""sum_rel_diff"": 0.0, ""log_entries"": 20, ""n_results"": 10, ""user_lock_acquisitions"": 0}",2026-08-12T05:54:25Z
exp3_writer,chained,indexed,10,measured,17,35,0.010569,831537362.1859643,,,"{""sum_rel_diff"": 0.0, ""log_entries"": 20, ""n_results"": 10, ""user_lock_acquisitions"": 0}",2026-08-12T05:54:25Z
exp3_writer,chained,writer,10,measured,18,36,0.010904,831537362.1859643,,,"{""sum_rel_diff"": 0.0, ""log_entries"": 20, ""n_results"": 10, ""user_lock_acquisitions"": 0}",2026-08-12T05:54:25Z
exp3_writer,chained,indexed,10,measured,29,37,0.010511,831537362.1859643,,,"{""sum_rel_diff"": 0.0, ""log_entries"": 20, ""n_results"": 10, ""user_lock_acquisitions"": 0}",2026-08-12T05:54:25Z
exp3_writer,chained,lock,10,measured,13,38,0.010801,831537362.1859643,,,"{""sum_rel_diff"": 0.0, ""log_entries"": 20, ""n_results"": 10, ""user_lock_acquisitions"": 10}",2026-08-12T05:54:25Z
exp3_writer,chained,record,10,measured,24,39,0.010786,831537362.1859643,,,"{""sum_rel_diff"": 0.0, ""log_entries"": 20, ""n_results"": 10, ""user_lock_acquisitions"": 0}",2026-08-12T05:54:25Z
exp3_writer,chained,lock,10,measured,1,40,0.010728,831537362.1859643,,,"{""sum_rel_diff"": 0.0, ""log_entries"": 20, ""n_results"": 10, ""user_lock_acquisitions"": 10}",2026-08-12T05:54:25Z
exp3_writer,chained,lock,10,measured,3,41,0.010521,831537362.1859643,,,"{""sum_rel_diff"": 0.0, ""log_entries"": 20, ""n_results"": 10, ""user_lock_acquisitions"": 10}",2026-08-12T05:54:25Z
exp3_writer,chained,lock,10,measured,2,42,0.010700,831537362.1859643,,,"{""sum_rel_diff"": 0.0, ""log_entries"": 20, ""n_results"": 10, ""user_lock_acquisitions"": 10}",2026-08-12T05:54:25Z
exp3_writer,chained,indexed,10,measured,13,43,0.010800,831537362.1859643,,,"{""sum_rel_diff"": 0.0, ""log_entries"": 20, ""n_results"": 10, ""user_lock_acquisitions"": 0}",2026-08-12T05:54:25Z
exp3_writer,chained,record,10,measured,21,44,0.010672,831537362.1859643,,,"{""sum_rel_diff"": 0.0, ""log_entries"": 20, ""n_results"": 10, ""user_lock_acquisitions"": 0}",2026-08-12T05:54:25Z
exp3_writer,chained,indexed,10,measured,27,45,0.011176,831537362.1859643,,,"{""sum_rel_diff"": 0.0, ""log_entries"": 20, ""n_results"": 10, ""user_lock_acquisitions"": 0}",2026-08-12T05:54:25Z
exp3_writer,chained,indexed,10,measured,4,46,0.010942,831537362.1859643,,,"{""sum_rel_diff"": 0.0, ""log_entries"": 20, ""n_results"": 10, ""user_lock_acquisitions"": 0}",2026-08-12T05:54:25Z
exp3_writer,chained,lock,10,measured,20,47,0.011234,831537362.1859643,,,"{""sum_rel_diff"": 0.0, ""log_entries"": 20, ""n_results"": 10, ""user_lock_acquisitions"": 10}",2026-08-12T05:54:25Z
exp3_writer,chained,indexed,10,measured,22,48,0.010921,831537362.1859643,,,"{""sum_rel_diff"": 0.0, ""log_entries"": 20, ""n_results"": 10, ""user_lock_acquisitions"": 0}",2026-08-12T05:54:25Z
exp3_writer,chained,lock,10,measured,27,49,0.010577,831537362.1859643,,,"{""sum_rel_diff"": 0.0, ""log_entries"": 20, ""n_results"": 10, ""user_lock_acquisitions"": 10}",2026-08-12T05:54:25Z
exp3_writer,chained,lock,10,measured,8,50,0.011351,831537362.1859643,,,"{""sum_rel_diff"": 0.0, ""log_entries"": 20, ""n_results"": 10, ""user_lock_acquisitions"": 10}",2026-08-12T05:54:25Z
exp3_writer,chained,lock,10,measured,10,51,0.010667,831537362.1859643,,,"{""sum_rel_diff"": 0.0, ""log_entries"": 20, ""n_results"": 10, ""user_lock_acquisitions"": 10}",2026-08-12T05:54:25Z
exp3_writer,chained,indexed,10,measured,11,52,0.010866,831537362.1859643,,,"{""sum_rel_diff"": 0.0, ""log_entries"": 20, ""n_results"": 10, ""user_lock_acquisitions"": 0}",2026-08-12T05:54:25Z
exp3_writer,chained,record,10,measured,16,53,0.011143,831537362.1859643,,,"{""sum_rel_diff"": 0.0, ""log_entries"": 20, ""n_results"": 10, ""user_lock_acquisitions"": 0}",2026-08-12T05:54:25Z
exp3_writer,chained,indexed,10,measured,1,54,0.011262,831537362.1859643,,,"{""sum_rel_diff"": 0.0, ""log_entries"": 20, ""n_results"": 10, ""user_lock_acquisitions"": 0}",2026-08-12T05:54:25Z
exp3_writer,chained,writer,10,measured,26,55,0.011378,831537362.1859643,,,"{""sum_rel_diff"": 0.0, ""log_entries"": 20, ""n_results"": 10, ""user_lock_acquisitions"": 0}",2026-08-12T05:54:25Z
exp3_writer,chained,lock,10,measured,7,56,0.010865,831537362.1859643,,,"{""sum_rel_diff"": 0.0, ""log_entries"": 20, ""n_results"": 10, ""user_lock_acquisitions"": 10}",2026-08-12T05:54:25Z
exp3_writer,chained,writer,10,measured,5,57,0.011044,831537362.1859643,,,"{""sum_rel_diff"": 0.0, ""log_entries"": 20, ""n_results"": 10, ""user_lock_acquisitions"": 0}",2026-08-12T05:54:25Z
exp3_writer,chained,lock,10,measured,24,58,0.010967,831537362.1859643,,,"{""sum_rel_diff"": 0.0, ""log_entries"": 20, ""n_results"": 10, ""user_lock_acquisitions"": 10}",2026-08-12T05:54:25Z
exp3_writer,chained,lock,10,measured,16,59,0.011087,831537362.1859643,,,"{""sum_rel_diff"": 0.0, ""log_entries"": 20, ""n_results"": 10, ""user_lock_acquisitions"": 10}",2026-08-12T05:54:25Z
exp3_writer,chained,writer,10,measured,27,60,0.010850,831537362.1859643,,,"{""sum_rel_diff"": 0.0, ""log_entries"": 20, ""n_results"": 10, ""user_lock_acquisitions"": 0}",2026-08-12T05:54:25Z
exp3_writer,chained,writer,10,measured,3,61,0.010799,831537362.1859643,,,"{""sum_rel_diff"": 0.0, ""log_entries"": 20, ""n_results"": 10, ""user_lock_acquisitions"": 0}",2026-08-12T05:54:25Z
exp3_writer,chained,indexed,10,measured,16,62,0.010747,831537362.1859643,,,"{""sum_rel_diff"": 0.0, ""log_entries"": 20, ""n_results"": 10, ""user_lock_acquisitions"": 0}",2026-08-12T05:54:25Z
exp3_writer,chained,lock,10,measured,25,63,0.010918,831537362.1859643,,,"{""sum_rel_diff"": 0.0, ""log_entries"": 20, ""n_results"": 10, ""user_lock_acquisitions"": 10}",2026-08-12T05:54:25Z
exp3_writer,chained,indexed,10,measured,3,64,0.010744,831537362.1859643,,,"{""sum_rel_diff"": 0.0, ""log_entries"": 20, ""n_results"": 10, ""user_lock_acquisitions"": 0}",2026-08-12T05:54:25Z
exp3_writer,chained,record,10,measured,28,65,0.011008,831537362.1859643,,,"{""sum_rel_diff"": 0.0, ""log_entries"": 20, ""n_results"": 10, ""user_lock_acquisitions"": 0}",2026-08-12T05:54:25Z
exp3_writer,chained,record,10,measured,6,66,0.010852,831537362.1859643,,,"{""sum_rel_diff"": 0.0, ""log_entries"": 20, ""n_results"": 10, ""user_lock_acquisitions"": 0}",2026-08-12T05:54:25Z
exp3_writer,chained,record,10,measured,29,67,0.011228,831537362.1859643,,,"{""sum_rel_diff"": 0.0, ""log_entries"": 20, ""n_results"": 10, ""user_lock_acquisitions"": 0}",2026-08-12T05:54:25Z
exp3_writer,chained,lock,10,measured,19,68,0.011121,831537362.1859643,,,"{""sum_rel_diff"": 0.0, ""log_entries"": 20, ""n_results"": 10, ""user_lock_acquisitions"": 10}",2026-08-12T05:54:25Z
exp3_writer,chained,indexed,10,measured,25,69,0.010829,831537362.1859643,,,"{""sum_rel_diff"": 0.0, ""log_entries"": 20, ""n_results"": 10, ""user_lock_acquisitions"": 0}",2026-08-12T05:54:25Z
exp3_writer,chained,record,10,measured,1,70,0.010603,831537362.1859643,,,"{""sum_rel_diff"": 0.0, ""log_entries"": 20, ""n_results"": 10, ""user_lock_acquisitions"": 0}",2026-08-12T05:54:25Z
exp3_writer,chained,record,10,measured,20,71,0.010693,831537362.1859643,,,"{""sum_rel_diff"": 0.0, ""log_entries"": 20, ""n_results"": 10, ""user_lock_acquisitions"": 0}",2026-08-12T05:54:25Z
exp3_writer,chained,indexed,10,measured,19,72,0.010929,831537362.1859643,,,"{""sum_rel_diff"": 0.0, ""log_entries"": 20, ""n_results"": 10, ""user_lock_acquisitions"": 0}",2026-08-12T05:54:25Z
exp3_writer,chained,indexed,10,measured,15,73,0.011522,831537362.1859643,,,"{""sum_rel_diff"": 0.0, ""log_entries"": 20, ""n_results"": 10, ""user_lock_acquisitions"": 0}",2026-08-12T05:54:25Z
exp3_writer,chained,writer,10,measured,25,74,0.012018,831537362.1859643,,,"{""sum_rel_diff"": 0.0, ""log_entries"": 20, ""n_results"": 10, ""user_lock_acquisitions"": 0}",2026-08-12T05:54:25Z
exp3_writer,chained,writer,10,measured,14,75,0.010608,831537362.1859643,,,"{""sum_rel_diff"": 0.0, ""log_entries"": 20, ""n_results"": 10, ""user_lock_acquisitions"": 0}",2026-08-12T05:54:25Z
exp3_writer,chained,indexed,10,measured,7,76,0.011752,831537362.1859643,,,"{""sum_rel_diff"": 0.0, ""log_entries"": 20, ""n_results"": 10, ""user_lock_acquisitions"": 0}",2026-08-12T05:54:25Z
exp3_writer,chained,record,10,measured,8,77,0.010856,831537362.1859643,,,"{""sum_rel_diff"": 0.0, ""log_entries"": 20, ""n_results"": 10, ""user_lock_acquisitions"": 0}",2026-08-12T05:54:25Z
exp3_writer,chained,record,10,measured,5,78,0.010890,831537362.1859643,,,"{""sum_rel_diff"": 0.0, ""log_entries"": 20, ""n_results"": 10, ""user_lock_acquisitions"": 0}",2026-08-12T05:54:25Z
exp3_writer,chained,record,10,measured,15,79,0.010703,831537362.1859643,,,"{""sum_rel_diff"": 0.0, ""log_entries"": 20, ""n_results"": 10, ""user_lock_acquisitions"": 0}",2026-08-12T05:54:25Z
exp3_writer,chained,writer,10,measured,4,80,0.010651,831537362.1859643,,,"{""sum_rel_diff"": 0.0, ""log_entries"": 20, ""n_results"": 10, ""user_lock_acquisitions"": 0}",2026-08-12T05:54:25Z
exp3_writer,chained,record,10,measured,27,81,0.010741,831537362.1859643,,,"{""sum_rel_diff"": 0.0, ""log_entries"": 20, ""n_results"": 10, ""user_lock_acquisitions"": 0}",2026-08-12T05:54:25Z
exp3_writer,chained,writer,10,measured,12,82,0.011490,831537362.1859643,,,"{""sum_rel_diff"": 0.0, ""log_entries"": 20, ""n_results"": 10, ""user_lock_acquisitions"": 0}",2026-08-12T05:54:25Z
exp3_writer,chained,record,10,measured,26,83,0.010966,831537362.1859643,,,"{""sum_rel_diff"": 0.0, ""log_entries"": 20, ""n_results"": 10, ""user_lock_acquisitions"": 0}",2026-08-12T05:54:25Z
exp3_writer,chained,record,10,measured,7,84,0.010941,831537362.1859643,,,"{""sum_rel_diff"": 0.0, ""log_entries"": 20, ""n_results"": 10, ""user_lock_acquisitions"": 0}",2026-08-12T05:54:25Z
exp3_writer,chained,writer,10,measured,7,85,0.010820,831537362.1859643,,,"{""sum_rel_diff"": 0.0, ""log_entries"": 20, ""n_results"": 10, ""user_lock_acquisitions"": 0}",2026-08-12T05:54:25Z
exp3_writer,chained,lock,10,measured,18,86,0.011071,831537362.1859643,,,"{""sum_rel_diff"": 0.0, ""log_entries"": 20, ""n_results"": 10, ""user_lock_acquisitions"": 10}",2026-08-12T05:54:25Z
exp3_writer,chained,record,10,measured,11,87,0.011091,831537362.1859643,,,"{""sum_rel_diff"": 0.0, ""log_entries"": 20, ""n_results"": 10, ""user_lock_acquisitions"": 0}",2026-08-12T05:54:25Z
exp3_writer,chained,lock,10,measured,21,88,0.010811,831537362.1859643,,,"{""sum_rel_diff"": 0.0, ""log_entries"": 20, ""n_results"": 10, ""user_lock_acquisitions"": 10}",2026-08-12T05:54:25Z
exp3_writer,chained,record,10,measured,17,89,0.010941,831537362.1859643,,,"{""sum_rel_diff"": 0.0, ""log_entries"": 20, ""n_results"": 10, ""user_lock_acquisitions"": 0}",2026-08-12T05:54:25Z
exp3_writer,chained,lock,10,measured,17,90,0.010612,831537362.1859643,,,"{""sum_rel_diff"": 0.0, ""log_entries"": 20, ""n_results"": 10, ""user_lock_acquisitions"": 10}",2026-08-12T05:54:25Z
exp3_writer,chained,record,10,measured,19,91,0.010832,831537362.1859643,,,"{""sum_rel_diff"": 0.0, ""log_entries"": 20, ""n_results"": 10, ""user_lock_acquisitions"": 0}",2026-08-12T05:54:25Z
exp3_writer,chained,writer,10,measured,13,92,0.011465,831537362.1859643,,,"{""sum_rel_diff"": 0.0, ""log_entries"": 20, ""n_results"": 10, ""user_lock_acquisitions"": 0}",2026-08-12T05:54:25Z
exp3_writer,chained,writer,10,measured,17,93,0.010747,831537362.1859643,,,"{""sum_rel_diff"": 0.0, ""log_entries"": 20, ""n_results"": 10, ""user_lock_acquisitions"": 0}",2026-08-12T05:54:25Z
exp3_writer,chained,writer,10,measured,23,94,0.010665,831537362.1859643,,,"{""sum_rel_diff"": 0.0, ""log_entries"": 20, ""n_results"": 10, ""user_lock_acquisitions"": 0}",2026-08-12T05:54:25Z
exp3_writer,chained,writer,10,measured,29,95,0.010899,831537362.1859643,,,"{""sum_rel_diff"": 0.0, ""log_entries"": 20, ""n_results"": 10, ""user_lock_acquisitions"": 0}",2026-08-12T05:54:25Z
exp3_writer,chained,writer,10,measured,24,96,0.011016,831537362.1859643,,,"{""sum_rel_diff"": 0.0, ""log_entries"": 20, ""n_results"": 10, ""user_lock_acquisitions"": 0}",2026-08-12T05:54:25Z
exp3_writer,chained,indexed,10,measured,24,97,0.011011,831537362.1859643,,,"{""sum_rel_diff"": 0.0, ""log_entries"": 20, ""n_results"": 10, ""user_lock_acquisitions"": 0}",2026-08-12T05:54:25Z
exp3_writer,chained,writer,10,measured,9,98,0.010928,831537362.1859643,,,"{""sum_rel_diff"": 0.0, ""log_entries"": 20, ""n_results"": 10, ""user_lock_acquisitions"": 0}",2026-08-12T05:54:25Z
exp3_writer,chained,writer,10,measured,11,99,0.011340,831537362.1859643,,,"{""sum_rel_diff"": 0.0, ""log_entries"": 20, ""n_results"": 10, ""user_lock_acquisitions"": 0}",2026-08-12T05:54:25Z
exp3_writer,chained,indexed,10,measured,18,100,0.011685,831537362.1859643,,,"{""sum_rel_diff"": 0.0, ""log_entries"": 20, ""n_results"": 10, ""user_lock_acquisitions"": 0}",2026-08-12T05:54:25Z
exp3_writer,chained,indexed,10,measured,6,101,0.010785,831537362.1859643,,,"{""sum_rel_diff"": 0.0, ""log_entries"": 20, ""n_results"": 10, ""user_lock_acquisitions"": 0}",2026-08-12T05:54:25Z
exp3_writer,chained,indexed,10,measured,10,102,0.015042,831537362.1859643,,,"{""sum_rel_diff"": 0.0, ""log_entries"": 20, ""n_results"": 10, ""user_lock_acquisitions"": 0}",2026-08-12T05:54:25Z
exp3_writer,chained,indexed,10,measured,9,103,0.011028,831537362.1859643,,,"{""sum_rel_diff"": 0.0, ""log_entries"": 20, ""n_results"": 10, ""user_lock_acquisitions"": 0}",2026-08-12T05:54:25Z
exp3_writer,chained,record,10,measured,2,104,0.011196,831537362.1859643,,,"{""sum_rel_diff"": 0.0, ""log_entries"": 20, ""n_results"": 10, ""user_lock_acquisitions"": 0}",2026-08-12T05:54:25Z
exp3_writer,chained,indexed,10,measured,28,105,0.010823,831537362.1859643,,,"{""sum_rel_diff"": 0.0, ""log_entries"": 20, ""n_results"": 10, ""user_lock_acquisitions"": 0}",2026-08-12T05:54:25Z
exp3_writer,chained,indexed,10,measured,8,106,0.011606,831537362.1859643,,,"{""sum_rel_diff"": 0.0, ""log_entries"": 20, ""n_results"": 10, ""user_lock_acquisitions"": 0}",2026-08-12T05:54:26Z
exp3_writer,chained,record,10,measured,25,107,0.010688,831537362.1859643,,,"{""sum_rel_diff"": 0.0, ""log_entries"": 20, ""n_results"": 10, ""user_lock_acquisitions"": 0}",2026-08-12T05:54:26Z
exp3_writer,chained,record,10,measured,3,108,0.011376,831537362.1859643,,,"{""sum_rel_diff"": 0.0, ""log_entries"": 20, ""n_results"": 10, ""user_lock_acquisitions"": 0}",2026-08-12T05:54:26Z
exp3_writer,chained,writer,10,measured,22,109,0.010990,831537362.1859643,,,"{""sum_rel_diff"": 0.0, ""log_entries"": 20, ""n_results"": 10, ""user_lock_acquisitions"": 0}",2026-08-12T05:54:26Z
exp3_writer,chained,lock,10,measured,26,110,0.010835,831537362.1859643,,,"{""sum_rel_diff"": 0.0, ""log_entries"": 20, ""n_results"": 10, ""user_lock_acquisitions"": 10}",2026-08-12T05:54:26Z
exp3_writer,chained,lock,10,measured,5,111,0.010972,831537362.1859643,,,"{""sum_rel_diff"": 0.0, ""log_entries"": 20, ""n_results"": 10, ""user_lock_acquisitions"": 10}",2026-08-12T05:54:26Z
exp3_writer,chained,writer,10,measured,19,112,0.010787,831537362.1859643,,,"{""sum_rel_diff"": 0.0, ""log_entries"": 20, ""n_results"": 10, ""user_lock_acquisitions"": 0}",2026-08-12T05:54:26Z
exp3_writer,chained,writer,10,measured,8,113,0.011221,831537362.1859643,,,"{""sum_rel_diff"": 0.0, ""log_entries"": 20, ""n_results"": 10, ""user_lock_acquisitions"": 0}",2026-08-12T05:54:26Z
exp3_writer,chained,record,10,measured,22,114,0.010581,831537362.1859643,,,"{""sum_rel_diff"": 0.0, ""log_entries"": 20, ""n_results"": 10, ""user_lock_acquisitions"": 0}",2026-08-12T05:54:26Z
exp3_writer,chained,indexed,10,measured,12,115,0.010524,831537362.1859643,,,"{""sum_rel_diff"": 0.0, ""log_entries"": 20, ""n_results"": 10, ""user_lock_acquisitions"": 0}",2026-08-12T05:54:26Z
exp3_writer,chained,record,10,measured,14,116,0.010720,831537362.1859643,,,"{""sum_rel_diff"": 0.0, ""log_entries"": 20, ""n_results"": 10, ""user_lock_acquisitions"": 0}",2026-08-12T05:54:26Z
exp3_writer,chained,lock,10,measured,4,117,0.010998,831537362.1859643,,,"{""sum_rel_diff"": 0.0, ""log_entries"": 20, ""n_results"": 10, ""user_lock_acquisitions"": 10}",2026-08-12T05:54:26Z
exp3_writer,chained,record,10,measured,18,118,0.010568,831537362.1859643,,,"{""sum_rel_diff"": 0.0, ""log_entries"": 20, ""n_results"": 10, ""user_lock_acquisitions"": 0}",2026-08-12T05:54:26Z
exp3_writer,chained,writer,10,measured,10,119,0.010575,831537362.1859643,,,"{""sum_rel_diff"": 0.0, ""log_entries"": 20, ""n_results"": 10, ""user_lock_acquisitions"": 0}",2026-08-12T05:54:26Z
exp3_writer,chained,record,10,measured,23,120,0.010704,831537362.1859643,,,"{""sum_rel_diff"": 0.0, ""log_entries"": 20, ""n_results"": 10, ""user_lock_acquisitions"": 0}",2026-08-12T05:54:26Z
exp3_writer,chained,indexed,10,measured,20,121,0.010761,831537362.1859643,,,"{""sum_rel_diff"": 0.0, ""log_entries"": 20, ""n_results"": 10, ""user_lock_acquisitions"": 0}",2026-08-12T05:54:26Z
exp3_writer,chained,writer,10,measured,28,122,0.011010,831537362.1859643,,,"{""sum_rel_diff"": 0.0, ""log_entries"": 20, ""n_results"": 10, ""user_lock_acquisitions"": 0}",2026-08-12T05:54:26Z
exp3_writer,chained,record,10,measured,12,123,0.010684,831537362.1859643,,,"{""sum_rel_diff"": 0.0, ""log_entries"": 20, ""n_results"": 10, ""user_lock_acquisitions"": 0}",2026-08-12T05:54:26Z
exp3_writer,chained,record,10,measured,0,124,0.010534,831537362.1859643,,,"{""sum_rel_diff"": 0.0, ""log_entries"": 20, ""n_results"": 10, ""user_lock_acquisitions"": 0}",2026-08-12T05:54:26Z
exp3_writer,chained,indexed,10,measured,0,125,0.010485,831537362.1859643,,,"{""sum_rel_diff"": 0.0, ""log_entries"": 20, ""n_results"": 10, ""user_lock_acquisitions"": 0}",2026-08-12T05:54:26Z
exp3_writer,chained,writer,10,measured,21,126,0.010963,831537362.1859643,,,"{""sum_rel_diff"": 0.0, ""log_entries"": 20, ""n_results"": 10, ""user_lock_acquisitions"": 0}",2026-08-12T05:54:26Z
exp3_writer,chained,lock,10,measured,15,127,0.010960,831537362.1859643,,,"{""sum_rel_diff"": 0.0, ""log_entries"": 20, ""n_results"": 10, ""user_lock_acquisitions"": 10}",2026-08-12T05:54:26Z
exp3_writer,chained,lock,10,measured,29,128,0.011588,831537362.1859643,,,"{""sum_rel_diff"": 0.0, ""log_entries"": 20, ""n_results"": 10, ""user_lock_acquisitions"": 10}",2026-08-12T05:54:26Z
exp3_writer,chained,lock,10,measured,23,129,0.011856,831537362.1859643,,,"{""sum_rel_diff"": 0.0, ""log_entries"": 20, ""n_results"": 10, ""user_lock_acquisitions"": 10}",2026-08-12T05:54:26Z
exp3_writer,chained,lock,10,measured,6,130,0.011131,831537362.1859643,,,"{""sum_rel_diff"": 0.0, ""log_entries"": 20, ""n_results"": 10, ""user_lock_acquisitions"": 10}",2026-08-12T05:54:26Z
exp3_writer,chained,writer,10,measured,15,131,0.010707,831537362.1859643,,,"{""sum_rel_diff"": 0.0, ""log_entries"": 20, ""n_results"": 10, ""user_lock_acquisitions"": 0}",2026-08-12T05:54:26Z
exp3_writer,chained,writer,12,warmup,0,0,0.010244,831537362.1859645,,,"{""sum_rel_diff"": 1.4336011221119537e-16, ""log_entries"": 24, ""n_results"": 12, ""user_lock_acquisitions"": 0}",2026-08-12T05:54:26Z
exp3_writer,chained,indexed,12,warmup,1,1,0.009595,831537362.1859645,,,"{""sum_rel_diff"": 1.4336011221119537e-16, ""log_entries"": 24, ""n_results"": 12, ""user_lock_acquisitions"": 0}",2026-08-12T05:54:26Z
exp3_writer,chained,record,12,warmup,0,2,0.010617,831537362.1859645,,,"{""sum_rel_diff"": 1.4336011221119537e-16, ""log_entries"": 24, ""n_results"": 12, ""user_lock_acquisitions"": 0}",2026-08-12T05:54:26Z
exp3_writer,chained,lock,12,warmup,1,3,0.009841,831537362.1859645,,,"{""sum_rel_diff"": 1.4336011221119537e-16, ""log_entries"": 24, ""n_results"": 12, ""user_lock_acquisitions"": 12}",2026-08-12T05:54:26Z
exp3_writer,chained,writer,12,warmup,2,4,0.009366,831537362.1859645,,,"{""sum_rel_diff"": 1.4336011221119537e-16, ""log_entries"": 24, ""n_results"": 12, ""user_lock_acquisitions"": 0}",2026-08-12T05:54:26Z
exp3_writer,chained,writer,12,warmup,1,5,0.009133,831537362.1859645,,,"{""sum_rel_diff"": 1.4336011221119537e-16, ""log_entries"": 24, ""n_results"": 12, ""user_lock_acquisitions"": 0}",2026-08-12T05:54:26Z
exp3_writer,chained,record,12,warmup,1,6,0.009445,831537362.1859645,,,"{""sum_rel_diff"": 1.4336011221119537e-16, ""log_entries"": 24, ""n_results"": 12, ""user_lock_acquisitions"": 0}",2026-08-12T05:54:26Z
exp3_writer,chained,lock,12,warmup,2,7,0.009346,831537362.1859645,,,"{""sum_rel_diff"": 1.4336011221119537e-16, ""log_entries"": 24, ""n_results"": 12, ""user_lock_acquisitions"": 12}",2026-08-12T05:54:26Z
exp3_writer,chained,record,12,warmup,2,8,0.009578,831537362.1859645,,,"{""sum_rel_diff"": 1.4336011221119537e-16, ""log_entries"": 24, ""n_results"": 12, ""user_lock_acquisitions"": 0}",2026-08-12T05:54:26Z
exp3_writer,chained,lock,12,warmup,0,9,0.009425,831537362.1859645,,,"{""sum_rel_diff"": 1.4336011221119537e-16, ""log_entries"": 24, ""n_results"": 12, ""user_lock_acquisitions"": 12}",2026-08-12T05:54:26Z
exp3_writer,chained,indexed,12,warmup,0,10,0.009158,831537362.1859645,,,"{""sum_rel_diff"": 1.4336011221119537e-16, ""log_entries"": 24, ""n_results"": 12, ""user_lock_acquisitions"": 0}",2026-08-12T05:54:26Z
exp3_writer,chained,indexed,12,warmup,2,11,0.009731,831537362.1859645,,,"{""sum_rel_diff"": 1.4336011221119537e-16, ""log_entries"": 24, ""n_results"": 12, ""user_lock_acquisitions"": 0}",2026-08-12T05:54:26Z
exp3_writer,chained,indexed,12,measured,6,12,0.009667,831537362.1859645,,,"{""sum_rel_diff"": 1.4336011221119537e-16, ""log_entries"": 24, ""n_results"": 12, ""user_lock_acquisitions"": 0}",2026-08-12T05:54:26Z
exp3_writer,chained,indexed,12,measured,17,13,0.009525,831537362.1859645,,,"{""sum_rel_diff"": 1.4336011221119537e-16, ""log_entries"": 24, ""n_results"": 12, ""user_lock_acquisitions"": 0}",2026-08-12T05:54:26Z
exp3_writer,chained,indexed,12,measured,23,14,0.009822,831537362.1859645,,,"{""sum_rel_diff"": 1.4336011221119537e-16, ""log_entries"": 24, ""n_results"": 12, ""user_lock_acquisitions"": 0}",2026-08-12T05:54:26Z
exp3_writer,chained,indexed,12,measured,21,15,0.009722,831537362.1859645,,,"{""sum_rel_diff"": 1.4336011221119537e-16, ""log_entries"": 24, ""n_results"": 12, ""user_lock_acquisitions"": 0}",2026-08-12T05:54:26Z
exp3_writer,chained,record,12,measured,27,16,0.009487,831537362.1859645,,,"{""sum_rel_diff"": 1.4336011221119537e-16, ""log_entries"": 24, ""n_results"": 12, ""user_lock_acquisitions"": 0}",2026-08-12T05:54:26Z
exp3_writer,chained,indexed,12,measured,27,17,0.009556,831537362.1859645,,,"{""sum_rel_diff"": 1.4336011221119537e-16, ""log_entries"": 24, ""n_results"": 12, ""user_lock_acquisitions"": 0}",2026-08-12T05:54:26Z
exp3_writer,chained,record,12,measured,3,18,0.009335,831537362.1859645,,,"{""sum_rel_diff"": 1.4336011221119537e-16, ""log_entries"": 24, ""n_results"": 12, ""user_lock_acquisitions"": 0}",2026-08-12T05:54:26Z
exp3_writer,chained,lock,12,measured,13,19,0.009266,831537362.1859645,,,"{""sum_rel_diff"": 1.4336011221119537e-16, ""log_entries"": 24, ""n_results"": 12, ""user_lock_acquisitions"": 12}",2026-08-12T05:54:26Z
exp3_writer,chained,lock,12,measured,20,20,0.009539,831537362.1859645,,,"{""sum_rel_diff"": 1.4336011221119537e-16, ""log_entries"": 24, ""n_results"": 12, ""user_lock_acquisitions"": 12}",2026-08-12T05:54:26Z
exp3_writer,chained,lock,12,measured,0,21,0.011601,831537362.1859645,,,"{""sum_rel_diff"": 1.4336011221119537e-16, ""log_entries"": 24, ""n_results"": 12, ""user_lock_acquisitions"": 12}",2026-08-12T05:54:26Z
exp3_writer,chained,indexed,12,measured,26,22,0.009435,831537362.1859645,,,"{""sum_rel_diff"": 1.4336011221119537e-16, ""log_entries"": 24, ""n_results"": 12, ""user_lock_acquisitions"": 0}",2026-08-12T05:54:26Z
exp3_writer,chained,writer,12,measured,12,23,0.009711,831537362.1859645,,,"{""sum_rel_diff"": 1.4336011221119537e-16, ""log_entries"": 24, ""n_results"": 12, ""user_lock_acquisitions"": 0}",2026-08-12T05:54:26Z
exp3_writer,chained,lock,12,measured,26,24,0.009437,831537362.1859645,,,"{""sum_rel_diff"": 1.4336011221119537e-16, ""log_entries"": 24, ""n_results"": 12, ""user_lock_acquisitions"": 12}",2026-08-12T05:54:26Z
exp3_writer,chained,writer,12,measured,28,25,0.009770,831537362.1859645,,,"{""sum_rel_diff"": 1.4336011221119537e-16, ""log_entries"": 24, ""n_results"": 12, ""user_lock_acquisitions"": 0}",2026-08-12T05:54:26Z
exp3_writer,chained,writer,12,measured,13,26,0.009196,831537362.1859645,,,"{""sum_rel_diff"": 1.4336011221119537e-16, ""log_entries"": 24, ""n_results"": 12, ""user_lock_acquisitions"": 0}",2026-08-12T05:54:26Z
exp3_writer,chained,indexed,12,measured,0,27,0.009448,831537362.1859645,,,"{""sum_rel_diff"": 1.4336011221119537e-16, ""log_entries"": 24, ""n_results"": 12, ""user_lock_acquisitions"": 0}",2026-08-12T05:54:26Z
exp3_writer,chained,record,12,measured,0,28,0.009493,831537362.1859645,,,"{""sum_rel_diff"": 1.4336011221119537e-16, ""log_entries"": 24, ""n_results"": 12, ""user_lock_acquisitions"": 0}",2026-08-12T05:54:26Z
exp3_writer,chained,record,12,measured,20,29,0.009677,831537362.1859645,,,"{""sum_rel_diff"": 1.4336011221119537e-16, ""log_entries"": 24, ""n_results"": 12, ""user_lock_acquisitions"": 0}",2026-08-12T05:54:26Z
exp3_writer,chained,indexed,12,measured,2,30,0.009832,831537362.1859645,,,"{""sum_rel_diff"": 1.4336011221119537e-16, ""log_entries"": 24, ""n_results"": 12, ""user_lock_acquisitions"": 0}",2026-08-12T05:54:26Z
exp3_writer,chained,lock,12,measured,28,31,0.009560,831537362.1859645,,,"{""sum_rel_diff"": 1.4336011221119537e-16, ""log_entries"": 24, ""n_results"": 12, ""user_lock_acquisitions"": 12}",2026-08-12T05:54:26Z
exp3_writer,chained,lock,12,measured,6,32,0.009352,831537362.1859645,,,"{""sum_rel_diff"": 1.4336011221119537e-16, ""log_entries"": 24, ""n_results"": 12, ""user_lock_acquisitions"": 12}",2026-08-12T05:54:26Z
exp3_writer,chained,record,12,measured,17,33,0.009321,831537362.1859645,,,"{""sum_rel_diff"": 1.4336011221119537e-16, ""log_entries"": 24, ""n_results"": 12, ""user_lock_acquisitions"": 0}",2026-08-12T05:54:26Z
exp3_writer,chained,lock,12,measured,11,34,0.009572,831537362.1859645,,,"{""sum_rel_diff"": 1.4336011221119537e-16, ""log_entries"": 24, ""n_results"": 12, ""user_lock_acquisitions"": 12}",2026-08-12T05:54:26Z
exp3_writer,chained,writer,12,measured,15,35,0.010418,831537362.1859645,,,"{""sum_rel_diff"": 1.4336011221119537e-16, ""log_entries"": 24, ""n_results"": 12, ""user_lock_acquisitions"": 0}",2026-08-12T05:54:26Z
exp3_writer,chained,writer,12,measured,6,36,0.009562,831537362.1859645,,,"{""sum_rel_diff"": 1.4336011221119537e-16, ""log_entries"": 24, ""n_results"": 12, ""user_lock_acquisitions"": 0}",2026-08-12T05:54:26Z
exp3_writer,chained,indexed,12,measured,20,37,0.009167,831537362.1859645,,,"{""sum_rel_diff"": 1.4336011221119537e-16, ""log_entries"": 24, ""n_results"": 12, ""user_lock_acquisitions"": 0}",2026-08-12T05:54:26Z
exp3_writer,chained,writer,12,measured,26,38,0.009128,831537362.1859645,,,"{""sum_rel_diff"": 1.4336011221119537e-16, ""log_entries"": 24, ""n_results"": 12, ""user_lock_acquisitions"": 0}",2026-08-12T05:54:26Z
exp3_writer,chained,record,12,measured,23,39,0.009341,831537362.1859645,,,"{""sum_rel_diff"": 1.4336011221119537e-16, ""log_entries"": 24, ""n_results"": 12, ""user_lock_acquisitions"": 0}",2026-08-12T05:54:26Z
exp3_writer,chained,writer,12,measured,19,40,0.009467,831537362.1859645,,,"{""sum_rel_diff"": 1.4336011221119537e-16, ""log_entries"": 24, ""n_results"": 12, ""user_lock_acquisitions"": 0}",2026-08-12T05:54:26Z
exp3_writer,chained,record,12,measured,26,41,0.009516,831537362.1859645,,,"{""sum_rel_diff"": 1.4336011221119537e-16, ""log_entries"": 24, ""n_results"": 12, ""user_lock_acquisitions"": 0}",2026-08-12T05:54:26Z
exp3_writer,chained,record,12,measured,9,42,0.009314,831537362.1859645,,,"{""sum_rel_diff"": 1.4336011221119537e-16, ""log_entries"": 24, ""n_results"": 12, ""user_lock_acquisitions"": 0}",2026-08-12T05:54:26Z
exp3_writer,chained,writer,12,measured,20,43,0.009681,831537362.1859645,,,"{""sum_rel_diff"": 1.4336011221119537e-16, ""log_entries"": 24, ""n_results"": 12, ""user_lock_acquisitions"": 0}",2026-08-12T05:54:26Z
exp3_writer,chained,writer,12,measured,21,44,0.009917,831537362.1859645,,,"{""sum_rel_diff"": 1.4336011221119537e-16, ""log_entries"": 24, ""n_results"": 12, ""user_lock_acquisitions"": 0}",2026-08-12T05:54:26Z
exp3_writer,chained,lock,12,measured,17,45,0.009731,831537362.1859645,,,"{""sum_rel_diff"": 1.4336011221119537e-16, ""log_entries"": 24, ""n_results"": 12, ""user_lock_acquisitions"": 12}",2026-08-12T05:54:26Z
exp3_writer,chained,lock,12,measured,24,46,0.009538,831537362.1859645,,,"{""sum_rel_diff"": 1.4336011221119537e-16, ""log_entries"": 24, ""n_results"": 12, ""user_lock_acquisitions"": 12}",2026-08-12T05:54:26Z
exp3_writer,chained,record,12,measured,8,47,0.009423,831537362.1859645,,,"{""sum_rel_diff"": 1.4336011221119537e-16, ""log_entries"": 24, ""n_results"": 12, ""user_lock_acquisitions"": 0}",2026-08-12T05:54:26Z
exp3_writer,chained,lock,12,measured,27,48,0.009543,831537362.1859645,,,"{""sum_rel_diff"": 1.4336011221119537e-16, ""log_entries"": 24, ""n_results"": 12, ""user_lock_acquisitions"": 12}",2026-08-12T05:54:26Z
exp3_writer,chained,writer,12,measured,24,49,0.009124,831537362.1859645,,,"{""sum_rel_diff"": 1.4336011221119537e-16, ""log_entries"": 24, ""n_results"": 12, ""user_lock_acquisitions"": 0}",2026-08-12T05:54:26Z
exp3_writer,chained,lock,12,measured,9,50,0.009308,831537362.1859645,,,"{""sum_rel_diff"": 1.4336011221119537e-16, ""log_entries"": 24, ""n_results"": 12, ""user_lock_acquisitions"": 12}",2026-08-12T05:54:26Z
exp3_writer,chained,lock,12,measured,14,51,0.009158,831537362.1859645,,,"{""sum_rel_diff"": 1.4336011221119537e-16, ""log_entries"": 24, ""n_results"": 12, ""user_lock_acquisitions"": 12}",2026-08-12T05:54:26Z
exp3_writer,chained,writer,12,measured,1,52,0.009253,831537362.1859645,,,"{""sum_rel_diff"": 1.4336011221119537e-16, ""log_entries"": 24, ""n_results"": 12, ""user_lock_acquisitions"": 0}",2026-08-12T05:54:26Z
exp3_writer,chained,indexed,12,measured,25,53,0.009453,831537362.1859645,,,"{""sum_rel_diff"": 1.4336011221119537e-16, ""log_entries"": 24, ""n_results"": 12, ""user_lock_acquisitions"": 0}",2026-08-12T05:54:26Z
exp3_writer,chained,indexed,12,measured,29,54,0.009480,831537362.1859645,,,"{""sum_rel_diff"": 1.4336011221119537e-16, ""log_entries"": 24, ""n_results"": 12, ""user_lock_acquisitions"": 0}",2026-08-12T05:54:26Z
exp3_writer,chained,indexed,12,measured,4,55,0.009434,831537362.1859645,,,"{""sum_rel_diff"": 1.4336011221119537e-16, ""log_entries"": 24, ""n_results"": 12, ""user_lock_acquisitions"": 0}",2026-08-12T05:54:26Z
exp3_writer,chained,record,12,measured,29,56,0.009429,831537362.1859645,,,"{""sum_rel_diff"": 1.4336011221119537e-16, ""log_entries"": 24, ""n_results"": 12, ""user_lock_acquisitions"": 0}",2026-08-12T05:54:26Z
exp3_writer,chained,writer,12,measured,29,57,0.009293,831537362.1859645,,,"{""sum_rel_diff"": 1.4336011221119537e-16, ""log_entries"": 24, ""n_results"": 12, ""user_lock_acquisitions"": 0}",2026-08-12T05:54:26Z
exp3_writer,chained,indexed,12,measured,12,58,0.009476,831537362.1859645,,,"{""sum_rel_diff"": 1.4336011221119537e-16, ""log_entries"": 24, ""n_results"": 12, ""user_lock_acquisitions"": 0}",2026-08-12T05:54:26Z
exp3_writer,chained,lock,12,measured,15,59,0.009659,831537362.1859645,,,"{""sum_rel_diff"": 1.4336011221119537e-16, ""log_entries"": 24, ""n_results"": 12, ""user_lock_acquisitions"": 12}",2026-08-12T05:54:26Z
exp3_writer,chained,record,12,measured,13,60,0.009381,831537362.1859645,,,"{""sum_rel_diff"": 1.4336011221119537e-16, ""log_entries"": 24, ""n_results"": 12, ""user_lock_acquisitions"": 0}",2026-08-12T05:54:26Z
exp3_writer,chained,lock,12,measured,10,61,0.009126,831537362.1859645,,,"{""sum_rel_diff"": 1.4336011221119537e-16, ""log_entries"": 24, ""n_results"": 12, ""user_lock_acquisitions"": 12}",2026-08-12T05:54:26Z
exp3_writer,chained,lock,12,measured,2,62,0.009332,831537362.1859645,,,"{""sum_rel_diff"": 1.4336011221119537e-16, ""log_entries"": 24, ""n_results"": 12, ""user_lock_acquisitions"": 12}",2026-08-12T05:54:26Z
exp3_writer,chained,writer,12,measured,10,63,0.009375,831537362.1859645,,,"{""sum_rel_diff"": 1.4336011221119537e-16, ""log_entries"": 24, ""n_results"": 12, ""user_lock_acquisitions"": 0}",2026-08-12T05:54:26Z
exp3_writer,chained,writer,12,measured,9,64,0.009489,831537362.1859645,,,"{""sum_rel_diff"": 1.4336011221119537e-16, ""log_entries"": 24, ""n_results"": 12, ""user_lock_acquisitions"": 0}",2026-08-12T05:54:26Z
exp3_writer,chained,indexed,12,measured,16,65,0.009189,831537362.1859645,,,"{""sum_rel_diff"": 1.4336011221119537e-16, ""log_entries"": 24, ""n_results"": 12, ""user_lock_acquisitions"": 0}",2026-08-12T05:54:26Z
exp3_writer,chained,lock,12,measured,22,66,0.009323,831537362.1859645,,,"{""sum_rel_diff"": 1.4336011221119537e-16, ""log_entries"": 24, ""n_results"": 12, ""user_lock_acquisitions"": 12}",2026-08-12T05:54:26Z
exp3_writer,chained,writer,12,measured,17,67,0.009551,831537362.1859645,,,"{""sum_rel_diff"": 1.4336011221119537e-16, ""log_entries"": 24, ""n_results"": 12, ""user_lock_acquisitions"": 0}",2026-08-12T05:54:26Z
exp3_writer,chained,record,12,measured,7,68,0.009704,831537362.1859645,,,"{""sum_rel_diff"": 1.4336011221119537e-16, ""log_entries"": 24, ""n_results"": 12, ""user_lock_acquisitions"": 0}",2026-08-12T05:54:26Z
exp3_writer,chained,record,12,measured,6,69,0.009630,831537362.1859645,,,"{""sum_rel_diff"": 1.4336011221119537e-16, ""log_entries"": 24, ""n_results"": 12, ""user_lock_acquisitions"": 0}",2026-08-12T05:54:26Z
exp3_writer,chained,indexed,12,measured,3,70,0.009273,831537362.1859645,,,"{""sum_rel_diff"": 1.4336011221119537e-16, ""log_entries"": 24, ""n_results"": 12, ""user_lock_acquisitions"": 0}",2026-08-12T05:54:26Z
exp3_writer,chained,indexed,12,measured,10,71,0.009398,831537362.1859645,,,"{""sum_rel_diff"": 1.4336011221119537e-16, ""log_entries"": 24, ""n_results"": 12, ""user_lock_acquisitions"": 0}",2026-08-12T05:54:26Z
exp3_writer,chained,record,12,measured,28,72,0.009526,831537362.1859645,,,"{""sum_rel_diff"": 1.4336011221119537e-16, ""log_entries"": 24, ""n_results"": 12, ""user_lock_acquisitions"": 0}",2026-08-12T05:54:26Z
exp3_writer,chained,lock,12,measured,3,73,0.009525,831537362.1859645,,,"{""sum_rel_diff"": 1.4336011221119537e-16, ""log_entries"": 24, ""n_results"": 12, ""user_lock_acquisitions"": 12}",2026-08-12T05:54:26Z
exp3_writer,chained,lock,12,measured,7,74,0.009424,831537362.1859645,,,"{""sum_rel_diff"": 1.4336011221119537e-16, ""log_entries"": 24, ""n_results"": 12, ""user_lock_acquisitions"": 12}",2026-08-12T05:54:27Z
exp3_writer,chained,writer,12,measured,4,75,0.009377,831537362.1859645,,,"{""sum_rel_diff"": 1.4336011221119537e-16, ""log_entries"": 24, ""n_results"": 12, ""user_lock_acquisitions"": 0}",2026-08-12T05:54:27Z
exp3_writer,chained,writer,12,measured,0,76,0.010650,831537362.1859645,,,"{""sum_rel_diff"": 1.4336011221119537e-16, ""log_entries"": 24, ""n_results"": 12, ""user_lock_acquisitions"": 0}",2026-08-12T05:54:27Z
exp3_writer,chained,lock,12,measured,5,77,0.009494,831537362.1859645,,,"{""sum_rel_diff"": 1.4336011221119537e-16, ""log_entries"": 24, ""n_results"": 12, ""user_lock_acquisitions"": 12}",2026-08-12T05:54:27Z
exp3_writer,chained,indexed,12,measured,5,78,0.009305,831537362.1859645,,,"{""sum_rel_diff"": 1.4336011221119537e-16, ""log_entries"": 24, ""n_results"": 12, ""user_lock_acquisitions"": 0}",2026-08-12T05:54:27Z
exp3_writer,chained,lock,12,measured,4,79,0.009361,831537362.1859645,,,"{""sum_rel_diff"": 1.4336011221119537e-16, ""log_entries"": 24, ""n_results"": 12, ""user_lock_acquisitions"": 12}",2026-08-12T05:54:27Z
exp3_writer,chained,lock,12,measured,16,80,0.009236,831537362.1859645,,,"{""sum_rel_diff"": 1.4336011221119537e-16, ""log_entries"": 24, ""n_results"": 12, ""user_lock_acquisitions"": 12}",2026-08-12T05:54:27Z
exp3_writer,chained,record,12,measured,25,81,0.009328,831537362.1859645,,,"{""sum_rel_diff"": 1.4336011221119537e-16, ""log_entries"": 24, ""n_results"": 12, ""user_lock_acquisitions"": 0}",2026-08-12T05:54:27Z
exp3_writer,chained,indexed,12,measured,13,82,0.009051,831537362.1859645,,,"{""sum_rel_diff"": 1.4336011221119537e-16, ""log_entries"": 24, ""n_results"": 12, ""user_lock_acquisitions"": 0}",2026-08-12T05:54:27Z
exp3_writer,chained,writer,12,measured,7,83,0.009308,831537362.1859645,,,"{""sum_rel_diff"": 1.4336011221119537e-16, ""log_entries"": 24, ""n_results"": 12, ""user_lock_acquisitions"": 0}",2026-08-12T05:54:27Z
exp3_writer,chained,writer,12,measured,16,84,0.009397,831537362.1859645,,,"{""sum_rel_diff"": 1.4336011221119537e-16, ""log_entries"": 24, ""n_results"": 12, ""user_lock_acquisitions"": 0}",2026-08-12T05:54:27Z
exp3_writer,chained,writer,12,measured,2,85,0.009493,831537362.1859645,,,"{""sum_rel_diff"": 1.4336011221119537e-16, ""log_entries"": 24, ""n_results"": 12, ""user_lock_acquisitions"": 0}",2026-08-12T05:54:27Z
exp3_writer,chained,lock,12,measured,29,86,0.009109,831537362.1859645,,,"{""sum_rel_diff"": 1.4336011221119537e-16, ""log_entries"": 24, ""n_results"": 12, ""user_lock_acquisitions"": 12}",2026-08-12T05:54:27Z
exp3_writer,chained,record,12,measured,11,87,0.009237,831537362.1859645,,,"{""sum_rel_diff"": 1.4336011221119537e-16, ""log_entries"": 24, ""n_results"": 12, ""user_lock_acquisitions"": 0}",2026-08-12T05:54:27Z
exp3_writer,chained,lock,12,measured,8,88,0.009273,831537362.1859645,,,"{""sum_rel_diff"": 1.4336011221119537e-16, ""log_entries"": 24, ""n_results"": 12, ""user_lock_acquisitions"": 12}",2026-08-12T05:54:27Z
exp3_writer,chained,indexed,12,measured,9,89,0.009780,831537362.1859645,,,"{""sum_rel_diff"": 1.4336011221119537e-16, ""log_entries"": 24, ""n_results"": 12, ""user_lock_acquisitions"": 0}",2026-08-12T05:54:27Z
exp3_writer,chained,writer,12,measured,23,90,0.009450,831537362.1859645,,,"{""sum_rel_diff"": 1.4336011221119537e-16, ""log_entries"": 24, ""n_results"": 12, ""user_lock_acquisitions"": 0}",2026-08-12T05:54:27Z
exp3_writer,chained,record,12,measured,24,91,0.009362,831537362.1859645,,,"{""sum_rel_diff"": 1.4336011221119537e-16, ""log_entries"": 24, ""n_results"": 12, ""user_lock_acquisitions"": 0}",2026-08-12T05:54:27Z
exp3_writer,chained,record,12,measured,21,92,0.009376,831537362.1859645,,,"{""sum_rel_diff"": 1.4336011221119537e-16, ""log_entries"": 24, ""n_results"": 12, ""user_lock_acquisitions"": 0}",2026-08-12T05:54:27Z
exp3_writer,chained,record,12,measured,15,93,0.009416,831537362.1859645,,,"{""sum_rel_diff"": 1.4336011221119537e-16, ""log_entries"": 24, ""n_results"": 12, ""user_lock_acquisitions"": 0}",2026-08-12T05:54:27Z
exp3_writer,chained,record,12,measured,22,94,0.009344,831537362.1859645,,,"{""sum_rel_diff"": 1.4336011221119537e-16, ""log_entries"": 24, ""n_results"": 12, ""user_lock_acquisitions"": 0}",2026-08-12T05:54:27Z
exp3_writer,chained,lock,12,measured,1,95,0.009460,831537362.1859645,,,"{""sum_rel_diff"": 1.4336011221119537e-16, ""log_entries"": 24, ""n_results"": 12, ""user_lock_acquisitions"": 12}",2026-08-12T05:54:27Z
exp3_writer,chained,indexed,12,measured,24,96,0.010021,831537362.1859645,,,"{""sum_rel_diff"": 1.4336011221119537e-16, ""log_entries"": 24, ""n_results"": 12, ""user_lock_acquisitions"": 0}",2026-08-12T05:54:27Z
exp3_writer,chained,lock,12,measured,12,97,0.009743,831537362.1859645,,,"{""sum_rel_diff"": 1.4336011221119537e-16, ""log_entries"": 24, ""n_results"": 12, ""user_lock_acquisitions"": 12}",2026-08-12T05:54:27Z
exp3_writer,chained,record,12,measured,5,98,0.009418,831537362.1859645,,,"{""sum_rel_diff"": 1.4336011221119537e-16, ""log_entries"": 24, ""n_results"": 12, ""user_lock_acquisitions"": 0}",2026-08-12T05:54:27Z
exp3_writer,chained,lock,12,measured,19,99,0.009284,831537362.1859645,,,"{""sum_rel_diff"": 1.4336011221119537e-16, ""log_entries"": 24, ""n_results"": 12, ""user_lock_acquisitions"": 12}",2026-08-12T05:54:27Z
exp3_writer,chained,record,12,measured,14,100,0.009445,831537362.1859645,,,"{""sum_rel_diff"": 1.4336011221119537e-16, ""log_entries"": 24, ""n_results"": 12, ""user_lock_acquisitions"": 0}",2026-08-12T05:54:27Z
exp3_writer,chained,lock,12,measured,23,101,0.009490,831537362.1859645,,,"{""sum_rel_diff"": 1.4336011221119537e-16, ""log_entries"": 24, ""n_results"": 12, ""user_lock_acquisitions"": 12}",2026-08-12T05:54:27Z
exp3_writer,chained,writer,12,measured,3,102,0.009694,831537362.1859645,,,"{""sum_rel_diff"": 1.4336011221119537e-16, ""log_entries"": 24, ""n_results"": 12, ""user_lock_acquisitions"": 0}",2026-08-12T05:54:27Z
exp3_writer,chained,writer,12,measured,25,103,0.009667,831537362.1859645,,,"{""sum_rel_diff"": 1.4336011221119537e-16, ""log_entries"": 24, ""n_results"": 12, ""user_lock_acquisitions"": 0}",2026-08-12T05:54:27Z
exp3_writer,chained,indexed,12,measured,8,104,0.009428,831537362.1859645,,,"{""sum_rel_diff"": 1.4336011221119537e-16, ""log_entries"": 24, ""n_results"": 12, ""user_lock_acquisitions"": 0}",2026-08-12T05:54:27Z
exp3_writer,chained,writer,12,measured,27,105,0.009689,831537362.1859645,,,"{""sum_rel_diff"": 1.4336011221119537e-16, ""log_entries"": 24, ""n_results"": 12, ""user_lock_acquisitions"": 0}",2026-08-12T05:54:27Z
exp3_writer,chained,writer,12,measured,8,106,0.009689,831537362.1859645,,,"{""sum_rel_diff"": 1.4336011221119537e-16, ""log_entries"": 24, ""n_results"": 12, ""user_lock_acquisitions"": 0}",2026-08-12T05:54:27Z
exp3_writer,chained,record,12,measured,4,107,0.009767,831537362.1859645,,,"{""sum_rel_diff"": 1.4336011221119537e-16, ""log_entries"": 24, ""n_results"": 12, ""user_lock_acquisitions"": 0}",2026-08-12T05:54:27Z
exp3_writer,chained,indexed,12,measured,19,108,0.009313,831537362.1859645,,,"{""sum_rel_diff"": 1.4336011221119537e-16, ""log_entries"": 24, ""n_results"": 12, ""user_lock_acquisitions"": 0}",2026-08-12T05:54:27Z
exp3_writer,chained,indexed,12,measured,11,109,0.009437,831537362.1859645,,,"{""sum_rel_diff"": 1.4336011221119537e-16, ""log_entries"": 24, ""n_results"": 12, ""user_lock_acquisitions"": 0}",2026-08-12T05:54:27Z
exp3_writer,chained,indexed,12,measured,1,110,0.009215,831537362.1859645,,,"{""sum_rel_diff"": 1.4336011221119537e-16, ""log_entries"": 24, ""n_results"": 12, ""user_lock_acquisitions"": 0}",2026-08-12T05:54:27Z
exp3_writer,chained,record,12,measured,1,111,0.009315,831537362.1859645,,,"{""sum_rel_diff"": 1.4336011221119537e-16, ""log_entries"": 24, ""n_results"": 12, ""user_lock_acquisitions"": 0}",2026-08-12T05:54:27Z
exp3_writer,chained,indexed,12,measured,22,112,0.009815,831537362.1859645,,,"{""sum_rel_diff"": 1.4336011221119537e-16, ""log_entries"": 24, ""n_results"": 12, ""user_lock_acquisitions"": 0}",2026-08-12T05:54:27Z
exp3_writer,chained,indexed,12,measured,18,113,0.009363,831537362.1859645,,,"{""sum_rel_diff"": 1.4336011221119537e-16, ""log_entries"": 24, ""n_results"": 12, ""user_lock_acquisitions"": 0}",2026-08-12T05:54:27Z
exp3_writer,chained,writer,12,measured,11,114,0.009526,831537362.1859645,,,"{""sum_rel_diff"": 1.4336011221119537e-16, ""log_entries"": 24, ""n_results"": 12, ""user_lock_acquisitions"": 0}",2026-08-12T05:54:27Z
exp3_writer,chained,indexed,12,measured,15,115,0.009253,831537362.1859645,,,"{""sum_rel_diff"": 1.4336011221119537e-16, ""log_entries"": 24, ""n_results"": 12, ""user_lock_acquisitions"": 0}",2026-08-12T05:54:27Z
exp3_writer,chained,record,12,measured,19,116,0.009561,831537362.1859645,,,"{""sum_rel_diff"": 1.4336011221119537e-16, ""log_entries"": 24, ""n_results"": 12, ""user_lock_acquisitions"": 0}",2026-08-12T05:54:27Z
exp3_writer,chained,indexed,12,measured,28,117,0.009463,831537362.1859645,,,"{""sum_rel_diff"": 1.4336011221119537e-16, ""log_entries"": 24, ""n_results"": 12, ""user_lock_acquisitions"": 0}",2026-08-12T05:54:27Z
exp3_writer,chained,record,12,measured,10,118,0.009848,831537362.1859645,,,"{""sum_rel_diff"": 1.4336011221119537e-16, ""log_entries"": 24, ""n_results"": 12, ""user_lock_acquisitions"": 0}",2026-08-12T05:54:27Z
exp3_writer,chained,writer,12,measured,14,119,0.009505,831537362.1859645,,,"{""sum_rel_diff"": 1.4336011221119537e-16, ""log_entries"": 24, ""n_results"": 12, ""user_lock_acquisitions"": 0}",2026-08-12T05:54:27Z
exp3_writer,chained,lock,12,measured,25,120,0.009475,831537362.1859645,,,"{""sum_rel_diff"": 1.4336011221119537e-16, ""log_entries"": 24, ""n_results"": 12, ""user_lock_acquisitions"": 12}",2026-08-12T05:54:27Z
exp3_writer,chained,record,12,measured,18,121,0.009500,831537362.1859645,,,"{""sum_rel_diff"": 1.4336011221119537e-16, ""log_entries"": 24, ""n_results"": 12, ""user_lock_acquisitions"": 0}",2026-08-12T05:54:27Z
exp3_writer,chained,writer,12,measured,22,122,0.009773,831537362.1859645,,,"{""sum_rel_diff"": 1.4336011221119537e-16, ""log_entries"": 24, ""n_results"": 12, ""user_lock_acquisitions"": 0}",2026-08-12T05:54:27Z
exp3_writer,chained,lock,12,measured,18,123,0.009431,831537362.1859645,,,"{""sum_rel_diff"": 1.4336011221119537e-16, ""log_entries"": 24, ""n_results"": 12, ""user_lock_acquisitions"": 12}",2026-08-12T05:54:27Z
exp3_writer,chained,record,12,measured,12,124,0.009593,831537362.1859645,,,"{""sum_rel_diff"": 1.4336011221119537e-16, ""log_entries"": 24, ""n_results"": 12, ""user_lock_acquisitions"": 0}",2026-08-12T05:54:27Z
exp3_writer,chained,record,12,measured,16,125,0.009205,831537362.1859645,,,"{""sum_rel_diff"": 1.4336011221119537e-16, ""log_entries"": 24, ""n_results"": 12, ""user_lock_acquisitions"": 0}",2026-08-12T05:54:27Z
exp3_writer,chained,indexed,12,measured,7,126,0.009261,831537362.1859645,,,"{""sum_rel_diff"": 1.4336011221119537e-16, ""log_entries"": 24, ""n_results"": 12, ""user_lock_acquisitions"": 0}",2026-08-12T05:54:27Z
exp3_writer,chained,writer,12,measured,18,127,0.009139,831537362.1859645,,,"{""sum_rel_diff"": 1.4336011221119537e-16, ""log_entries"": 24, ""n_results"": 12, ""user_lock_acquisitions"": 0}",2026-08-12T05:54:27Z
exp3_writer,chained,lock,12,measured,21,128,0.009495,831537362.1859645,,,"{""sum_rel_diff"": 1.4336011221119537e-16, ""log_entries"": 24, ""n_results"": 12, ""user_lock_acquisitions"": 12}",2026-08-12T05:54:27Z
exp3_writer,chained,record,12,measured,2,129,0.009244,831537362.1859645,,,"{""sum_rel_diff"": 1.4336011221119537e-16, ""log_entries"": 24, ""n_results"": 12, ""user_lock_acquisitions"": 0}",2026-08-12T05:54:27Z
exp3_writer,chained,writer,12,measured,5,130,0.009207,831537362.1859645,,,"{""sum_rel_diff"": 1.4336011221119537e-16, ""log_entries"": 24, ""n_results"": 12, ""user_lock_acquisitions"": 0}",2026-08-12T05:54:27Z
exp3_writer,chained,indexed,12,measured,14,131,0.009340,831537362.1859645,,,"{""sum_rel_diff"": 1.4336011221119537e-16, ""log_entries"": 24, ""n_results"": 12, ""user_lock_acquisitions"": 0}",2026-08-12T05:54:27Z
exp3_writer,chained,lock,14,warmup,1,0,0.008873,831537362.1859643,,,"{""sum_rel_diff"": 0.0, ""log_entries"": 28, ""n_results"": 14, ""user_lock_acquisitions"": 14}",2026-08-12T05:54:27Z
exp3_writer,chained,indexed,14,warmup,0,1,0.008916,831537362.1859643,,,"{""sum_rel_diff"": 0.0, ""log_entries"": 28, ""n_results"": 14, ""user_lock_acquisitions"": 0}",2026-08-12T05:54:27Z
exp3_writer,chained,writer,14,warmup,1,2,0.008697,831537362.1859643,,,"{""sum_rel_diff"": 0.0, ""log_entries"": 28, ""n_results"": 14, ""user_lock_acquisitions"": 0}",2026-08-12T05:54:27Z
exp3_writer,chained,lock,14,warmup,0,3,0.008590,831537362.1859643,,,"{""sum_rel_diff"": 0.0, ""log_entries"": 28, ""n_results"": 14, ""user_lock_acquisitions"": 14}",2026-08-12T05:54:27Z
exp3_writer,chained,indexed,14,warmup,2,4,0.008593,831537362.1859643,,,"{""sum_rel_diff"": 0.0, ""log_entries"": 28, ""n_results"": 14, ""user_lock_acquisitions"": 0}",2026-08-12T05:54:27Z
exp3_writer,chained,record,14,warmup,1,5,0.008423,831537362.1859643,,,"{""sum_rel_diff"": 0.0, ""log_entries"": 28, ""n_results"": 14, ""user_lock_acquisitions"": 0}",2026-08-12T05:54:27Z
exp3_writer,chained,record,14,warmup,0,6,0.008640,831537362.1859643,,,"{""sum_rel_diff"": 0.0, ""log_entries"": 28, ""n_results"": 14, ""user_lock_acquisitions"": 0}",2026-08-12T05:54:27Z
exp3_writer,chained,indexed,14,warmup,1,7,0.008544,831537362.1859643,,,"{""sum_rel_diff"": 0.0, ""log_entries"": 28, ""n_results"": 14, ""user_lock_acquisitions"": 0}",2026-08-12T05:54:27Z
exp3_writer,chained,record,14,warmup,2,8,0.008429,831537362.1859643,,,"{""sum_rel_diff"": 0.0, ""log_entries"": 28, ""n_results"": 14, ""user_lock_acquisitions"": 0}",2026-08-12T05:54:27Z
exp3_writer,chained,writer,14,warmup,0,9,0.008661,831537362.1859643,,,"{""sum_rel_diff"": 0.0, ""log_entries"": 28, ""n_results"": 14, ""user_lock_acquisitions"": 0}",2026-08-12T05:54:27Z
exp3_writer,chained,lock,14,warmup,2,10,0.008469,831537362.1859643,,,"{""sum_rel_diff"": 0.0, ""log_entries"": 28, ""n_results"": 14, ""user_lock_acquisitions"": 14}",2026-08-12T05:54:27Z
exp3_writer,chained,writer,14,warmup,2,11,0.008430,831537362.1859643,,,"{""sum_rel_diff"": 0.0, ""log_entries"": 28, ""n_results"": 14, ""user_lock_acquisitions"": 0}",2026-08-12T05:54:27Z
exp3_writer,chained,lock,14,measured,26,12,0.008510,831537362.1859643,,,"{""sum_rel_diff"": 0.0, ""log_entries"": 28, ""n_results"": 14, ""user_lock_acquisitions"": 14}",2026-08-12T05:54:27Z
exp3_writer,chained,record,14,measured,2,13,0.008614,831537362.1859643,,,"{""sum_rel_diff"": 0.0, ""log_entries"": 28, ""n_results"": 14, ""user_lock_acquisitions"": 0}",2026-08-12T05:54:27Z
exp3_writer,chained,writer,14,measured,16,14,0.008585,831537362.1859643,,,"{""sum_rel_diff"": 0.0, ""log_entries"": 28, ""n_results"": 14, ""user_lock_acquisitions"": 0}",2026-08-12T05:54:27Z
exp3_writer,chained,indexed,14,measured,18,15,0.008602,831537362.1859643,,,"{""sum_rel_diff"": 0.0, ""log_entries"": 28, ""n_results"": 14, ""user_lock_acquisitions"": 0}",2026-08-12T05:54:27Z
exp3_writer,chained,indexed,14,measured,28,16,0.008497,831537362.1859643,,,"{""sum_rel_diff"": 0.0, ""log_entries"": 28, ""n_results"": 14, ""user_lock_acquisitions"": 0}",2026-08-12T05:54:27Z
exp3_writer,chained,indexed,14,measured,24,17,0.008578,831537362.1859643,,,"{""sum_rel_diff"": 0.0, ""log_entries"": 28, ""n_results"": 14, ""user_lock_acquisitions"": 0}",2026-08-12T05:54:27Z
exp3_writer,chained,record,14,measured,17,18,0.008488,831537362.1859643,,,"{""sum_rel_diff"": 0.0, ""log_entries"": 28, ""n_results"": 14, ""user_lock_acquisitions"": 0}",2026-08-12T05:54:27Z
exp3_writer,chained,indexed,14,measured,23,19,0.008979,831537362.1859643,,,"{""sum_rel_diff"": 0.0, ""log_entries"": 28, ""n_results"": 14, ""user_lock_acquisitions"": 0}",2026-08-12T05:54:27Z
exp3_writer,chained,lock,14,measured,19,20,0.008870,831537362.1859643,,,"{""sum_rel_diff"": 0.0, ""log_entries"": 28, ""n_results"": 14, ""user_lock_acquisitions"": 14}",2026-08-12T05:54:27Z
exp3_writer,chained,writer,14,measured,1,21,0.008638,831537362.1859643,,,"{""sum_rel_diff"": 0.0, ""log_entries"": 28, ""n_results"": 14, ""user_lock_acquisitions"": 0}",2026-08-12T05:54:27Z
exp3_writer,chained,record,14,measured,5,22,0.008370,831537362.1859643,,,"{""sum_rel_diff"": 0.0, ""log_entries"": 28, ""n_results"": 14, ""user_lock_acquisitions"": 0}",2026-08-12T05:54:27Z
exp3_writer,chained,lock,14,measured,17,23,0.008389,831537362.1859643,,,"{""sum_rel_diff"": 0.0, ""log_entries"": 28, ""n_results"": 14, ""user_lock_acquisitions"": 14}",2026-08-12T05:54:27Z
exp3_writer,chained,indexed,14,measured,1,24,0.008293,831537362.1859643,,,"{""sum_rel_diff"": 0.0, ""log_entries"": 28, ""n_results"": 14, ""user_lock_acquisitions"": 0}",2026-08-12T05:54:27Z
exp3_writer,chained,lock,14,measured,14,25,0.008438,831537362.1859643,,,"{""sum_rel_diff"": 0.0, ""log_entries"": 28, ""n_results"": 14, ""user_lock_acquisitions"": 14}",2026-08-12T05:54:27Z
exp3_writer,chained,indexed,14,measured,13,26,0.008544,831537362.1859643,,,"{""sum_rel_diff"": 0.0, ""log_entries"": 28, ""n_results"": 14, ""user_lock_acquisitions"": 0}",2026-08-12T05:54:27Z
exp3_writer,chained,writer,14,measured,28,27,0.008436,831537362.1859643,,,"{""sum_rel_diff"": 0.0, ""log_entries"": 28, ""n_results"": 14, ""user_lock_acquisitions"": 0}",2026-08-12T05:54:27Z
exp3_writer,chained,indexed,14,measured,20,28,0.008376,831537362.1859643,,,"{""sum_rel_diff"": 0.0, ""log_entries"": 28, ""n_results"": 14, ""user_lock_acquisitions"": 0}",2026-08-12T05:54:27Z
exp3_writer,chained,writer,14,measured,6,29,0.008946,831537362.1859643,,,"{""sum_rel_diff"": 0.0, ""log_entries"": 28, ""n_results"": 14, ""user_lock_acquisitions"": 0}",2026-08-12T05:54:27Z
exp3_writer,chained,indexed,14,measured,11,30,0.008539,831537362.1859643,,,"{""sum_rel_diff"": 0.0, ""log_entries"": 28, ""n_results"": 14, ""user_lock_acquisitions"": 0}",2026-08-12T05:54:27Z
exp3_writer,chained,writer,14,measured,22,31,0.009102,831537362.1859643,,,"{""sum_rel_diff"": 0.0, ""log_entries"": 28, ""n_results"": 14, ""user_lock_acquisitions"": 0}",2026-08-12T05:54:27Z
exp3_writer,chained,writer,14,measured,9,32,0.009592,831537362.1859643,,,"{""sum_rel_diff"": 0.0, ""log_entries"": 28, ""n_results"": 14, ""user_lock_acquisitions"": 0}",2026-08-12T05:54:27Z
exp3_writer,chained,record,14,measured,10,33,0.008816,831537362.1859643,,,"{""sum_rel_diff"": 0.0, ""log_entries"": 28, ""n_results"": 14, ""user_lock_acquisitions"": 0}",2026-08-12T05:54:27Z
exp3_writer,chained,indexed,14,measured,4,34,0.008642,831537362.1859643,,,"{""sum_rel_diff"": 0.0, ""log_entries"": 28, ""n_results"": 14, ""user_lock_acquisitions"": 0}",2026-08-12T05:54:27Z
exp3_writer,chained,lock,14,measured,1,35,0.008507,831537362.1859643,,,"{""sum_rel_diff"": 0.0, ""log_entries"": 28, ""n_results"": 14, ""user_lock_acquisitions"": 14}",2026-08-12T05:54:27Z
exp3_writer,chained,lock,14,measured,12,36,0.008692,831537362.1859643,,,"{""sum_rel_diff"": 0.0, ""log_entries"": 28, ""n_results"": 14, ""user_lock_acquisitions"": 14}",2026-08-12T05:54:27Z
exp3_writer,chained,record,14,measured,6,37,0.008663,831537362.1859643,,,"{""sum_rel_diff"": 0.0, ""log_entries"": 28, ""n_results"": 14, ""user_lock_acquisitions"": 0}",2026-08-12T05:54:27Z
exp3_writer,chained,record,14,measured,25,38,0.008346,831537362.1859643,,,"{""sum_rel_diff"": 0.0, ""log_entries"": 28, ""n_results"": 14, ""user_lock_acquisitions"": 0}",2026-08-12T05:54:27Z
exp3_writer,chained,lock,14,measured,5,39,0.008245,831537362.1859643,,,"{""sum_rel_diff"": 0.0, ""log_entries"": 28, ""n_results"": 14, ""user_lock_acquisitions"": 14}",2026-08-12T05:54:27Z
exp3_writer,chained,lock,14,measured,16,40,0.008668,831537362.1859643,,,"{""sum_rel_diff"": 0.0, ""log_entries"": 28, ""n_results"": 14, ""user_lock_acquisitions"": 14}",2026-08-12T05:54:27Z
exp3_writer,chained,writer,14,measured,24,41,0.008876,831537362.1859643,,,"{""sum_rel_diff"": 0.0, ""log_entries"": 28, ""n_results"": 14, ""user_lock_acquisitions"": 0}",2026-08-12T05:54:27Z
exp3_writer,chained,writer,14,measured,7,42,0.008688,831537362.1859643,,,"{""sum_rel_diff"": 0.0, ""log_entries"": 28, ""n_results"": 14, ""user_lock_acquisitions"": 0}",2026-08-12T05:54:27Z
exp3_writer,chained,record,14,measured,27,43,0.009926,831537362.1859643,,,"{""sum_rel_diff"": 0.0, ""log_entries"": 28, ""n_results"": 14, ""user_lock_acquisitions"": 0}",2026-08-12T05:54:27Z
exp3_writer,chained,lock,14,measured,0,44,0.008596,831537362.1859643,,,"{""sum_rel_diff"": 0.0, ""log_entries"": 28, ""n_results"": 14, ""user_lock_acquisitions"": 14}",2026-08-12T05:54:27Z
exp3_writer,chained,indexed,14,measured,2,45,0.008274,831537362.1859643,,,"{""sum_rel_diff"": 0.0, ""log_entries"": 28, ""n_results"": 14, ""user_lock_acquisitions"": 0}",2026-08-12T05:54:27Z
exp3_writer,chained,indexed,14,measured,10,46,0.008353,831537362.1859643,,,"{""sum_rel_diff"": 0.0, ""log_entries"": 28, ""n_results"": 14, ""user_lock_acquisitions"": 0}",2026-08-12T05:54:27Z
exp3_writer,chained,lock,14,measured,21,47,0.008433,831537362.1859643,,,"{""sum_rel_diff"": 0.0, ""log_entries"": 28, ""n_results"": 14, ""user_lock_acquisitions"": 14}",2026-08-12T05:54:27Z
exp3_writer,chained,lock,14,measured,29,48,0.008525,831537362.1859643,,,"{""sum_rel_diff"": 0.0, ""log_entries"": 28, ""n_results"": 14, ""user_lock_acquisitions"": 14}",2026-08-12T05:54:27Z
exp3_writer,chained,lock,14,measured,11,49,0.008512,831537362.1859643,,,"{""sum_rel_diff"": 0.0, ""log_entries"": 28, ""n_results"": 14, ""user_lock_acquisitions"": 14}",2026-08-12T05:54:27Z
exp3_writer,chained,record,14,measured,29,50,0.008474,831537362.1859643,,,"{""sum_rel_diff"": 0.0, ""log_entries"": 28, ""n_results"": 14, ""user_lock_acquisitions"": 0}",2026-08-12T05:54:27Z
exp3_writer,chained,record,14,measured,20,51,0.008365,831537362.1859643,,,"{""sum_rel_diff"": 0.0, ""log_entries"": 28, ""n_results"": 14, ""user_lock_acquisitions"": 0}",2026-08-12T05:54:28Z
exp3_writer,chained,indexed,14,measured,26,52,0.008458,831537362.1859643,,,"{""sum_rel_diff"": 0.0, ""log_entries"": 28, ""n_results"": 14, ""user_lock_acquisitions"": 0}",2026-08-12T05:54:28Z
exp3_writer,chained,lock,14,measured,4,53,0.008575,831537362.1859643,,,"{""sum_rel_diff"": 0.0, ""log_entries"": 28, ""n_results"": 14, ""user_lock_acquisitions"": 14}",2026-08-12T05:54:28Z
exp3_writer,chained,indexed,14,measured,19,54,0.008907,831537362.1859643,,,"{""sum_rel_diff"": 0.0, ""log_entries"": 28, ""n_results"": 14, ""user_lock_acquisitions"": 0}",2026-08-12T05:54:28Z
exp3_writer,chained,record,14,measured,9,55,0.008386,831537362.1859643,,,"{""sum_rel_diff"": 0.0, ""log_entries"": 28, ""n_results"": 14, ""user_lock_acquisitions"": 0}",2026-08-12T05:54:28Z
exp3_writer,chained,record,14,measured,12,56,0.008388,831537362.1859643,,,"{""sum_rel_diff"": 0.0, ""log_entries"": 28, ""n_results"": 14, ""user_lock_acquisitions"": 0}",2026-08-12T05:54:28Z
exp3_writer,chained,writer,14,measured,21,57,0.008516,831537362.1859643,,,"{""sum_rel_diff"": 0.0, ""log_entries"": 28, ""n_results"": 14, ""user_lock_acquisitions"": 0}",2026-08-12T05:54:28Z
exp3_writer,chained,writer,14,measured,3,58,0.008502,831537362.1859643,,,"{""sum_rel_diff"": 0.0, ""log_entries"": 28, ""n_results"": 14, ""user_lock_acquisitions"": 0}",2026-08-12T05:54:28Z
exp3_writer,chained,writer,14,measured,11,59,0.008485,831537362.1859643,,,"{""sum_rel_diff"": 0.0, ""log_entries"": 28, ""n_results"": 14, ""user_lock_acquisitions"": 0}",2026-08-12T05:54:28Z
exp3_writer,chained,record,14,measured,19,60,0.008592,831537362.1859643,,,"{""sum_rel_diff"": 0.0, ""log_entries"": 28, ""n_results"": 14, ""user_lock_acquisitions"": 0}",2026-08-12T05:54:28Z
exp3_writer,chained,lock,14,measured,24,61,0.008439,831537362.1859643,,,"{""sum_rel_diff"": 0.0, ""log_entries"": 28, ""n_results"": 14, ""user_lock_acquisitions"": 14}",2026-08-12T05:54:28Z
exp3_writer,chained,record,14,measured,24,62,0.008736,831537362.1859643,,,"{""sum_rel_diff"": 0.0, ""log_entries"": 28, ""n_results"": 14, ""user_lock_acquisitions"": 0}",2026-08-12T05:54:28Z
exp3_writer,chained,writer,14,measured,13,63,0.008480,831537362.1859643,,,"{""sum_rel_diff"": 0.0, ""log_entries"": 28, ""n_results"": 14, ""user_lock_acquisitions"": 0}",2026-08-12T05:54:28Z
exp3_writer,chained,writer,14,measured,12,64,0.008487,831537362.1859643,,,"{""sum_rel_diff"": 0.0, ""log_entries"": 28, ""n_results"": 14, ""user_lock_acquisitions"": 0}",2026-08-12T05:54:28Z
exp3_writer,chained,writer,14,measured,8,65,0.008447,831537362.1859643,,,"{""sum_rel_diff"": 0.0, ""log_entries"": 28, ""n_results"": 14, ""user_lock_acquisitions"": 0}",2026-08-12T05:54:28Z
exp3_writer,chained,indexed,14,measured,16,66,0.008892,831537362.1859643,,,"{""sum_rel_diff"": 0.0, ""log_entries"": 28, ""n_results"": 14, ""user_lock_acquisitions"": 0}",2026-08-12T05:54:28Z
exp3_writer,chained,lock,14,measured,3,67,0.008682,831537362.1859643,,,"{""sum_rel_diff"": 0.0, ""log_entries"": 28, ""n_results"": 14, ""user_lock_acquisitions"": 14}",2026-08-12T05:54:28Z
exp3_writer,chained,lock,14,measured,25,68,0.008508,831537362.1859643,,,"{""sum_rel_diff"": 0.0, ""log_entries"": 28, ""n_results"": 14, ""user_lock_acquisitions"": 14}",2026-08-12T05:54:28Z
exp3_writer,chained,indexed,14,measured,5,69,0.008421,831537362.1859643,,,"{""sum_rel_diff"": 0.0, ""log_entries"": 28, ""n_results"": 14, ""user_lock_acquisitions"": 0}",2026-08-12T05:54:28Z
exp3_writer,chained,lock,14,measured,7,70,0.008466,831537362.1859643,,,"{""sum_rel_diff"": 0.0, ""log_entries"": 28, ""n_results"": 14, ""user_lock_acquisitions"": 14}",2026-08-12T05:54:28Z
exp3_writer,chained,indexed,14,measured,3,71,0.008471,831537362.1859643,,,"{""sum_rel_diff"": 0.0, ""log_entries"": 28, ""n_results"": 14, ""user_lock_acquisitions"": 0}",2026-08-12T05:54:28Z
exp3_writer,chained,writer,14,measured,26,72,0.008664,831537362.1859643,,,"{""sum_rel_diff"": 0.0, ""log_entries"": 28, ""n_results"": 14, ""user_lock_acquisitions"": 0}",2026-08-12T05:54:28Z
exp3_writer,chained,record,14,measured,28,73,0.008191,831537362.1859643,,,"{""sum_rel_diff"": 0.0, ""log_entries"": 28, ""n_results"": 14, ""user_lock_acquisitions"": 0}",2026-08-12T05:54:28Z
exp3_writer,chained,record,14,measured,26,74,0.008384,831537362.1859643,,,"{""sum_rel_diff"": 0.0, ""log_entries"": 28, ""n_results"": 14, ""user_lock_acquisitions"": 0}",2026-08-12T05:54:28Z
exp3_writer,chained,writer,14,measured,5,75,0.008244,831537362.1859643,,,"{""sum_rel_diff"": 0.0, ""log_entries"": 28, ""n_results"": 14, ""user_lock_acquisitions"": 0}",2026-08-12T05:54:28Z
exp3_writer,chained,indexed,14,measured,22,76,0.009309,831537362.1859643,,,"{""sum_rel_diff"": 0.0, ""log_entries"": 28, ""n_results"": 14, ""user_lock_acquisitions"": 0}",2026-08-12T05:54:28Z
exp3_writer,chained,indexed,14,measured,9,77,0.008303,831537362.1859643,,,"{""sum_rel_diff"": 0.0, ""log_entries"": 28, ""n_results"": 14, ""user_lock_acquisitions"": 0}",2026-08-12T05:54:28Z
exp3_writer,chained,lock,14,measured,18,78,0.008740,831537362.1859643,,,"{""sum_rel_diff"": 0.0, ""log_entries"": 28, ""n_results"": 14, ""user_lock_acquisitions"": 14}",2026-08-12T05:54:28Z
exp3_writer,chained,record,14,measured,7,79,0.008538,831537362.1859643,,,"{""sum_rel_diff"": 0.0, ""log_entries"": 28, ""n_results"": 14, ""user_lock_acquisitions"": 0}",2026-08-12T05:54:28Z
exp3_writer,chained,writer,14,measured,20,80,0.008271,831537362.1859643,,,"{""sum_rel_diff"": 0.0, ""log_entries"": 28, ""n_results"": 14, ""user_lock_acquisitions"": 0}",2026-08-12T05:54:28Z
exp3_writer,chained,writer,14,measured,18,81,0.008625,831537362.1859643,,,"{""sum_rel_diff"": 0.0, ""log_entries"": 28, ""n_results"": 14, ""user_lock_acquisitions"": 0}",2026-08-12T05:54:28Z
exp3_writer,chained,record,14,measured,15,82,0.008348,831537362.1859643,,,"{""sum_rel_diff"": 0.0, ""log_entries"": 28, ""n_results"": 14, ""user_lock_acquisitions"": 0}",2026-08-12T05:54:28Z
exp3_writer,chained,writer,14,measured,0,83,0.008656,831537362.1859643,,,"{""sum_rel_diff"": 0.0, ""log_entries"": 28, ""n_results"": 14, ""user_lock_acquisitions"": 0}",2026-08-12T05:54:28Z
exp3_writer,chained,indexed,14,measured,6,84,0.008797,831537362.1859643,,,"{""sum_rel_diff"": 0.0, ""log_entries"": 28, ""n_results"": 14, ""user_lock_acquisitions"": 0}",2026-08-12T05:54:28Z
exp3_writer,chained,lock,14,measured,2,85,0.008521,831537362.1859643,,,"{""sum_rel_diff"": 0.0, ""log_entries"": 28, ""n_results"": 14, ""user_lock_acquisitions"": 14}",2026-08-12T05:54:28Z
exp3_writer,chained,writer,14,measured,25,86,0.008394,831537362.1859643,,,"{""sum_rel_diff"": 0.0, ""log_entries"": 28, ""n_results"": 14, ""user_lock_acquisitions"": 0}",2026-08-12T05:54:28Z
exp3_writer,chained,indexed,14,measured,0,87,0.008507,831537362.1859643,,,"{""sum_rel_diff"": 0.0, ""log_entries"": 28, ""n_results"": 14, ""user_lock_acquisitions"": 0}",2026-08-12T05:54:28Z
exp3_writer,chained,lock,14,measured,28,88,0.008685,831537362.1859643,,,"{""sum_rel_diff"": 0.0, ""log_entries"": 28, ""n_results"": 14, ""user_lock_acquisitions"": 14}",2026-08-12T05:54:28Z
exp3_writer,chained,record,14,measured,21,89,0.008515,831537362.1859643,,,"{""sum_rel_diff"": 0.0, ""log_entries"": 28, ""n_results"": 14, ""user_lock_acquisitions"": 0}",2026-08-12T05:54:28Z
exp3_writer,chained,writer,14,measured,14,90,0.008555,831537362.1859643,,,"{""sum_rel_diff"": 0.0, ""log_entries"": 28, ""n_results"": 14, ""user_lock_acquisitions"": 0}",2026-08-12T05:54:28Z
exp3_writer,chained,indexed,14,measured,25,91,0.008625,831537362.1859643,,,"{""sum_rel_diff"": 0.0, ""log_entries"": 28, ""n_results"": 14, ""user_lock_acquisitions"": 0}",2026-08-12T05:54:28Z
exp3_writer,chained,lock,14,measured,27,92,0.008621,831537362.1859643,,,"{""sum_rel_diff"": 0.0, ""log_entries"": 28, ""n_results"": 14, ""user_lock_acquisitions"": 14}",2026-08-12T05:54:28Z
exp3_writer,chained,writer,14,measured,2,93,0.010807,831537362.1859643,,,"{""sum_rel_diff"": 0.0, ""log_entries"": 28, ""n_results"": 14, ""user_lock_acquisitions"": 0}",2026-08-12T05:54:28Z
exp3_writer,chained,record,14,measured,14,94,0.008625,831537362.1859643,,,"{""sum_rel_diff"": 0.0, ""log_entries"": 28, ""n_results"": 14, ""user_lock_acquisitions"": 0}",2026-08-12T05:54:28Z
exp3_writer,chained,record,14,measured,18,95,0.008342,831537362.1859643,,,"{""sum_rel_diff"": 0.0, ""log_entries"": 28, ""n_results"": 14, ""user_lock_acquisitions"": 0}",2026-08-12T05:54:28Z
exp3_writer,chained,record,14,measured,23,96,0.008559,831537362.1859643,,,"{""sum_rel_diff"": 0.0, ""log_entries"": 28, ""n_results"": 14, ""user_lock_acquisitions"": 0}",2026-08-12T05:54:28Z
exp3_writer,chained,lock,14,measured,23,97,0.008671,831537362.1859643,,,"{""sum_rel_diff"": 0.0, ""log_entries"": 28, ""n_results"": 14, ""user_lock_acquisitions"": 14}",2026-08-12T05:54:28Z
exp3_writer,chained,lock,14,measured,22,98,0.008677,831537362.1859643,,,"{""sum_rel_diff"": 0.0, ""log_entries"": 28, ""n_results"": 14, ""user_lock_acquisitions"": 14}",2026-08-12T05:54:28Z
exp3_writer,chained,indexed,14,measured,14,99,0.008373,831537362.1859643,,,"{""sum_rel_diff"": 0.0, ""log_entries"": 28, ""n_results"": 14, ""user_lock_acquisitions"": 0}",2026-08-12T05:54:28Z
exp3_writer,chained,record,14,measured,13,100,0.008456,831537362.1859643,,,"{""sum_rel_diff"": 0.0, ""log_entries"": 28, ""n_results"": 14, ""user_lock_acquisitions"": 0}",2026-08-12T05:54:28Z
exp3_writer,chained,writer,14,measured,4,101,0.008255,831537362.1859643,,,"{""sum_rel_diff"": 0.0, ""log_entries"": 28, ""n_results"": 14, ""user_lock_acquisitions"": 0}",2026-08-12T05:54:28Z
exp3_writer,chained,lock,14,measured,10,102,0.008396,831537362.1859643,,,"{""sum_rel_diff"": 0.0, ""log_entries"": 28, ""n_results"": 14, ""user_lock_acquisitions"": 14}",2026-08-12T05:54:28Z
exp3_writer,chained,lock,14,measured,20,103,0.008313,831537362.1859643,,,"{""sum_rel_diff"": 0.0, ""log_entries"": 28, ""n_results"": 14, ""user_lock_acquisitions"": 14}",2026-08-12T05:54:28Z
exp3_writer,chained,record,14,measured,8,104,0.008231,831537362.1859643,,,"{""sum_rel_diff"": 0.0, ""log_entries"": 28, ""n_results"": 14, ""user_lock_acquisitions"": 0}",2026-08-12T05:54:28Z
exp3_writer,chained,record,14,measured,3,105,0.008377,831537362.1859643,,,"{""sum_rel_diff"": 0.0, ""log_entries"": 28, ""n_results"": 14, ""user_lock_acquisitions"": 0}",2026-08-12T05:54:28Z
exp3_writer,chained,lock,14,measured,13,106,0.008333,831537362.1859643,,,"{""sum_rel_diff"": 0.0, ""log_entries"": 28, ""n_results"": 14, ""user_lock_acquisitions"": 14}",2026-08-12T05:54:28Z
exp3_writer,chained,record,14,measured,16,107,0.008462,831537362.1859643,,,"{""sum_rel_diff"": 0.0, ""log_entries"": 28, ""n_results"": 14, ""user_lock_acquisitions"": 0}",2026-08-12T05:54:28Z
exp3_writer,chained,writer,14,measured,27,108,0.008923,831537362.1859643,,,"{""sum_rel_diff"": 0.0, ""log_entries"": 28, ""n_results"": 14, ""user_lock_acquisitions"": 0}",2026-08-12T05:54:28Z
exp3_writer,chained,record,14,measured,1,109,0.008737,831537362.1859643,,,"{""sum_rel_diff"": 0.0, ""log_entries"": 28, ""n_results"": 14, ""user_lock_acquisitions"": 0}",2026-08-12T05:54:28Z
exp3_writer,chained,indexed,14,measured,7,110,0.009038,831537362.1859643,,,"{""sum_rel_diff"": 0.0, ""log_entries"": 28, ""n_results"": 14, ""user_lock_acquisitions"": 0}",2026-08-12T05:54:28Z
exp3_writer,chained,writer,14,measured,17,111,0.008449,831537362.1859643,,,"{""sum_rel_diff"": 0.0, ""log_entries"": 28, ""n_results"": 14, ""user_lock_acquisitions"": 0}",2026-08-12T05:54:28Z
exp3_writer,chained,lock,14,measured,6,112,0.008271,831537362.1859643,,,"{""sum_rel_diff"": 0.0, ""log_entries"": 28, ""n_results"": 14, ""user_lock_acquisitions"": 14}",2026-08-12T05:54:28Z
exp3_writer,chained,record,14,measured,22,113,0.008236,831537362.1859643,,,"{""sum_rel_diff"": 0.0, ""log_entries"": 28, ""n_results"": 14, ""user_lock_acquisitions"": 0}",2026-08-12T05:54:28Z
exp3_writer,chained,writer,14,measured,23,114,0.008539,831537362.1859643,,,"{""sum_rel_diff"": 0.0, ""log_entries"": 28, ""n_results"": 14, ""user_lock_acquisitions"": 0}",2026-08-12T05:54:28Z
exp3_writer,chained,indexed,14,measured,17,115,0.008451,831537362.1859643,,,"{""sum_rel_diff"": 0.0, ""log_entries"": 28, ""n_results"": 14, ""user_lock_acquisitions"": 0}",2026-08-12T05:54:28Z
exp3_writer,chained,indexed,14,measured,27,116,0.008345,831537362.1859643,,,"{""sum_rel_diff"": 0.0, ""log_entries"": 28, ""n_results"": 14, ""user_lock_acquisitions"": 0}",2026-08-12T05:54:28Z
exp3_writer,chained,writer,14,measured,19,117,0.008361,831537362.1859643,,,"{""sum_rel_diff"": 0.0, ""log_entries"": 28, ""n_results"": 14, ""user_lock_acquisitions"": 0}",2026-08-12T05:54:28Z
exp3_writer,chained,indexed,14,measured,8,118,0.008805,831537362.1859643,,,"{""sum_rel_diff"": 0.0, ""log_entries"": 28, ""n_results"": 14, ""user_lock_acquisitions"": 0}",2026-08-12T05:54:28Z
exp3_writer,chained,writer,14,measured,15,119,0.008683,831537362.1859643,,,"{""sum_rel_diff"": 0.0, ""log_entries"": 28, ""n_results"": 14, ""user_lock_acquisitions"": 0}",2026-08-12T05:54:28Z
exp3_writer,chained,indexed,14,measured,29,120,0.008463,831537362.1859643,,,"{""sum_rel_diff"": 0.0, ""log_entries"": 28, ""n_results"": 14, ""user_lock_acquisitions"": 0}",2026-08-12T05:54:28Z
exp3_writer,chained,record,14,measured,4,121,0.008395,831537362.1859643,,,"{""sum_rel_diff"": 0.0, ""log_entries"": 28, ""n_results"": 14, ""user_lock_acquisitions"": 0}",2026-08-12T05:54:28Z
exp3_writer,chained,writer,14,measured,10,122,0.008468,831537362.1859643,,,"{""sum_rel_diff"": 0.0, ""log_entries"": 28, ""n_results"": 14, ""user_lock_acquisitions"": 0}",2026-08-12T05:54:28Z
exp3_writer,chained,indexed,14,measured,12,123,0.008315,831537362.1859643,,,"{""sum_rel_diff"": 0.0, ""log_entries"": 28, ""n_results"": 14, ""user_lock_acquisitions"": 0}",2026-08-12T05:54:28Z
exp3_writer,chained,record,14,measured,0,124,0.008491,831537362.1859643,,,"{""sum_rel_diff"": 0.0, ""log_entries"": 28, ""n_results"": 14, ""user_lock_acquisitions"": 0}",2026-08-12T05:54:28Z
exp3_writer,chained,lock,14,measured,8,125,0.008323,831537362.1859643,,,"{""sum_rel_diff"": 0.0, ""log_entries"": 28, ""n_results"": 14, ""user_lock_acquisitions"": 14}",2026-08-12T05:54:28Z
exp3_writer,chained,lock,14,measured,15,126,0.008351,831537362.1859643,,,"{""sum_rel_diff"": 0.0, ""log_entries"": 28, ""n_results"": 14, ""user_lock_acquisitions"": 14}",2026-08-12T05:54:28Z
exp3_writer,chained,indexed,14,measured,15,127,0.008157,831537362.1859643,,,"{""sum_rel_diff"": 0.0, ""log_entries"": 28, ""n_results"": 14, ""user_lock_acquisitions"": 0}",2026-08-12T05:54:28Z
exp3_writer,chained,record,14,measured,11,128,0.008262,831537362.1859643,,,"{""sum_rel_diff"": 0.0, ""log_entries"": 28, ""n_results"": 14, ""user_lock_acquisitions"": 0}",2026-08-12T05:54:28Z
exp3_writer,chained,lock,14,measured,9,129,0.008318,831537362.1859643,,,"{""sum_rel_diff"": 0.0, ""log_entries"": 28, ""n_results"": 14, ""user_lock_acquisitions"": 14}",2026-08-12T05:54:28Z
exp3_writer,chained,writer,14,measured,29,130,0.008474,831537362.1859643,,,"{""sum_rel_diff"": 0.0, ""log_entries"": 28, ""n_results"": 14, ""user_lock_acquisitions"": 0}",2026-08-12T05:54:28Z
exp3_writer,chained,indexed,14,measured,21,131,0.009648,831537362.1859643,,,"{""sum_rel_diff"": 0.0, ""log_entries"": 28, ""n_results"": 14, ""user_lock_acquisitions"": 0}",2026-08-12T05:54:28Z
exp3_writer,chained,indexed,16,warmup,2,0,0.011011,831537362.1859643,,,"{""sum_rel_diff"": 0.0, ""log_entries"": 32, ""n_results"": 16, ""user_lock_acquisitions"": 0}",2026-08-12T05:54:28Z
exp3_writer,chained,writer,16,warmup,0,1,0.009203,831537362.1859643,,,"{""sum_rel_diff"": 0.0, ""log_entries"": 32, ""n_results"": 16, ""user_lock_acquisitions"": 0}",2026-08-12T05:54:28Z
exp3_writer,chained,lock,16,warmup,1,2,0.010080,831537362.1859643,,,"{""sum_rel_diff"": 0.0, ""log_entries"": 32, ""n_results"": 16, ""user_lock_acquisitions"": 16}",2026-08-12T05:54:28Z
exp3_writer,chained,writer,16,warmup,2,3,0.009496,831537362.1859643,,,"{""sum_rel_diff"": 0.0, ""log_entries"": 32, ""n_results"": 16, ""user_lock_acquisitions"": 0}",2026-08-12T05:54:28Z
exp3_writer,chained,record,16,warmup,2,4,0.009334,831537362.1859643,,,"{""sum_rel_diff"": 0.0, ""log_entries"": 32, ""n_results"": 16, ""user_lock_acquisitions"": 0}",2026-08-12T05:54:28Z
exp3_writer,chained,record,16,warmup,1,5,0.008870,831537362.1859643,,,"{""sum_rel_diff"": 0.0, ""log_entries"": 32, ""n_results"": 16, ""user_lock_acquisitions"": 0}",2026-08-12T05:54:28Z
exp3_writer,chained,lock,16,warmup,0,6,0.010024,831537362.1859643,,,"{""sum_rel_diff"": 0.0, ""log_entries"": 32, ""n_results"": 16, ""user_lock_acquisitions"": 16}",2026-08-12T05:54:28Z
exp3_writer,chained,lock,16,warmup,2,7,0.009100,831537362.1859643,,,"{""sum_rel_diff"": 0.0, ""log_entries"": 32, ""n_results"": 16, ""user_lock_acquisitions"": 16}",2026-08-12T05:54:28Z
exp3_writer,chained,record,16,warmup,0,8,0.009407,831537362.1859643,,,"{""sum_rel_diff"": 0.0, ""log_entries"": 32, ""n_results"": 16, ""user_lock_acquisitions"": 0}",2026-08-12T05:54:28Z
exp3_writer,chained,indexed,16,warmup,0,9,0.009399,831537362.1859643,,,"{""sum_rel_diff"": 0.0, ""log_entries"": 32, ""n_results"": 16, ""user_lock_acquisitions"": 0}",2026-08-12T05:54:28Z
exp3_writer,chained,indexed,16,warmup,1,10,0.009987,831537362.1859643,,,"{""sum_rel_diff"": 0.0, ""log_entries"": 32, ""n_results"": 16, ""user_lock_acquisitions"": 0}",2026-08-12T05:54:28Z
exp3_writer,chained,writer,16,warmup,1,11,0.009213,831537362.1859643,,,"{""sum_rel_diff"": 0.0, ""log_entries"": 32, ""n_results"": 16, ""user_lock_acquisitions"": 0}",2026-08-12T05:54:28Z
exp3_writer,chained,indexed,16,measured,22,12,0.009761,831537362.1859643,,,"{""sum_rel_diff"": 0.0, ""log_entries"": 32, ""n_results"": 16, ""user_lock_acquisitions"": 0}",2026-08-12T05:54:28Z
exp3_writer,chained,record,16,measured,1,13,0.009314,831537362.1859643,,,"{""sum_rel_diff"": 0.0, ""log_entries"": 32, ""n_results"": 16, ""user_lock_acquisitions"": 0}",2026-08-12T05:54:28Z
exp3_writer,chained,writer,16,measured,6,14,0.009745,831537362.1859643,,,"{""sum_rel_diff"": 0.0, ""log_entries"": 32, ""n_results"": 16, ""user_lock_acquisitions"": 0}",2026-08-12T05:54:28Z
exp3_writer,chained,writer,16,measured,3,15,0.009519,831537362.1859643,,,"{""sum_rel_diff"": 0.0, ""log_entries"": 32, ""n_results"": 16, ""user_lock_acquisitions"": 0}",2026-08-12T05:54:28Z
exp3_writer,chained,lock,16,measured,4,16,0.010020,831537362.1859643,,,"{""sum_rel_diff"": 0.0, ""log_entries"": 32, ""n_results"": 16, ""user_lock_acquisitions"": 16}",2026-08-12T05:54:28Z
exp3_writer,chained,indexed,16,measured,2,17,0.009743,831537362.1859643,,,"{""sum_rel_diff"": 0.0, ""log_entries"": 32, ""n_results"": 16, ""user_lock_acquisitions"": 0}",2026-08-12T05:54:28Z
exp3_writer,chained,indexed,16,measured,19,18,0.009562,831537362.1859643,,,"{""sum_rel_diff"": 0.0, ""log_entries"": 32, ""n_results"": 16, ""user_lock_acquisitions"": 0}",2026-08-12T05:54:28Z
exp3_writer,chained,indexed,16,measured,5,19,0.009716,831537362.1859643,,,"{""sum_rel_diff"": 0.0, ""log_entries"": 32, ""n_results"": 16, ""user_lock_acquisitions"": 0}",2026-08-12T05:54:28Z
exp3_writer,chained,writer,16,measured,29,20,0.009477,831537362.1859643,,,"{""sum_rel_diff"": 0.0, ""log_entries"": 32, ""n_results"": 16, ""user_lock_acquisitions"": 0}",2026-08-12T05:54:28Z
exp3_writer,chained,indexed,16,measured,29,21,0.009292,831537362.1859643,,,"{""sum_rel_diff"": 0.0, ""log_entries"": 32, ""n_results"": 16, ""user_lock_acquisitions"": 0}",2026-08-12T05:54:28Z
exp3_writer,chained,record,16,measured,20,22,0.010154,831537362.1859643,,,"{""sum_rel_diff"": 0.0, ""log_entries"": 32, ""n_results"": 16, ""user_lock_acquisitions"": 0}",2026-08-12T05:54:28Z
exp3_writer,chained,indexed,16,measured,17,23,0.009371,831537362.1859643,,,"{""sum_rel_diff"": 0.0, ""log_entries"": 32, ""n_results"": 16, ""user_lock_acquisitions"": 0}",2026-08-12T05:54:28Z
exp3_writer,chained,lock,16,measured,8,24,0.009270,831537362.1859643,,,"{""sum_rel_diff"": 0.0, ""log_entries"": 32, ""n_results"": 16, ""user_lock_acquisitions"": 16}",2026-08-12T05:54:28Z
exp3_writer,chained,indexed,16,measured,7,25,0.009800,831537362.1859643,,,"{""sum_rel_diff"": 0.0, ""log_entries"": 32, ""n_results"": 16, ""user_lock_acquisitions"": 0}",2026-08-12T05:54:28Z
exp3_writer,chained,record,16,measured,28,26,0.009203,831537362.1859643,,,"{""sum_rel_diff"": 0.0, ""log_entries"": 32, ""n_results"": 16, ""user_lock_acquisitions"": 0}",2026-08-12T05:54:28Z
exp3_writer,chained,indexed,16,measured,6,27,0.009949,831537362.1859643,,,"{""sum_rel_diff"": 0.0, ""log_entries"": 32, ""n_results"": 16, ""user_lock_acquisitions"": 0}",2026-08-12T05:54:28Z
exp3_writer,chained,record,16,measured,13,28,0.008964,831537362.1859643,,,"{""sum_rel_diff"": 0.0, ""log_entries"": 32, ""n_results"": 16, ""user_lock_acquisitions"": 0}",2026-08-12T05:54:28Z
exp3_writer,chained,indexed,16,measured,25,29,0.009620,831537362.1859643,,,"{""sum_rel_diff"": 0.0, ""log_entries"": 32, ""n_results"": 16, ""user_lock_acquisitions"": 0}",2026-08-12T05:54:28Z
exp3_writer,chained,record,16,measured,25,30,0.009040,831537362.1859643,,,"{""sum_rel_diff"": 0.0, ""log_entries"": 32, ""n_results"": 16, ""user_lock_acquisitions"": 0}",2026-08-12T05:54:28Z
exp3_writer,chained,indexed,16,measured,3,31,0.009686,831537362.1859643,,,"{""sum_rel_diff"": 0.0, ""log_entries"": 32, ""n_results"": 16, ""user_lock_acquisitions"": 0}",2026-08-12T05:54:29Z
exp3_writer,chained,writer,16,measured,0,32,0.008893,831537362.1859643,,,"{""sum_rel_diff"": 0.0, ""log_entries"": 32, ""n_results"": 16, ""user_lock_acquisitions"": 0}",2026-08-12T05:54:29Z
exp3_writer,chained,writer,16,measured,24,33,0.009596,831537362.1859643,,,"{""sum_rel_diff"": 0.0, ""log_entries"": 32, ""n_results"": 16, ""user_lock_acquisitions"": 0}",2026-08-12T05:54:29Z
exp3_writer,chained,lock,16,measured,21,34,0.009508,831537362.1859643,,,"{""sum_rel_diff"": 0.0, ""log_entries"": 32, ""n_results"": 16, ""user_lock_acquisitions"": 16}",2026-08-12T05:54:29Z
exp3_writer,chained,writer,16,measured,19,35,0.009828,831537362.1859643,,,"{""sum_rel_diff"": 0.0, ""log_entries"": 32, ""n_results"": 16, ""user_lock_acquisitions"": 0}",2026-08-12T05:54:29Z
exp3_writer,chained,lock,16,measured,10,36,0.009597,831537362.1859643,,,"{""sum_rel_diff"": 0.0, ""log_entries"": 32, ""n_results"": 16, ""user_lock_acquisitions"": 16}",2026-08-12T05:54:29Z
exp3_writer,chained,record,16,measured,5,37,0.010264,831537362.1859643,,,"{""sum_rel_diff"": 0.0, ""log_entries"": 32, ""n_results"": 16, ""user_lock_acquisitions"": 0}",2026-08-12T05:54:29Z
exp3_writer,chained,writer,16,measured,21,38,0.009227,831537362.1859643,,,"{""sum_rel_diff"": 0.0, ""log_entries"": 32, ""n_results"": 16, ""user_lock_acquisitions"": 0}",2026-08-12T05:54:29Z
exp3_writer,chained,writer,16,measured,14,39,0.009616,831537362.1859643,,,"{""sum_rel_diff"": 0.0, ""log_entries"": 32, ""n_results"": 16, ""user_lock_acquisitions"": 0}",2026-08-12T05:54:29Z
exp3_writer,chained,record,16,measured,11,40,0.008892,831537362.1859643,,,"{""sum_rel_diff"": 0.0, ""log_entries"": 32, ""n_results"": 16, ""user_lock_acquisitions"": 0}",2026-08-12T05:54:29Z
exp3_writer,chained,writer,16,measured,10,41,0.009532,831537362.1859643,,,"{""sum_rel_diff"": 0.0, ""log_entries"": 32, ""n_results"": 16, ""user_lock_acquisitions"": 0}",2026-08-12T05:54:29Z
exp3_writer,chained,indexed,16,measured,21,42,0.009351,831537362.1859643,,,"{""sum_rel_diff"": 0.0, ""log_entries"": 32, ""n_results"": 16, ""user_lock_acquisitions"": 0}",2026-08-12T05:54:29Z
exp3_writer,chained,writer,16,measured,22,43,0.009698,831537362.1859643,,,"{""sum_rel_diff"": 0.0, ""log_entries"": 32, ""n_results"": 16, ""user_lock_acquisitions"": 0}",2026-08-12T05:54:29Z
exp3_writer,chained,lock,16,measured,17,44,0.009329,831537362.1859643,,,"{""sum_rel_diff"": 0.0, ""log_entries"": 32, ""n_results"": 16, ""user_lock_acquisitions"": 16}",2026-08-12T05:54:29Z
exp3_writer,chained,lock,16,measured,12,45,0.009433,831537362.1859643,,,"{""sum_rel_diff"": 0.0, ""log_entries"": 32, ""n_results"": 16, ""user_lock_acquisitions"": 16}",2026-08-12T05:54:29Z
exp3_writer,chained,lock,16,measured,6,46,0.009601,831537362.1859643,,,"{""sum_rel_diff"": 0.0, ""log_entries"": 32, ""n_results"": 16, ""user_lock_acquisitions"": 16}",2026-08-12T05:54:29Z
exp3_writer,chained,writer,16,measured,18,47,0.011981,831537362.1859643,,,"{""sum_rel_diff"": 0.0, ""log_entries"": 32, ""n_results"": 16, ""user_lock_acquisitions"": 0}",2026-08-12T05:54:29Z
exp3_writer,chained,record,16,measured,22,48,0.008310,831537362.1859643,,,"{""sum_rel_diff"": 0.0, ""log_entries"": 32, ""n_results"": 16, ""user_lock_acquisitions"": 0}",2026-08-12T05:54:29Z
exp3_writer,chained,writer,16,measured,8,49,0.007827,831537362.1859643,,,"{""sum_rel_diff"": 0.0, ""log_entries"": 32, ""n_results"": 16, ""user_lock_acquisitions"": 0}",2026-08-12T05:54:29Z
exp3_writer,chained,indexed,16,measured,11,50,0.008028,831537362.1859643,,,"{""sum_rel_diff"": 0.0, ""log_entries"": 32, ""n_results"": 16, ""user_lock_acquisitions"": 0}",2026-08-12T05:54:29Z
exp3_writer,chained,record,16,measured,2,51,0.008230,831537362.1859643,,,"{""sum_rel_diff"": 0.0, ""log_entries"": 32, ""n_results"": 16, ""user_lock_acquisitions"": 0}",2026-08-12T05:54:29Z
exp3_writer,chained,indexed,16,measured,15,52,0.007834,831537362.1859643,,,"{""sum_rel_diff"": 0.0, ""log_entries"": 32, ""n_results"": 16, ""user_lock_acquisitions"": 0}",2026-08-12T05:54:29Z
exp3_writer,chained,record,16,measured,6,53,0.008129,831537362.1859643,,,"{""sum_rel_diff"": 0.0, ""log_entries"": 32, ""n_results"": 16, ""user_lock_acquisitions"": 0}",2026-08-12T05:54:29Z
exp3_writer,chained,indexed,16,measured,12,54,0.008119,831537362.1859643,,,"{""sum_rel_diff"": 0.0, ""log_entries"": 32, ""n_results"": 16, ""user_lock_acquisitions"": 0}",2026-08-12T05:54:29Z
exp3_writer,chained,lock,16,measured,2,55,0.007908,831537362.1859643,,,"{""sum_rel_diff"": 0.0, ""log_entries"": 32, ""n_results"": 16, ""user_lock_acquisitions"": 16}",2026-08-12T05:54:29Z
exp3_writer,chained,record,16,measured,19,56,0.007874,831537362.1859643,,,"{""sum_rel_diff"": 0.0, ""log_entries"": 32, ""n_results"": 16, ""user_lock_acquisitions"": 0}",2026-08-12T05:54:29Z
exp3_writer,chained,writer,16,measured,11,57,0.007728,831537362.1859643,,,"{""sum_rel_diff"": 0.0, ""log_entries"": 32, ""n_results"": 16, ""user_lock_acquisitions"": 0}",2026-08-12T05:54:29Z
exp3_writer,chained,lock,16,measured,14,58,0.008096,831537362.1859643,,,"{""sum_rel_diff"": 0.0, ""log_entries"": 32, ""n_results"": 16, ""user_lock_acquisitions"": 16}",2026-08-12T05:54:29Z
exp3_writer,chained,lock,16,measured,11,59,0.007713,831537362.1859643,,,"{""sum_rel_diff"": 0.0, ""log_entries"": 32, ""n_results"": 16, ""user_lock_acquisitions"": 16}",2026-08-12T05:54:29Z
exp3_writer,chained,lock,16,measured,28,60,0.007994,831537362.1859643,,,"{""sum_rel_diff"": 0.0, ""log_entries"": 32, ""n_results"": 16, ""user_lock_acquisitions"": 16}",2026-08-12T05:54:29Z
exp3_writer,chained,writer,16,measured,12,61,0.007993,831537362.1859643,,,"{""sum_rel_diff"": 0.0, ""log_entries"": 32, ""n_results"": 16, ""user_lock_acquisitions"": 0}",2026-08-12T05:54:29Z
exp3_writer,chained,indexed,16,measured,18,62,0.007943,831537362.1859643,,,"{""sum_rel_diff"": 0.0, ""log_entries"": 32, ""n_results"": 16, ""user_lock_acquisitions"": 0}",2026-08-12T05:54:29Z
exp3_writer,chained,record,16,measured,9,63,0.013604,831537362.1859643,,,"{""sum_rel_diff"": 0.0, ""log_entries"": 32, ""n_results"": 16, ""user_lock_acquisitions"": 0}",2026-08-12T05:54:29Z
exp3_writer,chained,record,16,measured,8,64,0.007979,831537362.1859643,,,"{""sum_rel_diff"": 0.0, ""log_entries"": 32, ""n_results"": 16, ""user_lock_acquisitions"": 0}",2026-08-12T05:54:29Z
exp3_writer,chained,lock,16,measured,18,65,0.008215,831537362.1859643,,,"{""sum_rel_diff"": 0.0, ""log_entries"": 32, ""n_results"": 16, ""user_lock_acquisitions"": 16}",2026-08-12T05:54:29Z
exp3_writer,chained,lock,16,measured,5,66,0.007690,831537362.1859643,,,"{""sum_rel_diff"": 0.0, ""log_entries"": 32, ""n_results"": 16, ""user_lock_acquisitions"": 16}",2026-08-12T05:54:29Z
exp3_writer,chained,record,16,measured,3,67,0.007798,831537362.1859643,,,"{""sum_rel_diff"": 0.0, ""log_entries"": 32, ""n_results"": 16, ""user_lock_acquisitions"": 0}",2026-08-12T05:54:29Z
exp3_writer,chained,indexed,16,measured,23,68,0.007699,831537362.1859643,,,"{""sum_rel_diff"": 0.0, ""log_entries"": 32, ""n_results"": 16, ""user_lock_acquisitions"": 0}",2026-08-12T05:54:29Z
exp3_writer,chained,indexed,16,measured,28,69,0.007683,831537362.1859643,,,"{""sum_rel_diff"": 0.0, ""log_entries"": 32, ""n_results"": 16, ""user_lock_acquisitions"": 0}",2026-08-12T05:54:29Z
exp3_writer,chained,indexed,16,measured,9,70,0.008164,831537362.1859643,,,"{""sum_rel_diff"": 0.0, ""log_entries"": 32, ""n_results"": 16, ""user_lock_acquisitions"": 0}",2026-08-12T05:54:29Z
exp3_writer,chained,lock,16,measured,19,71,0.008052,831537362.1859643,,,"{""sum_rel_diff"": 0.0, ""log_entries"": 32, ""n_results"": 16, ""user_lock_acquisitions"": 16}",2026-08-12T05:54:29Z
exp3_writer,chained,writer,16,measured,1,72,0.007756,831537362.1859643,,,"{""sum_rel_diff"": 0.0, ""log_entries"": 32, ""n_results"": 16, ""user_lock_acquisitions"": 0}",2026-08-12T05:54:29Z
exp3_writer,chained,lock,16,measured,7,73,0.007898,831537362.1859643,,,"{""sum_rel_diff"": 0.0, ""log_entries"": 32, ""n_results"": 16, ""user_lock_acquisitions"": 16}",2026-08-12T05:54:29Z
exp3_writer,chained,indexed,16,measured,4,74,0.008023,831537362.1859643,,,"{""sum_rel_diff"": 0.0, ""log_entries"": 32, ""n_results"": 16, ""user_lock_acquisitions"": 0}",2026-08-12T05:54:29Z
exp3_writer,chained,record,16,measured,7,75,0.007696,831537362.1859643,,,"{""sum_rel_diff"": 0.0, ""log_entries"": 32, ""n_results"": 16, ""user_lock_acquisitions"": 0}",2026-08-12T05:54:29Z
exp3_writer,chained,record,16,measured,10,76,0.007906,831537362.1859643,,,"{""sum_rel_diff"": 0.0, ""log_entries"": 32, ""n_results"": 16, ""user_lock_acquisitions"": 0}",2026-08-12T05:54:29Z
exp3_writer,chained,record,16,measured,4,77,0.007674,831537362.1859643,,,"{""sum_rel_diff"": 0.0, ""log_entries"": 32, ""n_results"": 16, ""user_lock_acquisitions"": 0}",2026-08-12T05:54:29Z
exp3_writer,chained,writer,16,measured,4,78,0.008524,831537362.1859643,,,"{""sum_rel_diff"": 0.0, ""log_entries"": 32, ""n_results"": 16, ""user_lock_acquisitions"": 0}",2026-08-12T05:54:29Z
exp3_writer,chained,record,16,measured,23,79,0.007887,831537362.1859643,,,"{""sum_rel_diff"": 0.0, ""log_entries"": 32, ""n_results"": 16, ""user_lock_acquisitions"": 0}",2026-08-12T05:54:29Z
exp3_writer,chained,lock,16,measured,27,80,0.007667,831537362.1859643,,,"{""sum_rel_diff"": 0.0, ""log_entries"": 32, ""n_results"": 16, ""user_lock_acquisitions"": 16}",2026-08-12T05:54:29Z
exp3_writer,chained,record,16,measured,12,81,0.007914,831537362.1859643,,,"{""sum_rel_diff"": 0.0, ""log_entries"": 32, ""n_results"": 16, ""user_lock_acquisitions"": 0}",2026-08-12T05:54:29Z
exp3_writer,chained,indexed,16,measured,13,82,0.007691,831537362.1859643,,,"{""sum_rel_diff"": 0.0, ""log_entries"": 32, ""n_results"": 16, ""user_lock_acquisitions"": 0}",2026-08-12T05:54:29Z
exp3_writer,chained,record,16,measured,21,83,0.007949,831537362.1859643,,,"{""sum_rel_diff"": 0.0, ""log_entries"": 32, ""n_results"": 16, ""user_lock_acquisitions"": 0}",2026-08-12T05:54:29Z
exp3_writer,chained,record,16,measured,16,84,0.007952,831537362.1859643,,,"{""sum_rel_diff"": 0.0, ""log_entries"": 32, ""n_results"": 16, ""user_lock_acquisitions"": 0}",2026-08-12T05:54:29Z
exp3_writer,chained,lock,16,measured,9,85,0.008097,831537362.1859643,,,"{""sum_rel_diff"": 0.0, ""log_entries"": 32, ""n_results"": 16, ""user_lock_acquisitions"": 16}",2026-08-12T05:54:29Z
exp3_writer,chained,lock,16,measured,23,86,0.007908,831537362.1859643,,,"{""sum_rel_diff"": 0.0, ""log_entries"": 32, ""n_results"": 16, ""user_lock_acquisitions"": 16}",2026-08-12T05:54:29Z
exp3_writer,chained,writer,16,measured,20,87,0.007791,831537362.1859643,,,"{""sum_rel_diff"": 0.0, ""log_entries"": 32, ""n_results"": 16, ""user_lock_acquisitions"": 0}",2026-08-12T05:54:29Z
exp3_writer,chained,indexed,16,measured,20,88,0.007771,831537362.1859643,,,"{""sum_rel_diff"": 0.0, ""log_entries"": 32, ""n_results"": 16, ""user_lock_acquisitions"": 0}",2026-08-12T05:54:29Z
exp3_writer,chained,record,16,measured,27,89,0.008360,831537362.1859643,,,"{""sum_rel_diff"": 0.0, ""log_entries"": 32, ""n_results"": 16, ""user_lock_acquisitions"": 0}",2026-08-12T05:54:29Z
exp3_writer,chained,writer,16,measured,13,90,0.007749,831537362.1859643,,,"{""sum_rel_diff"": 0.0, ""log_entries"": 32, ""n_results"": 16, ""user_lock_acquisitions"": 0}",2026-08-12T05:54:29Z
exp3_writer,chained,lock,16,measured,0,91,0.008084,831537362.1859643,,,"{""sum_rel_diff"": 0.0, ""log_entries"": 32, ""n_results"": 16, ""user_lock_acquisitions"": 16}",2026-08-12T05:54:29Z
exp3_writer,chained,indexed,16,measured,24,92,0.007738,831537362.1859643,,,"{""sum_rel_diff"": 0.0, ""log_entries"": 32, ""n_results"": 16, ""user_lock_acquisitions"": 0}",2026-08-12T05:54:29Z
exp3_writer,chained,record,16,measured,15,93,0.007902,831537362.1859643,,,"{""sum_rel_diff"": 0.0, ""log_entries"": 32, ""n_results"": 16, ""user_lock_acquisitions"": 0}",2026-08-12T05:54:29Z
exp3_writer,chained,lock,16,measured,20,94,0.007679,831537362.1859643,,,"{""sum_rel_diff"": 0.0, ""log_entries"": 32, ""n_results"": 16, ""user_lock_acquisitions"": 16}",2026-08-12T05:54:29Z
exp3_writer,chained,writer,16,measured,26,95,0.007830,831537362.1859643,,,"{""sum_rel_diff"": 0.0, ""log_entries"": 32, ""n_results"": 16, ""user_lock_acquisitions"": 0}",2026-08-12T05:54:29Z
exp3_writer,chained,indexed,16,measured,1,96,0.007937,831537362.1859643,,,"{""sum_rel_diff"": 0.0, ""log_entries"": 32, ""n_results"": 16, ""user_lock_acquisitions"": 0}",2026-08-12T05:54:29Z
exp3_writer,chained,writer,16,measured,27,97,0.008034,831537362.1859643,,,"{""sum_rel_diff"": 0.0, ""log_entries"": 32, ""n_results"": 16, ""user_lock_acquisitions"": 0}",2026-08-12T05:54:29Z
exp3_writer,chained,record,16,measured,24,98,0.007764,831537362.1859643,,,"{""sum_rel_diff"": 0.0, ""log_entries"": 32, ""n_results"": 16, ""user_lock_acquisitions"": 0}",2026-08-12T05:54:29Z
exp3_writer,chained,writer,16,measured,23,99,0.007887,831537362.1859643,,,"{""sum_rel_diff"": 0.0, ""log_entries"": 32, ""n_results"": 16, ""user_lock_acquisitions"": 0}",2026-08-12T05:54:29Z
exp3_writer,chained,writer,16,measured,28,100,0.007912,831537362.1859643,,,"{""sum_rel_diff"": 0.0, ""log_entries"": 32, ""n_results"": 16, ""user_lock_acquisitions"": 0}",2026-08-12T05:54:29Z
exp3_writer,chained,record,16,measured,14,101,0.007849,831537362.1859643,,,"{""sum_rel_diff"": 0.0, ""log_entries"": 32, ""n_results"": 16, ""user_lock_acquisitions"": 0}",2026-08-12T05:54:29Z
exp3_writer,chained,lock,16,measured,26,102,0.007796,831537362.1859643,,,"{""sum_rel_diff"": 0.0, ""log_entries"": 32, ""n_results"": 16, ""user_lock_acquisitions"": 16}",2026-08-12T05:54:29Z
exp3_writer,chained,record,16,measured,0,103,0.008121,831537362.1859643,,,"{""sum_rel_diff"": 0.0, ""log_entries"": 32, ""n_results"": 16, ""user_lock_acquisitions"": 0}",2026-08-12T05:54:29Z
exp3_writer,chained,indexed,16,measured,14,104,0.010093,831537362.1859643,,,"{""sum_rel_diff"": 0.0, ""log_entries"": 32, ""n_results"": 16, ""user_lock_acquisitions"": 0}",2026-08-12T05:54:29Z
exp3_writer,chained,writer,16,measured,15,105,0.008078,831537362.1859643,,,"{""sum_rel_diff"": 0.0, ""log_entries"": 32, ""n_results"": 16, ""user_lock_acquisitions"": 0}",2026-08-12T05:54:29Z
exp3_writer,chained,lock,16,measured,13,106,0.007930,831537362.1859643,,,"{""sum_rel_diff"": 0.0, ""log_entries"": 32, ""n_results"": 16, ""user_lock_acquisitions"": 16}",2026-08-12T05:54:29Z
exp3_writer,chained,lock,16,measured,22,107,0.008095,831537362.1859643,,,"{""sum_rel_diff"": 0.0, ""log_entries"": 32, ""n_results"": 16, ""user_lock_acquisitions"": 16}",2026-08-12T05:54:29Z
exp3_writer,chained,lock,16,measured,15,108,0.007910,831537362.1859643,,,"{""sum_rel_diff"": 0.0, ""log_entries"": 32, ""n_results"": 16, ""user_lock_acquisitions"": 16}",2026-08-12T05:54:29Z
exp3_writer,chained,indexed,16,measured,16,109,0.008149,831537362.1859643,,,"{""sum_rel_diff"": 0.0, ""log_entries"": 32, ""n_results"": 16, ""user_lock_acquisitions"": 0}",2026-08-12T05:54:29Z
exp3_writer,chained,writer,16,measured,17,110,0.008160,831537362.1859643,,,"{""sum_rel_diff"": 0.0, ""log_entries"": 32, ""n_results"": 16, ""user_lock_acquisitions"": 0}",2026-08-12T05:54:29Z
exp3_writer,chained,record,16,measured,26,111,0.008115,831537362.1859643,,,"{""sum_rel_diff"": 0.0, ""log_entries"": 32, ""n_results"": 16, ""user_lock_acquisitions"": 0}",2026-08-12T05:54:29Z
exp3_writer,chained,indexed,16,measured,10,112,0.008285,831537362.1859643,,,"{""sum_rel_diff"": 0.0, ""log_entries"": 32, ""n_results"": 16, ""user_lock_acquisitions"": 0}",2026-08-12T05:54:29Z
exp3_writer,chained,indexed,16,measured,8,113,0.007778,831537362.1859643,,,"{""sum_rel_diff"": 0.0, ""log_entries"": 32, ""n_results"": 16, ""user_lock_acquisitions"": 0}",2026-08-12T05:54:29Z
exp3_writer,chained,writer,16,measured,9,114,0.008074,831537362.1859643,,,"{""sum_rel_diff"": 0.0, ""log_entries"": 32, ""n_results"": 16, ""user_lock_acquisitions"": 0}",2026-08-12T05:54:29Z
exp3_writer,chained,indexed,16,measured,0,115,0.008149,831537362.1859643,,,"{""sum_rel_diff"": 0.0, ""log_entries"": 32, ""n_results"": 16, ""user_lock_acquisitions"": 0}",2026-08-12T05:54:29Z
exp3_writer,chained,indexed,16,measured,27,116,0.007927,831537362.1859643,,,"{""sum_rel_diff"": 0.0, ""log_entries"": 32, ""n_results"": 16, ""user_lock_acquisitions"": 0}",2026-08-12T05:54:29Z
exp3_writer,chained,lock,16,measured,3,117,0.007914,831537362.1859643,,,"{""sum_rel_diff"": 0.0, ""log_entries"": 32, ""n_results"": 16, ""user_lock_acquisitions"": 16}",2026-08-12T05:54:29Z
exp3_writer,chained,lock,16,measured,24,118,0.007741,831537362.1859643,,,"{""sum_rel_diff"": 0.0, ""log_entries"": 32, ""n_results"": 16, ""user_lock_acquisitions"": 16}",2026-08-12T05:54:29Z
exp3_writer,chained,record,16,measured,18,119,0.013327,831537362.1859643,,,"{""sum_rel_diff"": 0.0, ""log_entries"": 32, ""n_results"": 16, ""user_lock_acquisitions"": 0}",2026-08-12T05:54:29Z
exp3_writer,chained,writer,16,measured,16,120,0.007892,831537362.1859643,,,"{""sum_rel_diff"": 0.0, ""log_entries"": 32, ""n_results"": 16, ""user_lock_acquisitions"": 0}",2026-08-12T05:54:29Z
exp3_writer,chained,record,16,measured,17,121,0.007664,831537362.1859643,,,"{""sum_rel_diff"": 0.0, ""log_entries"": 32, ""n_results"": 16, ""user_lock_acquisitions"": 0}",2026-08-12T05:54:29Z
exp3_writer,chained,record,16,measured,29,122,0.007866,831537362.1859643,,,"{""sum_rel_diff"": 0.0, ""log_entries"": 32, ""n_results"": 16, ""user_lock_acquisitions"": 0}",2026-08-12T05:54:29Z
exp3_writer,chained,lock,16,measured,1,123,0.007869,831537362.1859643,,,"{""sum_rel_diff"": 0.0, ""log_entries"": 32, ""n_results"": 16, ""user_lock_acquisitions"": 16}",2026-08-12T05:54:29Z
exp3_writer,chained,lock,16,measured,25,124,0.007919,831537362.1859643,,,"{""sum_rel_diff"": 0.0, ""log_entries"": 32, ""n_results"": 16, ""user_lock_acquisitions"": 16}",2026-08-12T05:54:29Z
exp3_writer,chained,lock,16,measured,29,125,0.007646,831537362.1859643,,,"{""sum_rel_diff"": 0.0, ""log_entries"": 32, ""n_results"": 16, ""user_lock_acquisitions"": 16}",2026-08-12T05:54:29Z
exp3_writer,chained,writer,16,measured,2,126,0.007715,831537362.1859643,,,"{""sum_rel_diff"": 0.0, ""log_entries"": 32, ""n_results"": 16, ""user_lock_acquisitions"": 0}",2026-08-12T05:54:29Z
exp3_writer,chained,lock,16,measured,16,127,0.007982,831537362.1859643,,,"{""sum_rel_diff"": 0.0, ""log_entries"": 32, ""n_results"": 16, ""user_lock_acquisitions"": 16}",2026-08-12T05:54:29Z
exp3_writer,chained,indexed,16,measured,26,128,0.008076,831537362.1859643,,,"{""sum_rel_diff"": 0.0, ""log_entries"": 32, ""n_results"": 16, ""user_lock_acquisitions"": 0}",2026-08-12T05:54:29Z
exp3_writer,chained,writer,16,measured,5,129,0.007797,831537362.1859643,,,"{""sum_rel_diff"": 0.0, ""log_entries"": 32, ""n_results"": 16, ""user_lock_acquisitions"": 0}",2026-08-12T05:54:29Z
exp3_writer,chained,writer,16,measured,25,130,0.007704,831537362.1859643,,,"{""sum_rel_diff"": 0.0, ""log_entries"": 32, ""n_results"": 16, ""user_lock_acquisitions"": 0}",2026-08-12T05:54:29Z
exp3_writer,chained,writer,16,measured,7,131,0.007787,831537362.1859643,,,"{""sum_rel_diff"": 0.0, ""log_entries"": 32, ""n_results"": 16, ""user_lock_acquisitions"": 0}",2026-08-12T05:54:29Z
exp3_writer,chained,lock,1,memory,0,0,0.544084,831537362.1859643,,,"{""sum_rel_diff"": 0.0, ""log_entries"": 2, ""n_results"": 1, ""user_lock_acquisitions"": 1, ""tracemalloc_peak_bytes"": 26416665}",2026-08-12T05:54:30Z
exp3_writer,chained,indexed,1,memory,0,1,0.521130,831537362.1859643,,,"{""sum_rel_diff"": 0.0, ""log_entries"": 2, ""n_results"": 1, ""user_lock_acquisitions"": 0, ""tracemalloc_peak_bytes"": 26416876}",2026-08-12T05:54:30Z
exp3_writer,chained,record,1,memory,0,2,0.519342,831537362.1859643,,,"{""sum_rel_diff"": 0.0, ""log_entries"": 2, ""n_results"": 1, ""user_lock_acquisitions"": 0, ""tracemalloc_peak_bytes"": 26416491}",2026-08-12T05:54:31Z
exp3_writer,chained,writer,1,memory,0,3,0.519783,831537362.1859643,,,"{""sum_rel_diff"": 0.0, ""log_entries"": 2, ""n_results"": 1, ""user_lock_acquisitions"": 0, ""tracemalloc_peak_bytes"": 26416531}",2026-08-12T05:54:31Z
exp3_writer,chained,lock,2,memory,0,0,0.585821,831537362.1859643,,,"{""sum_rel_diff"": 0.0, ""log_entries"": 4, ""n_results"": 2, ""user_lock_acquisitions"": 2, ""tracemalloc_peak_bytes"": 23675531}",2026-08-12T05:54:32Z
exp3_writer,chained,indexed,2,memory,0,1,0.585136,831537362.1859643,,,"{""sum_rel_diff"": 0.0, ""log_entries"": 4, ""n_results"": 2, ""user_lock_acquisitions"": 0, ""tracemalloc_peak_bytes"": 23487350}",2026-08-12T05:54:33Z
exp3_writer,chained,record,2,memory,0,2,0.603005,831537362.1859643,,,"{""sum_rel_diff"": 0.0, ""log_entries"": 4, ""n_results"": 2, ""user_lock_acquisitions"": 0, ""tracemalloc_peak_bytes"": 24833085}",2026-08-12T05:54:33Z
exp3_writer,chained,writer,2,memory,0,3,0.585569,831537362.1859643,,,"{""sum_rel_diff"": 0.0, ""log_entries"": 4, ""n_results"": 2, ""user_lock_acquisitions"": 0, ""tracemalloc_peak_bytes"": 24431189}",2026-08-12T05:54:34Z
exp3_writer,chained,lock,4,memory,0,0,0.757523,831537362.1859643,,,"{""sum_rel_diff"": 0.0, ""log_entries"": 8, ""n_results"": 4, ""user_lock_acquisitions"": 4, ""tracemalloc_peak_bytes"": 23636159}",2026-08-12T05:54:35Z
exp3_writer,chained,indexed,4,memory,0,1,0.754928,831537362.1859643,,,"{""sum_rel_diff"": 0.0, ""log_entries"": 8, ""n_results"": 4, ""user_lock_acquisitions"": 0, ""tracemalloc_peak_bytes"": 23722266}",2026-08-12T05:54:35Z
exp3_writer,chained,record,4,memory,0,2,0.748376,831537362.1859643,,,"{""sum_rel_diff"": 0.0, ""log_entries"": 8, ""n_results"": 4, ""user_lock_acquisitions"": 0, ""tracemalloc_peak_bytes"": 23798553}",2026-08-12T05:54:36Z
exp3_writer,chained,writer,4,memory,0,3,0.774330,831537362.1859643,,,"{""sum_rel_diff"": 0.0, ""log_entries"": 8, ""n_results"": 4, ""user_lock_acquisitions"": 0, ""tracemalloc_peak_bytes"": 23100825}",2026-08-12T05:54:37Z
exp3_writer,chained,lock,6,memory,0,0,0.991134,831537362.1859643,,,"{""sum_rel_diff"": 0.0, ""log_entries"": 12, ""n_results"": 6, ""user_lock_acquisitions"": 6, ""tracemalloc_peak_bytes"": 24370619}",2026-08-12T05:54:38Z
exp3_writer,chained,indexed,6,memory,0,1,0.988252,831537362.1859643,,,"{""sum_rel_diff"": 0.0, ""log_entries"": 12, ""n_results"": 6, ""user_lock_acquisitions"": 0, ""tracemalloc_peak_bytes"": 23246006}",2026-08-12T05:54:39Z
exp3_writer,chained,record,6,memory,0,2,0.991313,831537362.1859643,,,"{""sum_rel_diff"": 0.0, ""log_entries"": 12, ""n_results"": 6, ""user_lock_acquisitions"": 0, ""tracemalloc_peak_bytes"": 24512845}",2026-08-12T05:54:40Z
exp3_writer,chained,writer,6,memory,0,3,0.971634,831537362.1859643,,,"{""sum_rel_diff"": 0.0, ""log_entries"": 12, ""n_results"": 6, ""user_lock_acquisitions"": 0, ""tracemalloc_peak_bytes"": 24458925}",2026-08-12T05:54:41Z
exp3_writer,chained,lock,8,memory,0,0,1.381782,831537362.1859643,,,"{""sum_rel_diff"": 0.0, ""log_entries"": 16, ""n_results"": 8, ""user_lock_acquisitions"": 8, ""tracemalloc_peak_bytes"": 23614543}",2026-08-12T05:54:42Z
exp3_writer,chained,indexed,8,memory,0,1,1.449858,831537362.1859643,,,"{""sum_rel_diff"": 0.0, ""log_entries"": 16, ""n_results"": 8, ""user_lock_acquisitions"": 0, ""tracemalloc_peak_bytes"": 23697114}",2026-08-12T05:54:44Z
exp3_writer,chained,record,8,memory,0,2,1.407930,831537362.1859643,,,"{""sum_rel_diff"": 0.0, ""log_entries"": 16, ""n_results"": 8, ""user_lock_acquisitions"": 0, ""tracemalloc_peak_bytes"": 24237145}",2026-08-12T05:54:45Z
exp3_writer,chained,writer,8,memory,0,3,1.416181,831537362.1859643,,,"{""sum_rel_diff"": 0.0, ""log_entries"": 16, ""n_results"": 8, ""user_lock_acquisitions"": 0, ""tracemalloc_peak_bytes"": 24106265}",2026-08-12T05:54:46Z
exp3_writer,chained,lock,10,memory,0,0,2.057970,831537362.1859643,,,"{""sum_rel_diff"": 0.0, ""log_entries"": 20, ""n_results"": 10, ""user_lock_acquisitions"": 10, ""tracemalloc_peak_bytes"": 23497211}",2026-08-12T05:54:49Z
exp3_writer,chained,indexed,10,memory,0,1,2.115221,831537362.1859643,,,"{""sum_rel_diff"": 0.0, ""log_entries"": 20, ""n_results"": 10, ""user_lock_acquisitions"": 0, ""tracemalloc_peak_bytes"": 23553350}",2026-08-12T05:54:51Z
exp3_writer,chained,record,10,memory,0,2,2.073298,831537362.1859643,,,"{""sum_rel_diff"": 0.0, ""log_entries"": 20, ""n_results"": 10, ""user_lock_acquisitions"": 0, ""tracemalloc_peak_bytes"": 24341965}",2026-08-12T05:54:53Z
exp3_writer,chained,writer,10,memory,0,3,2.110930,831537362.1859643,,,"{""sum_rel_diff"": 0.0, ""log_entries"": 20, ""n_results"": 10, ""user_lock_acquisitions"": 0, ""tracemalloc_peak_bytes"": 23477085}",2026-08-12T05:54:55Z
exp3_writer,chained,lock,12,memory,0,0,3.103897,831537362.1859645,,,"{""sum_rel_diff"": 1.4336011221119537e-16, ""log_entries"": 24, ""n_results"": 12, ""user_lock_acquisitions"": 12, ""tracemalloc_peak_bytes"": 24162089}",2026-08-12T05:54:58Z
exp3_writer,chained,indexed,12,memory,0,1,2.993723,831537362.1859645,,,"{""sum_rel_diff"": 1.4336011221119537e-16, ""log_entries"": 24, ""n_results"": 12, ""user_lock_acquisitions"": 0, ""tracemalloc_peak_bytes"": 24024364}",2026-08-12T05:55:01Z
exp3_writer,chained,record,12,memory,0,2,2.938522,831537362.1859645,,,"{""sum_rel_diff"": 1.4336011221119537e-16, ""log_entries"": 24, ""n_results"": 12, ""user_lock_acquisitions"": 0, ""tracemalloc_peak_bytes"": 24033363}",2026-08-12T05:55:04Z
exp3_writer,chained,writer,12,memory,0,3,2.948377,831537362.1859645,,,"{""sum_rel_diff"": 1.4336011221119537e-16, ""log_entries"": 24, ""n_results"": 12, ""user_lock_acquisitions"": 0, ""tracemalloc_peak_bytes"": 23837771}",2026-08-12T05:55:07Z
exp3_writer,chained,lock,14,memory,0,0,3.856654,831537362.1859643,,,"{""sum_rel_diff"": 0.0, ""log_entries"": 28, ""n_results"": 14, ""user_lock_acquisitions"": 14, ""tracemalloc_peak_bytes"": 24490999}",2026-08-12T05:55:11Z
exp3_writer,chained,indexed,14,memory,0,1,3.909355,831537362.1859643,,,"{""sum_rel_diff"": 0.0, ""log_entries"": 28, ""n_results"": 14, ""user_lock_acquisitions"": 0, ""tracemalloc_peak_bytes"": 24346098}",2026-08-12T05:55:15Z
exp3_writer,chained,record,14,memory,0,2,3.932919,831537362.1859643,,,"{""sum_rel_diff"": 0.0, ""log_entries"": 28, ""n_results"": 14, ""user_lock_acquisitions"": 0, ""tracemalloc_peak_bytes"": 24350801}",2026-08-12T05:55:18Z
exp3_writer,chained,writer,14,memory,0,3,3.763286,831537362.1859643,,,"{""sum_rel_diff"": 0.0, ""log_entries"": 28, ""n_results"": 14, ""user_lock_acquisitions"": 0, ""tracemalloc_peak_bytes"": 24405529}",2026-08-12T05:55:22Z
exp3_writer,chained,lock,16,memory,0,0,4.667610,831537362.1859643,,,"{""sum_rel_diff"": 0.0, ""log_entries"": 32, ""n_results"": 16, ""user_lock_acquisitions"": 16, ""tracemalloc_peak_bytes"": 24190621}",2026-08-12T05:55:27Z
exp3_writer,chained,indexed,16,memory,0,1,4.657884,831537362.1859643,,,"{""sum_rel_diff"": 0.0, ""log_entries"": 32, ""n_results"": 16, ""user_lock_acquisitions"": 0, ""tracemalloc_peak_bytes"": 24559936}",2026-08-12T05:55:32Z
exp3_writer,chained,record,16,memory,0,2,4.831622,831537362.1859643,,,"{""sum_rel_diff"": 0.0, ""log_entries"": 32, ""n_results"": 16, ""user_lock_acquisitions"": 0, ""tracemalloc_peak_bytes"": 24425127}",2026-08-12T05:55:36Z
exp3_writer,chained,writer,16,memory,0,3,4.642318,831537362.1859643,,,"{""sum_rel_diff"": 0.0, ""log_entries"": 32, ""n_results"": 16, ""user_lock_acquisitions"": 0, ""tracemalloc_peak_bytes"": 24181631}",2026-08-12T05:55:41Z
